Rank,Itemset,Size,Item_1,Item_2,Support_Count,Support
1,garlic | olive oil,2,garlic,olive oil,1217,0.12184621545855026
2,garlic | onion,2,garlic,onion,789,0.078994793752503
3,garlic | lemon,2,garlic,lemon,622,0.062274729675610735
4,butter | plain flour,2,butter,plain flour,594,0.05947136563876652
5,eggs | plain flour,2,eggs,plain flour,568,0.056868241890268324
6,garlic | ginger,2,garlic,ginger,540,0.054064877853424106
7,butter | eggs,2,butter,eggs,535,0.05356427713255907
8,lemon | olive oil,2,lemon,olive oil,499,0.0499599519423308
9,olive oil | onion,2,olive oil,onion,436,0.043652382859431314
10,baking powder | eggs,2,baking powder,eggs,408,0.0408490188225871
11,garlic | rapeseed oil,2,garlic,rapeseed oil,391,0.03914697637164598
12,coriander | garlic,2,coriander,garlic,390,0.03904685622747297
13,eggs | golden caster sugar,2,eggs,golden caster sugar,382,0.038245895074088904
14,butter | garlic,2,butter,garlic,381,0.0381457749299159
15,eggs | self-raising flour,2,eggs,self-raising flour,380,0.03804565478574289
16,eggs | icing sugar,2,eggs,icing sugar,374,0.037444933920704845
17,butter | milk,2,butter,milk,373,0.037344813776531836
18,garlic | parsley,2,garlic,parsley,368,0.0368442130556668
19,egg | plain flour,2,egg,plain flour,362,0.03624349219062875
20,garlic | tomato purée,2,garlic,tomato purée,362,0.03624349219062875
21,garlic | vegetable oil,2,garlic,vegetable oil,357,0.03574289146976372
22,eggs | vanilla extract,2,eggs,vanilla extract,340,0.03404084901882259
23,garlic | red onion,2,garlic,red onion,340,0.03404084901882259
24,garlic | spring onions,2,garlic,spring onions,327,0.03273928714457349
25,golden caster sugar | plain flour,2,golden caster sugar,plain flour,324,0.032438926712054464
26,eggs | milk,2,eggs,milk,322,0.03223868642370845
27,butter | golden caster sugar,2,butter,golden caster sugar,320,0.032038446135362435
28,baking powder | plain flour,2,baking powder,plain flour,316,0.031637965558670406
29,garlic | ground cumin,2,garlic,ground cumin,315,0.0315378454144974
30,garlic | parmesan,2,garlic,parmesan,311,0.031137364837805367
31,butter | double cream,2,butter,double cream,307,0.030736884261113335
32,icing sugar | vanilla extract,2,icing sugar,vanilla extract,307,0.030736884261113335
33,olive oil | parmesan,2,olive oil,parmesan,305,0.03053664397276732
34,garlic | onions,2,garlic,onions,300,0.030036043251902282
35,caster sugar | eggs,2,caster sugar,eggs,297,0.02973568281938326
36,caster sugar | plain flour,2,caster sugar,plain flour,296,0.029635562675210253
37,olive oil | parsley,2,olive oil,parsley,296,0.029635562675210253
38,icing sugar | plain flour,2,icing sugar,plain flour,295,0.029535442531037244
39,butter | icing sugar,2,butter,icing sugar,294,0.02943532238686424
40,plain flour | unsalted butter,2,plain flour,unsalted butter,294,0.02943532238686424
41,garlic | red chilli,2,garlic,red chilli,293,0.02933520224269123
42,plain flour | vanilla extract,2,plain flour,vanilla extract,290,0.029034841810172206
43,chopped tomatoes | garlic,2,chopped tomatoes,garlic,289,0.0289347216659992
44,eggs | unsalted butter,2,eggs,unsalted butter,288,0.02883460152182619
45,milk | plain flour,2,milk,plain flour,287,0.028734481377653182
46,garlic | plain flour,2,garlic,plain flour,278,0.027833400080096115
47,butter | olive oil,2,butter,olive oil,277,0.02773327993592311
48,butter | vanilla extract,2,butter,vanilla extract,277,0.02773327993592311
49,double cream | eggs,2,double cream,eggs,261,0.026131357629154986
50,golden caster sugar | icing sugar,2,golden caster sugar,icing sugar,260,0.026031237484981977
51,garlic | ground coriander,2,garlic,ground coriander,250,0.0250300360432519
52,butter | lemon,2,butter,lemon,249,0.024929915899078895
53,extra virgin olive oil | garlic,2,extra virgin olive oil,garlic,247,0.02472967561073288
54,golden caster sugar | vanilla extract,2,golden caster sugar,vanilla extract,246,0.02462955546655987
55,garlic | smoked paprika,2,garlic,smoked paprika,244,0.024429315178213857
56,carrots | garlic,2,carrots,garlic,243,0.024329195034040848
57,butter | self-raising flour,2,butter,self-raising flour,242,0.024229074889867842
58,butter | caster sugar,2,butter,caster sugar,241,0.024128954745694833
59,baking powder | butter,2,baking powder,butter,239,0.02392871445734882
60,baking powder | self-raising flour,2,baking powder,self-raising flour,238,0.02382859431317581
61,chilli flakes | garlic,2,chilli flakes,garlic,235,0.02352823388065679
62,garlic | tomatoes,2,garlic,tomatoes,235,0.02352823388065679
63,eggs | garlic,2,eggs,garlic,231,0.023127753303964757
64,olive oil | red onion,2,olive oil,red onion,224,0.022426912294753704
65,baking powder | vanilla extract,2,baking powder,vanilla extract,223,0.022326792150580695
66,double cream | icing sugar,2,double cream,icing sugar,223,0.022326792150580695
67,double cream | plain flour,2,double cream,plain flour,223,0.022326792150580695
68,garlic | thyme,2,garlic,thyme,223,0.022326792150580695
69,butter | egg,2,butter,egg,221,0.02212655186223468
70,butter | onion,2,butter,onion,221,0.02212655186223468
71,olive oil | plain flour,2,olive oil,plain flour,219,0.021926311573888666
72,icing sugar | self-raising flour,2,icing sugar,self-raising flour,217,0.02172607128554265
73,caster sugar | icing sugar,2,caster sugar,icing sugar,215,0.021525830997196637
74,plain flour | vegetable oil,2,plain flour,vegetable oil,214,0.021425710853023628
75,baking powder | icing sugar,2,baking powder,icing sugar,210,0.0210252302763316
76,garlic | lime,2,garlic,lime,208,0.020824989987985584
77,golden caster sugar | self-raising flour,2,golden caster sugar,self-raising flour,204,0.02042450941129355
78,celery | garlic,2,celery,garlic,203,0.020324389267120546
79,lemon | parsley,2,lemon,parsley,200,0.020024028834601523
80,cumin seeds | garlic,2,cumin seeds,garlic,198,0.019823788546255508
81,eggs | lemon,2,eggs,lemon,198,0.019823788546255508
82,olive oil | tomato purée,2,olive oil,tomato purée,198,0.019823788546255508
83,ground coriander | ground cumin,2,ground coriander,ground cumin,195,0.019523428113736484
84,milk | self-raising flour,2,milk,self-raising flour,195,0.019523428113736484
85,onion | tomato purée,2,onion,tomato purée,195,0.019523428113736484
86,caster sugar | vanilla extract,2,caster sugar,vanilla extract,191,0.019122947537044452
87,baking powder | milk,2,baking powder,milk,190,0.019022827392871446
88,caster sugar | double cream,2,caster sugar,double cream,190,0.019022827392871446
89,coriander | ginger,2,coriander,ginger,190,0.019022827392871446
90,eggs | olive oil,2,eggs,olive oil,188,0.01882258710452543
91,double cream | golden caster sugar,2,double cream,golden caster sugar,183,0.018321986383660394
92,golden caster sugar | unsalted butter,2,golden caster sugar,unsalted butter,183,0.018321986383660394
93,ginger | spring onions,2,ginger,spring onions,181,0.018121746095314376
94,baking powder | golden caster sugar,2,baking powder,golden caster sugar,180,0.01802162595114137
95,icing sugar | milk,2,icing sugar,milk,178,0.017821385662795355
96,bay leaves | garlic,2,bay leaves,garlic,176,0.01762114537444934
97,eggs | vegetable oil,2,eggs,vegetable oil,175,0.017521025230276332
98,chicken stock | garlic,2,chicken stock,garlic,174,0.017420905086103323
99,icing sugar | unsalted butter,2,icing sugar,unsalted butter,174,0.017420905086103323
100,self-raising flour | vanilla extract,2,self-raising flour,vanilla extract,174,0.017420905086103323
101,chopped tomatoes | onion,2,chopped tomatoes,onion,173,0.017320784941930317
102,chopped tomatoes | olive oil,2,chopped tomatoes,olive oil,172,0.017220664797757308
103,lemon | plain flour,2,lemon,plain flour,172,0.017220664797757308
104,onion | plain flour,2,onion,plain flour,171,0.017120544653584303
105,olive oil | thyme,2,olive oil,thyme,170,0.017020424509411294
106,caster sugar | unsalted butter,2,caster sugar,unsalted butter,169,0.016920304365238285
107,chilli flakes | olive oil,2,chilli flakes,olive oil,169,0.016920304365238285
108,garlic | sunflower oil,2,garlic,sunflower oil,169,0.016920304365238285
109,baking powder | caster sugar,2,baking powder,caster sugar,168,0.01682018422106528
110,bicarbonate of soda | plain flour,2,bicarbonate of soda,plain flour,167,0.01672006407689227
111,cocoa powder | eggs,2,cocoa powder,eggs,167,0.01672006407689227
112,garlic | soy sauce,2,garlic,soy sauce,165,0.016519823788546256
113,caster sugar | milk,2,caster sugar,milk,164,0.016419703644373247
114,egg | garlic,2,egg,garlic,163,0.01631958350020024
115,garlic | red pepper,2,garlic,red pepper,163,0.01631958350020024
116,garlic | vegetable stock,2,garlic,vegetable stock,163,0.01631958350020024
117,cherry tomatoes | garlic,2,cherry tomatoes,garlic,162,0.016219463356027232
118,double cream | vanilla extract,2,double cream,vanilla extract,162,0.016219463356027232
119,dried oregano | garlic,2,dried oregano,garlic,161,0.016119343211854226
120,milk | vanilla extract,2,milk,vanilla extract,161,0.016119343211854226
121,olive oil | onions,2,olive oil,onions,161,0.016119343211854226
122,extra virgin olive oil | lemon,2,extra virgin olive oil,lemon,159,0.01591910292350821
123,onion | vegetable oil,2,onion,vegetable oil,159,0.01591910292350821
124,ginger | onion,2,ginger,onion,158,0.015818982779335203
125,golden caster sugar | milk,2,golden caster sugar,milk,155,0.01551862234681618
126,unsalted butter | vanilla extract,2,unsalted butter,vanilla extract,154,0.015418502202643172
127,caster sugar | self-raising flour,2,caster sugar,self-raising flour,152,0.015218261914297157
128,celery | onion,2,celery,onion,149,0.014917901481778134
129,coriander | lime,2,coriander,lime,149,0.014917901481778134
130,dark chocolate | double cream,2,dark chocolate,double cream,148,0.014817781337605127
131,ginger | red chilli,2,ginger,red chilli,148,0.014817781337605127
132,butter | parmesan,2,butter,parmesan,147,0.01471766119343212
133,coriander | onion,2,coriander,onion,147,0.01471766119343212
134,eggs | light brown soft sugar,2,eggs,light brown soft sugar,147,0.01471766119343212
135,bicarbonate of soda | eggs,2,bicarbonate of soda,eggs,145,0.014517420905086103
136,carrot | garlic,2,carrot,garlic,145,0.014517420905086103
137,lemon | red onion,2,lemon,red onion,144,0.014417300760913096
138,light brown soft sugar | plain flour,2,light brown soft sugar,plain flour,144,0.014417300760913096
139,olive oil | smoked paprika,2,olive oil,smoked paprika,143,0.014317180616740088
140,cherry tomatoes | olive oil,2,cherry tomatoes,olive oil,142,0.014217060472567081
141,coriander | red onion,2,coriander,red onion,142,0.014217060472567081
142,double cream | garlic,2,double cream,garlic,142,0.014217060472567081
143,garlic | turmeric,2,garlic,turmeric,142,0.014217060472567081
144,coriander | olive oil,2,coriander,olive oil,141,0.014116940328394072
145,egg | golden caster sugar,2,egg,golden caster sugar,141,0.014116940328394072
146,ginger | vegetable oil,2,ginger,vegetable oil,141,0.014116940328394072
147,garlic | rosemary,2,garlic,rosemary,140,0.014016820184221065
148,coriander | red chilli,2,coriander,red chilli,139,0.013916700040048057
149,dark chocolate | eggs,2,dark chocolate,eggs,138,0.01381657989587505
150,garlic | red wine vinegar,2,garlic,red wine vinegar,138,0.01381657989587505
151,garlic | sesame oil,2,garlic,sesame oil,138,0.01381657989587505
152,ground cumin | olive oil,2,ground cumin,olive oil,138,0.01381657989587505
153,chickpeas | garlic,2,chickpeas,garlic,137,0.013716459751702043
154,coriander | ground cumin,2,coriander,ground cumin,136,0.013616339607529036
155,ground cumin | onion,2,ground cumin,onion,136,0.013616339607529036
156,onion | parsley,2,onion,parsley,136,0.013616339607529036
157,carrots | olive oil,2,carrots,olive oil,135,0.013516219463356027
158,carrots | celery,2,carrots,celery,134,0.01341609931918302
159,celery | olive oil,2,celery,olive oil,134,0.01341609931918302
160,olive oil | red wine vinegar,2,olive oil,red wine vinegar,134,0.01341609931918302
161,cucumber | garlic,2,cucumber,garlic,133,0.013315979175010012
162,lemon | onion,2,lemon,onion,133,0.013315979175010012
163,butter | thyme,2,butter,thyme,132,0.013215859030837005
164,cocoa powder | plain flour,2,cocoa powder,plain flour,132,0.013215859030837005
165,double cream | unsalted butter,2,double cream,unsalted butter,132,0.013215859030837005
166,olive oil | tomatoes,2,olive oil,tomatoes,132,0.013215859030837005
167,coriander leaves | garlic,2,coriander leaves,garlic,130,0.013015618742490988
168,butter | ground cinnamon,2,butter,ground cinnamon,129,0.012915498598317981
169,butter | parsley,2,butter,parsley,129,0.012915498598317981
170,dark chocolate | plain flour,2,dark chocolate,plain flour,129,0.012915498598317981
171,baking powder | unsalted butter,2,baking powder,unsalted butter,127,0.012715258309971967
172,dried oregano | olive oil,2,dried oregano,olive oil,127,0.012715258309971967
173,ground cinnamon | plain flour,2,ground cinnamon,plain flour,127,0.012715258309971967
174,olive oil | rosemary,2,olive oil,rosemary,126,0.01261513816579896
175,carrots | onion,2,carrots,onion,125,0.01251501802162595
176,cocoa powder | dark chocolate,2,cocoa powder,dark chocolate,124,0.012414897877452943
177,garlic | milk,2,garlic,milk,124,0.012414897877452943
178,olive oil | spring onions,2,olive oil,spring onions,124,0.012414897877452943
179,plain flour | whole milk,2,plain flour,whole milk,124,0.012414897877452943
180,cornflour | plain flour,2,cornflour,plain flour,123,0.012314777733279936
181,ginger | sesame oil,2,ginger,sesame oil,123,0.012314777733279936
182,olive oil | red chilli,2,olive oil,red chilli,123,0.012314777733279936
183,self-raising flour | unsalted butter,2,self-raising flour,unsalted butter,123,0.012314777733279936
184,sesame oil | spring onions,2,sesame oil,spring onions,122,0.012214657589106928
185,chicken stock | olive oil,2,chicken stock,olive oil,121,0.012114537444933921
186,feta | olive oil,2,feta,olive oil,121,0.012114537444933921
187,lemon | parmesan,2,lemon,parmesan,121,0.012114537444933921
188,onion | parmesan,2,onion,parmesan,121,0.012114537444933921
189,double cream | milk,2,double cream,milk,120,0.012014417300760914
190,soy sauce | spring onions,2,soy sauce,spring onions,120,0.012014417300760914
191,coriander | spring onions,2,coriander,spring onions,119,0.011914297156587905
192,egg | milk,2,egg,milk,119,0.011914297156587905
193,plain flour | sunflower oil,2,plain flour,sunflower oil,119,0.011914297156587905
194,egg | vanilla extract,2,egg,vanilla extract,118,0.011814177012414898
195,garlic | honey,2,garlic,honey,118,0.011814177012414898
196,ginger | soy sauce,2,ginger,soy sauce,118,0.011814177012414898
197,onion | rapeseed oil,2,onion,rapeseed oil,118,0.011814177012414898
198,butter | dark chocolate,2,butter,dark chocolate,116,0.011613936724068883
199,chopped tomatoes | tomato purée,2,chopped tomatoes,tomato purée,116,0.011613936724068883
200,cocoa powder | icing sugar,2,cocoa powder,icing sugar,116,0.011613936724068883
201,basil | garlic,2,basil,garlic,115,0.011513816579895876
202,butter | vegetable oil,2,butter,vegetable oil,115,0.011513816579895876
203,butter | whole milk,2,butter,whole milk,114,0.011413696435722867
204,egg | olive oil,2,egg,olive oil,114,0.011413696435722867
205,ground coriander | onion,2,ground coriander,onion,114,0.011413696435722867
206,plain flour | thyme,2,plain flour,thyme,114,0.011413696435722867
207,cocoa powder | vanilla extract,2,cocoa powder,vanilla extract,113,0.01131357629154986
208,garlic | red onions,2,garlic,red onions,113,0.01131357629154986
209,parmesan | plain flour,2,parmesan,plain flour,113,0.01131357629154986
210,garlic | sugar,2,garlic,sugar,112,0.011213456147376852
211,bicarbonate of soda | vanilla extract,2,bicarbonate of soda,vanilla extract,111,0.011113336003203845
212,carrots | onions,2,carrots,onions,111,0.011113336003203845
213,caster sugar | egg,2,caster sugar,egg,111,0.011113336003203845
214,caster sugar | lemon,2,caster sugar,lemon,111,0.011113336003203845
215,ginger | ground coriander,2,ginger,ground coriander,111,0.011113336003203845
216,milk | unsalted butter,2,milk,unsalted butter,111,0.011113336003203845
217,eggs | whole milk,2,eggs,whole milk,110,0.011013215859030838
218,egg | unsalted butter,2,egg,unsalted butter,109,0.010913095714857829
219,butter | light brown soft sugar,2,butter,light brown soft sugar,108,0.010812975570684821
220,fennel seeds | garlic,2,fennel seeds,garlic,108,0.010812975570684821
221,icing sugar | lemon,2,icing sugar,lemon,108,0.010812975570684821
222,coriander | vegetable oil,2,coriander,vegetable oil,107,0.010712855426511814
223,bay leaves | olive oil,2,bay leaves,olive oil,106,0.010612735282338807
224,carrot | onion,2,carrot,onion,106,0.010612735282338807
225,coriander | rapeseed oil,2,coriander,rapeseed oil,106,0.010612735282338807
226,dijon mustard | olive oil,2,dijon mustard,olive oil,106,0.010612735282338807
227,eggs | ground cinnamon,2,eggs,ground cinnamon,106,0.010612735282338807
228,garlic | white wine,2,garlic,white wine,106,0.010612735282338807
229,golden caster sugar | lemon,2,golden caster sugar,lemon,106,0.010612735282338807
230,cornflour | garlic,2,cornflour,garlic,105,0.0105126151381658
231,frozen peas | garlic,2,frozen peas,garlic,105,0.0105126151381658
232,garam masala | garlic,2,garam masala,garlic,105,0.0105126151381658
233,garlic | ground turmeric,2,garlic,ground turmeric,105,0.0105126151381658
234,garlic | mint leaves,2,garlic,mint leaves,105,0.0105126151381658
235,ginger | ground cumin,2,ginger,ground cumin,105,0.0105126151381658
236,spring onions | vegetable oil,2,spring onions,vegetable oil,105,0.0105126151381658
237,coconut milk | garlic,2,coconut milk,garlic,104,0.010412494993992792
238,ginger | rapeseed oil,2,ginger,rapeseed oil,104,0.010412494993992792
239,milk | olive oil,2,milk,olive oil,104,0.010412494993992792
240,basil leaves | garlic,2,basil leaves,garlic,103,0.010312374849819783
241,bay leaves | onion,2,bay leaves,onion,103,0.010312374849819783
242,bay leaves | plain flour,2,bay leaves,plain flour,103,0.010312374849819783
243,caster sugar | garlic,2,caster sugar,garlic,102,0.010212254705646776
244,cinnamon | garlic,2,cinnamon,garlic,101,0.010112134561473769
245,double cream | lemon,2,double cream,lemon,101,0.010112134561473769
246,extra virgin olive oil | olive oil,2,extra virgin olive oil,olive oil,101,0.010112134561473769
247,feta | garlic,2,feta,garlic,101,0.010112134561473769
248,onions | tomato purée,2,onions,tomato purée,101,0.010112134561473769
249,caster sugar | cornflour,2,caster sugar,cornflour,100,0.010012014417300761
250,celery | tomato purée,2,celery,tomato purée,100,0.010012014417300761
251,dill | lemon,2,dill,lemon,100,0.010012014417300761
252,egg | icing sugar,2,egg,icing sugar,100,0.010012014417300761
253,garlic | sesame seeds,2,garlic,sesame seeds,100,0.010012014417300761
254,baking powder | cocoa powder,2,baking powder,cocoa powder,99,0.009911894273127754
255,chicken stock | onion,2,chicken stock,onion,99,0.009911894273127754
256,coriander | ground coriander,2,coriander,ground coriander,99,0.009911894273127754
257,dark chocolate | golden caster sugar,2,dark chocolate,golden caster sugar,99,0.009911894273127754
258,eggs | spring onions,2,eggs,spring onions,99,0.009911894273127754
259,flat-leaf parsley | garlic,2,flat-leaf parsley,garlic,99,0.009911894273127754
260,garlic | green chilli,2,garlic,green chilli,99,0.009911894273127754
261,garlic | vegetable bouillon powder,2,garlic,vegetable bouillon powder,99,0.009911894273127754
262,lemon | rapeseed oil,2,lemon,rapeseed oil,99,0.009911894273127754
263,onion | thyme,2,onion,thyme,99,0.009911894273127754
264,baking powder | egg,2,baking powder,egg,98,0.009811774128954745
265,baking powder | vegetable oil,2,baking powder,vegetable oil,98,0.009811774128954745
266,lime | red chilli,2,lime,red chilli,98,0.009811774128954745
267,caster sugar | whole milk,2,caster sugar,whole milk,97,0.009711653984781738
268,ginger | lime,2,ginger,lime,97,0.009711653984781738
269,ginger | turmeric,2,ginger,turmeric,97,0.009711653984781738
270,ground cumin | red onion,2,ground cumin,red onion,97,0.009711653984781738
271,light brown soft sugar | vanilla extract,2,light brown soft sugar,vanilla extract,97,0.009711653984781738
272,bay leaves | thyme,2,bay leaves,thyme,96,0.00961153384060873
273,eggs | orange,2,eggs,orange,96,0.00961153384060873
274,onions | plain flour,2,onions,plain flour,96,0.00961153384060873
275,red chilli | spring onions,2,red chilli,spring onions,96,0.00961153384060873
276,sesame oil | soy sauce,2,sesame oil,soy sauce,96,0.00961153384060873
277,baking powder | bicarbonate of soda,2,baking powder,bicarbonate of soda,95,0.009511413696435723
278,butter | cocoa powder,2,butter,cocoa powder,95,0.009511413696435723
279,butter | onions,2,butter,onions,95,0.009511413696435723
280,carrots | tomato purée,2,carrots,tomato purée,95,0.009511413696435723
281,egg | vegetable oil,2,egg,vegetable oil,95,0.009511413696435723
282,eggs | onion,2,eggs,onion,95,0.009511413696435723
283,fast-action dried yeast | strong white bread flour,2,fast-action dried yeast,strong white bread flour,95,0.009511413696435723
284,olive oil | white wine,2,olive oil,white wine,95,0.009511413696435723
285,bicarbonate of soda | butter,2,bicarbonate of soda,butter,94,0.009411293552262716
286,butter | nutmeg,2,butter,nutmeg,94,0.009411293552262716
287,lime | red onion,2,lime,red onion,94,0.009411293552262716
288,sesame oil | sesame seeds,2,sesame oil,sesame seeds,94,0.009411293552262716
289,egg | self-raising flour,2,egg,self-raising flour,93,0.009311173408089707
290,eggs | ground almonds,2,eggs,ground almonds,93,0.009311173408089707
291,fennel seeds | olive oil,2,fennel seeds,olive oil,93,0.009311173408089707
292,onion | vegetable stock,2,onion,vegetable stock,93,0.009311173408089707
293,basil leaves | olive oil,2,basil leaves,olive oil,92,0.0092110532639167
294,dijon mustard | garlic,2,dijon mustard,garlic,92,0.0092110532639167
295,caster sugar | vegetable oil,2,caster sugar,vegetable oil,91,0.009110933119743692
296,courgettes | garlic,2,courgettes,garlic,91,0.009110933119743692
297,egg | onion,2,egg,onion,91,0.009110933119743692
298,olive oil | vegetable stock,2,olive oil,vegetable stock,91,0.009110933119743692
299,red onion | tomatoes,2,red onion,tomatoes,91,0.009110933119743692
300,dark chocolate | vanilla extract,2,dark chocolate,vanilla extract,90,0.009010812975570685
301,garlic | mint,2,garlic,mint,90,0.009010812975570685
302,lime | spring onions,2,lime,spring onions,90,0.009010812975570685
303,unsalted butter | whole milk,2,unsalted butter,whole milk,90,0.009010812975570685
304,bay leaves | carrots,2,bay leaves,carrots,89,0.008910692831397678
305,caster sugar | dark chocolate,2,caster sugar,dark chocolate,89,0.008910692831397678
306,cocoa powder | golden caster sugar,2,cocoa powder,golden caster sugar,89,0.008910692831397678
307,coriander | cumin seeds,2,coriander,cumin seeds,89,0.008910692831397678
308,cumin seeds | ginger,2,cumin seeds,ginger,89,0.008910692831397678
309,egg yolks | plain flour,2,egg yolks,plain flour,89,0.008910692831397678
310,garlic | thyme leaves,2,garlic,thyme leaves,89,0.008910692831397678
311,ground cinnamon | ground ginger,2,ground cinnamon,ground ginger,89,0.008910692831397678
312,mozzarella | olive oil,2,mozzarella,olive oil,89,0.008910692831397678
313,bay leaves | butter,2,bay leaves,butter,88,0.00881057268722467
314,dill | olive oil,2,dill,olive oil,88,0.00881057268722467
315,double cream | egg yolks,2,double cream,egg yolks,88,0.00881057268722467
316,ground cinnamon | vanilla extract,2,ground cinnamon,vanilla extract,88,0.00881057268722467
317,ground cumin | smoked paprika,2,ground cumin,smoked paprika,88,0.00881057268722467
318,cold butter | plain flour,2,cold butter,plain flour,87,0.008710452543051661
319,double cream | whole milk,2,double cream,whole milk,87,0.008710452543051661
320,bay leaves | onions,2,bay leaves,onions,86,0.008610332398878654
321,capers | garlic,2,capers,garlic,86,0.008610332398878654
322,eggs | sunflower oil,2,eggs,sunflower oil,86,0.008610332398878654
323,garam masala | ginger,2,garam masala,ginger,86,0.008610332398878654
324,ginger | ground turmeric,2,ginger,ground turmeric,86,0.008610332398878654
325,golden caster sugar | ground cinnamon,2,golden caster sugar,ground cinnamon,86,0.008610332398878654
326,lime | olive oil,2,lime,olive oil,86,0.008610332398878654
327,caster sugar | cocoa powder,2,caster sugar,cocoa powder,85,0.008510212254705647
328,chilli flakes | lemon,2,chilli flakes,lemon,85,0.008510212254705647
329,dark chocolate | icing sugar,2,dark chocolate,icing sugar,85,0.008510212254705647
330,dark chocolate | unsalted butter,2,dark chocolate,unsalted butter,85,0.008510212254705647
331,flat-leaf parsley | olive oil,2,flat-leaf parsley,olive oil,85,0.008510212254705647
332,garlic | tahini,2,garlic,tahini,85,0.008510212254705647
333,ginger | sunflower oil,2,ginger,sunflower oil,85,0.008510212254705647
334,ground cinnamon | icing sugar,2,ground cinnamon,icing sugar,85,0.008510212254705647
335,parsley | plain flour,2,parsley,plain flour,85,0.008510212254705647
336,balsamic vinegar | garlic,2,balsamic vinegar,garlic,84,0.00841009211053264
337,dill | garlic,2,dill,garlic,84,0.00841009211053264
338,egg yolk | plain flour,2,egg yolk,plain flour,84,0.00841009211053264
339,garlic | shallots,2,garlic,shallots,84,0.00841009211053264
340,honey | olive oil,2,honey,olive oil,84,0.00841009211053264
341,onion | sunflower oil,2,onion,sunflower oil,84,0.00841009211053264
342,baking powder | light brown soft sugar,2,baking powder,light brown soft sugar,83,0.008309971966359632
343,butternut squash | garlic,2,butternut squash,garlic,83,0.008309971966359632
344,courgettes | olive oil,2,courgettes,olive oil,83,0.008309971966359632
345,double cream | olive oil,2,double cream,olive oil,83,0.008309971966359632
346,garlic | mozzarella,2,garlic,mozzarella,83,0.008309971966359632
347,garlic | potatoes,2,garlic,potatoes,83,0.008309971966359632
348,ground cumin | lemon,2,ground cumin,lemon,83,0.008309971966359632
349,butter | chicken stock,2,butter,chicken stock,82,0.008209851822186623
350,eggs | rapeseed oil,2,eggs,rapeseed oil,82,0.008209851822186623
351,garlic | ground cinnamon,2,garlic,ground cinnamon,82,0.008209851822186623
352,garlic | limes,2,garlic,limes,82,0.008209851822186623
353,garlic | pine nuts,2,garlic,pine nuts,82,0.008209851822186623
354,icing sugar | light brown soft sugar,2,icing sugar,light brown soft sugar,82,0.008209851822186623
355,onion | smoked paprika,2,onion,smoked paprika,82,0.008209851822186623
356,basil | olive oil,2,basil,olive oil,81,0.008109731678013616
357,chickpeas | olive oil,2,chickpeas,olive oil,81,0.008109731678013616
358,eggs | salted butter,2,eggs,salted butter,81,0.008109731678013616
359,garlic | unsalted butter,2,garlic,unsalted butter,81,0.008109731678013616
360,butter | orange,2,butter,orange,80,0.008009611533840609
361,carrots | plain flour,2,carrots,plain flour,80,0.008009611533840609
362,garlic | golden caster sugar,2,garlic,golden caster sugar,80,0.008009611533840609
363,garlic | leeks,2,garlic,leeks,80,0.008009611533840609
364,garlic | passata,2,garlic,passata,80,0.008009611533840609
365,ginger | onions,2,ginger,onions,80,0.008009611533840609
366,mint leaves | olive oil,2,mint leaves,olive oil,80,0.008009611533840609
367,olive oil | pine nuts,2,olive oil,pine nuts,80,0.008009611533840609
368,sesame seeds | spring onions,2,sesame seeds,spring onions,80,0.008009611533840609
369,bicarbonate of soda | icing sugar,2,bicarbonate of soda,icing sugar,79,0.007909491389667601
370,bay leaf | garlic,2,bay leaf,garlic,78,0.007809371245494593
371,butter | carrots,2,butter,carrots,78,0.007809371245494593
372,cocoa powder | unsalted butter,2,cocoa powder,unsalted butter,78,0.007809371245494593
373,golden caster sugar | vegetable oil,2,golden caster sugar,vegetable oil,78,0.007809371245494593
374,onion | tomatoes,2,onion,tomatoes,78,0.007809371245494593
375,onions | vegetable oil,2,onions,vegetable oil,78,0.007809371245494593
376,bay leaves | tomato purée,2,bay leaves,tomato purée,77,0.007709251101321586
377,cumin seeds | olive oil,2,cumin seeds,olive oil,77,0.007709251101321586
378,double cream | self-raising flour,2,double cream,self-raising flour,77,0.007709251101321586
379,egg | lemon,2,egg,lemon,77,0.007709251101321586
380,feta | lemon,2,feta,lemon,77,0.007709251101321586
381,garlic | spinach,2,garlic,spinach,77,0.007709251101321586
382,light brown soft sugar | unsalted butter,2,light brown soft sugar,unsalted butter,77,0.007709251101321586
383,rapeseed oil | red chilli,2,rapeseed oil,red chilli,77,0.007709251101321586
384,rapeseed oil | vegetable bouillon powder,2,rapeseed oil,vegetable bouillon powder,77,0.007709251101321586
385,black beans | garlic,2,black beans,garlic,76,0.007609130957148579
386,carrots | thyme,2,carrots,thyme,76,0.007609130957148579
387,chilli flakes | onion,2,chilli flakes,onion,76,0.007609130957148579
388,cocoa powder | milk,2,cocoa powder,milk,76,0.007609130957148579
389,coriander | tomatoes,2,coriander,tomatoes,76,0.007609130957148579
390,cucumber | lemon,2,cucumber,lemon,76,0.007609130957148579
391,cumin seeds | onion,2,cumin seeds,onion,76,0.007609130957148579
392,dijon mustard | lemon,2,dijon mustard,lemon,76,0.007609130957148579
393,ginger | sesame seeds,2,ginger,sesame seeds,76,0.007609130957148579
394,lemon | milk,2,lemon,milk,76,0.007609130957148579
395,olive oil | red onions,2,olive oil,red onions,76,0.007609130957148579
396,onion | red pepper,2,onion,red pepper,76,0.007609130957148579
397,rapeseed oil | red onion,2,rapeseed oil,red onion,76,0.007609130957148579
398,butter | sunflower oil,2,butter,sunflower oil,75,0.0075090108129755705
399,carrot | celery,2,carrot,celery,75,0.0075090108129755705
400,celery | onions,2,celery,onions,75,0.0075090108129755705
401,cocoa powder | self-raising flour,2,cocoa powder,self-raising flour,75,0.0075090108129755705
402,coriander seeds | garlic,2,coriander seeds,garlic,75,0.0075090108129755705
403,extra virgin olive oil | red onion,2,extra virgin olive oil,red onion,75,0.0075090108129755705
404,garlic | juice,2,garlic,juice,75,0.0075090108129755705
405,garlic | red peppers,2,garlic,red peppers,75,0.0075090108129755705
406,lemon | spring onions,2,lemon,spring onions,75,0.0075090108129755705
407,lemon | unsalted butter,2,lemon,unsalted butter,75,0.0075090108129755705
408,onion | turmeric,2,onion,turmeric,75,0.0075090108129755705
409,baby spinach | garlic,2,baby spinach,garlic,74,0.007408890668802563
410,bicarbonate of soda | golden caster sugar,2,bicarbonate of soda,golden caster sugar,74,0.007408890668802563
411,bicarbonate of soda | self-raising flour,2,bicarbonate of soda,self-raising flour,74,0.007408890668802563
412,coconut milk | ginger,2,coconut milk,ginger,74,0.007408890668802563
413,garlic | greek yogurt,2,garlic,greek yogurt,74,0.007408890668802563
414,icing sugar | orange,2,icing sugar,orange,74,0.007408890668802563
415,lemon | mint leaves,2,lemon,mint leaves,74,0.007408890668802563
416,lemon | red chilli,2,lemon,red chilli,74,0.007408890668802563
417,milk | vegetable oil,2,milk,vegetable oil,74,0.007408890668802563
418,rapeseed oil | tomato purée,2,rapeseed oil,tomato purée,74,0.007408890668802563
419,baking powder | double cream,2,baking powder,double cream,73,0.007308770524629555
420,butternut squash | olive oil,2,butternut squash,olive oil,73,0.007308770524629555
421,carrot | olive oil,2,carrot,olive oil,73,0.007308770524629555
422,coriander | lemon,2,coriander,lemon,73,0.007308770524629555
423,cornflour | double cream,2,cornflour,double cream,73,0.007308770524629555
424,cornflour | vegetable oil,2,cornflour,vegetable oil,73,0.007308770524629555
425,cucumber | spring onions,2,cucumber,spring onions,73,0.007308770524629555
426,garlic | natural yogurt,2,garlic,natural yogurt,73,0.007308770524629555
427,garlic | red wine,2,garlic,red wine,73,0.007308770524629555
428,garlic | sweet potatoes,2,garlic,sweet potatoes,73,0.007308770524629555
429,ginger | red onion,2,ginger,red onion,73,0.007308770524629555
430,ground cumin | tomato purée,2,ground cumin,tomato purée,73,0.007308770524629555
431,onions | rapeseed oil,2,onions,rapeseed oil,73,0.007308770524629555
432,rapeseed oil | smoked paprika,2,rapeseed oil,smoked paprika,73,0.007308770524629555
433,capers | olive oil,2,capers,olive oil,72,0.007208650380456548
434,chilli powder | garlic,2,chilli powder,garlic,72,0.007208650380456548
435,cinnamon | ginger,2,cinnamon,ginger,72,0.007208650380456548
436,coriander leaves | ginger,2,coriander leaves,ginger,72,0.007208650380456548
437,cucumber | olive oil,2,cucumber,olive oil,72,0.007208650380456548
438,extra virgin olive oil | parsley,2,extra virgin olive oil,parsley,72,0.007208650380456548
439,ground coriander | olive oil,2,ground coriander,olive oil,72,0.007208650380456548
440,milk | onion,2,milk,onion,72,0.007208650380456548
441,red chilli | red onion,2,red chilli,red onion,72,0.007208650380456548
442,basmati rice | garlic,2,basmati rice,garlic,71,0.0071085302362835405
443,bay leaves | celery,2,bay leaves,celery,71,0.0071085302362835405
444,bicarbonate of soda | egg,2,bicarbonate of soda,egg,71,0.0071085302362835405
445,butter | cinnamon,2,butter,cinnamon,71,0.0071085302362835405
446,capers | lemon,2,capers,lemon,71,0.0071085302362835405
447,cauliflower | garlic,2,cauliflower,garlic,71,0.0071085302362835405
448,eggs | parsley,2,eggs,parsley,71,0.0071085302362835405
449,ginger | tomato purée,2,ginger,tomato purée,71,0.0071085302362835405
450,golden caster sugar | ground almonds,2,golden caster sugar,ground almonds,71,0.0071085302362835405
451,ground coriander | rapeseed oil,2,ground coriander,rapeseed oil,71,0.0071085302362835405
452,honey | lemon,2,honey,lemon,71,0.0071085302362835405
453,onion | red chilli,2,onion,red chilli,71,0.0071085302362835405
454,parsley | rapeseed oil,2,parsley,rapeseed oil,71,0.0071085302362835405
455,plain flour | tomato purée,2,plain flour,tomato purée,71,0.0071085302362835405
456,soy sauce | vegetable oil,2,soy sauce,vegetable oil,71,0.0071085302362835405
457,baking powder | lemon,2,baking powder,lemon,70,0.007008410092110532
458,butter | dijon mustard,2,butter,dijon mustard,70,0.007008410092110532
459,caster sugar | olive oil,2,caster sugar,olive oil,70,0.007008410092110532
460,cucumber | red onion,2,cucumber,red onion,70,0.007008410092110532
461,cumin seeds | ground coriander,2,cumin seeds,ground coriander,70,0.007008410092110532
462,eggs | natural yogurt,2,eggs,natural yogurt,70,0.007008410092110532
463,ground cinnamon | light brown soft sugar,2,ground cinnamon,light brown soft sugar,70,0.007008410092110532
464,icing sugar | vegetable oil,2,icing sugar,vegetable oil,70,0.007008410092110532
465,olive oil | sugar,2,olive oil,sugar,70,0.007008410092110532
466,orange | plain flour,2,orange,plain flour,70,0.007008410092110532
467,plain flour | spring onions,2,plain flour,spring onions,70,0.007008410092110532
468,aubergine | garlic,2,aubergine,garlic,69,0.006908289947937525
469,baking powder | ground cinnamon,2,baking powder,ground cinnamon,69,0.006908289947937525
470,butter | crème fraîche,2,butter,crème fraîche,69,0.006908289947937525
471,butter | ground almonds,2,butter,ground almonds,69,0.006908289947937525
472,egg | ground cinnamon,2,egg,ground cinnamon,69,0.006908289947937525
473,garlic | red chillies,2,garlic,red chillies,69,0.006908289947937525
474,ginger | lemon,2,ginger,lemon,69,0.006908289947937525
475,juice | olive oil,2,juice,olive oil,69,0.006908289947937525
476,lemon | thyme,2,lemon,thyme,69,0.006908289947937525
477,rapeseed oil | spring onions,2,rapeseed oil,spring onions,69,0.006908289947937525
478,bay leaf | butter,2,bay leaf,butter,68,0.006808169803764518
479,bicarbonate of soda | light brown soft sugar,2,bicarbonate of soda,light brown soft sugar,68,0.006808169803764518
480,carrots | rapeseed oil,2,carrots,rapeseed oil,68,0.006808169803764518
481,curry powder | garlic,2,curry powder,garlic,68,0.006808169803764518
482,garlic | oil,2,garlic,oil,68,0.006808169803764518
483,golden caster sugar | orange,2,golden caster sugar,orange,68,0.006808169803764518
484,ground cinnamon | lemon,2,ground cinnamon,lemon,68,0.006808169803764518
485,lemon | vegetable oil,2,lemon,vegetable oil,68,0.006808169803764518
486,mint | olive oil,2,mint,olive oil,68,0.006808169803764518
487,parsley | red onion,2,parsley,red onion,68,0.006808169803764518
488,chopped tomatoes | onions,2,chopped tomatoes,onions,67,0.00670804965959151
489,coriander | limes,2,coriander,limes,67,0.00670804965959151
490,double cream | onion,2,double cream,onion,67,0.00670804965959151
491,eggs | white chocolate,2,eggs,white chocolate,67,0.00670804965959151
492,frozen peas | olive oil,2,frozen peas,olive oil,67,0.00670804965959151
493,ground almonds | plain flour,2,ground almonds,plain flour,67,0.00670804965959151
494,lemon | smoked paprika,2,lemon,smoked paprika,67,0.00670804965959151
495,baking powder | dark chocolate,2,baking powder,dark chocolate,66,0.006607929515418502
496,carrots | vegetable oil,2,carrots,vegetable oil,66,0.006607929515418502
497,cocoa powder | double cream,2,cocoa powder,double cream,66,0.006607929515418502
498,cumin seeds | rapeseed oil,2,cumin seeds,rapeseed oil,66,0.006607929515418502
499,eggs | parmesan,2,eggs,parmesan,66,0.006607929515418502
500,plain flour | salted butter,2,plain flour,salted butter,66,0.006607929515418502
501,red onion | vegetable oil,2,red onion,vegetable oil,66,0.006607929515418502
502,balsamic vinegar | olive oil,2,balsamic vinegar,olive oil,65,0.006507809371245494
503,beef stock | garlic,2,beef stock,garlic,65,0.006507809371245494
504,butter | golden syrup,2,butter,golden syrup,65,0.006507809371245494
505,cornflour | spring onions,2,cornflour,spring onions,65,0.006507809371245494
506,cumin seeds | lemon,2,cumin seeds,lemon,65,0.006507809371245494
507,dijon mustard | plain flour,2,dijon mustard,plain flour,65,0.006507809371245494
508,garlic | white wine vinegar,2,garlic,white wine vinegar,65,0.006507809371245494
509,lemon | tahini,2,lemon,tahini,65,0.006507809371245494
510,olive oil | red pepper,2,olive oil,red pepper,65,0.006507809371245494
511,caster sugar | light brown soft sugar,2,caster sugar,light brown soft sugar,64,0.006407689227072487
512,cayenne pepper | garlic,2,cayenne pepper,garlic,64,0.006407689227072487
513,cornflour | ginger,2,cornflour,ginger,64,0.006407689227072487
514,garlic | light soy sauce,2,garlic,light soy sauce,64,0.006407689227072487
515,garlic | nutmeg,2,garlic,nutmeg,64,0.006407689227072487
516,garlic | shallot,2,garlic,shallot,64,0.006407689227072487
517,lemon | mint,2,lemon,mint,64,0.006407689227072487
518,milk | parmesan,2,milk,parmesan,64,0.006407689227072487
519,olive oil | thyme leaves,2,olive oil,thyme leaves,64,0.006407689227072487
520,olive oil | unsalted butter,2,olive oil,unsalted butter,64,0.006407689227072487
521,red onion | smoked paprika,2,red onion,smoked paprika,64,0.006407689227072487
522,self-raising flour | vegetable oil,2,self-raising flour,vegetable oil,64,0.006407689227072487
523,smoked paprika | tomato purée,2,smoked paprika,tomato purée,64,0.006407689227072487
524,bay leaf | onion,2,bay leaf,onion,63,0.00630756908289948
525,bicarbonate of soda | unsalted butter,2,bicarbonate of soda,unsalted butter,63,0.00630756908289948
526,butter | egg yolks,2,butter,egg yolks,63,0.00630756908289948
527,chives | olive oil,2,chives,olive oil,63,0.00630756908289948
528,chopped tomatoes | ground cumin,2,chopped tomatoes,ground cumin,63,0.00630756908289948
529,coriander | cucumber,2,coriander,cucumber,63,0.00630756908289948
530,golden syrup | plain flour,2,golden syrup,plain flour,63,0.00630756908289948
531,ground ginger | plain flour,2,ground ginger,plain flour,63,0.00630756908289948
532,nutmeg | plain flour,2,nutmeg,plain flour,63,0.00630756908289948
533,aubergines | garlic,2,aubergines,garlic,62,0.0062074489387264715
534,bicarbonate of soda | cocoa powder,2,bicarbonate of soda,cocoa powder,62,0.0062074489387264715
535,carrots | ginger,2,carrots,ginger,62,0.0062074489387264715
536,cherry tomatoes | lemon,2,cherry tomatoes,lemon,62,0.0062074489387264715
537,chickpeas | lemon,2,chickpeas,lemon,62,0.0062074489387264715
538,coriander | smoked paprika,2,coriander,smoked paprika,62,0.0062074489387264715
539,cornflour | eggs,2,cornflour,eggs,62,0.0062074489387264715
540,cornflour | icing sugar,2,cornflour,icing sugar,62,0.0062074489387264715
541,crème fraîche | olive oil,2,crème fraîche,olive oil,62,0.0062074489387264715
542,fish sauce | garlic,2,fish sauce,garlic,62,0.0062074489387264715
543,garlic | lemon juice,2,garlic,lemon juice,62,0.0062074489387264715
544,garlic | paprika,2,garlic,paprika,62,0.0062074489387264715
545,ground almonds | icing sugar,2,ground almonds,icing sugar,62,0.0062074489387264715
546,ground cinnamon | milk,2,ground cinnamon,milk,62,0.0062074489387264715
547,lemon | self-raising flour,2,lemon,self-raising flour,62,0.0062074489387264715
548,red chilli | vegetable oil,2,red chilli,vegetable oil,62,0.0062074489387264715
549,cornflour | golden caster sugar,2,cornflour,golden caster sugar,61,0.006107328794553464
550,eggs | maple syrup,2,eggs,maple syrup,61,0.006107328794553464
551,eggs | mixed spice,2,eggs,mixed spice,61,0.006107328794553464
552,garlic | rice,2,garlic,rice,61,0.006107328794553464
553,garlic | ricotta,2,garlic,ricotta,61,0.006107328794553464
554,ground cumin | vegetable oil,2,ground cumin,vegetable oil,61,0.006107328794553464
555,light brown soft sugar | self-raising flour,2,light brown soft sugar,self-raising flour,61,0.006107328794553464
556,nutmeg | olive oil,2,nutmeg,olive oil,61,0.006107328794553464
557,onions | parsley,2,onions,parsley,61,0.006107328794553464
558,avocado | garlic,2,avocado,garlic,60,0.006007208650380457
559,butter | chives,2,butter,chives,60,0.006007208650380457
560,butter | cornflour,2,butter,cornflour,60,0.006007208650380457
561,butter | white chocolate,2,butter,white chocolate,60,0.006007208650380457
562,caster sugar | egg whites,2,caster sugar,egg whites,60,0.006007208650380457
563,celery | parsley,2,celery,parsley,60,0.006007208650380457
564,chestnut mushrooms | garlic,2,chestnut mushrooms,garlic,60,0.006007208650380457
565,chicken stock | plain flour,2,chicken stock,plain flour,60,0.006007208650380457
566,coriander seeds | cumin seeds,2,coriander seeds,cumin seeds,60,0.006007208650380457
567,ground coriander | tomato purée,2,ground coriander,tomato purée,60,0.006007208650380457
568,parsley | tomato purée,2,parsley,tomato purée,60,0.006007208650380457
569,red onion | tomato purée,2,red onion,tomato purée,60,0.006007208650380457
570,vanilla extract | whole milk,2,vanilla extract,whole milk,60,0.006007208650380457
571,caster sugar | egg yolks,2,caster sugar,egg yolks,59,0.005907088506207449
572,dark chocolate | light brown soft sugar,2,dark chocolate,light brown soft sugar,59,0.005907088506207449
573,dried oregano | onion,2,dried oregano,onion,59,0.005907088506207449
574,fast-action dried yeast | golden caster sugar,2,fast-action dried yeast,golden caster sugar,59,0.005907088506207449
575,garlic | rocket,2,garlic,rocket,59,0.005907088506207449
576,greek yogurt | olive oil,2,greek yogurt,olive oil,59,0.005907088506207449
577,ground cinnamon | unsalted butter,2,ground cinnamon,unsalted butter,59,0.005907088506207449
578,ground cumin | rapeseed oil,2,ground cumin,rapeseed oil,59,0.005907088506207449
579,leeks | olive oil,2,leeks,olive oil,59,0.005907088506207449
580,lemon | orange,2,lemon,orange,59,0.005907088506207449
581,olive oil | white wine vinegar,2,olive oil,white wine vinegar,59,0.005907088506207449
582,onions | thyme,2,onions,thyme,59,0.005907088506207449
583,tomato purée | vegetable oil,2,tomato purée,vegetable oil,59,0.005907088506207449
584,butter | tomato purée,2,butter,tomato purée,58,0.0058069683620344415
585,cornflour | vanilla extract,2,cornflour,vanilla extract,58,0.0058069683620344415
586,crusty bread | garlic,2,crusty bread,garlic,58,0.0058069683620344415
587,double cream | light brown soft sugar,2,double cream,light brown soft sugar,58,0.0058069683620344415
588,egg | spring onions,2,egg,spring onions,58,0.0058069683620344415
589,garlic | parsley leaves,2,garlic,parsley leaves,58,0.0058069683620344415
590,ground coriander | turmeric,2,ground coriander,turmeric,58,0.0058069683620344415
591,ground cumin | lime,2,ground cumin,lime,58,0.0058069683620344415
592,ground cumin | turmeric,2,ground cumin,turmeric,58,0.0058069683620344415
593,lime | vegetable oil,2,lime,vegetable oil,58,0.0058069683620344415
594,olive oil | shallots,2,olive oil,shallots,58,0.0058069683620344415
595,onion | white wine,2,onion,white wine,58,0.0058069683620344415
596,rapeseed oil | tomatoes,2,rapeseed oil,tomatoes,58,0.0058069683620344415
597,bay leaf | olive oil,2,bay leaf,olive oil,57,0.005706848217861433
598,black peppercorns | garlic,2,black peppercorns,garlic,57,0.005706848217861433
599,celery | chopped tomatoes,2,celery,chopped tomatoes,57,0.005706848217861433
600,celery | thyme,2,celery,thyme,57,0.005706848217861433
601,coriander | tomato purée,2,coriander,tomato purée,57,0.005706848217861433
602,coriander | turmeric,2,coriander,turmeric,57,0.005706848217861433
603,fennel seeds | lemon,2,fennel seeds,lemon,57,0.005706848217861433
604,ground coriander | onions,2,ground coriander,onions,57,0.005706848217861433
605,lemon | tomatoes,2,lemon,tomatoes,57,0.005706848217861433
606,lemon | vanilla extract,2,lemon,vanilla extract,57,0.005706848217861433
607,plain flour | white chocolate,2,plain flour,white chocolate,57,0.005706848217861433
608,red chilli | sesame oil,2,red chilli,sesame oil,57,0.005706848217861433
609,vanilla extract | vegetable oil,2,vanilla extract,vegetable oil,57,0.005706848217861433
610,black beans | coriander,2,black beans,coriander,56,0.005606728073688426
611,carrots | lemon,2,carrots,lemon,56,0.005606728073688426
612,chicken breasts | garlic,2,chicken breasts,garlic,56,0.005606728073688426
613,dried oregano | tomato purée,2,dried oregano,tomato purée,56,0.005606728073688426
614,fennel | garlic,2,fennel,garlic,56,0.005606728073688426
615,garlic | green chillies,2,garlic,green chillies,56,0.005606728073688426
616,ginger | honey,2,ginger,honey,56,0.005606728073688426
617,lime | rapeseed oil,2,lime,rapeseed oil,56,0.005606728073688426
618,olive oil | red wine,2,olive oil,red wine,56,0.005606728073688426
619,olive oil | sweet potatoes,2,olive oil,sweet potatoes,56,0.005606728073688426
620,sesame oil | vegetable oil,2,sesame oil,vegetable oil,56,0.005606728073688426
621,butter | honey,2,butter,honey,55,0.005506607929515419
622,butter | white wine,2,butter,white wine,55,0.005506607929515419
623,caster sugar | fast-action dried yeast,2,caster sugar,fast-action dried yeast,55,0.005506607929515419
624,chopped tomatoes | coriander,2,chopped tomatoes,coriander,55,0.005506607929515419
625,chopped tomatoes | parmesan,2,chopped tomatoes,parmesan,55,0.005506607929515419
626,cinnamon | plain flour,2,cinnamon,plain flour,55,0.005506607929515419
627,coriander | sunflower oil,2,coriander,sunflower oil,55,0.005506607929515419
628,crème fraîche | eggs,2,crème fraîche,eggs,55,0.005506607929515419
629,double cream | parmesan,2,double cream,parmesan,55,0.005506607929515419
630,golden caster sugar | olive oil,2,golden caster sugar,olive oil,55,0.005506607929515419
631,ground cinnamon | ground cumin,2,ground cinnamon,ground cumin,55,0.005506607929515419
632,ground coriander | red onion,2,ground coriander,red onion,55,0.005506607929515419
633,lemon | onions,2,lemon,onions,55,0.005506607929515419
634,olive oil | passata,2,olive oil,passata,55,0.005506607929515419
635,olive oil | ricotta,2,olive oil,ricotta,55,0.005506607929515419
636,olive oil | rocket,2,olive oil,rocket,55,0.005506607929515419
637,red onion | red wine vinegar,2,red onion,red wine vinegar,55,0.005506607929515419
638,sesame seeds | soy sauce,2,sesame seeds,soy sauce,55,0.005506607929515419
639,butter beans | garlic,2,butter beans,garlic,54,0.005406487785342411
640,butter | maple syrup,2,butter,maple syrup,54,0.005406487785342411
641,butter | mature cheddar,2,butter,mature cheddar,54,0.005406487785342411
642,cider vinegar | garlic,2,cider vinegar,garlic,54,0.005406487785342411
643,cinnamon | golden caster sugar,2,cinnamon,golden caster sugar,54,0.005406487785342411
644,coriander leaves | lime,2,coriander leaves,lime,54,0.005406487785342411
645,egg | parmesan,2,egg,parmesan,54,0.005406487785342411
646,ginger | tomatoes,2,ginger,tomatoes,54,0.005406487785342411
647,golden caster sugar | salted butter,2,golden caster sugar,salted butter,54,0.005406487785342411
648,golden caster sugar | whole milk,2,golden caster sugar,whole milk,54,0.005406487785342411
649,ground cumin | red chilli,2,ground cumin,red chilli,54,0.005406487785342411
650,lemon | pine nuts,2,lemon,pine nuts,54,0.005406487785342411
651,lemons | olive oil,2,lemons,olive oil,54,0.005406487785342411
652,rapeseed oil | red pepper,2,rapeseed oil,red pepper,54,0.005406487785342411
653,beef stock | plain flour,2,beef stock,plain flour,53,0.005306367641169403
654,bicarbonate of soda | milk,2,bicarbonate of soda,milk,53,0.005306367641169403
655,butter | unsalted butter,2,butter,unsalted butter,53,0.005306367641169403
656,buttermilk | plain flour,2,buttermilk,plain flour,53,0.005306367641169403
657,caster sugar | ground cinnamon,2,caster sugar,ground cinnamon,53,0.005306367641169403
658,celery | rapeseed oil,2,celery,rapeseed oil,53,0.005306367641169403
659,chickpeas | ground cumin,2,chickpeas,ground cumin,53,0.005306367641169403
660,chickpeas | red onion,2,chickpeas,red onion,53,0.005306367641169403
661,chipotle paste | garlic,2,chipotle paste,garlic,53,0.005306367641169403
662,chopped tomatoes | ground coriander,2,chopped tomatoes,ground coriander,53,0.005306367641169403
663,coriander | eggs,2,coriander,eggs,53,0.005306367641169403
664,coriander | onions,2,coriander,onions,53,0.005306367641169403
665,dried oregano | ground cumin,2,dried oregano,ground cumin,53,0.005306367641169403
666,egg yolks | golden caster sugar,2,egg yolks,golden caster sugar,53,0.005306367641169403
667,egg yolks | icing sugar,2,egg yolks,icing sugar,53,0.005306367641169403
668,eggs | ground ginger,2,eggs,ground ginger,53,0.005306367641169403
669,eggs | red onion,2,eggs,red onion,53,0.005306367641169403
670,frozen peas | lemon,2,frozen peas,lemon,53,0.005306367641169403
671,ginger | green chilli,2,ginger,green chilli,53,0.005306367641169403
672,greek yogurt | lemon,2,greek yogurt,lemon,53,0.005306367641169403
673,ground cumin | tomatoes,2,ground cumin,tomatoes,53,0.005306367641169403
674,lemon | white wine,2,lemon,white wine,53,0.005306367641169403
675,mature cheddar | plain flour,2,mature cheddar,plain flour,53,0.005306367641169403
676,olive oil | potatoes,2,olive oil,potatoes,53,0.005306367641169403
677,onion | spring onions,2,onion,spring onions,53,0.005306367641169403
678,parmesan | parsley,2,parmesan,parsley,53,0.005306367641169403
679,tomato purée | tomatoes,2,tomato purée,tomatoes,53,0.005306367641169403
680,beef mince | garlic,2,beef mince,garlic,52,0.005206247496996396
681,carrot | tomato purée,2,carrot,tomato purée,52,0.005206247496996396
682,cauliflower | olive oil,2,cauliflower,olive oil,52,0.005206247496996396
683,celery | plain flour,2,celery,plain flour,52,0.005206247496996396
684,cherry tomatoes | red onion,2,cherry tomatoes,red onion,52,0.005206247496996396
685,chicken stock | onions,2,chicken stock,onions,52,0.005206247496996396
686,cocoa powder | light brown soft sugar,2,cocoa powder,light brown soft sugar,52,0.005206247496996396
687,coriander | ground turmeric,2,coriander,ground turmeric,52,0.005206247496996396
688,eggs | light muscovado sugar,2,eggs,light muscovado sugar,52,0.005206247496996396
689,eggs | vanilla bean paste,2,eggs,vanilla bean paste,52,0.005206247496996396
690,garam masala | turmeric,2,garam masala,turmeric,52,0.005206247496996396
691,garlic | lemons,2,garlic,lemons,52,0.005206247496996396
692,garlic | mature cheddar,2,garlic,mature cheddar,52,0.005206247496996396
693,garlic | tomato,2,garlic,tomato,52,0.005206247496996396
694,ginger | olive oil,2,ginger,olive oil,52,0.005206247496996396
695,golden caster sugar | light brown soft sugar,2,golden caster sugar,light brown soft sugar,52,0.005206247496996396
696,ground cinnamon | olive oil,2,ground cinnamon,olive oil,52,0.005206247496996396
697,ground cinnamon | orange,2,ground cinnamon,orange,52,0.005206247496996396
698,ground coriander | ground turmeric,2,ground coriander,ground turmeric,52,0.005206247496996396
699,ground coriander | lemon,2,ground coriander,lemon,52,0.005206247496996396
700,ground coriander | red chilli,2,ground coriander,red chilli,52,0.005206247496996396
701,honey | soy sauce,2,honey,soy sauce,52,0.005206247496996396
702,light brown soft sugar | vegetable oil,2,light brown soft sugar,vegetable oil,52,0.005206247496996396
703,parsley | smoked paprika,2,parsley,smoked paprika,52,0.005206247496996396
704,butter | light muscovado sugar,2,butter,light muscovado sugar,51,0.005106127352823388
705,chickpeas | ground coriander,2,chickpeas,ground coriander,51,0.005106127352823388
706,chickpeas | onion,2,chickpeas,onion,51,0.005106127352823388
707,chopped tomatoes | dried oregano,2,chopped tomatoes,dried oregano,51,0.005106127352823388
708,chopped tomatoes | ginger,2,chopped tomatoes,ginger,51,0.005106127352823388
709,cinnamon | onion,2,cinnamon,onion,51,0.005106127352823388
710,coriander | garam masala,2,coriander,garam masala,51,0.005106127352823388
711,courgette | garlic,2,courgette,garlic,51,0.005106127352823388
712,cucumber | mint leaves,2,cucumber,mint leaves,51,0.005106127352823388
713,double cream | egg,2,double cream,egg,51,0.005106127352823388
714,double cream | vanilla bean paste,2,double cream,vanilla bean paste,51,0.005106127352823388
715,dried oregano | smoked paprika,2,dried oregano,smoked paprika,51,0.005106127352823388
716,egg whites | icing sugar,2,egg whites,icing sugar,51,0.005106127352823388
717,egg | light brown soft sugar,2,egg,light brown soft sugar,51,0.005106127352823388
718,extra virgin olive oil | feta,2,extra virgin olive oil,feta,51,0.005106127352823388
719,extra virgin olive oil | honey,2,extra virgin olive oil,honey,51,0.005106127352823388
720,garam masala | onion,2,garam masala,onion,51,0.005106127352823388
721,garlic | mayonnaise,2,garlic,mayonnaise,51,0.005106127352823388
722,golden caster sugar | strong white bread flour,2,golden caster sugar,strong white bread flour,51,0.005106127352823388
723,ground turmeric | onion,2,ground turmeric,onion,51,0.005106127352823388
724,ice | lemon juice,2,ice,lemon juice,51,0.005106127352823388
725,lime | onion,2,lime,onion,51,0.005106127352823388
726,mozzarella | parmesan,2,mozzarella,parmesan,51,0.005106127352823388
727,olive oil | pomegranate seeds,2,olive oil,pomegranate seeds,51,0.005106127352823388
728,olive oil | spinach,2,olive oil,spinach,51,0.005106127352823388
729,olive oil | wholegrain mustard,2,olive oil,wholegrain mustard,51,0.005106127352823388
730,plain flour | soured cream,2,plain flour,soured cream,51,0.005106127352823388
731,spring onions | sunflower oil,2,spring onions,sunflower oil,51,0.005106127352823388
732,thyme | tomato purée,2,thyme,tomato purée,51,0.005106127352823388
733,butter | potatoes,2,butter,potatoes,50,0.005006007208650381
734,chicken stock | thyme,2,chicken stock,thyme,50,0.005006007208650381
735,chives | garlic,2,chives,garlic,50,0.005006007208650381
736,crème fraîche | garlic,2,crème fraîche,garlic,50,0.005006007208650381
737,dark chocolate | golden syrup,2,dark chocolate,golden syrup,50,0.005006007208650381
738,dark chocolate | milk,2,dark chocolate,milk,50,0.005006007208650381
739,dill | parsley,2,dill,parsley,50,0.005006007208650381
740,double cream | mascarpone,2,double cream,mascarpone,50,0.005006007208650381
741,garlic | green beans,2,garlic,green beans,50,0.005006007208650381
742,garlic | soured cream,2,garlic,soured cream,50,0.005006007208650381
743,ground cinnamon | self-raising flour,2,ground cinnamon,self-raising flour,50,0.005006007208650381
744,ground coriander | smoked paprika,2,ground coriander,smoked paprika,50,0.005006007208650381
745,icing sugar | vanilla bean paste,2,icing sugar,vanilla bean paste,50,0.005006007208650381
746,icing sugar | whole milk,2,icing sugar,whole milk,50,0.005006007208650381
747,lemon | mayonnaise,2,lemon,mayonnaise,50,0.005006007208650381
748,maple syrup | vanilla extract,2,maple syrup,vanilla extract,50,0.005006007208650381
749,natural yogurt | olive oil,2,natural yogurt,olive oil,50,0.005006007208650381
750,new potatoes | olive oil,2,new potatoes,olive oil,50,0.005006007208650381
751,olive oil | strong white bread flour,2,olive oil,strong white bread flour,50,0.005006007208650381
752,onion | sugar,2,onion,sugar,50,0.005006007208650381
753,onions | sunflower oil,2,onions,sunflower oil,50,0.005006007208650381
754,parmesan | tomato purée,2,parmesan,tomato purée,50,0.005006007208650381
755,plain flour | red wine,2,plain flour,red wine,50,0.005006007208650381
756,baking powder | maple syrup,2,baking powder,maple syrup,49,0.0049058870644773725
757,bicarbonate of soda | caster sugar,2,bicarbonate of soda,caster sugar,49,0.0049058870644773725
758,bicarbonate of soda | double cream,2,bicarbonate of soda,double cream,49,0.0049058870644773725
759,butter | celery,2,butter,celery,49,0.0049058870644773725
760,capers | extra virgin olive oil,2,capers,extra virgin olive oil,49,0.0049058870644773725
761,cayenne pepper | olive oil,2,cayenne pepper,olive oil,49,0.0049058870644773725
762,chilli powder | ground cumin,2,chilli powder,ground cumin,49,0.0049058870644773725
763,cinnamon | eggs,2,cinnamon,eggs,49,0.0049058870644773725
764,coconut milk | onion,2,coconut milk,onion,49,0.0049058870644773725
765,cornflour | lemon,2,cornflour,lemon,49,0.0049058870644773725
766,cumin seeds | onions,2,cumin seeds,onions,49,0.0049058870644773725
767,cumin seeds | turmeric,2,cumin seeds,turmeric,49,0.0049058870644773725
768,garlic | sage leaves,2,garlic,sage leaves,49,0.0049058870644773725
769,garlic | spaghetti,2,garlic,spaghetti,49,0.0049058870644773725
770,ground cinnamon | vegetable oil,2,ground cinnamon,vegetable oil,49,0.0049058870644773725
771,ground cumin | ground turmeric,2,ground cumin,ground turmeric,49,0.0049058870644773725
772,light brown soft sugar | milk,2,light brown soft sugar,milk,49,0.0049058870644773725
773,olive oil | parsley leaves,2,olive oil,parsley leaves,49,0.0049058870644773725
774,olive oil | sage leaves,2,olive oil,sage leaves,49,0.0049058870644773725
775,olive oil | tahini,2,olive oil,tahini,49,0.0049058870644773725
776,onion | potatoes,2,onion,potatoes,49,0.0049058870644773725
777,panko breadcrumbs | plain flour,2,panko breadcrumbs,plain flour,49,0.0049058870644773725
778,baking powder | orange,2,baking powder,orange,48,0.004805766920304365
779,bay leaf | thyme,2,bay leaf,thyme,48,0.004805766920304365
780,black beans | ground cumin,2,black beans,ground cumin,48,0.004805766920304365
781,butter | egg yolk,2,butter,egg yolk,48,0.004805766920304365
782,butter | flaked almonds,2,butter,flaked almonds,48,0.004805766920304365
783,carrots | parsley,2,carrots,parsley,48,0.004805766920304365
784,caster sugar | vanilla bean paste,2,caster sugar,vanilla bean paste,48,0.004805766920304365
785,chicken stock | lemon,2,chicken stock,lemon,48,0.004805766920304365
786,chives | eggs,2,chives,eggs,48,0.004805766920304365
787,chives | lemon,2,chives,lemon,48,0.004805766920304365
788,coriander | green chilli,2,coriander,green chilli,48,0.004805766920304365
789,cumin seeds | ground turmeric,2,cumin seeds,ground turmeric,48,0.004805766920304365
790,dark soy sauce | garlic,2,dark soy sauce,garlic,48,0.004805766920304365
791,eggs | golden syrup,2,eggs,golden syrup,48,0.004805766920304365
792,eggs | soured cream,2,eggs,soured cream,48,0.004805766920304365
793,fast-action dried yeast | olive oil,2,fast-action dried yeast,olive oil,48,0.004805766920304365
794,fennel | olive oil,2,fennel,olive oil,48,0.004805766920304365
795,ground coriander | tomatoes,2,ground coriander,tomatoes,48,0.004805766920304365
796,honey | plain flour,2,honey,plain flour,48,0.004805766920304365
797,lemon | ricotta,2,lemon,ricotta,48,0.004805766920304365
798,onion | rosemary,2,onion,rosemary,48,0.004805766920304365
799,onions | smoked paprika,2,onions,smoked paprika,48,0.004805766920304365
800,onions | tomatoes,2,onions,tomatoes,48,0.004805766920304365
801,parsley | thyme,2,parsley,thyme,48,0.004805766920304365
802,avocado | lime,2,avocado,lime,47,0.004705646776131358
803,bicarbonate of soda | buttermilk,2,bicarbonate of soda,buttermilk,47,0.004705646776131358
804,chopped tomatoes | rapeseed oil,2,chopped tomatoes,rapeseed oil,47,0.004705646776131358
805,cinnamon | star anise,2,cinnamon,star anise,47,0.004705646776131358
806,coriander seeds | olive oil,2,coriander seeds,olive oil,47,0.004705646776131358
807,egg | rapeseed oil,2,egg,rapeseed oil,47,0.004705646776131358
808,garlic | plum tomatoes,2,garlic,plum tomatoes,47,0.004705646776131358
809,garlic | rice vinegar,2,garlic,rice vinegar,47,0.004705646776131358
810,garlic | star anise,2,garlic,star anise,47,0.004705646776131358
811,golden caster sugar | vanilla bean paste,2,golden caster sugar,vanilla bean paste,47,0.004705646776131358
812,ground cumin | onions,2,ground cumin,onions,47,0.004705646776131358
813,ground cumin | sunflower oil,2,ground cumin,sunflower oil,47,0.004705646776131358
814,orange | vanilla extract,2,orange,vanilla extract,47,0.004705646776131358
815,red chilli | soy sauce,2,red chilli,soy sauce,47,0.004705646776131358
816,baking powder | garlic,2,baking powder,garlic,46,0.00460552663195835
817,baking powder | ground almonds,2,baking powder,ground almonds,46,0.00460552663195835
818,bay leaves | red wine,2,bay leaves,red wine,46,0.00460552663195835
819,beef stock | butter,2,beef stock,butter,46,0.00460552663195835
820,bicarbonate of soda | ground cinnamon,2,bicarbonate of soda,ground cinnamon,46,0.00460552663195835
821,bicarbonate of soda | vegetable oil,2,bicarbonate of soda,vegetable oil,46,0.00460552663195835
822,butter | leeks,2,butter,leeks,46,0.00460552663195835
823,butter | mixed spice,2,butter,mixed spice,46,0.00460552663195835
824,butter | spring onions,2,butter,spring onions,46,0.00460552663195835
825,butter | sugar,2,butter,sugar,46,0.00460552663195835
826,butter | thyme leaves,2,butter,thyme leaves,46,0.00460552663195835
827,carrots | coriander,2,carrots,coriander,46,0.00460552663195835
828,caster sugar | orange,2,caster sugar,orange,46,0.00460552663195835
829,caster sugar | pistachios,2,caster sugar,pistachios,46,0.00460552663195835
830,caster sugar | strong white bread flour,2,caster sugar,strong white bread flour,46,0.00460552663195835
831,cinnamon | cloves,2,cinnamon,cloves,46,0.00460552663195835
832,cornflour | sesame oil,2,cornflour,sesame oil,46,0.00460552663195835
833,crème fraîche | plain flour,2,crème fraîche,plain flour,46,0.00460552663195835
834,cucumber | red chilli,2,cucumber,red chilli,46,0.00460552663195835
835,dark chocolate | milk chocolate,2,dark chocolate,milk chocolate,46,0.00460552663195835
836,double cream | egg whites,2,double cream,egg whites,46,0.00460552663195835
837,double cream | white chocolate,2,double cream,white chocolate,46,0.00460552663195835
838,eggs | tomatoes,2,eggs,tomatoes,46,0.00460552663195835
839,flaked almonds | plain flour,2,flaked almonds,plain flour,46,0.00460552663195835
840,garlic | leek,2,garlic,leek,46,0.00460552663195835
841,garlic | sherry vinegar,2,garlic,sherry vinegar,46,0.00460552663195835
842,lemon | natural yogurt,2,lemon,natural yogurt,46,0.00460552663195835
843,maple syrup | plain flour,2,maple syrup,plain flour,46,0.00460552663195835
844,mixed spice | orange,2,mixed spice,orange,46,0.00460552663195835
845,nutmeg | parmesan,2,nutmeg,parmesan,46,0.00460552663195835
846,plain flour | vanilla bean paste,2,plain flour,vanilla bean paste,46,0.00460552663195835
847,unsalted butter | vegetable oil,2,unsalted butter,vegetable oil,46,0.00460552663195835
848,vanilla extract | white chocolate,2,vanilla extract,white chocolate,46,0.00460552663195835
849,baking powder | buttermilk,2,baking powder,buttermilk,45,0.0045054064877853425
850,bicarbonate of soda | dark chocolate,2,bicarbonate of soda,dark chocolate,45,0.0045054064877853425
851,butter | soured cream,2,butter,soured cream,45,0.0045054064877853425
852,carrot | vegetable oil,2,carrot,vegetable oil,45,0.0045054064877853425
853,chestnut mushrooms | olive oil,2,chestnut mushrooms,olive oil,45,0.0045054064877853425
854,coconut milk | vegetable oil,2,coconut milk,vegetable oil,45,0.0045054064877853425
855,coriander | juice,2,coriander,juice,45,0.0045054064877853425
856,coriander | red pepper,2,coriander,red pepper,45,0.0045054064877853425
857,crusty bread | olive oil,2,crusty bread,olive oil,45,0.0045054064877853425
858,cumin seeds | red onion,2,cumin seeds,red onion,45,0.0045054064877853425
859,dijon mustard | extra virgin olive oil,2,dijon mustard,extra virgin olive oil,45,0.0045054064877853425
860,frozen peas | onion,2,frozen peas,onion,45,0.0045054064877853425
861,garam masala | ground cumin,2,garam masala,ground cumin,45,0.0045054064877853425
862,garlic | lemongrass,2,garlic,lemongrass,45,0.0045054064877853425
863,garlic | new potatoes,2,garlic,new potatoes,45,0.0045054064877853425
864,garlic | whole milk,2,garlic,whole milk,45,0.0045054064877853425
865,garlic | wholegrain mustard,2,garlic,wholegrain mustard,45,0.0045054064877853425
866,ginger | light soy sauce,2,ginger,light soy sauce,45,0.0045054064877853425
867,ground almonds | self-raising flour,2,ground almonds,self-raising flour,45,0.0045054064877853425
868,ground coriander | vegetable oil,2,ground coriander,vegetable oil,45,0.0045054064877853425
869,honey | spring onions,2,honey,spring onions,45,0.0045054064877853425
870,ice | vodka,2,ice,vodka,45,0.0045054064877853425
871,light muscovado sugar | plain flour,2,light muscovado sugar,plain flour,45,0.0045054064877853425
872,mint leaves | red onion,2,mint leaves,red onion,45,0.0045054064877853425
873,mixed spice | plain flour,2,mixed spice,plain flour,45,0.0045054064877853425
874,olive oil | shallot,2,olive oil,shallot,45,0.0045054064877853425
875,orange | self-raising flour,2,orange,self-raising flour,45,0.0045054064877853425
876,red pepper | spring onions,2,red pepper,spring onions,45,0.0045054064877853425
877,red wine | tomato purée,2,red wine,tomato purée,45,0.0045054064877853425
878,smoked paprika | vegetable oil,2,smoked paprika,vegetable oil,45,0.0045054064877853425
879,basil leaves | parmesan,2,basil leaves,parmesan,44,0.004405286343612335
880,black beans | lime,2,black beans,lime,44,0.004405286343612335
881,butter | ground ginger,2,butter,ground ginger,44,0.004405286343612335
882,capers | parsley,2,capers,parsley,44,0.004405286343612335
883,carrot | spring onions,2,carrot,spring onions,44,0.004405286343612335
884,cheddar | garlic,2,cheddar,garlic,44,0.004405286343612335
885,cherry tomatoes | rapeseed oil,2,cherry tomatoes,rapeseed oil,44,0.004405286343612335
886,chickpeas | coriander,2,chickpeas,coriander,44,0.004405286343612335
887,chilli flakes | parmesan,2,chilli flakes,parmesan,44,0.004405286343612335
888,cornflour | egg,2,cornflour,egg,44,0.004405286343612335
889,courgettes | lemon,2,courgettes,lemon,44,0.004405286343612335
890,egg | whole milk,2,egg,whole milk,44,0.004405286343612335
891,eggs | lemons,2,eggs,lemons,44,0.004405286343612335
892,eggs | nutmeg,2,eggs,nutmeg,44,0.004405286343612335
893,extra virgin olive oil | red wine vinegar,2,extra virgin olive oil,red wine vinegar,44,0.004405286343612335
894,fast-action dried yeast | plain flour,2,fast-action dried yeast,plain flour,44,0.004405286343612335
895,feta | parsley,2,feta,parsley,44,0.004405286343612335
896,garlic | light brown soft sugar,2,garlic,light brown soft sugar,44,0.004405286343612335
897,ginger | red pepper,2,ginger,red pepper,44,0.004405286343612335
898,ground cinnamon | mixed spice,2,ground cinnamon,mixed spice,44,0.004405286343612335
899,ground cumin | parsley,2,ground cumin,parsley,44,0.004405286343612335
900,lemon | tomato purée,2,lemon,tomato purée,44,0.004405286343612335
901,mature cheddar | olive oil,2,mature cheddar,olive oil,44,0.004405286343612335
902,milk | sunflower oil,2,milk,sunflower oil,44,0.004405286343612335
903,olive oil | sherry vinegar,2,olive oil,sherry vinegar,44,0.004405286343612335
904,orange | unsalted butter,2,orange,unsalted butter,44,0.004405286343612335
905,salted butter | self-raising flour,2,salted butter,self-raising flour,44,0.004405286343612335
906,unsalted butter | white chocolate,2,unsalted butter,white chocolate,44,0.004405286343612335
907,aubergines | olive oil,2,aubergines,olive oil,43,0.004305166199439327
908,baking powder | natural yogurt,2,baking powder,natural yogurt,43,0.004305166199439327
909,bay leaves | vegetable oil,2,bay leaves,vegetable oil,43,0.004305166199439327
910,beef stock | onion,2,beef stock,onion,43,0.004305166199439327
911,butter | lemon juice,2,butter,lemon juice,43,0.004305166199439327
912,butter | rosemary,2,butter,rosemary,43,0.004305166199439327
913,carrots | red onion,2,carrots,red onion,43,0.004305166199439327
914,chicken stock | ginger,2,chicken stock,ginger,43,0.004305166199439327
915,chilli flakes | coriander,2,chilli flakes,coriander,43,0.004305166199439327
916,chilli powder | ginger,2,chilli powder,ginger,43,0.004305166199439327
917,cinnamon | vegetable oil,2,cinnamon,vegetable oil,43,0.004305166199439327
918,coriander leaves | red onion,2,coriander leaves,red onion,43,0.004305166199439327
919,coriander | mint,2,coriander,mint,43,0.004305166199439327
920,cucumber | mint,2,cucumber,mint,43,0.004305166199439327
921,cumin seeds | vegetable oil,2,cumin seeds,vegetable oil,43,0.004305166199439327
922,dijon mustard | parsley,2,dijon mustard,parsley,43,0.004305166199439327
923,eggs | onions,2,eggs,onions,43,0.004305166199439327
924,eggs | red chilli,2,eggs,red chilli,43,0.004305166199439327
925,fennel seeds | onion,2,fennel seeds,onion,43,0.004305166199439327
926,garam masala | ground coriander,2,garam masala,ground coriander,43,0.004305166199439327
927,ginger | green chillies,2,ginger,green chillies,43,0.004305166199439327
928,ginger | star anise,2,ginger,star anise,43,0.004305166199439327
929,icing sugar | mascarpone,2,icing sugar,mascarpone,43,0.004305166199439327
930,icing sugar | salted butter,2,icing sugar,salted butter,43,0.004305166199439327
931,juice | spring onions,2,juice,spring onions,43,0.004305166199439327
932,lemon | rocket,2,lemon,rocket,43,0.004305166199439327
933,parmesan | thyme,2,parmesan,thyme,43,0.004305166199439327
934,plain flour | salt,2,plain flour,salt,43,0.004305166199439327
935,plain flour | wholegrain mustard,2,plain flour,wholegrain mustard,43,0.004305166199439327
936,sesame seeds | vegetable oil,2,sesame seeds,vegetable oil,43,0.004305166199439327
937,avocado | coriander,2,avocado,coriander,42,0.00420504605526632
938,baking powder | sunflower oil,2,baking powder,sunflower oil,42,0.00420504605526632
939,banana shallots | garlic,2,banana shallots,garlic,42,0.00420504605526632
940,butter | fast-action dried yeast,2,butter,fast-action dried yeast,42,0.00420504605526632
941,butter | red onion,2,butter,red onion,42,0.00420504605526632
942,butter | shallots,2,butter,shallots,42,0.00420504605526632
943,buttermilk | eggs,2,buttermilk,eggs,42,0.00420504605526632
944,caster sugar | cinnamon,2,caster sugar,cinnamon,42,0.00420504605526632
945,chilli flakes | ground cumin,2,chilli flakes,ground cumin,42,0.00420504605526632
946,chilli flakes | spring onions,2,chilli flakes,spring onions,42,0.00420504605526632
947,cinnamon | orange,2,cinnamon,orange,42,0.00420504605526632
948,coriander leaves | vegetable oil,2,coriander leaves,vegetable oil,42,0.00420504605526632
949,cornflour | egg yolks,2,cornflour,egg yolks,42,0.00420504605526632
950,cornflour | unsalted butter,2,cornflour,unsalted butter,42,0.00420504605526632
951,cucumber | ginger,2,cucumber,ginger,42,0.00420504605526632
952,cumin seeds | red chilli,2,cumin seeds,red chilli,42,0.00420504605526632
953,double cream | strawberries,2,double cream,strawberries,42,0.00420504605526632
954,eggs | ginger,2,eggs,ginger,42,0.00420504605526632
955,eggs | honey,2,eggs,honey,42,0.00420504605526632
956,extra virgin olive oil | red chilli,2,extra virgin olive oil,red chilli,42,0.00420504605526632
957,feta | red onion,2,feta,red onion,42,0.00420504605526632
958,fish sauce | spring onions,2,fish sauce,spring onions,42,0.00420504605526632
959,garlic | pomegranate seeds,2,garlic,pomegranate seeds,42,0.00420504605526632
960,ginger | golden caster sugar,2,ginger,golden caster sugar,42,0.00420504605526632
961,ground almonds | lemon,2,ground almonds,lemon,42,0.00420504605526632
962,icing sugar | raspberries,2,icing sugar,raspberries,42,0.00420504605526632
963,lime | smoked paprika,2,lime,smoked paprika,42,0.00420504605526632
964,lime | soy sauce,2,lime,soy sauce,42,0.00420504605526632
965,mozzarella | onion,2,mozzarella,onion,42,0.00420504605526632
966,olive oil | paprika,2,olive oil,paprika,42,0.00420504605526632
967,olive oil | soured cream,2,olive oil,soured cream,42,0.00420504605526632
968,parsley | tomatoes,2,parsley,tomatoes,42,0.00420504605526632
969,basmati rice | ginger,2,basmati rice,ginger,41,0.004104925911093312
970,bay leaves | chicken stock,2,bay leaves,chicken stock,41,0.004104925911093312
971,bicarbonate of soda | golden syrup,2,bicarbonate of soda,golden syrup,41,0.004104925911093312
972,bicarbonate of soda | ground ginger,2,bicarbonate of soda,ground ginger,41,0.004104925911093312
973,butter | red wine,2,butter,red wine,41,0.004104925911093312
974,butter | strong white bread flour,2,butter,strong white bread flour,41,0.004104925911093312
975,butter | wholegrain mustard,2,butter,wholegrain mustard,41,0.004104925911093312
976,carrots | vegetable stock,2,carrots,vegetable stock,41,0.004104925911093312
977,caster sugar | golden caster sugar,2,caster sugar,golden caster sugar,41,0.004104925911093312
978,caster sugar | salted butter,2,caster sugar,salted butter,41,0.004104925911093312
979,cheddar | olive oil,2,cheddar,olive oil,41,0.004104925911093312
980,chickpeas | cumin seeds,2,chickpeas,cumin seeds,41,0.004104925911093312
981,chilli flakes | chopped tomatoes,2,chilli flakes,chopped tomatoes,41,0.004104925911093312
982,cinnamon | egg,2,cinnamon,egg,41,0.004104925911093312
983,cinnamon | icing sugar,2,cinnamon,icing sugar,41,0.004104925911093312
984,cinnamon | olive oil,2,cinnamon,olive oil,41,0.004104925911093312
985,cocoa powder | egg,2,cocoa powder,egg,41,0.004104925911093312
986,coriander | sesame oil,2,coriander,sesame oil,41,0.004104925911093312
987,curry powder | ginger,2,curry powder,ginger,41,0.004104925911093312
988,dark chocolate | self-raising flour,2,dark chocolate,self-raising flour,41,0.004104925911093312
989,dill | red onion,2,dill,red onion,41,0.004104925911093312
990,egg | parsley,2,egg,parsley,41,0.004104925911093312
991,eggs | extra virgin olive oil,2,eggs,extra virgin olive oil,41,0.004104925911093312
992,eggs | flaked almonds,2,eggs,flaked almonds,41,0.004104925911093312
993,eggs | smoked paprika,2,eggs,smoked paprika,41,0.004104925911093312
994,extra virgin olive oil | onion,2,extra virgin olive oil,onion,41,0.004104925911093312
995,flaked almonds | ground almonds,2,flaked almonds,ground almonds,41,0.004104925911093312
996,fresh coriander | garlic,2,fresh coriander,garlic,41,0.004104925911093312
997,garlic | mushrooms,2,garlic,mushrooms,41,0.004104925911093312
998,garlic | potato,2,garlic,potato,41,0.004104925911093312
999,ginger | rice,2,ginger,rice,41,0.004104925911093312
1000,golden caster sugar | white chocolate,2,golden caster sugar,white chocolate,41,0.004104925911093312
1001,ground coriander | lime,2,ground coriander,lime,41,0.004104925911093312
1002,honey | vegetable oil,2,honey,vegetable oil,41,0.004104925911093312
1003,nutmeg | onion,2,nutmeg,onion,41,0.004104925911093312
1004,parsley | vegetable oil,2,parsley,vegetable oil,41,0.004104925911093312
1005,red onion | red pepper,2,red onion,red pepper,41,0.004104925911093312
1006,baking powder | whole milk,2,baking powder,whole milk,40,0.004004805766920304
1007,balsamic vinegar | rapeseed oil,2,balsamic vinegar,rapeseed oil,40,0.004004805766920304
1008,basil | lemon,2,basil,lemon,40,0.004004805766920304
1009,basil | parmesan,2,basil,parmesan,40,0.004004805766920304
1010,basmati rice | onion,2,basmati rice,onion,40,0.004004805766920304
1011,butter | cheddar,2,butter,cheddar,40,0.004004805766920304
1012,carrots | spring onions,2,carrots,spring onions,40,0.004004805766920304
1013,chilli powder | ground coriander,2,chilli powder,ground coriander,40,0.004004805766920304
1014,chopped tomatoes | smoked paprika,2,chopped tomatoes,smoked paprika,40,0.004004805766920304
1015,coriander leaves | spring onions,2,coriander leaves,spring onions,40,0.004004805766920304
1016,dark chocolate | white chocolate,2,dark chocolate,white chocolate,40,0.004004805766920304
1017,eggs | lime,2,eggs,lime,40,0.004004805766920304
1018,extra virgin olive oil | mint leaves,2,extra virgin olive oil,mint leaves,40,0.004004805766920304
1019,fast-action dried yeast | unsalted butter,2,fast-action dried yeast,unsalted butter,40,0.004004805766920304
1020,flat-leaf parsley | lemon,2,flat-leaf parsley,lemon,40,0.004004805766920304
1021,garlic | radishes,2,garlic,radishes,40,0.004004805766920304
1022,garlic | worcestershire sauce,2,garlic,worcestershire sauce,40,0.004004805766920304
1023,gin | ice,2,gin,ice,40,0.004004805766920304
1024,ginger | plain flour,2,ginger,plain flour,40,0.004004805766920304
1025,ground almonds | vanilla extract,2,ground almonds,vanilla extract,40,0.004004805766920304
1026,ground cinnamon | ground coriander,2,ground cinnamon,ground coriander,40,0.004004805766920304
1027,light soy sauce | sesame oil,2,light soy sauce,sesame oil,40,0.004004805766920304
1028,mascarpone | olive oil,2,mascarpone,olive oil,40,0.004004805766920304
1029,mayonnaise | olive oil,2,mayonnaise,olive oil,40,0.004004805766920304
1030,mayonnaise | spring onions,2,mayonnaise,spring onions,40,0.004004805766920304
1031,mint leaves | red chilli,2,mint leaves,red chilli,40,0.004004805766920304
1032,oil | plain flour,2,oil,plain flour,40,0.004004805766920304
1033,plain flour | rapeseed oil,2,plain flour,rapeseed oil,40,0.004004805766920304
1034,plain flour | sugar,2,plain flour,sugar,40,0.004004805766920304
1035,thyme | vegetable oil,2,thyme,vegetable oil,40,0.004004805766920304
1036,beef stock | red wine,2,beef stock,red wine,39,0.0039046856227472966
1037,beef stock | tomato purée,2,beef stock,tomato purée,39,0.0039046856227472966
1038,butter | carrot,2,butter,carrot,39,0.0039046856227472966
1039,butter | flour,2,butter,flour,39,0.0039046856227472966
1040,butter | red wine vinegar,2,butter,red wine vinegar,39,0.0039046856227472966
1041,butter | salt,2,butter,salt,39,0.0039046856227472966
1042,butter | vegetable stock,2,butter,vegetable stock,39,0.0039046856227472966
1043,cardamom pods | garlic,2,cardamom pods,garlic,39,0.0039046856227472966
1044,cardamom pods | ginger,2,cardamom pods,ginger,39,0.0039046856227472966
1045,carrot | plain flour,2,carrot,plain flour,39,0.0039046856227472966
1046,carrots | chopped tomatoes,2,carrots,chopped tomatoes,39,0.0039046856227472966
1047,carrots | sunflower oil,2,carrots,sunflower oil,39,0.0039046856227472966
1048,caster sugar | white chocolate,2,caster sugar,white chocolate,39,0.0039046856227472966
1049,cayenne pepper | plain flour,2,cayenne pepper,plain flour,39,0.0039046856227472966
1050,celery | parmesan,2,celery,parmesan,39,0.0039046856227472966
1051,chicken stock | parsley,2,chicken stock,parsley,39,0.0039046856227472966
1052,chickpeas | ginger,2,chickpeas,ginger,39,0.0039046856227472966
1053,chilli flakes | extra virgin olive oil,2,chilli flakes,extra virgin olive oil,39,0.0039046856227472966
1054,chilli flakes | ginger,2,chilli flakes,ginger,39,0.0039046856227472966
1055,cider vinegar | olive oil,2,cider vinegar,olive oil,39,0.0039046856227472966
1056,coriander leaves | ground cumin,2,coriander leaves,ground cumin,39,0.0039046856227472966
1057,coriander leaves | olive oil,2,coriander leaves,olive oil,39,0.0039046856227472966
1058,coriander leaves | onion,2,coriander leaves,onion,39,0.0039046856227472966
1059,cornflour | egg whites,2,cornflour,egg whites,39,0.0039046856227472966
1060,cornflour | soy sauce,2,cornflour,soy sauce,39,0.0039046856227472966
1061,crème fraîche | lemon,2,crème fraîche,lemon,39,0.0039046856227472966
1062,cumin seeds | tomatoes,2,cumin seeds,tomatoes,39,0.0039046856227472966
1063,dark chocolate | salted butter,2,dark chocolate,salted butter,39,0.0039046856227472966
1064,dill | eggs,2,dill,eggs,39,0.0039046856227472966
1065,double cream | orange,2,double cream,orange,39,0.0039046856227472966
1066,extra virgin olive oil | flat-leaf parsley,2,extra virgin olive oil,flat-leaf parsley,39,0.0039046856227472966
1067,extra virgin olive oil | spring onions,2,extra virgin olive oil,spring onions,39,0.0039046856227472966
1068,garam masala | vegetable oil,2,garam masala,vegetable oil,39,0.0039046856227472966
1069,garlic | kale,2,garlic,kale,39,0.0039046856227472966
1070,garlic | lamb mince,2,garlic,lamb mince,39,0.0039046856227472966
1071,garlic | maple syrup,2,garlic,maple syrup,39,0.0039046856227472966
1072,garlic | raw king prawns,2,garlic,raw king prawns,39,0.0039046856227472966
1073,ground coriander | sunflower oil,2,ground coriander,sunflower oil,39,0.0039046856227472966
1074,ground ginger | icing sugar,2,ground ginger,icing sugar,39,0.0039046856227472966
1075,limes | spring onions,2,limes,spring onions,39,0.0039046856227472966
1076,mint | spring onions,2,mint,spring onions,39,0.0039046856227472966
1077,olive oil | spaghetti,2,olive oil,spaghetti,39,0.0039046856227472966
1078,onion | soy sauce,2,onion,soy sauce,39,0.0039046856227472966
1079,onions | turmeric,2,onions,turmeric,39,0.0039046856227472966
1080,parmesan | whole milk,2,parmesan,whole milk,39,0.0039046856227472966
1081,plain flour | rosemary,2,plain flour,rosemary,39,0.0039046856227472966
1082,plain flour | thyme leaves,2,plain flour,thyme leaves,39,0.0039046856227472966
1083,smoked paprika | tomatoes,2,smoked paprika,tomatoes,39,0.0039046856227472966
1084,soy sauce | sunflower oil,2,soy sauce,sunflower oil,39,0.0039046856227472966
1085,tomato purée | vegetable stock,2,tomato purée,vegetable stock,39,0.0039046856227472966
1086,turmeric | vegetable oil,2,turmeric,vegetable oil,39,0.0039046856227472966
1087,baking powder | cornflour,2,baking powder,cornflour,38,0.0038045654785742893
1088,baking powder | light muscovado sugar,2,baking powder,light muscovado sugar,38,0.0038045654785742893
1089,basil leaves | cherry tomatoes,2,basil leaves,cherry tomatoes,38,0.0038045654785742893
1090,basil leaves | extra virgin olive oil,2,basil leaves,extra virgin olive oil,38,0.0038045654785742893
1091,bay leaves | black peppercorns,2,bay leaves,black peppercorns,38,0.0038045654785742893
1092,beef mince | onion,2,beef mince,onion,38,0.0038045654785742893
1093,butter beans | olive oil,2,butter beans,olive oil,38,0.0038045654785742893
1094,butter | ginger,2,butter,ginger,38,0.0038045654785742893
1095,butter | mozzarella,2,butter,mozzarella,38,0.0038045654785742893
1096,butter | natural yogurt,2,butter,natural yogurt,38,0.0038045654785742893
1097,butter | rapeseed oil,2,butter,rapeseed oil,38,0.0038045654785742893
1098,carrot | ginger,2,carrot,ginger,38,0.0038045654785742893
1099,caster sugar | ginger,2,caster sugar,ginger,38,0.0038045654785742893
1100,cherry tomatoes | parsley,2,cherry tomatoes,parsley,38,0.0038045654785742893
1101,chives | plain flour,2,chives,plain flour,38,0.0038045654785742893
1102,cold butter | egg,2,cold butter,egg,38,0.0038045654785742893
1103,coriander leaves | red chilli,2,coriander leaves,red chilli,38,0.0038045654785742893
1104,cucumber | extra virgin olive oil,2,cucumber,extra virgin olive oil,38,0.0038045654785742893
1105,cucumber | tomatoes,2,cucumber,tomatoes,38,0.0038045654785742893
1106,cumin seeds | tomato purée,2,cumin seeds,tomato purée,38,0.0038045654785742893
1107,eggs | sugar,2,eggs,sugar,38,0.0038045654785742893
1108,garlic | saffron,2,garlic,saffron,38,0.0038045654785742893
1109,garlic | spring onion,2,garlic,spring onion,38,0.0038045654785742893
1110,garlic | sweet smoked paprika,2,garlic,sweet smoked paprika,38,0.0038045654785742893
1111,ginger | vegetable stock,2,ginger,vegetable stock,38,0.0038045654785742893
1112,icing sugar | white chocolate,2,icing sugar,white chocolate,38,0.0038045654785742893
1113,light muscovado sugar | self-raising flour,2,light muscovado sugar,self-raising flour,38,0.0038045654785742893
1114,light soy sauce | spring onions,2,light soy sauce,spring onions,38,0.0038045654785742893
1115,mayonnaise | plain flour,2,mayonnaise,plain flour,38,0.0038045654785742893
1116,natural yogurt | self-raising flour,2,natural yogurt,self-raising flour,38,0.0038045654785742893
1117,rapeseed oil | red onions,2,rapeseed oil,red onions,38,0.0038045654785742893
1118,red chilli | red pepper,2,red chilli,red pepper,38,0.0038045654785742893
1119,red wine vinegar | tomato purée,2,red wine vinegar,tomato purée,38,0.0038045654785742893
1120,red wine | thyme,2,red wine,thyme,38,0.0038045654785742893
1121,tomato purée | vegetable bouillon powder,2,tomato purée,vegetable bouillon powder,38,0.0038045654785742893
1122,bay leaf | plain flour,2,bay leaf,plain flour,37,0.0037044453344012816
1123,broccoli | garlic,2,broccoli,garlic,37,0.0037044453344012816
1124,butter | chestnut mushrooms,2,butter,chestnut mushrooms,37,0.0037044453344012816
1125,butter | sage leaves,2,butter,sage leaves,37,0.0037044453344012816
1126,cannellini beans | garlic,2,cannellini beans,garlic,37,0.0037044453344012816
1127,carrots | eggs,2,carrots,eggs,37,0.0037044453344012816
1128,carrots | potatoes,2,carrots,potatoes,37,0.0037044453344012816
1129,cherry tomatoes | cucumber,2,cherry tomatoes,cucumber,37,0.0037044453344012816
1130,cherry tomatoes | eggs,2,cherry tomatoes,eggs,37,0.0037044453344012816
1131,chilli flakes | parsley,2,chilli flakes,parsley,37,0.0037044453344012816
1132,chopped tomatoes | red onion,2,chopped tomatoes,red onion,37,0.0037044453344012816
1133,coriander | green chillies,2,coriander,green chillies,37,0.0037044453344012816
1134,double cream | nutmeg,2,double cream,nutmeg,37,0.0037044453344012816
1135,egg | sunflower oil,2,egg,sunflower oil,37,0.0037044453344012816
1136,eggs | feta,2,eggs,feta,37,0.0037044453344012816
1137,eggs | greek yogurt,2,eggs,greek yogurt,37,0.0037044453344012816
1138,fresh breadcrumbs | olive oil,2,fresh breadcrumbs,olive oil,37,0.0037044453344012816
1139,ground cinnamon | maple syrup,2,ground cinnamon,maple syrup,37,0.0037044453344012816
1140,lemon | parsley leaves,2,lemon,parsley leaves,37,0.0037044453344012816
1141,lemon | rosemary,2,lemon,rosemary,37,0.0037044453344012816
1142,lime | sesame oil,2,lime,sesame oil,37,0.0037044453344012816
1143,mint | parsley,2,mint,parsley,37,0.0037044453344012816
1144,onions | vegetable bouillon powder,2,onions,vegetable bouillon powder,37,0.0037044453344012816
1145,parmesan | rosemary,2,parmesan,rosemary,37,0.0037044453344012816
1146,plain flour | red onion,2,plain flour,red onion,37,0.0037044453344012816
1147,rice vinegar | spring onions,2,rice vinegar,spring onions,37,0.0037044453344012816
1148,salted butter | vanilla extract,2,salted butter,vanilla extract,37,0.0037044453344012816
1149,strong white bread flour | unsalted butter,2,strong white bread flour,unsalted butter,37,0.0037044453344012816
1150,unsalted butter | vanilla bean paste,2,unsalted butter,vanilla bean paste,37,0.0037044453344012816
1151,aubergine | olive oil,2,aubergine,olive oil,36,0.003604325190228274
1152,banana shallots | olive oil,2,banana shallots,olive oil,36,0.003604325190228274
1153,black beans | smoked paprika,2,black beans,smoked paprika,36,0.003604325190228274
1154,brown basmati rice | garlic,2,brown basmati rice,garlic,36,0.003604325190228274
1155,butter | coriander,2,butter,coriander,36,0.003604325190228274
1156,butter | gruyère,2,butter,gruyère,36,0.003604325190228274
1157,carrots | honey,2,carrots,honey,36,0.003604325190228274
1158,caster sugar | sunflower oil,2,caster sugar,sunflower oil,36,0.003604325190228274
1159,caster sugar | white wine vinegar,2,caster sugar,white wine vinegar,36,0.003604325190228274
1160,cherry tomatoes | onion,2,cherry tomatoes,onion,36,0.003604325190228274
1161,cherry tomatoes | parmesan,2,cherry tomatoes,parmesan,36,0.003604325190228274
1162,chicken stock | double cream,2,chicken stock,double cream,36,0.003604325190228274
1163,chicken stock | white wine,2,chicken stock,white wine,36,0.003604325190228274
1164,cinnamon | vanilla extract,2,cinnamon,vanilla extract,36,0.003604325190228274
1165,coconut milk | coriander,2,coconut milk,coriander,36,0.003604325190228274
1166,cold unsalted butter | plain flour,2,cold unsalted butter,plain flour,36,0.003604325190228274
1167,coriander seeds | ginger,2,coriander seeds,ginger,36,0.003604325190228274
1168,dark soy sauce | ginger,2,dark soy sauce,ginger,36,0.003604325190228274
1169,double cream | thyme,2,double cream,thyme,36,0.003604325190228274
1170,double cream | vegetable oil,2,double cream,vegetable oil,36,0.003604325190228274
1171,dried porcini mushrooms | garlic,2,dried porcini mushrooms,garlic,36,0.003604325190228274
1172,egg yolks | vanilla extract,2,egg yolks,vanilla extract,36,0.003604325190228274
1173,eggs | frozen peas,2,eggs,frozen peas,36,0.003604325190228274
1174,fennel | lemon,2,fennel,lemon,36,0.003604325190228274
1175,flour | garlic,2,flour,garlic,36,0.003604325190228274
1176,fresh breadcrumbs | garlic,2,fresh breadcrumbs,garlic,36,0.003604325190228274
1177,frozen peas | rapeseed oil,2,frozen peas,rapeseed oil,36,0.003604325190228274
1178,garlic | mascarpone,2,garlic,mascarpone,36,0.003604325190228274
1179,garlic | sweet potato,2,garlic,sweet potato,36,0.003604325190228274
1180,golden caster sugar | lemons,2,golden caster sugar,lemons,36,0.003604325190228274
1181,golden caster sugar | sunflower oil,2,golden caster sugar,sunflower oil,36,0.003604325190228274
1182,ground cinnamon | onion,2,ground cinnamon,onion,36,0.003604325190228274
1183,ground cumin | spring onions,2,ground cumin,spring onions,36,0.003604325190228274
1184,ground ginger | unsalted butter,2,ground ginger,unsalted butter,36,0.003604325190228274
1185,honey | red onion,2,honey,red onion,36,0.003604325190228274
1186,honey | sesame seeds,2,honey,sesame seeds,36,0.003604325190228274
1187,icing sugar | maple syrup,2,icing sugar,maple syrup,36,0.003604325190228274
1188,icing sugar | mixed spice,2,icing sugar,mixed spice,36,0.003604325190228274
1189,lemon | pomegranate seeds,2,lemon,pomegranate seeds,36,0.003604325190228274
1190,lemon | red onions,2,lemon,red onions,36,0.003604325190228274
1191,maple syrup | olive oil,2,maple syrup,olive oil,36,0.003604325190228274
1192,milk | orange,2,milk,orange,36,0.003604325190228274
1193,nutmeg | whole milk,2,nutmeg,whole milk,36,0.003604325190228274
1194,olive oil | red peppers,2,olive oil,red peppers,36,0.003604325190228274
1195,olive oil | vegetable oil,2,olive oil,vegetable oil,36,0.003604325190228274
1196,parmesan | ricotta,2,parmesan,ricotta,36,0.003604325190228274
1197,plain flour | potatoes,2,plain flour,potatoes,36,0.003604325190228274
1198,avocado | red onion,2,avocado,red onion,35,0.003504205046055266
1199,baby spinach | rapeseed oil,2,baby spinach,rapeseed oil,35,0.003504205046055266
1200,baking powder | cinnamon,2,baking powder,cinnamon,35,0.003504205046055266
1201,bay leaves | beef stock,2,bay leaves,beef stock,35,0.003504205046055266
1202,bay leaves | chopped tomatoes,2,bay leaves,chopped tomatoes,35,0.003504205046055266
1203,beef stock | onions,2,beef stock,onions,35,0.003504205046055266
1204,black beans | red onion,2,black beans,red onion,35,0.003504205046055266
1205,cannellini beans | olive oil,2,cannellini beans,olive oil,35,0.003504205046055266
1206,carrot | eggs,2,carrot,eggs,35,0.003504205046055266
1207,carrot | soy sauce,2,carrot,soy sauce,35,0.003504205046055266
1208,celery | lemon,2,celery,lemon,35,0.003504205046055266
1209,chickpeas | tomato purée,2,chickpeas,tomato purée,35,0.003504205046055266
1210,chilli flakes | red onion,2,chilli flakes,red onion,35,0.003504205046055266
1211,chilli flakes | tomato purée,2,chilli flakes,tomato purée,35,0.003504205046055266
1212,chilli powder | onion,2,chilli powder,onion,35,0.003504205046055266
1213,chopped tomatoes | parsley,2,chopped tomatoes,parsley,35,0.003504205046055266
1214,chopped tomatoes | red chilli,2,chopped tomatoes,red chilli,35,0.003504205046055266
1215,chopped tomatoes | vegetable oil,2,chopped tomatoes,vegetable oil,35,0.003504205046055266
1216,clear honey | olive oil,2,clear honey,olive oil,35,0.003504205046055266
1217,coriander | extra virgin olive oil,2,coriander,extra virgin olive oil,35,0.003504205046055266
1218,coriander | plain flour,2,coriander,plain flour,35,0.003504205046055266
1219,cornflour | sunflower oil,2,cornflour,sunflower oil,35,0.003504205046055266
1220,cucumber | rapeseed oil,2,cucumber,rapeseed oil,35,0.003504205046055266
1221,cumin seeds | sunflower oil,2,cumin seeds,sunflower oil,35,0.003504205046055266
1222,dijon mustard | eggs,2,dijon mustard,eggs,35,0.003504205046055266
1223,dijon mustard | parmesan,2,dijon mustard,parmesan,35,0.003504205046055266
1224,dill | extra virgin olive oil,2,dill,extra virgin olive oil,35,0.003504205046055266
1225,double cream | ground cinnamon,2,double cream,ground cinnamon,35,0.003504205046055266
1226,double cream | salted butter,2,double cream,salted butter,35,0.003504205046055266
1227,dried oregano | red onion,2,dried oregano,red onion,35,0.003504205046055266
1228,egg whites | vanilla extract,2,egg whites,vanilla extract,35,0.003504205046055266
1229,egg yolk | icing sugar,2,egg yolk,icing sugar,35,0.003504205046055266
1230,egg yolks | unsalted butter,2,egg yolks,unsalted butter,35,0.003504205046055266
1231,egg yolks | whole milk,2,egg yolks,whole milk,35,0.003504205046055266
1232,egg | fast-action dried yeast,2,egg,fast-action dried yeast,35,0.003504205046055266
1233,egg | oil,2,egg,oil,35,0.003504205046055266
1234,egg | onions,2,egg,onions,35,0.003504205046055266
1235,eggs | fast-action dried yeast,2,eggs,fast-action dried yeast,35,0.003504205046055266
1236,fast-action dried yeast | milk,2,fast-action dried yeast,milk,35,0.003504205046055266
1237,fish sauce | ginger,2,fish sauce,ginger,35,0.003504205046055266
1238,flat-leaf parsley | onion,2,flat-leaf parsley,onion,35,0.003504205046055266
1239,garlic | green pepper,2,garlic,green pepper,35,0.003504205046055266
1240,ginger | limes,2,ginger,limes,35,0.003504205046055266
1241,ginger | mint leaves,2,ginger,mint leaves,35,0.003504205046055266
1242,ginger | sugar,2,ginger,sugar,35,0.003504205046055266
1243,golden syrup | ground ginger,2,golden syrup,ground ginger,35,0.003504205046055266
1244,golden syrup | unsalted butter,2,golden syrup,unsalted butter,35,0.003504205046055266
1245,ground cumin | mint leaves,2,ground cumin,mint leaves,35,0.003504205046055266
1246,honey | lime,2,honey,lime,35,0.003504205046055266
1247,juice | red chilli,2,juice,red chilli,35,0.003504205046055266
1248,juice | red onion,2,juice,red onion,35,0.003504205046055266
1249,leeks | plain flour,2,leeks,plain flour,35,0.003504205046055266
1250,lemon juice | olive oil,2,lemon juice,olive oil,35,0.003504205046055266
1251,lemon | light brown soft sugar,2,lemon,light brown soft sugar,35,0.003504205046055266
1252,mascarpone | parmesan,2,mascarpone,parmesan,35,0.003504205046055266
1253,mature cheddar | onion,2,mature cheddar,onion,35,0.003504205046055266
1254,oil | onion,2,oil,onion,35,0.003504205046055266
1255,olive oil | whole milk,2,olive oil,whole milk,35,0.003504205046055266
1256,onion | red wine vinegar,2,onion,red wine vinegar,35,0.003504205046055266
1257,parsley | red chilli,2,parsley,red chilli,35,0.003504205046055266
1258,plain flour | smoked paprika,2,plain flour,smoked paprika,35,0.003504205046055266
1259,rapeseed oil | turmeric,2,rapeseed oil,turmeric,35,0.003504205046055266
1260,self-raising flour | sunflower oil,2,self-raising flour,sunflower oil,35,0.003504205046055266
1261,self-raising flour | whole milk,2,self-raising flour,whole milk,35,0.003504205046055266
1262,basil | rapeseed oil,2,basil,rapeseed oil,34,0.003404084901882259
1263,beef mince | olive oil,2,beef mince,olive oil,34,0.003404084901882259
1264,black beans | onion,2,black beans,onion,34,0.003404084901882259
1265,butter | vanilla bean paste,2,butter,vanilla bean paste,34,0.003404084901882259
1266,carrots | red wine,2,carrots,red wine,34,0.003404084901882259
1267,chicken stock | parmesan,2,chicken stock,parmesan,34,0.003404084901882259
1268,chopped tomatoes | cumin seeds,2,chopped tomatoes,cumin seeds,34,0.003404084901882259
1269,chopped tomatoes | red wine vinegar,2,chopped tomatoes,red wine vinegar,34,0.003404084901882259
1270,coriander seeds | lemon,2,coriander seeds,lemon,34,0.003404084901882259
1271,coriander | natural yogurt,2,coriander,natural yogurt,34,0.003404084901882259
1272,cornflour | light brown soft sugar,2,cornflour,light brown soft sugar,34,0.003404084901882259
1273,courgette | olive oil,2,courgette,olive oil,34,0.003404084901882259
1274,cucumber | lime,2,cucumber,lime,34,0.003404084901882259
1275,dark chocolate | egg,2,dark chocolate,egg,34,0.003404084901882259
1276,double cream | raspberries,2,double cream,raspberries,34,0.003404084901882259
1277,eggs | mascarpone,2,eggs,mascarpone,34,0.003404084901882259
1278,eggs | mature cheddar,2,eggs,mature cheddar,34,0.003404084901882259
1279,eggs | oil,2,eggs,oil,34,0.003404084901882259
1280,eggs | strong white bread flour,2,eggs,strong white bread flour,34,0.003404084901882259
1281,frozen peas | spring onions,2,frozen peas,spring onions,34,0.003404084901882259
1282,garlic | nigella seeds,2,garlic,nigella seeds,34,0.003404084901882259
1283,garlic | pork mince,2,garlic,pork mince,34,0.003404084901882259
1284,garlic | skinless chicken breasts,2,garlic,skinless chicken breasts,34,0.003404084901882259
1285,garlic | tamarind paste,2,garlic,tamarind paste,34,0.003404084901882259
1286,ginger | red chillies,2,ginger,red chillies,34,0.003404084901882259
1287,ground cinnamon | ground cloves,2,ground cinnamon,ground cloves,34,0.003404084901882259
1288,ground cumin | plain flour,2,ground cumin,plain flour,34,0.003404084901882259
1289,ground ginger | self-raising flour,2,ground ginger,self-raising flour,34,0.003404084901882259
1290,lemon | red pepper,2,lemon,red pepper,34,0.003404084901882259
1291,lemon | spinach,2,lemon,spinach,34,0.003404084901882259
1292,light brown soft sugar | salted butter,2,light brown soft sugar,salted butter,34,0.003404084901882259
1293,light muscovado sugar | vanilla extract,2,light muscovado sugar,vanilla extract,34,0.003404084901882259
1294,mayonnaise | red onion,2,mayonnaise,red onion,34,0.003404084901882259
1295,mixed spice | self-raising flour,2,mixed spice,self-raising flour,34,0.003404084901882259
1296,natural yogurt | vanilla extract,2,natural yogurt,vanilla extract,34,0.003404084901882259
1297,onion | red wine,2,onion,red wine,34,0.003404084901882259
1298,onion | spinach,2,onion,spinach,34,0.003404084901882259
1299,onions | red chilli,2,onions,red chilli,34,0.003404084901882259
1300,parmesan | pine nuts,2,parmesan,pine nuts,34,0.003404084901882259
1301,parmesan | white wine,2,parmesan,white wine,34,0.003404084901882259
1302,parsley | spring onions,2,parsley,spring onions,34,0.003404084901882259
1303,plain flour | white wine,2,plain flour,white wine,34,0.003404084901882259
1304,smoked paprika | vegetable bouillon powder,2,smoked paprika,vegetable bouillon powder,34,0.003404084901882259
1305,sugar | vegetable oil,2,sugar,vegetable oil,34,0.003404084901882259
1306,baking powder | ground ginger,2,baking powder,ground ginger,33,0.003303964757709251
1307,beef stock | olive oil,2,beef stock,olive oil,33,0.003303964757709251
1308,brown basmati rice | rapeseed oil,2,brown basmati rice,rapeseed oil,33,0.003303964757709251
1309,butter | cayenne pepper,2,butter,cayenne pepper,33,0.003303964757709251
1310,butter | cold butter,2,butter,cold butter,33,0.003303964757709251
1311,carrot | cucumber,2,carrot,cucumber,33,0.003303964757709251
1312,carrots | chicken stock,2,carrots,chicken stock,33,0.003303964757709251
1313,carrots | ground cumin,2,carrots,ground cumin,33,0.003303964757709251
1314,carrots | parsnips,2,carrots,parsnips,33,0.003303964757709251
1315,carrots | soy sauce,2,carrots,soy sauce,33,0.003303964757709251
1316,caster sugar | lemon juice,2,caster sugar,lemon juice,33,0.003303964757709251
1317,cayenne pepper | smoked paprika,2,cayenne pepper,smoked paprika,33,0.003303964757709251
1318,cherry tomatoes | coriander,2,cherry tomatoes,coriander,33,0.003303964757709251
1319,cherry tomatoes | extra virgin olive oil,2,cherry tomatoes,extra virgin olive oil,33,0.003303964757709251
1320,cinnamon | coriander,2,cinnamon,coriander,33,0.003303964757709251
1321,clear honey | garlic,2,clear honey,garlic,33,0.003303964757709251
1322,coconut milk | lime,2,coconut milk,lime,33,0.003303964757709251
1323,coriander | honey,2,coriander,honey,33,0.003303964757709251
1324,coriander | soy sauce,2,coriander,soy sauce,33,0.003303964757709251
1325,curry powder | onion,2,curry powder,onion,33,0.003303964757709251
1326,digestive biscuits | double cream,2,digestive biscuits,double cream,33,0.003303964757709251
1327,dijon mustard | mayonnaise,2,dijon mustard,mayonnaise,33,0.003303964757709251
1328,double cream | ginger,2,double cream,ginger,33,0.003303964757709251
1329,egg | puff pastry,2,egg,puff pastry,33,0.003303964757709251
1330,eggs | pistachios,2,eggs,pistachios,33,0.003303964757709251
1331,feta | spring onions,2,feta,spring onions,33,0.003303964757709251
1332,fish sauce | vegetable oil,2,fish sauce,vegetable oil,33,0.003303964757709251
1333,floury potatoes | garlic,2,floury potatoes,garlic,33,0.003303964757709251
1334,ginger | rice vinegar,2,ginger,rice vinegar,33,0.003303964757709251
1335,golden caster sugar | ground ginger,2,golden caster sugar,ground ginger,33,0.003303964757709251
1336,golden caster sugar | mixed spice,2,golden caster sugar,mixed spice,33,0.003303964757709251
1337,golden caster sugar | natural yogurt,2,golden caster sugar,natural yogurt,33,0.003303964757709251
1338,golden caster sugar | strawberries,2,golden caster sugar,strawberries,33,0.003303964757709251
1339,golden syrup | ground cinnamon,2,golden syrup,ground cinnamon,33,0.003303964757709251
1340,green chilli | lemon,2,green chilli,lemon,33,0.003303964757709251
1341,green chilli | onion,2,green chilli,onion,33,0.003303964757709251
1342,ground turmeric | onions,2,ground turmeric,onions,33,0.003303964757709251
1343,ground turmeric | vegetable oil,2,ground turmeric,vegetable oil,33,0.003303964757709251
1344,lemon juice | plain flour,2,lemon juice,plain flour,33,0.003303964757709251
1345,lemon | wholegrain mustard,2,lemon,wholegrain mustard,33,0.003303964757709251
1346,maple syrup | milk,2,maple syrup,milk,33,0.003303964757709251
1347,maple syrup | vegetable oil,2,maple syrup,vegetable oil,33,0.003303964757709251
1348,mature cheddar | milk,2,mature cheddar,milk,33,0.003303964757709251
1349,mozzarella | plain flour,2,mozzarella,plain flour,33,0.003303964757709251
1350,olive oil | saffron,2,olive oil,saffron,33,0.003303964757709251
1351,olive oil | watercress,2,olive oil,watercress,33,0.003303964757709251
1352,onion | rice,2,onion,rice,33,0.003303964757709251
1353,onion | vegetable bouillon powder,2,onion,vegetable bouillon powder,33,0.003303964757709251
1354,onions | red wine,2,onions,red wine,33,0.003303964757709251
1355,onions | vegetable stock,2,onions,vegetable stock,33,0.003303964757709251
1356,red pepper | tomato purée,2,red pepper,tomato purée,33,0.003303964757709251
1357,smoked paprika | spring onions,2,smoked paprika,spring onions,33,0.003303964757709251
1358,almond extract | eggs,2,almond extract,eggs,32,0.0032038446135362435
1359,apple cider vinegar | garlic,2,apple cider vinegar,garlic,32,0.0032038446135362435
1360,baking powder | vanilla bean paste,2,baking powder,vanilla bean paste,32,0.0032038446135362435
1361,black beans | chopped tomatoes,2,black beans,chopped tomatoes,32,0.0032038446135362435
1362,butter | full-fat milk,2,butter,full-fat milk,32,0.0032038446135362435
1363,butter | shallot,2,butter,shallot,32,0.0032038446135362435
1364,cardamom pods | cinnamon,2,cardamom pods,cinnamon,32,0.0032038446135362435
1365,carrot | coriander,2,carrot,coriander,32,0.0032038446135362435
1366,chickpeas | chopped tomatoes,2,chickpeas,chopped tomatoes,32,0.0032038446135362435
1367,chilli flakes | eggs,2,chilli flakes,eggs,32,0.0032038446135362435
1368,chilli flakes | vegetable oil,2,chilli flakes,vegetable oil,32,0.0032038446135362435
1369,chopped tomatoes | red pepper,2,chopped tomatoes,red pepper,32,0.0032038446135362435
1370,cinnamon | onions,2,cinnamon,onions,32,0.0032038446135362435
1371,cloves | garlic,2,cloves,garlic,32,0.0032038446135362435
1372,cocoa powder | vegetable oil,2,cocoa powder,vegetable oil,32,0.0032038446135362435
1373,coconut milk | ground turmeric,2,coconut milk,ground turmeric,32,0.0032038446135362435
1374,coriander | greek yogurt,2,coriander,greek yogurt,32,0.0032038446135362435
1375,cornflour | light soy sauce,2,cornflour,light soy sauce,32,0.0032038446135362435
1376,cornflour | onion,2,cornflour,onion,32,0.0032038446135362435
1377,cumin seeds | eggs,2,cumin seeds,eggs,32,0.0032038446135362435
1378,cumin seeds | green chilli,2,cumin seeds,green chilli,32,0.0032038446135362435
1379,egg whites | plain flour,2,egg whites,plain flour,32,0.0032038446135362435
1380,egg yolks | eggs,2,egg yolks,eggs,32,0.0032038446135362435
1381,extra virgin olive oil | tomatoes,2,extra virgin olive oil,tomatoes,32,0.0032038446135362435
1382,fast-action dried yeast | garlic,2,fast-action dried yeast,garlic,32,0.0032038446135362435
1383,fish sauce | red chilli,2,fish sauce,red chilli,32,0.0032038446135362435
1384,flaked almonds | garlic,2,flaked almonds,garlic,32,0.0032038446135362435
1385,flaked almonds | golden caster sugar,2,flaked almonds,golden caster sugar,32,0.0032038446135362435
1386,full-fat milk | plain flour,2,full-fat milk,plain flour,32,0.0032038446135362435
1387,garlic granules | smoked paprika,2,garlic granules,smoked paprika,32,0.0032038446135362435
1388,garlic | groundnut oil,2,garlic,groundnut oil,32,0.0032038446135362435
1389,garlic | olive or rapeseed oil,2,garlic,olive or rapeseed oil,32,0.0032038446135362435
1390,garlic | parsnips,2,garlic,parsnips,32,0.0032038446135362435
1391,garlic | peppers,2,garlic,peppers,32,0.0032038446135362435
1392,garlic | walnuts,2,garlic,walnuts,32,0.0032038446135362435
1393,golden syrup | icing sugar,2,golden syrup,icing sugar,32,0.0032038446135362435
1394,green chilli | ground cumin,2,green chilli,ground cumin,32,0.0032038446135362435
1395,ice | lime juice,2,ice,lime juice,32,0.0032038446135362435
1396,ice | sugar syrup,2,ice,sugar syrup,32,0.0032038446135362435
1397,mint | rapeseed oil,2,mint,rapeseed oil,32,0.0032038446135362435
1398,olive oil | sesame seeds,2,olive oil,sesame seeds,32,0.0032038446135362435
1399,olive oil | soy sauce,2,olive oil,soy sauce,32,0.0032038446135362435
1400,onion | passata,2,onion,passata,32,0.0032038446135362435
1401,onion | whole milk,2,onion,whole milk,32,0.0032038446135362435
1402,parsley | white wine,2,parsley,white wine,32,0.0032038446135362435
1403,pistachios | plain flour,2,pistachios,plain flour,32,0.0032038446135362435
1404,plain flour | soy sauce,2,plain flour,soy sauce,32,0.0032038446135362435
1405,rapeseed oil | vegetable stock,2,rapeseed oil,vegetable stock,32,0.0032038446135362435
1406,red onion | sugar,2,red onion,sugar,32,0.0032038446135362435
1407,red onion | white wine vinegar,2,red onion,white wine vinegar,32,0.0032038446135362435
1408,self-raising flour | vanilla bean paste,2,self-raising flour,vanilla bean paste,32,0.0032038446135362435
1409,sunflower oil | tomato purée,2,sunflower oil,tomato purée,32,0.0032038446135362435
1410,baby spinach | olive oil,2,baby spinach,olive oil,31,0.0031037244693632358
1411,baking powder | mixed spice,2,baking powder,mixed spice,31,0.0031037244693632358
1412,baking powder | salted butter,2,baking powder,salted butter,31,0.0031037244693632358
1413,basmati rice | vegetable oil,2,basmati rice,vegetable oil,31,0.0031037244693632358
1414,bay leaves | parmesan,2,bay leaves,parmesan,31,0.0031037244693632358
1415,beef stock | carrots,2,beef stock,carrots,31,0.0031037244693632358
1416,beef stock | thyme,2,beef stock,thyme,31,0.0031037244693632358
1417,black beans | olive oil,2,black beans,olive oil,31,0.0031037244693632358
1418,brown sugar | garlic,2,brown sugar,garlic,31,0.0031037244693632358
1419,brussels sprouts | garlic,2,brussels sprouts,garlic,31,0.0031037244693632358
1420,butter | buttermilk,2,butter,buttermilk,31,0.0031037244693632358
1421,butter | digestive biscuits,2,butter,digestive biscuits,31,0.0031037244693632358
1422,butter | granulated sugar,2,butter,granulated sugar,31,0.0031037244693632358
1423,butter | ground cumin,2,butter,ground cumin,31,0.0031037244693632358
1424,butter | lemons,2,butter,lemons,31,0.0031037244693632358
1425,butter | oil,2,butter,oil,31,0.0031037244693632358
1426,butter | pistachios,2,butter,pistachios,31,0.0031037244693632358
1427,butter | spinach,2,butter,spinach,31,0.0031037244693632358
1428,cherry tomatoes | red chilli,2,cherry tomatoes,red chilli,31,0.0031037244693632358
1429,chestnut mushrooms | onion,2,chestnut mushrooms,onion,31,0.0031037244693632358
1430,chickpeas | rapeseed oil,2,chickpeas,rapeseed oil,31,0.0031037244693632358
1431,chopped tomatoes | sugar,2,chopped tomatoes,sugar,31,0.0031037244693632358
1432,cold butter | eggs,2,cold butter,eggs,31,0.0031037244693632358
1433,cornflour | milk,2,cornflour,milk,31,0.0031037244693632358
1434,cornflour | self-raising flour,2,cornflour,self-raising flour,31,0.0031037244693632358
1435,crème fraîche | golden caster sugar,2,crème fraîche,golden caster sugar,31,0.0031037244693632358
1436,cucumber | dill,2,cucumber,dill,31,0.0031037244693632358
1437,cucumber | vegetable oil,2,cucumber,vegetable oil,31,0.0031037244693632358
1438,egg whites | golden caster sugar,2,egg whites,golden caster sugar,31,0.0031037244693632358
1439,egg yolks | lemon,2,egg yolks,lemon,31,0.0031037244693632358
1440,egg | ground ginger,2,egg,ground ginger,31,0.0031037244693632358
1441,egg | red onion,2,egg,red onion,31,0.0031037244693632358
1442,egg | strong white bread flour,2,egg,strong white bread flour,31,0.0031037244693632358
1443,egg | thyme,2,egg,thyme,31,0.0031037244693632358
1444,eggs | granulated sugar,2,eggs,granulated sugar,31,0.0031037244693632358
1445,eggs | pecans,2,eggs,pecans,31,0.0031037244693632358
1446,eggs | raspberries,2,eggs,raspberries,31,0.0031037244693632358
1447,extra virgin olive oil | ground cumin,2,extra virgin olive oil,ground cumin,31,0.0031037244693632358
1448,extra virgin olive oil | rocket,2,extra virgin olive oil,rocket,31,0.0031037244693632358
1449,fast-action dried yeast | icing sugar,2,fast-action dried yeast,icing sugar,31,0.0031037244693632358
1450,garlic | maris piper potatoes,2,garlic,maris piper potatoes,31,0.0031037244693632358
1451,garlic | rice wine vinegar,2,garlic,rice wine vinegar,31,0.0031037244693632358
1452,ginger | lemongrass,2,ginger,lemongrass,31,0.0031037244693632358
1453,green chilli | olive oil,2,green chilli,olive oil,31,0.0031037244693632358
1454,ground almonds | orange,2,ground almonds,orange,31,0.0031037244693632358
1455,ground cinnamon | ground nutmeg,2,ground cinnamon,ground nutmeg,31,0.0031037244693632358
1456,hazelnuts | olive oil,2,hazelnuts,olive oil,31,0.0031037244693632358
1457,honey | red chilli,2,honey,red chilli,31,0.0031037244693632358
1458,honey | sesame oil,2,honey,sesame oil,31,0.0031037244693632358
1459,icing sugar | lemon juice,2,icing sugar,lemon juice,31,0.0031037244693632358
1460,icing sugar | pistachios,2,icing sugar,pistachios,31,0.0031037244693632358
1461,icing sugar | strawberries,2,icing sugar,strawberries,31,0.0031037244693632358
1462,kale | olive oil,2,kale,olive oil,31,0.0031037244693632358
1463,lemon | pistachios,2,lemon,pistachios,31,0.0031037244693632358
1464,lemon | whole milk,2,lemon,whole milk,31,0.0031037244693632358
1465,lemongrass | vegetable oil,2,lemongrass,vegetable oil,31,0.0031037244693632358
1466,mayonnaise | vegetable oil,2,mayonnaise,vegetable oil,31,0.0031037244693632358
1467,milk | parsley,2,milk,parsley,31,0.0031037244693632358
1468,natural yogurt | plain flour,2,natural yogurt,plain flour,31,0.0031037244693632358
1469,olive oil | parsnips,2,olive oil,parsnips,31,0.0031037244693632358
1470,olive oil | turmeric,2,olive oil,turmeric,31,0.0031037244693632358
1471,olive oil | walnuts,2,olive oil,walnuts,31,0.0031037244693632358
1472,onion | paprika,2,onion,paprika,31,0.0031037244693632358
1473,onion | risotto rice,2,onion,risotto rice,31,0.0031037244693632358
1474,onions | parmesan,2,onions,parmesan,31,0.0031037244693632358
1475,onions | red wine vinegar,2,onions,red wine vinegar,31,0.0031037244693632358
1476,parmesan | spaghetti,2,parmesan,spaghetti,31,0.0031037244693632358
1477,parsley | red wine vinegar,2,parsley,red wine vinegar,31,0.0031037244693632358
1478,plain flour | self-raising flour,2,plain flour,self-raising flour,31,0.0031037244693632358
1479,red chilli | smoked paprika,2,red chilli,smoked paprika,31,0.0031037244693632358
1480,baking powder | white chocolate,2,baking powder,white chocolate,30,0.0030036043251902285
1481,basil | onion,2,basil,onion,30,0.0030036043251902285
1482,black peppercorns | coriander seeds,2,black peppercorns,coriander seeds,30,0.0030036043251902285
1483,carrot | lime,2,carrot,lime,30,0.0030036043251902285
1484,carrot | rapeseed oil,2,carrot,rapeseed oil,30,0.0030036043251902285
1485,carrot | sesame oil,2,carrot,sesame oil,30,0.0030036043251902285
1486,carrots | ground coriander,2,carrots,ground coriander,30,0.0030036043251902285
1487,caster sugar | mascarpone,2,caster sugar,mascarpone,30,0.0030036043251902285
1488,caster sugar | spring onions,2,caster sugar,spring onions,30,0.0030036043251902285
1489,celery | red wine,2,celery,red wine,30,0.0030036043251902285
1490,celery | smoked paprika,2,celery,smoked paprika,30,0.0030036043251902285
1491,cheddar | onion,2,cheddar,onion,30,0.0030036043251902285
1492,chicken stock | sunflower oil,2,chicken stock,sunflower oil,30,0.0030036043251902285
1493,chicken stock | vegetable oil,2,chicken stock,vegetable oil,30,0.0030036043251902285
1494,chilli powder | coriander,2,chilli powder,coriander,30,0.0030036043251902285
1495,chipotle paste | coriander,2,chipotle paste,coriander,30,0.0030036043251902285
1496,chipotle paste | lime,2,chipotle paste,lime,30,0.0030036043251902285
1497,cinnamon | ground cumin,2,cinnamon,ground cumin,30,0.0030036043251902285
1498,cinnamon | milk,2,cinnamon,milk,30,0.0030036043251902285
1499,cloves | star anise,2,cloves,star anise,30,0.0030036043251902285
1500,cold-pressed rapeseed oil | garlic,2,cold-pressed rapeseed oil,garlic,30,0.0030036043251902285
1501,coriander | fish sauce,2,coriander,fish sauce,30,0.0030036043251902285
1502,cornflour | whole milk,2,cornflour,whole milk,30,0.0030036043251902285
1503,crème fraîche | onion,2,crème fraîche,onion,30,0.0030036043251902285
1504,cucumber | parsley,2,cucumber,parsley,30,0.0030036043251902285
1505,cumin seeds | mint leaves,2,cumin seeds,mint leaves,30,0.0030036043251902285
1506,dijon mustard | honey,2,dijon mustard,honey,30,0.0030036043251902285
1507,dijon mustard | white wine vinegar,2,dijon mustard,white wine vinegar,30,0.0030036043251902285
1508,double cream | egg yolk,2,double cream,egg yolk,30,0.0030036043251902285
1509,double cream | parsley,2,double cream,parsley,30,0.0030036043251902285
1510,dried oregano | parmesan,2,dried oregano,parmesan,30,0.0030036043251902285
1511,dried oregano | tomatoes,2,dried oregano,tomatoes,30,0.0030036043251902285
1512,egg | salted butter,2,egg,salted butter,30,0.0030036043251902285
1513,eggs | panko breadcrumbs,2,eggs,panko breadcrumbs,30,0.0030036043251902285
1514,eggs | sultanas,2,eggs,sultanas,30,0.0030036043251902285
1515,english mustard powder | plain flour,2,english mustard powder,plain flour,30,0.0030036043251902285
1516,extra virgin olive oil | white wine vinegar,2,extra virgin olive oil,white wine vinegar,30,0.0030036043251902285
1517,fish sauce | lime,2,fish sauce,lime,30,0.0030036043251902285
1518,flaked almonds | lemon,2,flaked almonds,lemon,30,0.0030036043251902285
1519,fresh thyme leaves | garlic,2,fresh thyme leaves,garlic,30,0.0030036043251902285
1520,garam masala | ground turmeric,2,garam masala,ground turmeric,30,0.0030036043251902285
1521,garlic | green salad,2,garlic,green salad,30,0.0030036043251902285
1522,garlic | salt,2,garlic,salt,30,0.0030036043251902285
1523,garlic | yellow pepper,2,garlic,yellow pepper,30,0.0030036043251902285
1524,golden caster sugar | lemon juice,2,golden caster sugar,lemon juice,30,0.0030036043251902285
1525,green salad | olive oil,2,green salad,olive oil,30,0.0030036043251902285
1526,ground coriander | vegetable bouillon powder,2,ground coriander,vegetable bouillon powder,30,0.0030036043251902285
1527,ground cumin | red pepper,2,ground cumin,red pepper,30,0.0030036043251902285
1528,ground ginger | vanilla extract,2,ground ginger,vanilla extract,30,0.0030036043251902285
1529,ice | orange,2,ice,orange,30,0.0030036043251902285
1530,lemon | lemon juice,2,lemon,lemon juice,30,0.0030036043251902285
1531,lemon | mixed spice,2,lemon,mixed spice,30,0.0030036043251902285
1532,lemon | new potatoes,2,lemon,new potatoes,30,0.0030036043251902285
1533,lemons | plain flour,2,lemons,plain flour,30,0.0030036043251902285
1534,limes | red chilli,2,limes,red chilli,30,0.0030036043251902285
1535,milk | strong white bread flour,2,milk,strong white bread flour,30,0.0030036043251902285
1536,mint leaves | spring onions,2,mint leaves,spring onions,30,0.0030036043251902285
1537,natural yogurt | vegetable oil,2,natural yogurt,vegetable oil,30,0.0030036043251902285
1538,olive oil | pistachios,2,olive oil,pistachios,30,0.0030036043251902285
1539,onion | potato,2,onion,potato,30,0.0030036043251902285
1540,onion | thyme leaves,2,onion,thyme leaves,30,0.0030036043251902285
1541,parmesan | unsalted butter,2,parmesan,unsalted butter,30,0.0030036043251902285
1542,potatoes | rapeseed oil,2,potatoes,rapeseed oil,30,0.0030036043251902285
1543,raspberries | vanilla extract,2,raspberries,vanilla extract,30,0.0030036043251902285
1544,red chilli | tomatoes,2,red chilli,tomatoes,30,0.0030036043251902285
1545,red pepper | smoked paprika,2,red pepper,smoked paprika,30,0.0030036043251902285
1546,shallots | vegetable oil,2,shallots,vegetable oil,30,0.0030036043251902285
1547,thyme | white wine,2,thyme,white wine,30,0.0030036043251902285
1548,vegetable oil | vegetable stock,2,vegetable oil,vegetable stock,30,0.0030036043251902285
1549,balsamic vinegar | red onion,2,balsamic vinegar,red onion,29,0.0029034841810172208
1550,basil leaves | lemon,2,basil leaves,lemon,29,0.0029034841810172208
1551,bay leaves | carrot,2,bay leaves,carrot,29,0.0029034841810172208
1552,bay leaves | lemon,2,bay leaves,lemon,29,0.0029034841810172208
1553,bay leaves | rosemary,2,bay leaves,rosemary,29,0.0029034841810172208
1554,beef stock | celery,2,beef stock,celery,29,0.0029034841810172208
1555,bicarbonate of soda | sunflower oil,2,bicarbonate of soda,sunflower oil,29,0.0029034841810172208
1556,black beans | tomato purée,2,black beans,tomato purée,29,0.0029034841810172208
1557,butter beans | lemon,2,butter beans,lemon,29,0.0029034841810172208
1558,butter | extra virgin olive oil,2,butter,extra virgin olive oil,29,0.0029034841810172208
1559,butter | maris piper potatoes,2,butter,maris piper potatoes,29,0.0029034841810172208
1560,butter | mascarpone,2,butter,mascarpone,29,0.0029034841810172208
1561,butter | mayonnaise,2,butter,mayonnaise,29,0.0029034841810172208
1562,carrots | smoked paprika,2,carrots,smoked paprika,29,0.0029034841810172208
1563,caster sugar | lime,2,caster sugar,lime,29,0.0029034841810172208
1564,caster sugar | strawberries,2,caster sugar,strawberries,29,0.0029034841810172208
1565,cherry tomatoes | feta,2,cherry tomatoes,feta,29,0.0029034841810172208
1566,cherry tomatoes | spring onions,2,cherry tomatoes,spring onions,29,0.0029034841810172208
1567,chickpeas | parsley,2,chickpeas,parsley,29,0.0029034841810172208
1568,chilli flakes | honey,2,chilli flakes,honey,29,0.0029034841810172208
1569,chilli powder | tomato purée,2,chilli powder,tomato purée,29,0.0029034841810172208
1570,chipotle paste | olive oil,2,chipotle paste,olive oil,29,0.0029034841810172208
1571,cider vinegar | red onion,2,cider vinegar,red onion,29,0.0029034841810172208
1572,cinnamon | ground coriander,2,cinnamon,ground coriander,29,0.0029034841810172208
1573,coconut milk | turmeric,2,coconut milk,turmeric,29,0.0029034841810172208
1574,cold butter | double cream,2,cold butter,double cream,29,0.0029034841810172208
1575,coriander | mango chutney,2,coriander,mango chutney,29,0.0029034841810172208
1576,coriander | mint leaves,2,coriander,mint leaves,29,0.0029034841810172208
1577,coriander | vegetable bouillon powder,2,coriander,vegetable bouillon powder,29,0.0029034841810172208
1578,cucumber | radishes,2,cucumber,radishes,29,0.0029034841810172208
1579,cucumber | soy sauce,2,cucumber,soy sauce,29,0.0029034841810172208
1580,dijon mustard | milk,2,dijon mustard,milk,29,0.0029034841810172208
1581,dijon mustard | red wine vinegar,2,dijon mustard,red wine vinegar,29,0.0029034841810172208
1582,dill | feta,2,dill,feta,29,0.0029034841810172208
1583,double cream | pistachios,2,double cream,pistachios,29,0.0029034841810172208
1584,dried breadcrumbs | plain flour,2,dried breadcrumbs,plain flour,29,0.0029034841810172208
1585,dried oregano | onions,2,dried oregano,onions,29,0.0029034841810172208
1586,egg yolks | milk,2,egg yolks,milk,29,0.0029034841810172208
1587,egg | mixed spice,2,egg,mixed spice,29,0.0029034841810172208
1588,egg | sesame seeds,2,egg,sesame seeds,29,0.0029034841810172208
1589,egg | tomato purée,2,egg,tomato purée,29,0.0029034841810172208
1590,eggs | strawberries,2,eggs,strawberries,29,0.0029034841810172208
1591,fast-action dried yeast | whole milk,2,fast-action dried yeast,whole milk,29,0.0029034841810172208
1592,feta | mint leaves,2,feta,mint leaves,29,0.0029034841810172208
1593,fish sauce | lemongrass,2,fish sauce,lemongrass,29,0.0029034841810172208
1594,flaked almonds | vanilla extract,2,flaked almonds,vanilla extract,29,0.0029034841810172208
1595,full-fat milk | golden caster sugar,2,full-fat milk,golden caster sugar,29,0.0029034841810172208
1596,garlic | hot vegetable stock,2,garlic,hot vegetable stock,29,0.0029034841810172208
1597,garlic | lime wedges,2,garlic,lime wedges,29,0.0029034841810172208
1598,garlic | oregano,2,garlic,oregano,29,0.0029034841810172208
1599,garlic | panko breadcrumbs,2,garlic,panko breadcrumbs,29,0.0029034841810172208
1600,garlic | ripe tomatoes,2,garlic,ripe tomatoes,29,0.0029034841810172208
1601,garlic | risotto rice,2,garlic,risotto rice,29,0.0029034841810172208
1602,garlic | sweetcorn,2,garlic,sweetcorn,29,0.0029034841810172208
1603,garlic | white onion,2,garlic,white onion,29,0.0029034841810172208
1604,golden caster sugar | soured cream,2,golden caster sugar,soured cream,29,0.0029034841810172208
1605,ground cumin | red onions,2,ground cumin,red onions,29,0.0029034841810172208
1606,ice | sparkling water,2,ice,sparkling water,29,0.0029034841810172208
1607,icing sugar | raspberry jam,2,icing sugar,raspberry jam,29,0.0029034841810172208
1608,leeks | rapeseed oil,2,leeks,rapeseed oil,29,0.0029034841810172208
1609,lemon | sunflower oil,2,lemon,sunflower oil,29,0.0029034841810172208
1610,lemon | white wine vinegar,2,lemon,white wine vinegar,29,0.0029034841810172208
1611,light brown soft sugar | orange,2,light brown soft sugar,orange,29,0.0029034841810172208
1612,milk | natural yogurt,2,milk,natural yogurt,29,0.0029034841810172208
1613,milk | nutmeg,2,milk,nutmeg,29,0.0029034841810172208
1614,milk | salted butter,2,milk,salted butter,29,0.0029034841810172208
1615,milk | thyme,2,milk,thyme,29,0.0029034841810172208
1616,olive oil | sweet smoked paprika,2,olive oil,sweet smoked paprika,29,0.0029034841810172208
1617,onion | sweet potatoes,2,onion,sweet potatoes,29,0.0029034841810172208
1618,onions | thyme leaves,2,onions,thyme leaves,29,0.0029034841810172208
1619,plain flour | shallots,2,plain flour,shallots,29,0.0029034841810172208
1620,plain flour | slightly salted butter,2,plain flour,slightly salted butter,29,0.0029034841810172208
1621,plain flour | worcestershire sauce,2,plain flour,worcestershire sauce,29,0.0029034841810172208
1622,pomegranate seeds | red onion,2,pomegranate seeds,red onion,29,0.0029034841810172208
1623,potatoes | vegetable oil,2,potatoes,vegetable oil,29,0.0029034841810172208
1624,radishes | spring onions,2,radishes,spring onions,29,0.0029034841810172208
1625,rice vinegar | sesame oil,2,rice vinegar,sesame oil,29,0.0029034841810172208
1626,rosemary | thyme,2,rosemary,thyme,29,0.0029034841810172208
1627,shallots | thyme,2,shallots,thyme,29,0.0029034841810172208
1628,strawberries | vanilla extract,2,strawberries,vanilla extract,29,0.0029034841810172208
1629,vegetable oil | whole milk,2,vegetable oil,whole milk,29,0.0029034841810172208
1630,almond extract | icing sugar,2,almond extract,icing sugar,28,0.002803364036844213
1631,avocado | olive oil,2,avocado,olive oil,28,0.002803364036844213
1632,basil leaves | onion,2,basil leaves,onion,28,0.002803364036844213
1633,basmati rice | coriander,2,basmati rice,coriander,28,0.002803364036844213
1634,bay leaf | celery,2,bay leaf,celery,28,0.002803364036844213
1635,bay leaves | parsley,2,bay leaves,parsley,28,0.002803364036844213
1636,beansprouts | garlic,2,beansprouts,garlic,28,0.002803364036844213
1637,beef mince | tomato purée,2,beef mince,tomato purée,28,0.002803364036844213
1638,beef stock | vegetable oil,2,beef stock,vegetable oil,28,0.002803364036844213
1639,beetroot | garlic,2,beetroot,garlic,28,0.002803364036844213
1640,brussels sprouts | butter,2,brussels sprouts,butter,28,0.002803364036844213
1641,butter | demerara sugar,2,butter,demerara sugar,28,0.002803364036844213
1642,butter | english mustard,2,butter,english mustard,28,0.002803364036844213
1643,butter | frozen peas,2,butter,frozen peas,28,0.002803364036844213
1644,butter | smoked paprika,2,butter,smoked paprika,28,0.002803364036844213
1645,capers | dill,2,capers,dill,28,0.002803364036844213
1646,celeriac | garlic,2,celeriac,garlic,28,0.002803364036844213
1647,celery | chicken stock,2,celery,chicken stock,28,0.002803364036844213
1648,celery | milk,2,celery,milk,28,0.002803364036844213
1649,celery | rosemary,2,celery,rosemary,28,0.002803364036844213
1650,celery | vegetable stock,2,celery,vegetable stock,28,0.002803364036844213
1651,cheddar | plain flour,2,cheddar,plain flour,28,0.002803364036844213
1652,cherry tomatoes | lime,2,cherry tomatoes,lime,28,0.002803364036844213
1653,cherry tomatoes | smoked paprika,2,cherry tomatoes,smoked paprika,28,0.002803364036844213
1654,chicken breasts | olive oil,2,chicken breasts,olive oil,28,0.002803364036844213
1655,chicken stock | tomato purée,2,chicken stock,tomato purée,28,0.002803364036844213
1656,chilli flakes | lime,2,chilli flakes,lime,28,0.002803364036844213
1657,chilli powder | vegetable oil,2,chilli powder,vegetable oil,28,0.002803364036844213
1658,chipotle paste | onion,2,chipotle paste,onion,28,0.002803364036844213
1659,chopped tomatoes | vegetable bouillon powder,2,chopped tomatoes,vegetable bouillon powder,28,0.002803364036844213
1660,cinnamon | cumin seeds,2,cinnamon,cumin seeds,28,0.002803364036844213
1661,cloves | onion,2,cloves,onion,28,0.002803364036844213
1662,cocoa powder | salted butter,2,cocoa powder,salted butter,28,0.002803364036844213
1663,coconut milk | fish sauce,2,coconut milk,fish sauce,28,0.002803364036844213
1664,cold butter | icing sugar,2,cold butter,icing sugar,28,0.002803364036844213
1665,coriander leaves | cumin seeds,2,coriander leaves,cumin seeds,28,0.002803364036844213
1666,coriander | egg,2,coriander,egg,28,0.002803364036844213
1667,coriander | sweet potatoes,2,coriander,sweet potatoes,28,0.002803364036844213
1668,cornflour | honey,2,cornflour,honey,28,0.002803364036844213
1669,cucumber | ground cumin,2,cucumber,ground cumin,28,0.002803364036844213
1670,cucumber | mayonnaise,2,cucumber,mayonnaise,28,0.002803364036844213
1671,cumin seeds | lime,2,cumin seeds,lime,28,0.002803364036844213
1672,cumin seeds | smoked paprika,2,cumin seeds,smoked paprika,28,0.002803364036844213
1673,dark soy sauce | spring onions,2,dark soy sauce,spring onions,28,0.002803364036844213
1674,double cream | white wine vinegar,2,double cream,white wine vinegar,28,0.002803364036844213
1675,egg yolk | golden caster sugar,2,egg yolk,golden caster sugar,28,0.002803364036844213
1676,eggs | thyme,2,eggs,thyme,28,0.002803364036844213
1677,eggs | white wine vinegar,2,eggs,white wine vinegar,28,0.002803364036844213
1678,extra virgin olive oil | parmesan,2,extra virgin olive oil,parmesan,28,0.002803364036844213
1679,extra virgin olive oil | pine nuts,2,extra virgin olive oil,pine nuts,28,0.002803364036844213
1680,flour | olive oil,2,flour,olive oil,28,0.002803364036844213
1681,fresh coriander | ginger,2,fresh coriander,ginger,28,0.002803364036844213
1682,frozen peas | ginger,2,frozen peas,ginger,28,0.002803364036844213
1683,frozen peas | parsley,2,frozen peas,parsley,28,0.002803364036844213
1684,garam masala | tomato purée,2,garam masala,tomato purée,28,0.002803364036844213
1685,garlic | sumac,2,garlic,sumac,28,0.002803364036844213
1686,golden caster sugar | ice,2,golden caster sugar,ice,28,0.002803364036844213
1687,golden caster sugar | light muscovado sugar,2,golden caster sugar,light muscovado sugar,28,0.002803364036844213
1688,golden caster sugar | maple syrup,2,golden caster sugar,maple syrup,28,0.002803364036844213
1689,green chilli | lime,2,green chilli,lime,28,0.002803364036844213
1690,ground cinnamon | nutmeg,2,ground cinnamon,nutmeg,28,0.002803364036844213
1691,ground cumin | juice,2,ground cumin,juice,28,0.002803364036844213
1692,ground ginger | light brown soft sugar,2,ground ginger,light brown soft sugar,28,0.002803364036844213
1693,ground turmeric | red onion,2,ground turmeric,red onion,28,0.002803364036844213
1694,icing sugar | natural yogurt,2,icing sugar,natural yogurt,28,0.002803364036844213
1695,leek | olive oil,2,leek,olive oil,28,0.002803364036844213
1696,lemon | maple syrup,2,lemon,maple syrup,28,0.002803364036844213
1697,lemon | nutmeg,2,lemon,nutmeg,28,0.002803364036844213
1698,lemon | radishes,2,lemon,radishes,28,0.002803364036844213
1699,lime | sunflower oil,2,lime,sunflower oil,28,0.002803364036844213
1700,limes | olive oil,2,limes,olive oil,28,0.002803364036844213
1701,milk | rapeseed oil,2,milk,rapeseed oil,28,0.002803364036844213
1702,milk | spring onions,2,milk,spring onions,28,0.002803364036844213
1703,mixed spice | sultanas,2,mixed spice,sultanas,28,0.002803364036844213
1704,mushrooms | olive oil,2,mushrooms,olive oil,28,0.002803364036844213
1705,mustard powder | plain flour,2,mustard powder,plain flour,28,0.002803364036844213
1706,olive oil | plum tomatoes,2,olive oil,plum tomatoes,28,0.002803364036844213
1707,olive oil | pomegranate molasses,2,olive oil,pomegranate molasses,28,0.002803364036844213
1708,olive oil | worcestershire sauce,2,olive oil,worcestershire sauce,28,0.002803364036844213
1709,onion | red onion,2,onion,red onion,28,0.002803364036844213
1710,onion | unsalted butter,2,onion,unsalted butter,28,0.002803364036844213
1711,onion | worcestershire sauce,2,onion,worcestershire sauce,28,0.002803364036844213
1712,plain flour | puff pastry,2,plain flour,puff pastry,28,0.002803364036844213
1713,rapeseed oil | thyme,2,rapeseed oil,thyme,28,0.002803364036844213
1714,red chilli | sunflower oil,2,red chilli,sunflower oil,28,0.002803364036844213
1715,red onion | soured cream,2,red onion,soured cream,28,0.002803364036844213
1716,red onion | spring onions,2,red onion,spring onions,28,0.002803364036844213
1717,red onion | sunflower oil,2,red onion,sunflower oil,28,0.002803364036844213
1718,rice vinegar | soy sauce,2,rice vinegar,soy sauce,28,0.002803364036844213
1719,tomatoes | turmeric,2,tomatoes,turmeric,28,0.002803364036844213
1720,tomatoes | vegetable oil,2,tomatoes,vegetable oil,28,0.002803364036844213
1721,baking powder | honey,2,baking powder,honey,27,0.0027032438926712053
1722,basil leaves | tomato purée,2,basil leaves,tomato purée,27,0.0027032438926712053
1723,butter | cauliflower,2,butter,cauliflower,27,0.0027032438926712053
1724,butter | worcestershire sauce,2,butter,worcestershire sauce,27,0.0027032438926712053
1725,capers | dijon mustard,2,capers,dijon mustard,27,0.0027032438926712053
1726,carrot | thyme,2,carrot,thyme,27,0.0027032438926712053
1727,carrots | chickpeas,2,carrots,chickpeas,27,0.0027032438926712053
1728,carrots | cucumber,2,carrots,cucumber,27,0.0027032438926712053
1729,caster sugar | ground almonds,2,caster sugar,ground almonds,27,0.0027032438926712053
1730,caster sugar | raspberries,2,caster sugar,raspberries,27,0.0027032438926712053
1731,caster sugar | vanilla paste,2,caster sugar,vanilla paste,27,0.0027032438926712053
1732,chickpeas | extra virgin olive oil,2,chickpeas,extra virgin olive oil,27,0.0027032438926712053
1733,chilli flakes | ground coriander,2,chilli flakes,ground coriander,27,0.0027032438926712053
1734,chopped tomatoes | lemon,2,chopped tomatoes,lemon,27,0.0027032438926712053
1735,chorizo | garlic,2,chorizo,garlic,27,0.0027032438926712053
1736,coriander leaves | green chilli,2,coriander leaves,green chilli,27,0.0027032438926712053
1737,coriander leaves | ground coriander,2,coriander leaves,ground coriander,27,0.0027032438926712053
1738,couscous | olive oil,2,couscous,olive oil,27,0.0027032438926712053
1739,cumin | garlic,2,cumin,garlic,27,0.0027032438926712053
1740,desiccated coconut | eggs,2,desiccated coconut,eggs,27,0.0027032438926712053
1741,dijon mustard | dill,2,dijon mustard,dill,27,0.0027032438926712053
1742,double cream | ground almonds,2,double cream,ground almonds,27,0.0027032438926712053
1743,double cream | onions,2,double cream,onions,27,0.0027032438926712053
1744,double cream | sunflower oil,2,double cream,sunflower oil,27,0.0027032438926712053
1745,dried oregano | lemon,2,dried oregano,lemon,27,0.0027032438926712053
1746,dried oregano | plain flour,2,dried oregano,plain flour,27,0.0027032438926712053
1747,egg | eggs,2,egg,eggs,27,0.0027032438926712053
1748,egg | orange,2,egg,orange,27,0.0027032438926712053
1749,eggs | juice,2,eggs,juice,27,0.0027032438926712053
1750,eggs | salt,2,eggs,salt,27,0.0027032438926712053
1751,extra virgin olive oil | mint,2,extra virgin olive oil,mint,27,0.0027032438926712053
1752,fish sauce | limes,2,fish sauce,limes,27,0.0027032438926712053
1753,flatbreads | garlic,2,flatbreads,garlic,27,0.0027032438926712053
1754,garlic granules | olive oil,2,garlic granules,olive oil,27,0.0027032438926712053
1755,garlic | gruyère,2,garlic,gruyère,27,0.0027032438926712053
1756,garlic | sage,2,garlic,sage,27,0.0027032438926712053
1757,garlic | strong white bread flour,2,garlic,strong white bread flour,27,0.0027032438926712053
1758,ginger | natural yogurt,2,ginger,natural yogurt,27,0.0027032438926712053
1759,golden caster sugar | pistachios,2,golden caster sugar,pistachios,27,0.0027032438926712053
1760,granulated sugar | plain flour,2,granulated sugar,plain flour,27,0.0027032438926712053
1761,ground cinnamon | onions,2,ground cinnamon,onions,27,0.0027032438926712053
1762,ground cinnamon | raisins,2,ground cinnamon,raisins,27,0.0027032438926712053
1763,ground coriander | red pepper,2,ground coriander,red pepper,27,0.0027032438926712053
1764,ground cumin | pomegranate seeds,2,ground cumin,pomegranate seeds,27,0.0027032438926712053
1765,halloumi | olive oil,2,halloumi,olive oil,27,0.0027032438926712053
1766,lamb mince | olive oil,2,lamb mince,olive oil,27,0.0027032438926712053
1767,leek | onion,2,leek,onion,27,0.0027032438926712053
1768,leeks | lemon,2,leeks,lemon,27,0.0027032438926712053
1769,lemon | red wine vinegar,2,lemon,red wine vinegar,27,0.0027032438926712053
1770,lemons | self-raising flour,2,lemons,self-raising flour,27,0.0027032438926712053
1771,lime | plain flour,2,lime,plain flour,27,0.0027032438926712053
1772,lime | tomatoes,2,lime,tomatoes,27,0.0027032438926712053
1773,milk | onions,2,milk,onions,27,0.0027032438926712053
1774,mint leaves | vegetable oil,2,mint leaves,vegetable oil,27,0.0027032438926712053
1775,mint | red onion,2,mint,red onion,27,0.0027032438926712053
1776,mixed dried fruit | orange,2,mixed dried fruit,orange,27,0.0027032438926712053
1777,natural yogurt | red onion,2,natural yogurt,red onion,27,0.0027032438926712053
1778,olive oil | radishes,2,olive oil,radishes,27,0.0027032438926712053
1779,olive oil | risotto rice,2,olive oil,risotto rice,27,0.0027032438926712053
1780,olive oil | sumac,2,olive oil,sumac,27,0.0027032438926712053
1781,onion | tomato,2,onion,tomato,27,0.0027032438926712053
1782,onions | sugar,2,onions,sugar,27,0.0027032438926712053
1783,parmesan | risotto rice,2,parmesan,risotto rice,27,0.0027032438926712053
1784,plain flour | semi-skimmed milk,2,plain flour,semi-skimmed milk,27,0.0027032438926712053
1785,rapeseed oil | rocket,2,rapeseed oil,rocket,27,0.0027032438926712053
1786,rapeseed oil | thyme leaves,2,rapeseed oil,thyme leaves,27,0.0027032438926712053
1787,red chilli | tomato purée,2,red chilli,tomato purée,27,0.0027032438926712053
1788,red wine vinegar | sugar,2,red wine vinegar,sugar,27,0.0027032438926712053
1789,spring onions | tomatoes,2,spring onions,tomatoes,27,0.0027032438926712053
1790,almond extract | ground almonds,2,almond extract,ground almonds,26,0.002603123748498198
1791,aubergine | rapeseed oil,2,aubergine,rapeseed oil,26,0.002603123748498198
1792,baking powder | olive oil,2,baking powder,olive oil,26,0.002603123748498198
1793,baking powder | rapeseed oil,2,baking powder,rapeseed oil,26,0.002603123748498198
1794,basil leaves | mozzarella,2,basil leaves,mozzarella,26,0.002603123748498198
1795,bay leaves | dried oregano,2,bay leaves,dried oregano,26,0.002603123748498198
1796,bay leaves | white wine,2,bay leaves,white wine,26,0.002603123748498198
1797,beetroot | olive oil,2,beetroot,olive oil,26,0.002603123748498198
1798,bicarbonate of soda | salted butter,2,bicarbonate of soda,salted butter,26,0.002603123748498198
1799,black mustard seeds | garlic,2,black mustard seeds,garlic,26,0.002603123748498198
1800,brandy | butter,2,brandy,butter,26,0.002603123748498198
1801,butter | dill,2,butter,dill,26,0.002603123748498198
1802,butter | milk chocolate,2,butter,milk chocolate,26,0.002603123748498198
1803,butter | soft cheese,2,butter,soft cheese,26,0.002603123748498198
1804,butter | strawberries,2,butter,strawberries,26,0.002603123748498198
1805,butter | white wine vinegar,2,butter,white wine vinegar,26,0.002603123748498198
1806,buttermilk | icing sugar,2,buttermilk,icing sugar,26,0.002603123748498198
1807,buttermilk | vanilla extract,2,buttermilk,vanilla extract,26,0.002603123748498198
1808,butternut squash | onion,2,butternut squash,onion,26,0.002603123748498198
1809,carrots | cumin seeds,2,carrots,cumin seeds,26,0.002603123748498198
1810,caster sugar | chilli flakes,2,caster sugar,chilli flakes,26,0.002603123748498198
1811,caster sugar | salt,2,caster sugar,salt,26,0.002603123748498198
1812,cayenne pepper | ground cumin,2,cayenne pepper,ground cumin,26,0.002603123748498198
1813,cayenne pepper | lemon,2,cayenne pepper,lemon,26,0.002603123748498198
1814,celery | vegetable oil,2,celery,vegetable oil,26,0.002603123748498198
1815,chestnuts | garlic,2,chestnuts,garlic,26,0.002603123748498198
1816,chicken stock | soy sauce,2,chicken stock,soy sauce,26,0.002603123748498198
1817,chicken stock | spring onions,2,chicken stock,spring onions,26,0.002603123748498198
1818,chickpeas | smoked paprika,2,chickpeas,smoked paprika,26,0.002603123748498198
1819,chickpeas | tomatoes,2,chickpeas,tomatoes,26,0.002603123748498198
1820,chilli flakes | soy sauce,2,chilli flakes,soy sauce,26,0.002603123748498198
1821,chopped tomatoes | ground cinnamon,2,chopped tomatoes,ground cinnamon,26,0.002603123748498198
1822,chorizo | olive oil,2,chorizo,olive oil,26,0.002603123748498198
1823,coriander leaves | onions,2,coriander leaves,onions,26,0.002603123748498198
1824,coriander | curry powder,2,coriander,curry powder,26,0.002603123748498198
1825,coriander | red onions,2,coriander,red onions,26,0.002603123748498198
1826,coriander | soured cream,2,coriander,soured cream,26,0.002603123748498198
1827,coriander | sugar,2,coriander,sugar,26,0.002603123748498198
1828,coriander | vegetable stock,2,coriander,vegetable stock,26,0.002603123748498198
1829,cornflour | red chilli,2,cornflour,red chilli,26,0.002603123748498198
1830,courgette | lemon,2,courgette,lemon,26,0.002603123748498198
1831,cream cheese | eggs,2,cream cheese,eggs,26,0.002603123748498198
1832,crusty bread | onion,2,crusty bread,onion,26,0.002603123748498198
1833,cucumber | sesame oil,2,cucumber,sesame oil,26,0.002603123748498198
1834,cumin seeds | extra virgin olive oil,2,cumin seeds,extra virgin olive oil,26,0.002603123748498198
1835,curry leaves | garlic,2,curry leaves,garlic,26,0.002603123748498198
1836,dark soy sauce | sesame oil,2,dark soy sauce,sesame oil,26,0.002603123748498198
1837,dijon mustard | onion,2,dijon mustard,onion,26,0.002603123748498198
1838,dijon mustard | red onion,2,dijon mustard,red onion,26,0.002603123748498198
1839,dijon mustard | vegetable oil,2,dijon mustard,vegetable oil,26,0.002603123748498198
1840,dill | plain flour,2,dill,plain flour,26,0.002603123748498198
1841,double cream | golden syrup,2,double cream,golden syrup,26,0.002603123748498198
1842,double cream | lemon juice,2,double cream,lemon juice,26,0.002603123748498198
1843,dried oregano | red wine vinegar,2,dried oregano,red wine vinegar,26,0.002603123748498198
1844,egg yolk | garlic,2,egg yolk,garlic,26,0.002603123748498198
1845,egg | feta,2,egg,feta,26,0.002603123748498198
1846,eggs | full-fat cream cheese,2,eggs,full-fat cream cheese,26,0.002603123748498198
1847,eggs | raisins,2,eggs,raisins,26,0.002603123748498198
1848,eggs | sesame seeds,2,eggs,sesame seeds,26,0.002603123748498198
1849,eggs | spinach,2,eggs,spinach,26,0.002603123748498198
1850,eggs | tomato purée,2,eggs,tomato purée,26,0.002603123748498198
1851,english mustard | plain flour,2,english mustard,plain flour,26,0.002603123748498198
1852,extra virgin olive oil | plain flour,2,extra virgin olive oil,plain flour,26,0.002603123748498198
1853,feta | mint,2,feta,mint,26,0.002603123748498198
1854,flaked almonds | ground cinnamon,2,flaked almonds,ground cinnamon,26,0.002603123748498198
1855,garlic | mango chutney,2,garlic,mango chutney,26,0.002603123748498198
1856,garlic | pumpkin seeds,2,garlic,pumpkin seeds,26,0.002603123748498198
1857,garlic | red lentils,2,garlic,red lentils,26,0.002603123748498198
1858,golden caster sugar | mascarpone,2,golden caster sugar,mascarpone,26,0.002603123748498198
1859,golden caster sugar | milk chocolate,2,golden caster sugar,milk chocolate,26,0.002603123748498198
1860,green chilli | vegetable oil,2,green chilli,vegetable oil,26,0.002603123748498198
1861,ground cinnamon | honey,2,ground cinnamon,honey,26,0.002603123748498198
1862,ground turmeric | olive oil,2,ground turmeric,olive oil,26,0.002603123748498198
1863,gruyère | plain flour,2,gruyère,plain flour,26,0.002603123748498198
1864,harissa | olive oil,2,harissa,olive oil,26,0.002603123748498198
1865,ice | lemon,2,ice,lemon,26,0.002603123748498198
1866,icing sugar | light muscovado sugar,2,icing sugar,light muscovado sugar,26,0.002603123748498198
1867,light brown soft sugar | olive oil,2,light brown soft sugar,olive oil,26,0.002603123748498198
1868,light brown soft sugar | white chocolate,2,light brown soft sugar,white chocolate,26,0.002603123748498198
1869,lime | mayonnaise,2,lime,mayonnaise,26,0.002603123748498198
1870,lime | mint leaves,2,lime,mint leaves,26,0.002603123748498198
1871,limes | vegetable oil,2,limes,vegetable oil,26,0.002603123748498198
1872,milk | potatoes,2,milk,potatoes,26,0.002603123748498198
1873,milk | sugar,2,milk,sugar,26,0.002603123748498198
1874,plain flour | sesame seeds,2,plain flour,sesame seeds,26,0.002603123748498198
1875,red pepper | vegetable oil,2,red pepper,vegetable oil,26,0.002603123748498198
1876,rice wine vinegar | spring onions,2,rice wine vinegar,spring onions,26,0.002603123748498198
1877,self-raising flour | white chocolate,2,self-raising flour,white chocolate,26,0.002603123748498198
1878,smoked paprika | soured cream,2,smoked paprika,soured cream,26,0.002603123748498198
1879,soured cream | vegetable oil,2,soured cream,vegetable oil,26,0.002603123748498198
1880,almond extract | golden caster sugar,2,almond extract,golden caster sugar,25,0.0025030036043251903
1881,apricot jam | plain flour,2,apricot jam,plain flour,25,0.0025030036043251903
1882,avocado | rapeseed oil,2,avocado,rapeseed oil,25,0.0025030036043251903
1883,avocados | coriander,2,avocados,coriander,25,0.0025030036043251903
1884,balsamic vinegar | tomato purée,2,balsamic vinegar,tomato purée,25,0.0025030036043251903
1885,bay leaves | red wine vinegar,2,bay leaves,red wine vinegar,25,0.0025030036043251903
1886,bay leaves | sunflower oil,2,bay leaves,sunflower oil,25,0.0025030036043251903
1887,black beans | rapeseed oil,2,black beans,rapeseed oil,25,0.0025030036043251903
1888,butter | chopped tomatoes,2,butter,chopped tomatoes,25,0.0025030036043251903
1889,butter | cream cheese,2,butter,cream cheese,25,0.0025030036043251903
1890,butter | english mustard powder,2,butter,english mustard powder,25,0.0025030036043251903
1891,butter | filo pastry,2,butter,filo pastry,25,0.0025030036043251903
1892,butter | flat-leaf parsley,2,butter,flat-leaf parsley,25,0.0025030036043251903
1893,butter | star anise,2,butter,star anise,25,0.0025030036043251903
1894,capers | rapeseed oil,2,capers,rapeseed oil,25,0.0025030036043251903
1895,carrot | sesame seeds,2,carrot,sesame seeds,25,0.0025030036043251903
1896,carrots | rosemary,2,carrots,rosemary,25,0.0025030036043251903
1897,carrots | thyme leaves,2,carrots,thyme leaves,25,0.0025030036043251903
1898,caster sugar | desiccated coconut,2,caster sugar,desiccated coconut,25,0.0025030036043251903
1899,cauliflower | coriander,2,cauliflower,coriander,25,0.0025030036043251903
1900,cayenne pepper | onion,2,cayenne pepper,onion,25,0.0025030036043251903
1901,cherry tomatoes | tomato purée,2,cherry tomatoes,tomato purée,25,0.0025030036043251903
1902,chicken stock | chopped tomatoes,2,chicken stock,chopped tomatoes,25,0.0025030036043251903
1903,chicken | garlic,2,chicken,garlic,25,0.0025030036043251903
1904,chilli flakes | fennel seeds,2,chilli flakes,fennel seeds,25,0.0025030036043251903
1905,chinese five-spice powder | garlic,2,chinese five-spice powder,garlic,25,0.0025030036043251903
1906,chinese five-spice powder | spring onions,2,chinese five-spice powder,spring onions,25,0.0025030036043251903
1907,chives | mayonnaise,2,chives,mayonnaise,25,0.0025030036043251903
1908,chives | onion,2,chives,onion,25,0.0025030036043251903
1909,chopped tomatoes | cinnamon,2,chopped tomatoes,cinnamon,25,0.0025030036043251903
1910,chopped tomatoes | plain flour,2,chopped tomatoes,plain flour,25,0.0025030036043251903
1911,cinnamon | lemon,2,cinnamon,lemon,25,0.0025030036043251903
1912,cloves | ginger,2,cloves,ginger,25,0.0025030036043251903
1913,coconut milk | coriander leaves,2,coconut milk,coriander leaves,25,0.0025030036043251903
1914,coconut milk | lemongrass,2,coconut milk,lemongrass,25,0.0025030036043251903
1915,cold butter | golden caster sugar,2,cold butter,golden caster sugar,25,0.0025030036043251903
1916,coriander leaves | mint leaves,2,coriander leaves,mint leaves,25,0.0025030036043251903
1917,coriander leaves | sunflower oil,2,coriander leaves,sunflower oil,25,0.0025030036043251903
1918,coriander | coriander seeds,2,coriander,coriander seeds,25,0.0025030036043251903
1919,coriander | mayonnaise,2,coriander,mayonnaise,25,0.0025030036043251903
1920,cumin seeds | garam masala,2,cumin seeds,garam masala,25,0.0025030036043251903
1921,cumin seeds | mint,2,cumin seeds,mint,25,0.0025030036043251903
1922,dark chocolate | ground cinnamon,2,dark chocolate,ground cinnamon,25,0.0025030036043251903
1923,dark chocolate | whole milk,2,dark chocolate,whole milk,25,0.0025030036043251903
1924,dark soy sauce | light soy sauce,2,dark soy sauce,light soy sauce,25,0.0025030036043251903
1925,demerara sugar | plain flour,2,demerara sugar,plain flour,25,0.0025030036043251903
1926,desiccated coconut | icing sugar,2,desiccated coconut,icing sugar,25,0.0025030036043251903
1927,dijon mustard | double cream,2,dijon mustard,double cream,25,0.0025030036043251903
1928,double cream | gelatine,2,double cream,gelatine,25,0.0025030036043251903
1929,double cream | vanilla pod,2,double cream,vanilla pod,25,0.0025030036043251903
1930,egg yolk | eggs,2,egg yolk,eggs,25,0.0025030036043251903
1931,egg yolk | olive oil,2,egg yolk,olive oil,25,0.0025030036043251903
1932,egg | ready-rolled puff pastry,2,egg,ready-rolled puff pastry,25,0.0025030036043251903
1933,eggs | ground cumin,2,eggs,ground cumin,25,0.0025030036043251903
1934,eggs | semi-skimmed milk,2,eggs,semi-skimmed milk,25,0.0025030036043251903
1935,extra virgin olive oil | smoked paprika,2,extra virgin olive oil,smoked paprika,25,0.0025030036043251903
1936,feta | onion,2,feta,onion,25,0.0025030036043251903
1937,flour | milk,2,flour,milk,25,0.0025030036043251903
1938,floury potatoes | olive oil,2,floury potatoes,olive oil,25,0.0025030036043251903
1939,garam masala | green chilli,2,garam masala,green chilli,25,0.0025030036043251903
1940,garlic | harissa,2,garlic,harissa,25,0.0025030036043251903
1941,garlic | hazelnuts,2,garlic,hazelnuts,25,0.0025030036043251903
1942,garlic | mild chilli powder,2,garlic,mild chilli powder,25,0.0025030036043251903
1943,ginger | spring onion,2,ginger,spring onion,25,0.0025030036043251903
1944,golden caster sugar | honey,2,golden caster sugar,honey,25,0.0025030036043251903
1945,golden caster sugar | juice,2,golden caster sugar,juice,25,0.0025030036043251903
1946,golden caster sugar | onion,2,golden caster sugar,onion,25,0.0025030036043251903
1947,golden caster sugar | raspberries,2,golden caster sugar,raspberries,25,0.0025030036043251903
1948,golden caster sugar | spring onions,2,golden caster sugar,spring onions,25,0.0025030036043251903
1949,golden caster sugar | vanilla pod,2,golden caster sugar,vanilla pod,25,0.0025030036043251903
1950,greek yogurt | ground cumin,2,greek yogurt,ground cumin,25,0.0025030036043251903
1951,green beans | olive oil,2,green beans,olive oil,25,0.0025030036043251903
1952,green chilli | ground coriander,2,green chilli,ground coriander,25,0.0025030036043251903
1953,ground cinnamon | tomato purée,2,ground cinnamon,tomato purée,25,0.0025030036043251903
1954,ground coriander | mint leaves,2,ground coriander,mint leaves,25,0.0025030036043251903
1955,ground cumin | mint,2,ground cumin,mint,25,0.0025030036043251903
1956,ground ginger | mixed spice,2,ground ginger,mixed spice,25,0.0025030036043251903
1957,ground turmeric | red chilli,2,ground turmeric,red chilli,25,0.0025030036043251903
1958,icing sugar | lemon curd,2,icing sugar,lemon curd,25,0.0025030036043251903
1959,icing sugar | lemons,2,icing sugar,lemons,25,0.0025030036043251903
1960,icing sugar | marzipan,2,icing sugar,marzipan,25,0.0025030036043251903
1961,icing sugar | slightly salted butter,2,icing sugar,slightly salted butter,25,0.0025030036043251903
1962,icing sugar | soft cheese,2,icing sugar,soft cheese,25,0.0025030036043251903
1963,lemon | mascarpone,2,lemon,mascarpone,25,0.0025030036043251903
1964,lemon | shallot,2,lemon,shallot,25,0.0025030036043251903
1965,lemon | sugar,2,lemon,sugar,25,0.0025030036043251903
1966,lemon | vanilla bean paste,2,lemon,vanilla bean paste,25,0.0025030036043251903
1967,lemon | walnuts,2,lemon,walnuts,25,0.0025030036043251903
1968,light brown soft sugar | whole milk,2,light brown soft sugar,whole milk,25,0.0025030036043251903
1969,light soy sauce | vegetable oil,2,light soy sauce,vegetable oil,25,0.0025030036043251903
1970,mascarpone | plain flour,2,mascarpone,plain flour,25,0.0025030036043251903
1971,milk | tomato purée,2,milk,tomato purée,25,0.0025030036043251903
1972,olive oil | orange,2,olive oil,orange,25,0.0025030036043251903
1973,olive oil | panko breadcrumbs,2,olive oil,panko breadcrumbs,25,0.0025030036043251903
1974,olive oil | sage,2,olive oil,sage,25,0.0025030036043251903
1975,olive oil | sweetcorn,2,olive oil,sweetcorn,25,0.0025030036043251903
1976,olive oil | tomato,2,olive oil,tomato,25,0.0025030036043251903
1977,onion | sage leaves,2,onion,sage leaves,25,0.0025030036043251903
1978,orange | sultanas,2,orange,sultanas,25,0.0025030036043251903
1979,parmesan | vegetable oil,2,parmesan,vegetable oil,25,0.0025030036043251903
1980,parmesan | vegetable stock,2,parmesan,vegetable stock,25,0.0025030036043251903
1981,plain flour | tomatoes,2,plain flour,tomatoes,25,0.0025030036043251903
1982,plain flour | white wine vinegar,2,plain flour,white wine vinegar,25,0.0025030036043251903
1983,potatoes | tomato purée,2,potatoes,tomato purée,25,0.0025030036043251903
1984,slightly salted butter | vanilla extract,2,slightly salted butter,vanilla extract,25,0.0025030036043251903
1985,thyme | unsalted butter,2,thyme,unsalted butter,25,0.0025030036043251903
1986,tomatoes | vegetable bouillon powder,2,tomatoes,vegetable bouillon powder,25,0.0025030036043251903
1987,baby spinach leaves | garlic,2,baby spinach leaves,garlic,24,0.0024028834601521826
1988,baby spinach | eggs,2,baby spinach,eggs,24,0.0024028834601521826
1989,balsamic vinegar | butter,2,balsamic vinegar,butter,24,0.0024028834601521826
1990,basil leaves | red onion,2,basil leaves,red onion,24,0.0024028834601521826
1991,bay leaves | cinnamon,2,bay leaves,cinnamon,24,0.0024028834601521826
1992,beef stock | sunflower oil,2,beef stock,sunflower oil,24,0.0024028834601521826
1993,black peppercorns | onion,2,black peppercorns,onion,24,0.0024028834601521826
1994,broccoli | olive oil,2,broccoli,olive oil,24,0.0024028834601521826
1995,brown basmati rice | ginger,2,brown basmati rice,ginger,24,0.0024028834601521826
1996,butter | floury potatoes,2,butter,floury potatoes,24,0.0024028834601521826
1997,butter | raspberries,2,butter,raspberries,24,0.0024028834601521826
1998,butter | walnuts,2,butter,walnuts,24,0.0024028834601521826
1999,carrot | egg,2,carrot,egg,24,0.0024028834601521826
2000,carrot | red chilli,2,carrot,red chilli,24,0.0024028834601521826
2001,carrots | leeks,2,carrots,leeks,24,0.0024028834601521826
2002,carrots | lime,2,carrots,lime,24,0.0024028834601521826
2003,carrots | milk,2,carrots,milk,24,0.0024028834601521826
2004,carrots | red chilli,2,carrots,red chilli,24,0.0024028834601521826
2005,caster sugar | flaked almonds,2,caster sugar,flaked almonds,24,0.0024028834601521826
2006,cauliflower | lemon,2,cauliflower,lemon,24,0.0024028834601521826
2007,cauliflower | onion,2,cauliflower,onion,24,0.0024028834601521826
2008,celery | red onion,2,celery,red onion,24,0.0024028834601521826
2009,chestnut mushrooms | plain flour,2,chestnut mushrooms,plain flour,24,0.0024028834601521826
2010,chickpeas | tahini,2,chickpeas,tahini,24,0.0024028834601521826
2011,chilli flakes | coriander seeds,2,chilli flakes,coriander seeds,24,0.0024028834601521826
2012,chilli flakes | egg,2,chilli flakes,egg,24,0.0024028834601521826
2013,chilli flakes | feta,2,chilli flakes,feta,24,0.0024028834601521826
2014,chilli powder | olive oil,2,chilli powder,olive oil,24,0.0024028834601521826
2015,chilli powder | turmeric,2,chilli powder,turmeric,24,0.0024028834601521826
2016,chopped tomatoes | mozzarella,2,chopped tomatoes,mozzarella,24,0.0024028834601521826
2017,cinnamon | honey,2,cinnamon,honey,24,0.0024028834601521826
2018,cinnamon | light brown soft sugar,2,cinnamon,light brown soft sugar,24,0.0024028834601521826
2019,cinnamon | maple syrup,2,cinnamon,maple syrup,24,0.0024028834601521826
2020,cinnamon | rapeseed oil,2,cinnamon,rapeseed oil,24,0.0024028834601521826
2021,cinnamon | unsalted butter,2,cinnamon,unsalted butter,24,0.0024028834601521826
2022,coconut milk | onions,2,coconut milk,onions,24,0.0024028834601521826
2023,condensed milk | double cream,2,condensed milk,double cream,24,0.0024028834601521826
2024,coriander | parsley,2,coriander,parsley,24,0.0024028834601521826
2025,cornflour | rapeseed oil,2,cornflour,rapeseed oil,24,0.0024028834601521826
2026,cream cheese | icing sugar,2,cream cheese,icing sugar,24,0.0024028834601521826
2027,crème fraîche | double cream,2,crème fraîche,double cream,24,0.0024028834601521826
2028,cucumber | greek yogurt,2,cucumber,greek yogurt,24,0.0024028834601521826
2029,curry powder | vegetable oil,2,curry powder,vegetable oil,24,0.0024028834601521826
2030,dark muscovado sugar | plain flour,2,dark muscovado sugar,plain flour,24,0.0024028834601521826
2031,digestive biscuits | icing sugar,2,digestive biscuits,icing sugar,24,0.0024028834601521826
2032,dill | mint,2,dill,mint,24,0.0024028834601521826
2033,double cream | maple syrup,2,double cream,maple syrup,24,0.0024028834601521826
2034,double cream | milk chocolate,2,double cream,milk chocolate,24,0.0024028834601521826
2035,dried oregano | parsley,2,dried oregano,parsley,24,0.0024028834601521826
2036,dry white wine | garlic,2,dry white wine,garlic,24,0.0024028834601521826
2037,egg | ground almonds,2,egg,ground almonds,24,0.0024028834601521826
2038,eggs | leeks,2,eggs,leeks,24,0.0024028834601521826
2039,eggs | lemon juice,2,eggs,lemon juice,24,0.0024028834601521826
2040,eggs | milk chocolate,2,eggs,milk chocolate,24,0.0024028834601521826
2041,eggs | thyme leaves,2,eggs,thyme leaves,24,0.0024028834601521826
2042,extra virgin olive oil | juice,2,extra virgin olive oil,juice,24,0.0024028834601521826
2043,extra virgin olive oil | lemon juice,2,extra virgin olive oil,lemon juice,24,0.0024028834601521826
2044,extra virgin olive oil | sherry vinegar,2,extra virgin olive oil,sherry vinegar,24,0.0024028834601521826
2045,fennel seeds | parmesan,2,fennel seeds,parmesan,24,0.0024028834601521826
2046,fennel seeds | parsley,2,fennel seeds,parsley,24,0.0024028834601521826
2047,feta | ground cumin,2,feta,ground cumin,24,0.0024028834601521826
2048,feta | honey,2,feta,honey,24,0.0024028834601521826
2049,feta | rapeseed oil,2,feta,rapeseed oil,24,0.0024028834601521826
2050,frozen peas | vegetable oil,2,frozen peas,vegetable oil,24,0.0024028834601521826
2051,garam masala | onions,2,garam masala,onions,24,0.0024028834601521826
2052,garlic | hot chilli powder,2,garlic,hot chilli powder,24,0.0024028834601521826
2053,garlic | pitted green olives,2,garlic,pitted green olives,24,0.0024028834601521826
2054,garlic | quinoa,2,garlic,quinoa,24,0.0024028834601521826
2055,garlic | self-raising flour,2,garlic,self-raising flour,24,0.0024028834601521826
2056,ginger | light brown soft sugar,2,ginger,light brown soft sugar,24,0.0024028834601521826
2057,ginger | red onions,2,ginger,red onions,24,0.0024028834601521826
2058,ginger | vegetable bouillon powder,2,ginger,vegetable bouillon powder,24,0.0024028834601521826
2059,golden caster sugar | golden syrup,2,golden caster sugar,golden syrup,24,0.0024028834601521826
2060,golden syrup | light brown soft sugar,2,golden syrup,light brown soft sugar,24,0.0024028834601521826
2061,greek yogurt | mint leaves,2,greek yogurt,mint leaves,24,0.0024028834601521826
2062,green chilli | red onion,2,green chilli,red onion,24,0.0024028834601521826
2063,ground cinnamon | whole milk,2,ground cinnamon,whole milk,24,0.0024028834601521826
2064,ground cumin | limes,2,ground cumin,limes,24,0.0024028834601521826
2065,ground cumin | paprika,2,ground cumin,paprika,24,0.0024028834601521826
2066,ground cumin | soured cream,2,ground cumin,soured cream,24,0.0024028834601521826
2067,ground cumin | sweet potatoes,2,ground cumin,sweet potatoes,24,0.0024028834601521826
2068,ground cumin | tahini,2,ground cumin,tahini,24,0.0024028834601521826
2069,ground turmeric | sunflower oil,2,ground turmeric,sunflower oil,24,0.0024028834601521826
2070,ground turmeric | tomato purée,2,ground turmeric,tomato purée,24,0.0024028834601521826
2071,icing sugar | strong white bread flour,2,icing sugar,strong white bread flour,24,0.0024028834601521826
2072,juice | vegetable oil,2,juice,vegetable oil,24,0.0024028834601521826
2073,light muscovado sugar | unsalted butter,2,light muscovado sugar,unsalted butter,24,0.0024028834601521826
2074,lime | red pepper,2,lime,red pepper,24,0.0024028834601521826
2075,lime | tomato purée,2,lime,tomato purée,24,0.0024028834601521826
2076,limes | red onion,2,limes,red onion,24,0.0024028834601521826
2077,mayonnaise | soured cream,2,mayonnaise,soured cream,24,0.0024028834601521826
2078,milk chocolate | plain flour,2,milk chocolate,plain flour,24,0.0024028834601521826
2079,milk chocolate | unsalted butter,2,milk chocolate,unsalted butter,24,0.0024028834601521826
2080,milk | salt,2,milk,salt,24,0.0024028834601521826
2081,mixed spice | unsalted butter,2,mixed spice,unsalted butter,24,0.0024028834601521826
2082,mixed spice | vanilla extract,2,mixed spice,vanilla extract,24,0.0024028834601521826
2083,olive oil | ras el hanout,2,olive oil,ras el hanout,24,0.0024028834601521826
2084,parsley | wholegrain mustard,2,parsley,wholegrain mustard,24,0.0024028834601521826
2085,plain flour | vegetable stock,2,plain flour,vegetable stock,24,0.0024028834601521826
2086,plain flour | white caster sugar,2,plain flour,white caster sugar,24,0.0024028834601521826
2087,red onion | rocket,2,red onion,rocket,24,0.0024028834601521826
2088,red onion | tomato,2,red onion,tomato,24,0.0024028834601521826
2089,red pepper | yellow pepper,2,red pepper,yellow pepper,24,0.0024028834601521826
2090,red wine vinegar | tomatoes,2,red wine vinegar,tomatoes,24,0.0024028834601521826
2091,rice vinegar | vegetable oil,2,rice vinegar,vegetable oil,24,0.0024028834601521826
2092,smoked paprika | sunflower oil,2,smoked paprika,sunflower oil,24,0.0024028834601521826
2093,sugar | tomato purée,2,sugar,tomato purée,24,0.0024028834601521826
2094,vanilla extract | white caster sugar,2,vanilla extract,white caster sugar,24,0.0024028834601521826
2095,vegetable oil | white wine vinegar,2,vegetable oil,white wine vinegar,24,0.0024028834601521826
2096,aubergine | red onion,2,aubergine,red onion,23,0.002302763315979175
2097,avocados | garlic,2,avocados,garlic,23,0.002302763315979175
2098,baby spinach | ginger,2,baby spinach,ginger,23,0.002302763315979175
2099,baby spinach | lemon,2,baby spinach,lemon,23,0.002302763315979175
2100,baking powder | granulated sugar,2,baking powder,granulated sugar,23,0.002302763315979175
2101,baking powder | greek yogurt,2,baking powder,greek yogurt,23,0.002302763315979175
2102,baking powder | salt,2,baking powder,salt,23,0.002302763315979175
2103,baking powder | soured cream,2,baking powder,soured cream,23,0.002302763315979175
2104,basil leaves | chopped tomatoes,2,basil leaves,chopped tomatoes,23,0.002302763315979175
2105,basmati rice | butter,2,basmati rice,butter,23,0.002302763315979175
2106,bay leaf | carrots,2,bay leaf,carrots,23,0.002302763315979175
2107,black peppercorns | ginger,2,black peppercorns,ginger,23,0.002302763315979175
2108,"boneless, skinless chicken thighs | garlic",2,"boneless, skinless chicken thighs",garlic,23,0.002302763315979175
2109,butter | butternut squash,2,butter,butternut squash,23,0.002302763315979175
2110,butter | capers,2,butter,capers,23,0.002302763315979175
2111,butter | chilli flakes,2,butter,chilli flakes,23,0.002302763315979175
2112,butter | greek yogurt,2,butter,greek yogurt,23,0.002302763315979175
2113,butter | ground coriander,2,butter,ground coriander,23,0.002302763315979175
2114,butter | juice,2,butter,juice,23,0.002302763315979175
2115,butter | mint leaves,2,butter,mint leaves,23,0.002302763315979175
2116,butter | red chilli,2,butter,red chilli,23,0.002302763315979175
2117,butter | semi-skimmed milk,2,butter,semi-skimmed milk,23,0.002302763315979175
2118,capers | eggs,2,capers,eggs,23,0.002302763315979175
2119,cardamom pods | cloves,2,cardamom pods,cloves,23,0.002302763315979175
2120,cardamom pods | onion,2,cardamom pods,onion,23,0.002302763315979175
2121,carrot | parmesan,2,carrot,parmesan,23,0.002302763315979175
2122,caster sugar | egg yolk,2,caster sugar,egg yolk,23,0.002302763315979175
2123,caster sugar | red onion,2,caster sugar,red onion,23,0.002302763315979175
2124,caster sugar | red wine vinegar,2,caster sugar,red wine vinegar,23,0.002302763315979175
2125,cauliflower | plain flour,2,cauliflower,plain flour,23,0.002302763315979175
2126,cauliflower | red onion,2,cauliflower,red onion,23,0.002302763315979175
2127,cheddar | eggs,2,cheddar,eggs,23,0.002302763315979175
2128,chicken breasts | plain flour,2,chicken breasts,plain flour,23,0.002302763315979175
2129,chicken stock | ground cumin,2,chicken stock,ground cumin,23,0.002302763315979175
2130,chickpeas | onions,2,chickpeas,onions,23,0.002302763315979175
2131,chilli flakes | cumin seeds,2,chilli flakes,cumin seeds,23,0.002302763315979175
2132,chilli flakes | plain flour,2,chilli flakes,plain flour,23,0.002302763315979175
2133,chilli flakes | red wine vinegar,2,chilli flakes,red wine vinegar,23,0.002302763315979175
2134,chives | dijon mustard,2,chives,dijon mustard,23,0.002302763315979175
2135,chives | parsley,2,chives,parsley,23,0.002302763315979175
2136,chives | spring onions,2,chives,spring onions,23,0.002302763315979175
2137,chopped tomatoes | garam masala,2,chopped tomatoes,garam masala,23,0.002302763315979175
2138,chopped tomatoes | lime,2,chopped tomatoes,lime,23,0.002302763315979175
2139,chopped tomatoes | red wine,2,chopped tomatoes,red wine,23,0.002302763315979175
2140,cinnamon | double cream,2,cinnamon,double cream,23,0.002302763315979175
2141,cocoa | eggs,2,cocoa,eggs,23,0.002302763315979175
2142,coconut oil | garlic,2,coconut oil,garlic,23,0.002302763315979175
2143,coriander leaves | tomato purée,2,coriander leaves,tomato purée,23,0.002302763315979175
2144,coriander seeds | onion,2,coriander seeds,onion,23,0.002302763315979175
2145,cumin seeds | vegetable bouillon powder,2,cumin seeds,vegetable bouillon powder,23,0.002302763315979175
2146,dark chocolate | egg yolks,2,dark chocolate,egg yolks,23,0.002302763315979175
2147,dark chocolate | orange,2,dark chocolate,orange,23,0.002302763315979175
2148,dark muscovado sugar | ground cinnamon,2,dark muscovado sugar,ground cinnamon,23,0.002302763315979175
2149,dark muscovado sugar | ground ginger,2,dark muscovado sugar,ground ginger,23,0.002302763315979175
2150,desiccated coconut | self-raising flour,2,desiccated coconut,self-raising flour,23,0.002302763315979175
2151,desiccated coconut | vanilla extract,2,desiccated coconut,vanilla extract,23,0.002302763315979175
2152,dried oregano | ground coriander,2,dried oregano,ground coriander,23,0.002302763315979175
2153,dried porcini mushrooms | olive oil,2,dried porcini mushrooms,olive oil,23,0.002302763315979175
2154,dry white wine | olive oil,2,dry white wine,olive oil,23,0.002302763315979175
2155,egg whites | unsalted butter,2,egg whites,unsalted butter,23,0.002302763315979175
2156,egg yolk | lemon,2,egg yolk,lemon,23,0.002302763315979175
2157,egg yolk | vanilla extract,2,egg yolk,vanilla extract,23,0.002302763315979175
2158,egg | golden syrup,2,egg,golden syrup,23,0.002302763315979175
2159,egg | ground cumin,2,egg,ground cumin,23,0.002302763315979175
2160,egg | mayonnaise,2,egg,mayonnaise,23,0.002302763315979175
2161,egg | sugar,2,egg,sugar,23,0.002302763315979175
2162,eggs | flour,2,eggs,flour,23,0.002302763315979175
2163,eggs | full-fat milk,2,eggs,full-fat milk,23,0.002302763315979175
2164,eggs | ricotta,2,eggs,ricotta,23,0.002302763315979175
2165,eggs | soft cheese,2,eggs,soft cheese,23,0.002302763315979175
2166,extra virgin olive oil | sugar,2,extra virgin olive oil,sugar,23,0.002302763315979175
2167,extra virgin olive oil | tahini,2,extra virgin olive oil,tahini,23,0.002302763315979175
2168,fast-action dried yeast | ground cinnamon,2,fast-action dried yeast,ground cinnamon,23,0.002302763315979175
2169,fennel | onion,2,fennel,onion,23,0.002302763315979175
2170,filo pastry | olive oil,2,filo pastry,olive oil,23,0.002302763315979175
2171,fish sauce | soy sauce,2,fish sauce,soy sauce,23,0.002302763315979175
2172,flaked almonds | icing sugar,2,flaked almonds,icing sugar,23,0.002302763315979175
2173,fresh breadcrumbs | onion,2,fresh breadcrumbs,onion,23,0.002302763315979175
2174,garam masala | lemon,2,garam masala,lemon,23,0.002302763315979175
2175,garam masala | red onion,2,garam masala,red onion,23,0.002302763315979175
2176,garlic | halloumi,2,garlic,halloumi,23,0.002302763315979175
2177,garlic | kalamata olives,2,garlic,kalamata olives,23,0.002302763315979175
2178,garlic | ketchup,2,garlic,ketchup,23,0.002302763315979175
2179,garlic | red cabbage,2,garlic,red cabbage,23,0.002302763315979175
2180,garlic | whole chicken,2,garlic,whole chicken,23,0.002302763315979175
2181,ginger | spinach,2,ginger,spinach,23,0.002302763315979175
2182,ginger | tamarind paste,2,ginger,tamarind paste,23,0.002302763315979175
2183,golden syrup | self-raising flour,2,golden syrup,self-raising flour,23,0.002302763315979175
2184,green chilli | spring onions,2,green chilli,spring onions,23,0.002302763315979175
2185,green chilli | sunflower oil,2,green chilli,sunflower oil,23,0.002302763315979175
2186,ground cinnamon | pecans,2,ground cinnamon,pecans,23,0.002302763315979175
2187,ground cumin | honey,2,ground cumin,honey,23,0.002302763315979175
2188,ground ginger | milk,2,ground ginger,milk,23,0.002302763315979175
2189,ground turmeric | lemon,2,ground turmeric,lemon,23,0.002302763315979175
2190,hoisin sauce | spring onions,2,hoisin sauce,spring onions,23,0.002302763315979175
2191,honey | parsley,2,honey,parsley,23,0.002302763315979175
2192,honey | thyme,2,honey,thyme,23,0.002302763315979175
2193,icing sugar | milk chocolate,2,icing sugar,milk chocolate,23,0.002302763315979175
2194,icing sugar | salt,2,icing sugar,salt,23,0.002302763315979175
2195,icing sugar | white caster sugar,2,icing sugar,white caster sugar,23,0.002302763315979175
2196,juice | mint,2,juice,mint,23,0.002302763315979175
2197,lamb mince | onion,2,lamb mince,onion,23,0.002302763315979175
2198,lemon | oil,2,lemon,oil,23,0.002302763315979175
2199,lemon | strawberries,2,lemon,strawberries,23,0.002302763315979175
2200,lemon | turmeric,2,lemon,turmeric,23,0.002302763315979175
2201,lemon | watercress,2,lemon,watercress,23,0.002302763315979175
2202,lime | soured cream,2,lime,soured cream,23,0.002302763315979175
2203,mango chutney | onion,2,mango chutney,onion,23,0.002302763315979175
2204,maple syrup | self-raising flour,2,maple syrup,self-raising flour,23,0.002302763315979175
2205,mint leaves | parsley,2,mint leaves,parsley,23,0.002302763315979175
2206,mint leaves | pomegranate seeds,2,mint leaves,pomegranate seeds,23,0.002302763315979175
2207,mozzarella | tomato purée,2,mozzarella,tomato purée,23,0.002302763315979175
2208,olive oil | pumpkin seeds,2,olive oil,pumpkin seeds,23,0.002302763315979175
2209,olive oil | red chillies,2,olive oil,red chillies,23,0.002302763315979175
2210,onion | soured cream,2,onion,soured cream,23,0.002302763315979175
2211,onions | rosemary,2,onions,rosemary,23,0.002302763315979175
2212,panko breadcrumbs | vegetable oil,2,panko breadcrumbs,vegetable oil,23,0.002302763315979175
2213,parmesan | rapeseed oil,2,parmesan,rapeseed oil,23,0.002302763315979175
2214,parmesan | red wine,2,parmesan,red wine,23,0.002302763315979175
2215,parmesan | tomatoes,2,parmesan,tomatoes,23,0.002302763315979175
2216,parsley | pomegranate seeds,2,parsley,pomegranate seeds,23,0.002302763315979175
2217,parsley | rosemary,2,parsley,rosemary,23,0.002302763315979175
2218,parsley | tahini,2,parsley,tahini,23,0.002302763315979175
2219,pecans | vanilla extract,2,pecans,vanilla extract,23,0.002302763315979175
2220,plain flour | sage leaves,2,plain flour,sage leaves,23,0.002302763315979175
2221,red onion | sweet potatoes,2,red onion,sweet potatoes,23,0.002302763315979175
2222,rosemary | tomato purée,2,rosemary,tomato purée,23,0.002302763315979175
2223,soured cream | vanilla extract,2,soured cream,vanilla extract,23,0.002302763315979175
2224,sunflower oil | tomatoes,2,sunflower oil,tomatoes,23,0.002302763315979175
2225,sunflower oil | turmeric,2,sunflower oil,turmeric,23,0.002302763315979175
2226,tomato purée | turmeric,2,tomato purée,turmeric,23,0.002302763315979175
2227,almond extract | butter,2,almond extract,butter,22,0.0022026431718061676
2228,almond extract | plain flour,2,almond extract,plain flour,22,0.0022026431718061676
2229,apricot jam | butter,2,apricot jam,butter,22,0.0022026431718061676
2230,banana shallot | garlic,2,banana shallot,garlic,22,0.0022026431718061676
2231,basil | capers,2,basil,capers,22,0.0022026431718061676
2232,basil | chilli flakes,2,basil,chilli flakes,22,0.0022026431718061676
2233,basil | extra virgin olive oil,2,basil,extra virgin olive oil,22,0.0022026431718061676
2234,basmati rice | turmeric,2,basmati rice,turmeric,22,0.0022026431718061676
2235,bay leaves | potatoes,2,bay leaves,potatoes,22,0.0022026431718061676
2236,beef stock | worcestershire sauce,2,beef stock,worcestershire sauce,22,0.0022026431718061676
2237,bicarbonate of soda | dark muscovado sugar,2,bicarbonate of soda,dark muscovado sugar,22,0.0022026431718061676
2238,bicarbonate of soda | natural yogurt,2,bicarbonate of soda,natural yogurt,22,0.0022026431718061676
2239,bio yogurt | rapeseed oil,2,bio yogurt,rapeseed oil,22,0.0022026431718061676
2240,black beans | chipotle paste,2,black beans,chipotle paste,22,0.0022026431718061676
2241,black beans | ground coriander,2,black beans,ground coriander,22,0.0022026431718061676
2242,black beans | tomatoes,2,black beans,tomatoes,22,0.0022026431718061676
2243,black beans | vegetable oil,2,black beans,vegetable oil,22,0.0022026431718061676
2244,black pepper | garlic,2,black pepper,garlic,22,0.0022026431718061676
2245,butter | celeriac,2,butter,celeriac,22,0.0022026431718061676
2246,butter | egg whites,2,butter,egg whites,22,0.0022026431718061676
2247,butter | macaroni,2,butter,macaroni,22,0.0022026431718061676
2248,butter | parsley leaves,2,butter,parsley leaves,22,0.0022026431718061676
2249,butter | soft light brown sugar,2,butter,soft light brown sugar,22,0.0022026431718061676
2250,buttermilk | self-raising flour,2,buttermilk,self-raising flour,22,0.0022026431718061676
2251,buttermilk | vegetable oil,2,buttermilk,vegetable oil,22,0.0022026431718061676
2252,carrot | chopped tomatoes,2,carrot,chopped tomatoes,22,0.0022026431718061676
2253,carrot | lemon,2,carrot,lemon,22,0.0022026431718061676
2254,carrot | parsley,2,carrot,parsley,22,0.0022026431718061676
2255,carrots | egg,2,carrots,egg,22,0.0022026431718061676
2256,carrots | vegetable bouillon powder,2,carrots,vegetable bouillon powder,22,0.0022026431718061676
2257,caster sugar | honey,2,caster sugar,honey,22,0.0022026431718061676
2258,caster sugar | lemons,2,caster sugar,lemons,22,0.0022026431718061676
2259,caster sugar | onion,2,caster sugar,onion,22,0.0022026431718061676
2260,cayenne pepper | eggs,2,cayenne pepper,eggs,22,0.0022026431718061676
2261,celeriac | olive oil,2,celeriac,olive oil,22,0.0022026431718061676
2262,cheddar | milk,2,cheddar,milk,22,0.0022026431718061676
2263,chestnut mushrooms | parsley,2,chestnut mushrooms,parsley,22,0.0022026431718061676
2264,chicken breasts | onion,2,chicken breasts,onion,22,0.0022026431718061676
2265,chickpeas | ground turmeric,2,chickpeas,ground turmeric,22,0.0022026431718061676
2266,chickpeas | red chilli,2,chickpeas,red chilli,22,0.0022026431718061676
2267,chilli flakes | dried oregano,2,chilli flakes,dried oregano,22,0.0022026431718061676
2268,chilli powder | ground turmeric,2,chilli powder,ground turmeric,22,0.0022026431718061676
2269,chopped tomatoes | egg,2,chopped tomatoes,egg,22,0.0022026431718061676
2270,cider vinegar | rapeseed oil,2,cider vinegar,rapeseed oil,22,0.0022026431718061676
2271,cinnamon | turmeric,2,cinnamon,turmeric,22,0.0022026431718061676
2272,cocoa powder | milk chocolate,2,cocoa powder,milk chocolate,22,0.0022026431718061676
2273,coconut milk | eggs,2,coconut milk,eggs,22,0.0022026431718061676
2274,coriander leaves | eggs,2,coriander leaves,eggs,22,0.0022026431718061676
2275,coriander leaves | fish sauce,2,coriander leaves,fish sauce,22,0.0022026431718061676
2276,coriander leaves | ground turmeric,2,coriander leaves,ground turmeric,22,0.0022026431718061676
2277,coriander leaves | lemon,2,coriander leaves,lemon,22,0.0022026431718061676
2278,coriander leaves | soy sauce,2,coriander leaves,soy sauce,22,0.0022026431718061676
2279,coriander seeds | turmeric,2,coriander seeds,turmeric,22,0.0022026431718061676
2280,coriander seeds | vegetable oil,2,coriander seeds,vegetable oil,22,0.0022026431718061676
2281,coriander | dried oregano,2,coriander,dried oregano,22,0.0022026431718061676
2282,coriander | oil,2,coriander,oil,22,0.0022026431718061676
2283,courgettes | eggs,2,courgettes,eggs,22,0.0022026431718061676
2284,courgettes | parmesan,2,courgettes,parmesan,22,0.0022026431718061676
2285,crusty bread | lemon,2,crusty bread,lemon,22,0.0022026431718061676
2286,cucumber | honey,2,cucumber,honey,22,0.0022026431718061676
2287,cucumber | limes,2,cucumber,limes,22,0.0022026431718061676
2288,cucumber | natural yogurt,2,cucumber,natural yogurt,22,0.0022026431718061676
2289,cumin seeds | feta,2,cumin seeds,feta,22,0.0022026431718061676
2290,desiccated coconut | plain flour,2,desiccated coconut,plain flour,22,0.0022026431718061676
2291,desiccated coconut | unsalted butter,2,desiccated coconut,unsalted butter,22,0.0022026431718061676
2292,dijon mustard | egg,2,dijon mustard,egg,22,0.0022026431718061676
2293,dijon mustard | rapeseed oil,2,dijon mustard,rapeseed oil,22,0.0022026431718061676
2294,dill | egg,2,dill,egg,22,0.0022026431718061676
2295,dill | white wine vinegar,2,dill,white wine vinegar,22,0.0022026431718061676
2296,double cream | full-fat soft cheese,2,double cream,full-fat soft cheese,22,0.0022026431718061676
2297,dried breadcrumbs | garlic,2,dried breadcrumbs,garlic,22,0.0022026431718061676
2298,dried oregano | egg,2,dried oregano,egg,22,0.0022026431718061676
2299,dried oregano | mozzarella,2,dried oregano,mozzarella,22,0.0022026431718061676
2300,egg white | plain flour,2,egg white,plain flour,22,0.0022026431718061676
2301,egg | honey,2,egg,honey,22,0.0022026431718061676
2302,egg | maple syrup,2,egg,maple syrup,22,0.0022026431718061676
2303,egg | mature cheddar,2,egg,mature cheddar,22,0.0022026431718061676
2304,egg | salt,2,egg,salt,22,0.0022026431718061676
2305,egg | thyme leaves,2,egg,thyme leaves,22,0.0022026431718061676
2306,eggs | full-fat soft cheese,2,eggs,full-fat soft cheese,22,0.0022026431718061676
2307,eggs | icing sugar sieved,2,eggs,icing sugar sieved,22,0.0022026431718061676
2308,eggs | mint leaves,2,eggs,mint leaves,22,0.0022026431718061676
2309,eggs | soy sauce,2,eggs,soy sauce,22,0.0022026431718061676
2310,eggs | vanilla paste,2,eggs,vanilla paste,22,0.0022026431718061676
2311,english mustard | garlic,2,english mustard,garlic,22,0.0022026431718061676
2312,fast-action dried yeast | vegetable oil,2,fast-action dried yeast,vegetable oil,22,0.0022026431718061676
2313,flat-leaf parsley | onions,2,flat-leaf parsley,onions,22,0.0022026431718061676
2314,fresh coriander | ground coriander,2,fresh coriander,ground coriander,22,0.0022026431718061676
2315,fresh ginger | garlic,2,fresh ginger,garlic,22,0.0022026431718061676
2316,full-fat soft cheese | icing sugar,2,full-fat soft cheese,icing sugar,22,0.0022026431718061676
2317,full-fat soft cheese | vanilla extract,2,full-fat soft cheese,vanilla extract,22,0.0022026431718061676
2318,garlic | ground white pepper,2,garlic,ground white pepper,22,0.0022026431718061676
2319,garlic | orange,2,garlic,orange,22,0.0022026431718061676
2320,garlic | pomegranate molasses,2,garlic,pomegranate molasses,22,0.0022026431718061676
2321,garlic | watercress,2,garlic,watercress,22,0.0022026431718061676
2322,gin | lemon juice,2,gin,lemon juice,22,0.0022026431718061676
2323,ginger | juice,2,ginger,juice,22,0.0022026431718061676
2324,ginger | rice wine vinegar,2,ginger,rice wine vinegar,22,0.0022026431718061676
2325,ginger | sweet potatoes,2,ginger,sweet potatoes,22,0.0022026431718061676
2326,golden caster sugar | red onion,2,golden caster sugar,red onion,22,0.0022026431718061676
2327,golden caster sugar | red wine vinegar,2,golden caster sugar,red wine vinegar,22,0.0022026431718061676
2328,golden caster sugar | salt,2,golden caster sugar,salt,22,0.0022026431718061676
2329,golden caster sugar | sesame seeds,2,golden caster sugar,sesame seeds,22,0.0022026431718061676
2330,golden syrup | salted butter,2,golden syrup,salted butter,22,0.0022026431718061676
2331,golden syrup | vanilla extract,2,golden syrup,vanilla extract,22,0.0022026431718061676
2332,green chilli | turmeric,2,green chilli,turmeric,22,0.0022026431718061676
2333,ground almonds | unsalted butter,2,ground almonds,unsalted butter,22,0.0022026431718061676
2334,ground cinnamon | porridge oats,2,ground cinnamon,porridge oats,22,0.0022026431718061676
2335,ground coriander | parsley,2,ground coriander,parsley,22,0.0022026431718061676
2336,ground cumin | lamb mince,2,ground cumin,lamb mince,22,0.0022026431718061676
2337,ground cumin | vegetable stock,2,ground cumin,vegetable stock,22,0.0022026431718061676
2338,ground ginger | lemon,2,ground ginger,lemon,22,0.0022026431718061676
2339,ground turmeric | rapeseed oil,2,ground turmeric,rapeseed oil,22,0.0022026431718061676
2340,honey | mint leaves,2,honey,mint leaves,22,0.0022026431718061676
2341,hot vegetable stock | olive oil,2,hot vegetable stock,olive oil,22,0.0022026431718061676
2342,juice | rapeseed oil,2,juice,rapeseed oil,22,0.0022026431718061676
2343,lemon juice | vegetable oil,2,lemon juice,vegetable oil,22,0.0022026431718061676
2344,lemon | shallots,2,lemon,shallots,22,0.0022026431718061676
2345,lemon | sweet potatoes,2,lemon,sweet potatoes,22,0.0022026431718061676
2346,lime | sesame seeds,2,lime,sesame seeds,22,0.0022026431718061676
2347,lime | turmeric,2,lime,turmeric,22,0.0022026431718061676
2348,maris piper potatoes | olive oil,2,maris piper potatoes,olive oil,22,0.0022026431718061676
2349,mascarpone | vanilla extract,2,mascarpone,vanilla extract,22,0.0022026431718061676
2350,mint leaves | natural yogurt,2,mint leaves,natural yogurt,22,0.0022026431718061676
2351,mint leaves | rapeseed oil,2,mint leaves,rapeseed oil,22,0.0022026431718061676
2352,nutmeg | thyme,2,nutmeg,thyme,22,0.0022026431718061676
2353,olive oil | orzo,2,olive oil,orzo,22,0.0022026431718061676
2354,onion | parsley leaves,2,onion,parsley leaves,22,0.0022026431718061676
2355,onion | red lentils,2,onion,red lentils,22,0.0022026431718061676
2356,onion | saffron,2,onion,saffron,22,0.0022026431718061676
2357,onion | sweet smoked paprika,2,onion,sweet smoked paprika,22,0.0022026431718061676
2358,onions | potatoes,2,onions,potatoes,22,0.0022026431718061676
2359,paprika | plain flour,2,paprika,plain flour,22,0.0022026431718061676
2360,parmesan | sugar,2,parmesan,sugar,22,0.0022026431718061676
2361,parsley | potatoes,2,parsley,potatoes,22,0.0022026431718061676
2362,plain flour | red wine vinegar,2,plain flour,red wine vinegar,22,0.0022026431718061676
2363,raisins | sultanas,2,raisins,sultanas,22,0.0022026431718061676
2364,red chilli | sesame seeds,2,red chilli,sesame seeds,22,0.0022026431718061676
2365,red onions | red wine vinegar,2,red onions,red wine vinegar,22,0.0022026431718061676
2366,self-raising flour | vanilla paste,2,self-raising flour,vanilla paste,22,0.0022026431718061676
2367,spring onions | vegetable stock,2,spring onions,vegetable stock,22,0.0022026431718061676
2368,strong white bread flour | whole milk,2,strong white bread flour,whole milk,22,0.0022026431718061676
2369,tomato purée | worcestershire sauce,2,tomato purée,worcestershire sauce,22,0.0022026431718061676
2370,vanilla bean paste | whole milk,2,vanilla bean paste,whole milk,22,0.0022026431718061676
2371,apricot jam | eggs,2,apricot jam,eggs,21,0.00210252302763316
2372,apricot jam | icing sugar,2,apricot jam,icing sugar,21,0.00210252302763316
2373,aubergines | onion,2,aubergines,onion,21,0.00210252302763316
2374,avocado | black beans,2,avocado,black beans,21,0.00210252302763316
2375,baby spinach | onion,2,baby spinach,onion,21,0.00210252302763316
2376,baking powder | golden syrup,2,baking powder,golden syrup,21,0.00210252302763316
2377,baking powder | spring onions,2,baking powder,spring onions,21,0.00210252302763316
2378,balsamic vinegar | extra virgin olive oil,2,balsamic vinegar,extra virgin olive oil,21,0.00210252302763316
2379,balsamic vinegar | onions,2,balsamic vinegar,onions,21,0.00210252302763316
2380,balsamic vinegar | red onions,2,balsamic vinegar,red onions,21,0.00210252302763316
2381,basil | cherry tomatoes,2,basil,cherry tomatoes,21,0.00210252302763316
2382,basmati rice | coconut milk,2,basmati rice,coconut milk,21,0.00210252302763316
2383,basmati rice | garam masala,2,basmati rice,garam masala,21,0.00210252302763316
2384,basmati rice | onions,2,basmati rice,onions,21,0.00210252302763316
2385,bay leaf | carrot,2,bay leaf,carrot,21,0.00210252302763316
2386,bay leaf | tomato purée,2,bay leaf,tomato purée,21,0.00210252302763316
2387,bay leaves | milk,2,bay leaves,milk,21,0.00210252302763316
2388,bay leaves | star anise,2,bay leaves,star anise,21,0.00210252302763316
2389,bay leaves | vegetable stock,2,bay leaves,vegetable stock,21,0.00210252302763316
2390,beef stock | parsley,2,beef stock,parsley,21,0.00210252302763316
2391,bicarbonate of soda | light muscovado sugar,2,bicarbonate of soda,light muscovado sugar,21,0.00210252302763316
2392,bio yogurt | garlic,2,bio yogurt,garlic,21,0.00210252302763316
2393,black mustard seeds | ginger,2,black mustard seeds,ginger,21,0.00210252302763316
2394,brown rice | garlic,2,brown rice,garlic,21,0.00210252302763316
2395,butter | cider vinegar,2,butter,cider vinegar,21,0.00210252302763316
2396,butter | dried cranberries,2,butter,dried cranberries,21,0.00210252302763316
2397,butter | lemon curd,2,butter,lemon curd,21,0.00210252302763316
2398,butter | pecans,2,butter,pecans,21,0.00210252302763316
2399,butter | raisins,2,butter,raisins,21,0.00210252302763316
2400,butter | smoked streaky bacon,2,butter,smoked streaky bacon,21,0.00210252302763316
2401,butternut squash | coriander,2,butternut squash,coriander,21,0.00210252302763316
2402,butternut squash | rapeseed oil,2,butternut squash,rapeseed oil,21,0.00210252302763316
2403,cannellini beans | lemon,2,cannellini beans,lemon,21,0.00210252302763316
2404,carrot | red pepper,2,carrot,red pepper,21,0.00210252302763316
2405,carrot | rosemary,2,carrot,rosemary,21,0.00210252302763316
2406,carrots | parmesan,2,carrots,parmesan,21,0.00210252302763316
2407,carrots | red onions,2,carrots,red onions,21,0.00210252302763316
2408,carrots | swede,2,carrots,swede,21,0.00210252302763316
2409,caster sugar | cold butter,2,caster sugar,cold butter,21,0.00210252302763316
2410,caster sugar | cucumber,2,caster sugar,cucumber,21,0.00210252302763316
2411,caster sugar | golden syrup,2,caster sugar,golden syrup,21,0.00210252302763316
2412,cauliflower | ginger,2,cauliflower,ginger,21,0.00210252302763316
2413,celery | dried oregano,2,celery,dried oregano,21,0.00210252302763316
2414,celery | red wine vinegar,2,celery,red wine vinegar,21,0.00210252302763316
2415,celery | spring onions,2,celery,spring onions,21,0.00210252302763316
2416,celery | vegetable bouillon powder,2,celery,vegetable bouillon powder,21,0.00210252302763316
2417,chicken breasts | spring onions,2,chicken breasts,spring onions,21,0.00210252302763316
2418,chicken breasts | vegetable oil,2,chicken breasts,vegetable oil,21,0.00210252302763316
2419,chilli flakes | smoked paprika,2,chilli flakes,smoked paprika,21,0.00210252302763316
2420,chilli powder | red onion,2,chilli powder,red onion,21,0.00210252302763316
2421,chopped tomatoes | coriander leaves,2,chopped tomatoes,coriander leaves,21,0.00210252302763316
2422,cider vinegar | dijon mustard,2,cider vinegar,dijon mustard,21,0.00210252302763316
2423,cocoa powder | golden syrup,2,cocoa powder,golden syrup,21,0.00210252302763316
2424,coconut milk | ground cumin,2,coconut milk,ground cumin,21,0.00210252302763316
2425,coriander seeds | fennel seeds,2,coriander seeds,fennel seeds,21,0.00210252302763316
2426,coriander stalks | garlic,2,coriander stalks,garlic,21,0.00210252302763316
2427,coriander | feta,2,coriander,feta,21,0.00210252302763316
2428,coriander | red chillies,2,coriander,red chillies,21,0.00210252302763316
2429,coriander | sesame seeds,2,coriander,sesame seeds,21,0.00210252302763316
2430,cornflour | dark soy sauce,2,cornflour,dark soy sauce,21,0.00210252302763316
2431,cornflour | sesame seeds,2,cornflour,sesame seeds,21,0.00210252302763316
2432,cornflour | white wine vinegar,2,cornflour,white wine vinegar,21,0.00210252302763316
2433,courgettes | rapeseed oil,2,courgettes,rapeseed oil,21,0.00210252302763316
2434,courgettes | red onion,2,courgettes,red onion,21,0.00210252302763316
2435,cucumber | feta,2,cucumber,feta,21,0.00210252302763316
2436,cucumber | juice,2,cucumber,juice,21,0.00210252302763316
2437,cucumber | white wine vinegar,2,cucumber,white wine vinegar,21,0.00210252302763316
2438,cumin seeds | fennel seeds,2,cumin seeds,fennel seeds,21,0.00210252302763316
2439,cumin seeds | ground cinnamon,2,cumin seeds,ground cinnamon,21,0.00210252302763316
2440,cumin seeds | vegetable stock,2,cumin seeds,vegetable stock,21,0.00210252302763316
2441,curry leaves | ginger,2,curry leaves,ginger,21,0.00210252302763316
2442,dark chocolate | egg whites,2,dark chocolate,egg whites,21,0.00210252302763316
2443,dill | mayonnaise,2,dill,mayonnaise,21,0.00210252302763316
2444,dill | onion,2,dill,onion,21,0.00210252302763316
2445,dill | spring onions,2,dill,spring onions,21,0.00210252302763316
2446,double cream | sugar,2,double cream,sugar,21,0.00210252302763316
2447,double cream | white wine,2,double cream,white wine,21,0.00210252302763316
2448,dried cranberries | plain flour,2,dried cranberries,plain flour,21,0.00210252302763316
2449,dried oregano | paprika,2,dried oregano,paprika,21,0.00210252302763316
2450,dried oregano | rapeseed oil,2,dried oregano,rapeseed oil,21,0.00210252302763316
2451,dried porcini mushrooms | onion,2,dried porcini mushrooms,onion,21,0.00210252302763316
2452,egg white | icing sugar,2,egg white,icing sugar,21,0.00210252302763316
2453,egg | nutmeg,2,egg,nutmeg,21,0.00210252302763316
2454,egg | smoked paprika,2,egg,smoked paprika,21,0.00210252302763316
2455,eggs | glacé cherries,2,eggs,glacé cherries,21,0.00210252302763316
2456,eggs | ground almond,2,eggs,ground almond,21,0.00210252302763316
2457,eggs | ground coriander,2,eggs,ground coriander,21,0.00210252302763316
2458,eggs | mixed dried fruit,2,eggs,mixed dried fruit,21,0.00210252302763316
2459,english mustard powder | garlic,2,english mustard powder,garlic,21,0.00210252302763316
2460,fennel seeds | white wine,2,fennel seeds,white wine,21,0.00210252302763316
2461,full-fat cream cheese | icing sugar,2,full-fat cream cheese,icing sugar,21,0.00210252302763316
2462,garlic | green lentils,2,garlic,green lentils,21,0.00210252302763316
2463,garlic | lime juice,2,garlic,lime juice,21,0.00210252302763316
2464,garlic | mild curry powder,2,garlic,mild curry powder,21,0.00210252302763316
2465,garlic | pearl barley,2,garlic,pearl barley,21,0.00210252302763316
2466,garlic | salted butter,2,garlic,salted butter,21,0.00210252302763316
2467,garlic | sourdough bread,2,garlic,sourdough bread,21,0.00210252302763316
2468,garlic | tamari,2,garlic,tamari,21,0.00210252302763316
2469,garlic | tomato ketchup,2,garlic,tomato ketchup,21,0.00210252302763316
2470,garlic | white pepper,2,garlic,white pepper,21,0.00210252302763316
2471,ginger | ground cinnamon,2,ginger,ground cinnamon,21,0.00210252302763316
2472,ginger | groundnut oil,2,ginger,groundnut oil,21,0.00210252302763316
2473,ginger | lemon juice,2,ginger,lemon juice,21,0.00210252302763316
2474,ginger | mirin,2,ginger,mirin,21,0.00210252302763316
2475,ginger | oil,2,ginger,oil,21,0.00210252302763316
2476,ginger | shallots,2,ginger,shallots,21,0.00210252302763316
2477,golden caster sugar | lime,2,golden caster sugar,lime,21,0.00210252302763316
2478,golden caster sugar | mint leaves,2,golden caster sugar,mint leaves,21,0.00210252302763316
2479,golden caster sugar | oil,2,golden caster sugar,oil,21,0.00210252302763316
2480,golden caster sugar | sesame oil,2,golden caster sugar,sesame oil,21,0.00210252302763316
2481,golden caster sugar | soy sauce,2,golden caster sugar,soy sauce,21,0.00210252302763316
2482,granulated sugar | unsalted butter,2,granulated sugar,unsalted butter,21,0.00210252302763316
2483,ground almonds | ground cinnamon,2,ground almonds,ground cinnamon,21,0.00210252302763316
2484,ground almonds | milk,2,ground almonds,milk,21,0.00210252302763316
2485,ground cloves | ground ginger,2,ground cloves,ground ginger,21,0.00210252302763316
2486,ground nutmeg | unsalted butter,2,ground nutmeg,unsalted butter,21,0.00210252302763316
2487,hazelnuts | lemon,2,hazelnuts,lemon,21,0.00210252302763316
2488,honey | wholegrain mustard,2,honey,wholegrain mustard,21,0.00210252302763316
2489,leeks | parsley,2,leeks,parsley,21,0.00210252302763316
2490,lemon | potatoes,2,lemon,potatoes,21,0.00210252302763316
2491,lemon | pumpkin seeds,2,lemon,pumpkin seeds,21,0.00210252302763316
2492,lemon | soured cream,2,lemon,soured cream,21,0.00210252302763316
2493,lemon | thyme leaves,2,lemon,thyme leaves,21,0.00210252302763316
2494,lemon | vegetable bouillon powder,2,lemon,vegetable bouillon powder,21,0.00210252302763316
2495,lemon | vegetable stock,2,lemon,vegetable stock,21,0.00210252302763316
2496,light brown soft sugar | mixed spice,2,light brown soft sugar,mixed spice,21,0.00210252302763316
2497,mirin | spring onions,2,mirin,spring onions,21,0.00210252302763316
2498,nigella seeds | olive oil,2,nigella seeds,olive oil,21,0.00210252302763316
2499,nutmeg | orange,2,nutmeg,orange,21,0.00210252302763316
2500,olive oil | pork sausages,2,olive oil,pork sausages,21,0.00210252302763316
2501,olive oil | sourdough,2,olive oil,sourdough,21,0.00210252302763316
2502,parmesan | red onion,2,parmesan,red onion,21,0.00210252302763316
2503,plain flour | sea salt flakes,2,plain flour,sea salt flakes,21,0.00210252302763316
2504,rapeseed oil | sweet potatoes,2,rapeseed oil,sweet potatoes,21,0.00210252302763316
2505,red chilli | turmeric,2,red chilli,turmeric,21,0.00210252302763316
2506,red chilli | vegetable stock,2,red chilli,vegetable stock,21,0.00210252302763316
2507,red onions | smoked paprika,2,red onions,smoked paprika,21,0.00210252302763316
2508,red onions | tomato purée,2,red onions,tomato purée,21,0.00210252302763316
2509,red pepper | sesame oil,2,red pepper,sesame oil,21,0.00210252302763316
2510,red wine vinegar | vegetable oil,2,red wine vinegar,vegetable oil,21,0.00210252302763316
2511,rice wine vinegar | sesame oil,2,rice wine vinegar,sesame oil,21,0.00210252302763316
2512,smoked paprika | sweet potatoes,2,smoked paprika,sweet potatoes,21,0.00210252302763316
2513,soured cream | tomato purée,2,soured cream,tomato purée,21,0.00210252302763316
2514,soy sauce | sweet chilli sauce,2,soy sauce,sweet chilli sauce,21,0.00210252302763316
2515,soy sauce | tomato purée,2,soy sauce,tomato purée,21,0.00210252302763316
2516,spring onions | sugar,2,spring onions,sugar,21,0.00210252302763316
2517,spring onions | thyme,2,spring onions,thyme,21,0.00210252302763316
2518,vegetable oil | worcestershire sauce,2,vegetable oil,worcestershire sauce,21,0.00210252302763316
2519,almond extract | caster sugar,2,almond extract,caster sugar,20,0.002002402883460152
2520,almond extract | self-raising flour,2,almond extract,self-raising flour,20,0.002002402883460152
2521,apricot jam | orange,2,apricot jam,orange,20,0.002002402883460152
2522,avocado | spring onions,2,avocado,spring onions,20,0.002002402883460152
2523,baguette | garlic,2,baguette,garlic,20,0.002002402883460152
2524,balsamic vinegar | carrots,2,balsamic vinegar,carrots,20,0.002002402883460152
2525,basil | red onion,2,basil,red onion,20,0.002002402883460152
2526,basil | tomatoes,2,basil,tomatoes,20,0.002002402883460152
2527,basmati rice | olive oil,2,basmati rice,olive oil,20,0.002002402883460152
2528,bay leaf | lemon,2,bay leaf,lemon,20,0.002002402883460152
2529,bay leaves | coriander seeds,2,bay leaves,coriander seeds,20,0.002002402883460152
2530,bay leaves | double cream,2,bay leaves,double cream,20,0.002002402883460152
2531,bay leaves | ginger,2,bay leaves,ginger,20,0.002002402883460152
2532,bicarbonate of soda | mixed spice,2,bicarbonate of soda,mixed spice,20,0.002002402883460152
2533,black peppercorns | cloves,2,black peppercorns,cloves,20,0.002002402883460152
2534,black peppercorns | star anise,2,black peppercorns,star anise,20,0.002002402883460152
2535,breadcrumbs | garlic,2,breadcrumbs,garlic,20,0.002002402883460152
2536,brussels sprouts | olive oil,2,brussels sprouts,olive oil,20,0.002002402883460152
2537,butter | dark brown soft sugar,2,butter,dark brown soft sugar,20,0.002002402883460152
2538,butter | leek,2,butter,leek,20,0.002002402883460152
2539,butter | marzipan,2,butter,marzipan,20,0.002002402883460152
2540,butter | potato,2,butter,potato,20,0.002002402883460152
2541,butter | ricotta,2,butter,ricotta,20,0.002002402883460152
2542,butter | sultanas,2,butter,sultanas,20,0.002002402883460152
2543,butter | white bread,2,butter,white bread,20,0.002002402883460152
2544,butternut squash | red onion,2,butternut squash,red onion,20,0.002002402883460152
2545,capers | flat-leaf parsley,2,capers,flat-leaf parsley,20,0.002002402883460152
2546,carrots | leek,2,carrots,leek,20,0.002002402883460152
2547,carrots | maple syrup,2,carrots,maple syrup,20,0.002002402883460152
2548,carrots | sesame oil,2,carrots,sesame oil,20,0.002002402883460152
2549,carrots | worcestershire sauce,2,carrots,worcestershire sauce,20,0.002002402883460152
2550,caster sugar | coriander,2,caster sugar,coriander,20,0.002002402883460152
2551,caster sugar | maple syrup,2,caster sugar,maple syrup,20,0.002002402883460152
2552,caster sugar | mint leaves,2,caster sugar,mint leaves,20,0.002002402883460152
2553,caster sugar | red chilli,2,caster sugar,red chilli,20,0.002002402883460152
2554,caster sugar | sesame oil,2,caster sugar,sesame oil,20,0.002002402883460152
2555,caster sugar | star anise,2,caster sugar,star anise,20,0.002002402883460152
2556,celery | egg,2,celery,egg,20,0.002002402883460152
2557,celery | worcestershire sauce,2,celery,worcestershire sauce,20,0.002002402883460152
2558,chestnut mushrooms | thyme,2,chestnut mushrooms,thyme,20,0.002002402883460152
2559,chestnuts | olive oil,2,chestnuts,olive oil,20,0.002002402883460152
2560,chicken breasts | chicken stock,2,chicken breasts,chicken stock,20,0.002002402883460152
2561,chicken stock | red onion,2,chicken stock,red onion,20,0.002002402883460152
2562,chickpeas | coriander leaves,2,chickpeas,coriander leaves,20,0.002002402883460152
2563,chickpeas | garam masala,2,chickpeas,garam masala,20,0.002002402883460152
2564,chilli flakes | rosemary,2,chilli flakes,rosemary,20,0.002002402883460152
2565,chilli powder | cumin seeds,2,chilli powder,cumin seeds,20,0.002002402883460152
2566,chilli powder | onions,2,chilli powder,onions,20,0.002002402883460152
2567,chipotle paste | red onion,2,chipotle paste,red onion,20,0.002002402883460152
2568,chives | milk,2,chives,milk,20,0.002002402883460152
2569,chives | soured cream,2,chives,soured cream,20,0.002002402883460152
2570,chives | vegetable oil,2,chives,vegetable oil,20,0.002002402883460152
2571,chopped tomatoes | eggs,2,chopped tomatoes,eggs,20,0.002002402883460152
2572,chopped tomatoes | golden caster sugar,2,chopped tomatoes,golden caster sugar,20,0.002002402883460152
2573,chopped tomatoes | milk,2,chopped tomatoes,milk,20,0.002002402883460152
2574,chopped tomatoes | vegetable stock,2,chopped tomatoes,vegetable stock,20,0.002002402883460152
2575,cider vinegar | smoked paprika,2,cider vinegar,smoked paprika,20,0.002002402883460152
2576,cinnamon | mixed spice,2,cinnamon,mixed spice,20,0.002002402883460152
2577,cinnamon | nutmeg,2,cinnamon,nutmeg,20,0.002002402883460152
2578,cinnamon | self-raising flour,2,cinnamon,self-raising flour,20,0.002002402883460152
2579,cinnamon | tomatoes,2,cinnamon,tomatoes,20,0.002002402883460152
2580,coconut milk | ground coriander,2,coconut milk,ground coriander,20,0.002002402883460152
2581,coconut milk | limes,2,coconut milk,limes,20,0.002002402883460152
2582,cold butter | egg yolk,2,cold butter,egg yolk,20,0.002002402883460152
2583,coriander leaves | garam masala,2,coriander leaves,garam masala,20,0.002002402883460152
2584,coriander leaves | limes,2,coriander leaves,limes,20,0.002002402883460152
2585,coriander | frozen peas,2,coriander,frozen peas,20,0.002002402883460152
2586,coriander | lime juice,2,coriander,lime juice,20,0.002002402883460152
2587,coriander | pomegranate seeds,2,coriander,pomegranate seeds,20,0.002002402883460152
2588,coriander | sweetcorn,2,coriander,sweetcorn,20,0.002002402883460152
2589,cornflour | ground cinnamon,2,cornflour,ground cinnamon,20,0.002002402883460152
2590,cornflour | olive oil,2,cornflour,olive oil,20,0.002002402883460152
2591,cornflour | vanilla bean paste,2,cornflour,vanilla bean paste,20,0.002002402883460152
2592,cucumber | dried oregano,2,cucumber,dried oregano,20,0.002002402883460152
2593,cucumber | egg,2,cucumber,egg,20,0.002002402883460152
2594,cucumber | golden caster sugar,2,cucumber,golden caster sugar,20,0.002002402883460152
2595,cucumber | sesame seeds,2,cucumber,sesame seeds,20,0.002002402883460152
2596,cumin seeds | green chillies,2,cumin seeds,green chillies,20,0.002002402883460152
2597,curry powder | rapeseed oil,2,curry powder,rapeseed oil,20,0.002002402883460152
2598,curry powder | spring onions,2,curry powder,spring onions,20,0.002002402883460152
2599,dark chocolate | vegetable oil,2,dark chocolate,vegetable oil,20,0.002002402883460152
2600,demerara sugar | golden caster sugar,2,demerara sugar,golden caster sugar,20,0.002002402883460152
2601,dill | rapeseed oil,2,dill,rapeseed oil,20,0.002002402883460152
2602,double cream | full-fat milk,2,double cream,full-fat milk,20,0.002002402883460152
2603,double cream | leeks,2,double cream,leeks,20,0.002002402883460152
2604,double cream | light muscovado sugar,2,double cream,light muscovado sugar,20,0.002002402883460152
2605,dried chilli flakes | garlic,2,dried chilli flakes,garlic,20,0.002002402883460152
2606,dried cranberries | orange,2,dried cranberries,orange,20,0.002002402883460152
2607,egg yolks | garlic,2,egg yolks,garlic,20,0.002002402883460152
2608,eggs | gruyère,2,eggs,gruyère,20,0.002002402883460152
2609,eggs | lemon curd,2,eggs,lemon curd,20,0.002002402883460152
2610,eggs | mayonnaise,2,eggs,mayonnaise,20,0.002002402883460152
2611,eggs | potatoes,2,eggs,potatoes,20,0.002002402883460152
2612,eggs | slightly salted butter,2,eggs,slightly salted butter,20,0.002002402883460152
2613,english mustard | onion,2,english mustard,onion,20,0.002002402883460152
2614,extra virgin olive oil | red pepper,2,extra virgin olive oil,red pepper,20,0.002002402883460152
2615,extra virgin olive oil | rosemary,2,extra virgin olive oil,rosemary,20,0.002002402883460152
2616,extra virgin olive oil | thyme,2,extra virgin olive oil,thyme,20,0.002002402883460152
2617,extra virgin olive oil | tomato purée,2,extra virgin olive oil,tomato purée,20,0.002002402883460152
2618,fast-action dried yeast | vanilla extract,2,fast-action dried yeast,vanilla extract,20,0.002002402883460152
2619,fennel | fennel seeds,2,fennel,fennel seeds,20,0.002002402883460152
2620,feta | plain flour,2,feta,plain flour,20,0.002002402883460152
2621,filo pastry | garlic,2,filo pastry,garlic,20,0.002002402883460152
2622,fine sea salt | plain flour,2,fine sea salt,plain flour,20,0.002002402883460152
2623,flaked almonds | olive oil,2,flaked almonds,olive oil,20,0.002002402883460152
2624,flour | onion,2,flour,onion,20,0.002002402883460152
2625,garam masala | rapeseed oil,2,garam masala,rapeseed oil,20,0.002002402883460152
2626,garam masala | sunflower oil,2,garam masala,sunflower oil,20,0.002002402883460152
2627,garlic granules | vegetable oil,2,garlic granules,vegetable oil,20,0.002002402883460152
2628,garlic | mussels,2,garlic,mussels,20,0.002002402883460152
2629,garlic | pasta,2,garlic,pasta,20,0.002002402883460152
2630,garlic | white cabbage,2,garlic,white cabbage,20,0.002002402883460152
2631,ghee | ginger,2,ghee,ginger,20,0.002002402883460152
2632,ginger | mango chutney,2,ginger,mango chutney,20,0.002002402883460152
2633,golden syrup | milk,2,golden syrup,milk,20,0.002002402883460152
2634,greek yogurt | self-raising flour,2,greek yogurt,self-raising flour,20,0.002002402883460152
2635,green chilli | ground turmeric,2,green chilli,ground turmeric,20,0.002002402883460152
2636,ground cinnamon | parsley,2,ground cinnamon,parsley,20,0.002002402883460152
2637,ground cinnamon | red onion,2,ground cinnamon,red onion,20,0.002002402883460152
2638,ground cinnamon | strong white bread flour,2,ground cinnamon,strong white bread flour,20,0.002002402883460152
2639,ground cinnamon | sultanas,2,ground cinnamon,sultanas,20,0.002002402883460152
2640,ground coriander | vegetable stock,2,ground coriander,vegetable stock,20,0.002002402883460152
2641,ground cumin | natural yogurt,2,ground cumin,natural yogurt,20,0.002002402883460152
2642,ground cumin | red wine vinegar,2,ground cumin,red wine vinegar,20,0.002002402883460152
2643,ground nutmeg | plain flour,2,ground nutmeg,plain flour,20,0.002002402883460152
2644,gruyère | olive oil,2,gruyère,olive oil,20,0.002002402883460152
2645,honey | smoked paprika,2,honey,smoked paprika,20,0.002002402883460152
2646,ice | triple sec,2,ice,triple sec,20,0.002002402883460152
2647,icing sugar | sunflower oil,2,icing sugar,sunflower oil,20,0.002002402883460152
2648,juice | onion,2,juice,onion,20,0.002002402883460152
2649,leeks | parmesan,2,leeks,parmesan,20,0.002002402883460152
2650,lemon juice | unsalted butter,2,lemon juice,unsalted butter,20,0.002002402883460152
2651,lemon | sumac,2,lemon,sumac,20,0.002002402883460152
2652,light brown soft sugar | vanilla bean paste,2,light brown soft sugar,vanilla bean paste,20,0.002002402883460152
2653,maple syrup | porridge oats,2,maple syrup,porridge oats,20,0.002002402883460152
2654,milk | porridge oats,2,milk,porridge oats,20,0.002002402883460152
2655,mirin | soy sauce,2,mirin,soy sauce,20,0.002002402883460152
2656,natural yogurt | unsalted butter,2,natural yogurt,unsalted butter,20,0.002002402883460152
2657,olive oil | oregano,2,olive oil,oregano,20,0.002002402883460152
2658,olive oil | pork mince,2,olive oil,pork mince,20,0.002002402883460152
2659,olive oil | ripe tomatoes,2,olive oil,ripe tomatoes,20,0.002002402883460152
2660,olive oil | salt,2,olive oil,salt,20,0.002002402883460152
2661,olive oil | tarragon,2,olive oil,tarragon,20,0.002002402883460152
2662,olive oil | za’atar,2,olive oil,za’atar,20,0.002002402883460152
2663,onion | pine nuts,2,onion,pine nuts,20,0.002002402883460152
2664,parmesan | sage leaves,2,parmesan,sage leaves,20,0.002002402883460152
2665,parmesan | spinach,2,parmesan,spinach,20,0.002002402883460152
2666,parsley | red onions,2,parsley,red onions,20,0.002002402883460152
2667,parsley | sunflower oil,2,parsley,sunflower oil,20,0.002002402883460152
2668,plain flour | spinach,2,plain flour,spinach,20,0.002002402883460152
2669,red chillies | spring onions,2,red chillies,spring onions,20,0.002002402883460152
2670,red onion | thyme,2,red onion,thyme,20,0.002002402883460152
2671,red wine vinegar | smoked paprika,2,red wine vinegar,smoked paprika,20,0.002002402883460152
2672,rice wine vinegar | soy sauce,2,rice wine vinegar,soy sauce,20,0.002002402883460152
2673,salt | vanilla extract,2,salt,vanilla extract,20,0.002002402883460152
2674,sesame oil | spring onion,2,sesame oil,spring onion,20,0.002002402883460152
2675,sesame seeds | tahini,2,sesame seeds,tahini,20,0.002002402883460152
2676,smoked paprika | vegetable stock,2,smoked paprika,vegetable stock,20,0.002002402883460152
2677,sunflower oil | thyme,2,sunflower oil,thyme,20,0.002002402883460152
2678,thyme | whole milk,2,thyme,whole milk,20,0.002002402883460152
2679,almond extract | baking powder,2,almond extract,baking powder,19,0.0019022827392871447
2680,asparagus | olive oil,2,asparagus,olive oil,19,0.0019022827392871447
2681,baking powder | lemon juice,2,baking powder,lemon juice,19,0.0019022827392871447
2682,baking powder | pecans,2,baking powder,pecans,19,0.0019022827392871447
2683,balsamic vinegar | onion,2,balsamic vinegar,onion,19,0.0019022827392871447
2684,banana shallots | butter,2,banana shallots,butter,19,0.0019022827392871447
2685,basmati rice | red onion,2,basmati rice,red onion,19,0.0019022827392871447
2686,bay leaf | onions,2,bay leaf,onions,19,0.0019022827392871447
2687,bay leaf | rapeseed oil,2,bay leaf,rapeseed oil,19,0.0019022827392871447
2688,bay leaves | cider vinegar,2,bay leaves,cider vinegar,19,0.0019022827392871447
2689,bay leaves | ground cumin,2,bay leaves,ground cumin,19,0.0019022827392871447
2690,beansprouts | red chilli,2,beansprouts,red chilli,19,0.0019022827392871447
2691,beansprouts | spring onions,2,beansprouts,spring onions,19,0.0019022827392871447
2692,beef mince | beef stock,2,beef mince,beef stock,19,0.0019022827392871447
2693,beef mince | chopped tomatoes,2,beef mince,chopped tomatoes,19,0.0019022827392871447
2694,beef stock | chopped tomatoes,2,beef stock,chopped tomatoes,19,0.0019022827392871447
2695,beetroot | lemon,2,beetroot,lemon,19,0.0019022827392871447
2696,black beans | dried oregano,2,black beans,dried oregano,19,0.0019022827392871447
2697,black peppercorns | cinnamon,2,black peppercorns,cinnamon,19,0.0019022827392871447
2698,black peppercorns | thyme,2,black peppercorns,thyme,19,0.0019022827392871447
2699,brandy | double cream,2,brandy,double cream,19,0.0019022827392871447
2700,butter | clear honey,2,butter,clear honey,19,0.0019022827392871447
2701,butter | desiccated coconut,2,butter,desiccated coconut,19,0.0019022827392871447
2702,butter | ground cloves,2,butter,ground cloves,19,0.0019022827392871447
2703,butter | hazelnuts,2,butter,hazelnuts,19,0.0019022827392871447
2704,butter | puff pastry,2,butter,puff pastry,19,0.0019022827392871447
2705,buttermilk | golden caster sugar,2,buttermilk,golden caster sugar,19,0.0019022827392871447
2706,butternut squash | ground cumin,2,butternut squash,ground cumin,19,0.0019022827392871447
2707,butternut squash | lemon,2,butternut squash,lemon,19,0.0019022827392871447
2708,capers | onion,2,capers,onion,19,0.0019022827392871447
2709,capers | plain flour,2,capers,plain flour,19,0.0019022827392871447
2710,carrots | cinnamon,2,carrots,cinnamon,19,0.0019022827392871447
2711,caster sugar | ground ginger,2,caster sugar,ground ginger,19,0.0019022827392871447
2712,caster sugar | soy sauce,2,caster sugar,soy sauce,19,0.0019022827392871447
2713,cauliflower | ground cumin,2,cauliflower,ground cumin,19,0.0019022827392871447
2714,cayenne pepper | ground coriander,2,cayenne pepper,ground coriander,19,0.0019022827392871447
2715,celeriac | thyme,2,celeriac,thyme,19,0.0019022827392871447
2716,celery | extra virgin olive oil,2,celery,extra virgin olive oil,19,0.0019022827392871447
2717,celery | leek,2,celery,leek,19,0.0019022827392871447
2718,celery | white wine,2,celery,white wine,19,0.0019022827392871447
2719,cheddar | parmesan,2,cheddar,parmesan,19,0.0019022827392871447
2720,cherry tomatoes | dried oregano,2,cherry tomatoes,dried oregano,19,0.0019022827392871447
2721,chestnut mushrooms | tomato purée,2,chestnut mushrooms,tomato purée,19,0.0019022827392871447
2722,chicken stock | egg,2,chicken stock,egg,19,0.0019022827392871447
2723,chickpeas | mint leaves,2,chickpeas,mint leaves,19,0.0019022827392871447
2724,chickpeas | vegetable stock,2,chickpeas,vegetable stock,19,0.0019022827392871447
2725,chilli flakes | sesame oil,2,chilli flakes,sesame oil,19,0.0019022827392871447
2726,chilli flakes | thyme,2,chilli flakes,thyme,19,0.0019022827392871447
2727,chilli powder | chopped tomatoes,2,chilli powder,chopped tomatoes,19,0.0019022827392871447
2728,chilli powder | garam masala,2,chilli powder,garam masala,19,0.0019022827392871447
2729,chilli powder | lime,2,chilli powder,lime,19,0.0019022827392871447
2730,chilli powder | smoked paprika,2,chilli powder,smoked paprika,19,0.0019022827392871447
2731,chilli powder | sunflower oil,2,chilli powder,sunflower oil,19,0.0019022827392871447
2732,chives | egg,2,chives,egg,19,0.0019022827392871447
2733,chives | whole milk,2,chives,whole milk,19,0.0019022827392871447
2734,cider vinegar | onion,2,cider vinegar,onion,19,0.0019022827392871447
2735,cinnamon | coriander seeds,2,cinnamon,coriander seeds,19,0.0019022827392871447
2736,cinnamon | ground ginger,2,cinnamon,ground ginger,19,0.0019022827392871447
2737,cinnamon | ground turmeric,2,cinnamon,ground turmeric,19,0.0019022827392871447
2738,cocoa powder | light muscovado sugar,2,cocoa powder,light muscovado sugar,19,0.0019022827392871447
2739,coconut milk | red chilli,2,coconut milk,red chilli,19,0.0019022827392871447
2740,cold butter | vanilla extract,2,cold butter,vanilla extract,19,0.0019022827392871447
2741,cold unsalted butter | eggs,2,cold unsalted butter,eggs,19,0.0019022827392871447
2742,cooking chorizo | garlic,2,cooking chorizo,garlic,19,0.0019022827392871447
2743,coriander leaves | turmeric,2,coriander leaves,turmeric,19,0.0019022827392871447
2744,cornflour | dark chocolate,2,cornflour,dark chocolate,19,0.0019022827392871447
2745,cornflour | maple syrup,2,cornflour,maple syrup,19,0.0019022827392871447
2746,cornflour | onions,2,cornflour,onions,19,0.0019022827392871447
2747,courgettes | onion,2,courgettes,onion,19,0.0019022827392871447
2748,crème fraîche | dijon mustard,2,crème fraîche,dijon mustard,19,0.0019022827392871447
2749,crème fraîche | icing sugar,2,crème fraîche,icing sugar,19,0.0019022827392871447
2750,crème fraîche | thyme,2,crème fraîche,thyme,19,0.0019022827392871447
2751,cucumber | tahini,2,cucumber,tahini,19,0.0019022827392871447
2752,cumin seeds | natural yogurt,2,cumin seeds,natural yogurt,19,0.0019022827392871447
2753,demerara sugar | eggs,2,demerara sugar,eggs,19,0.0019022827392871447
2754,dijon mustard | spring onions,2,dijon mustard,spring onions,19,0.0019022827392871447
2755,double cream | ground coriander,2,double cream,ground coriander,19,0.0019022827392871447
2756,double cream | ground ginger,2,double cream,ground ginger,19,0.0019022827392871447
2757,double cream | natural yogurt,2,double cream,natural yogurt,19,0.0019022827392871447
2758,double cream | soured cream,2,double cream,soured cream,19,0.0019022827392871447
2759,dried oregano | extra virgin olive oil,2,dried oregano,extra virgin olive oil,19,0.0019022827392871447
2760,dried oregano | garlic granules,2,dried oregano,garlic granules,19,0.0019022827392871447
2761,egg yolk | unsalted butter,2,egg yolk,unsalted butter,19,0.0019022827392871447
2762,egg | ginger,2,egg,ginger,19,0.0019022827392871447
2763,eggs | marzipan,2,eggs,marzipan,19,0.0019022827392871447
2764,eggs | mint,2,eggs,mint,19,0.0019022827392871447
2765,eggs | red pepper,2,eggs,red pepper,19,0.0019022827392871447
2766,eggs | tahini,2,eggs,tahini,19,0.0019022827392871447
2767,extra virgin olive oil | lemons,2,extra virgin olive oil,lemons,19,0.0019022827392871447
2768,fennel seeds | tomato purée,2,fennel seeds,tomato purée,19,0.0019022827392871447
2769,feta | tomatoes,2,feta,tomatoes,19,0.0019022827392871447
2770,frozen peas | mint,2,frozen peas,mint,19,0.0019022827392871447
2771,frozen peas | mint leaves,2,frozen peas,mint leaves,19,0.0019022827392871447
2772,frozen peas | parmesan,2,frozen peas,parmesan,19,0.0019022827392871447
2773,full-fat cream cheese | golden caster sugar,2,full-fat cream cheese,golden caster sugar,19,0.0019022827392871447
2774,garlic | ghee,2,garlic,ghee,19,0.0019022827392871447
2775,garlic | ground allspice,2,garlic,ground allspice,19,0.0019022827392871447
2776,garlic | ground almonds,2,garlic,ground almonds,19,0.0019022827392871447
2777,garlic | kashmiri chilli powder,2,garlic,kashmiri chilli powder,19,0.0019022827392871447
2778,garlic | lemon wedges,2,garlic,lemon wedges,19,0.0019022827392871447
2779,garlic | low-salt soy sauce,2,garlic,low-salt soy sauce,19,0.0019022827392871447
2780,garlic | oyster sauce,2,garlic,oyster sauce,19,0.0019022827392871447
2781,garlic | paneer,2,garlic,paneer,19,0.0019022827392871447
2782,garlic | ras el hanout,2,garlic,ras el hanout,19,0.0019022827392871447
2783,garlic | sea salt,2,garlic,sea salt,19,0.0019022827392871447
2784,garlic | sourdough,2,garlic,sourdough,19,0.0019022827392871447
2785,garlic | wholemeal penne,2,garlic,wholemeal penne,19,0.0019022827392871447
2786,granulated sugar | icing sugar,2,granulated sugar,icing sugar,19,0.0019022827392871447
2787,greek yogurt | parsley,2,greek yogurt,parsley,19,0.0019022827392871447
2788,green chilli | tomato purée,2,green chilli,tomato purée,19,0.0019022827392871447
2789,green chillies | vegetable oil,2,green chillies,vegetable oil,19,0.0019022827392871447
2790,ground almonds | light brown soft sugar,2,ground almonds,light brown soft sugar,19,0.0019022827392871447
2791,ground cinnamon | light muscovado sugar,2,ground cinnamon,light muscovado sugar,19,0.0019022827392871447
2792,ground cinnamon | rapeseed oil,2,ground cinnamon,rapeseed oil,19,0.0019022827392871447
2793,ground coriander | plain flour,2,ground coriander,plain flour,19,0.0019022827392871447
2794,ground cumin | sugar,2,ground cumin,sugar,19,0.0019022827392871447
2795,harissa | lemon,2,harissa,lemon,19,0.0019022827392871447
2796,honey | onion,2,honey,onion,19,0.0019022827392871447
2797,honey | sunflower oil,2,honey,sunflower oil,19,0.0019022827392871447
2798,honey | vanilla extract,2,honey,vanilla extract,19,0.0019022827392871447
2799,kalamata olives | rapeseed oil,2,kalamata olives,rapeseed oil,19,0.0019022827392871447
2800,kale | lemon,2,kale,lemon,19,0.0019022827392871447
2801,leeks | onion,2,leeks,onion,19,0.0019022827392871447
2802,lemon | panko breadcrumbs,2,lemon,panko breadcrumbs,19,0.0019022827392871447
2803,lemon | paprika,2,lemon,paprika,19,0.0019022827392871447
2804,lemon | strong white bread flour,2,lemon,strong white bread flour,19,0.0019022827392871447
2805,lemon | sultanas,2,lemon,sultanas,19,0.0019022827392871447
2806,light brown soft sugar | lime,2,light brown soft sugar,lime,19,0.0019022827392871447
2807,light muscovado sugar | orange,2,light muscovado sugar,orange,19,0.0019022827392871447
2808,limes | onion,2,limes,onion,19,0.0019022827392871447
2809,low-salt soy sauce | sesame oil,2,low-salt soy sauce,sesame oil,19,0.0019022827392871447
2810,low-salt soy sauce | spring onions,2,low-salt soy sauce,spring onions,19,0.0019022827392871447
2811,maple syrup | pecans,2,maple syrup,pecans,19,0.0019022827392871447
2812,maple syrup | unsalted butter,2,maple syrup,unsalted butter,19,0.0019022827392871447
2813,marzipan | plain flour,2,marzipan,plain flour,19,0.0019022827392871447
2814,milk chocolate | vanilla extract,2,milk chocolate,vanilla extract,19,0.0019022827392871447
2815,milk | mozzarella,2,milk,mozzarella,19,0.0019022827392871447
2816,milk | white chocolate,2,milk,white chocolate,19,0.0019022827392871447
2817,mint leaves | onion,2,mint leaves,onion,19,0.0019022827392871447
2818,mushrooms | plain flour,2,mushrooms,plain flour,19,0.0019022827392871447
2819,olive oil | sausages,2,olive oil,sausages,19,0.0019022827392871447
2820,olive oil | skinless chicken breasts,2,olive oil,skinless chicken breasts,19,0.0019022827392871447
2821,onion | parsnips,2,onion,parsnips,19,0.0019022827392871447
2822,onion | wholegrain mustard,2,onion,wholegrain mustard,19,0.0019022827392871447
2823,onions | worcestershire sauce,2,onions,worcestershire sauce,19,0.0019022827392871447
2824,orange | whole milk,2,orange,whole milk,19,0.0019022827392871447
2825,parmesan | red wine vinegar,2,parmesan,red wine vinegar,19,0.0019022827392871447
2826,parsley | shallots,2,parsley,shallots,19,0.0019022827392871447
2827,parsley | unsalted butter,2,parsley,unsalted butter,19,0.0019022827392871447
2828,parsley | vegetable stock,2,parsley,vegetable stock,19,0.0019022827392871447
2829,plain flour | raisins,2,plain flour,raisins,19,0.0019022827392871447
2830,plain flour | red chilli,2,plain flour,red chilli,19,0.0019022827392871447
2831,plain flour | strong white bread flour,2,plain flour,strong white bread flour,19,0.0019022827392871447
2832,pumpkin seeds | rapeseed oil,2,pumpkin seeds,rapeseed oil,19,0.0019022827392871447
2833,rapeseed oil | sesame oil,2,rapeseed oil,sesame oil,19,0.0019022827392871447
2834,rapeseed oil | vegetable bouillon,2,rapeseed oil,vegetable bouillon,19,0.0019022827392871447
2835,raspberries | self-raising flour,2,raspberries,self-raising flour,19,0.0019022827392871447
2836,raspberry jam | vanilla extract,2,raspberry jam,vanilla extract,19,0.0019022827392871447
2837,red cabbage | red onion,2,red cabbage,red onion,19,0.0019022827392871447
2838,red onion | red peppers,2,red onion,red peppers,19,0.0019022827392871447
2839,red onion | vegetable stock,2,red onion,vegetable stock,19,0.0019022827392871447
2840,red wine vinegar | thyme,2,red wine vinegar,thyme,19,0.0019022827392871447
2841,rice vinegar | sesame seeds,2,rice vinegar,sesame seeds,19,0.0019022827392871447
2842,salt | self-raising flour,2,salt,self-raising flour,19,0.0019022827392871447
2843,salted butter | vanilla bean paste,2,salted butter,vanilla bean paste,19,0.0019022827392871447
2844,sesame oil | sugar,2,sesame oil,sugar,19,0.0019022827392871447
2845,soft cheese | vanilla extract,2,soft cheese,vanilla extract,19,0.0019022827392871447
2846,spring onions | star anise,2,spring onions,star anise,19,0.0019022827392871447
2847,spring onions | sweet chilli sauce,2,spring onions,sweet chilli sauce,19,0.0019022827392871447
2848,strong white bread flour | vegetable oil,2,strong white bread flour,vegetable oil,19,0.0019022827392871447
2849,sunflower oil | unsalted butter,2,sunflower oil,unsalted butter,19,0.0019022827392871447
2850,thyme leaves | vegetable oil,2,thyme leaves,vegetable oil,19,0.0019022827392871447
2851,thyme | wholegrain mustard,2,thyme,wholegrain mustard,19,0.0019022827392871447
2852,aubergine | chopped tomatoes,2,aubergine,chopped tomatoes,18,0.001802162595114137
2853,aubergines | chopped tomatoes,2,aubergines,chopped tomatoes,18,0.001802162595114137
2854,avocado | cherry tomatoes,2,avocado,cherry tomatoes,18,0.001802162595114137
2855,avocados | black beans,2,avocados,black beans,18,0.001802162595114137
2856,avocados | red onion,2,avocados,red onion,18,0.001802162595114137
2857,baking powder | flaked almonds,2,baking powder,flaked almonds,18,0.001802162595114137
2858,baking powder | red onion,2,baking powder,red onion,18,0.001802162595114137
2859,baking powder | sesame seeds,2,baking powder,sesame seeds,18,0.001802162595114137
2860,basil leaves | chilli flakes,2,basil leaves,chilli flakes,18,0.001802162595114137
2861,basil leaves | rapeseed oil,2,basil leaves,rapeseed oil,18,0.001802162595114137
2862,basil | chopped tomatoes,2,basil,chopped tomatoes,18,0.001802162595114137
2863,basil | pine nuts,2,basil,pine nuts,18,0.001802162595114137
2864,basmati rice | ground cumin,2,basmati rice,ground cumin,18,0.001802162595114137
2865,bay leaf | nutmeg,2,bay leaf,nutmeg,18,0.001802162595114137
2866,bay leaf | parmesan,2,bay leaf,parmesan,18,0.001802162595114137
2867,bay leaf | red wine,2,bay leaf,red wine,18,0.001802162595114137
2868,bay leaves | light brown soft sugar,2,bay leaves,light brown soft sugar,18,0.001802162595114137
2869,bay leaves | rapeseed oil,2,bay leaves,rapeseed oil,18,0.001802162595114137
2870,beetroot | red onion,2,beetroot,red onion,18,0.001802162595114137
2871,bicarbonate of soda | lemon,2,bicarbonate of soda,lemon,18,0.001802162595114137
2872,bicarbonate of soda | white chocolate,2,bicarbonate of soda,white chocolate,18,0.001802162595114137
2873,black beans | red pepper,2,black beans,red pepper,18,0.001802162595114137
2874,black peppercorns | cumin seeds,2,black peppercorns,cumin seeds,18,0.001802162595114137
2875,blueberries | maple syrup,2,blueberries,maple syrup,18,0.001802162595114137
2876,blueberries | vanilla extract,2,blueberries,vanilla extract,18,0.001802162595114137
2877,breadcrumbs | olive oil,2,breadcrumbs,olive oil,18,0.001802162595114137
2878,brown sugar | olive oil,2,brown sugar,olive oil,18,0.001802162595114137
2879,butter | dried oregano,2,butter,dried oregano,18,0.001802162595114137
2880,butter | dried porcini mushrooms,2,butter,dried porcini mushrooms,18,0.001802162595114137
2881,butter | full-fat cream cheese,2,butter,full-fat cream cheese,18,0.001802162595114137
2882,butter | mixed dried fruit,2,butter,mixed dried fruit,18,0.001802162595114137
2883,butter | porridge oats,2,butter,porridge oats,18,0.001802162595114137
2884,butter | sage,2,butter,sage,18,0.001802162595114137
2885,butter | sea salt flakes,2,butter,sea salt flakes,18,0.001802162595114137
2886,butter | sesame seeds,2,butter,sesame seeds,18,0.001802162595114137
2887,buttermilk | egg,2,buttermilk,egg,18,0.001802162595114137
2888,butternut squash | parmesan,2,butternut squash,parmesan,18,0.001802162595114137
2889,cannellini beans | onion,2,cannellini beans,onion,18,0.001802162595114137
2890,capers | red onion,2,capers,red onion,18,0.001802162595114137
2891,caraway seeds | garlic,2,caraway seeds,garlic,18,0.001802162595114137
2892,cardamom pods | turmeric,2,cardamom pods,turmeric,18,0.001802162595114137
2893,carrot | chicken stock,2,carrot,chicken stock,18,0.001802162595114137
2894,carrot | red onion,2,carrot,red onion,18,0.001802162595114137
2895,carrots | star anise,2,carrots,star anise,18,0.001802162595114137
2896,caster sugar | digestive biscuits,2,caster sugar,digestive biscuits,18,0.001802162595114137
2897,caster sugar | extra virgin olive oil,2,caster sugar,extra virgin olive oil,18,0.001802162595114137
2898,caster sugar | gin,2,caster sugar,gin,18,0.001802162595114137
2899,caster sugar | granulated sugar,2,caster sugar,granulated sugar,18,0.001802162595114137
2900,caster sugar | soured cream,2,caster sugar,soured cream,18,0.001802162595114137
2901,caster sugar | vanilla pod,2,caster sugar,vanilla pod,18,0.001802162595114137
2902,cauliflower | cumin seeds,2,cauliflower,cumin seeds,18,0.001802162595114137
2903,celery | leeks,2,celery,leeks,18,0.001802162595114137
2904,celery | mayonnaise,2,celery,mayonnaise,18,0.001802162595114137
2905,cheddar | vegetable oil,2,cheddar,vegetable oil,18,0.001802162595114137
2906,cherry tomatoes | chilli flakes,2,cherry tomatoes,chilli flakes,18,0.001802162595114137
2907,cherry tomatoes | onions,2,cherry tomatoes,onions,18,0.001802162595114137
2908,cherry tomatoes | red pepper,2,cherry tomatoes,red pepper,18,0.001802162595114137
2909,chicken stock | coriander,2,chicken stock,coriander,18,0.001802162595114137
2910,chicken stock | cornflour,2,chicken stock,cornflour,18,0.001802162595114137
2911,chicken stock | rosemary,2,chicken stock,rosemary,18,0.001802162595114137
2912,chicken stock | smoked paprika,2,chicken stock,smoked paprika,18,0.001802162595114137
2913,chickpeas | cucumber,2,chickpeas,cucumber,18,0.001802162595114137
2914,chilli flakes | mozzarella,2,chilli flakes,mozzarella,18,0.001802162595114137
2915,chilli flakes | rapeseed oil,2,chilli flakes,rapeseed oil,18,0.001802162595114137
2916,chinese five-spice powder | ginger,2,chinese five-spice powder,ginger,18,0.001802162595114137
2917,chipotle paste | ground cumin,2,chipotle paste,ground cumin,18,0.001802162595114137
2918,chopped tomatoes | sunflower oil,2,chopped tomatoes,sunflower oil,18,0.001802162595114137
2919,cider vinegar | ground cumin,2,cider vinegar,ground cumin,18,0.001802162595114137
2920,clear honey | lemon,2,clear honey,lemon,18,0.001802162595114137
2921,cocoa powder | white chocolate,2,cocoa powder,white chocolate,18,0.001802162595114137
2922,coconut milk | garam masala,2,coconut milk,garam masala,18,0.001802162595114137
2923,coconut milk | rice,2,coconut milk,rice,18,0.001802162595114137
2924,coconut milk | spring onions,2,coconut milk,spring onions,18,0.001802162595114137
2925,cold unsalted butter | icing sugar,2,cold unsalted butter,icing sugar,18,0.001802162595114137
2926,cooking chorizo | olive oil,2,cooking chorizo,olive oil,18,0.001802162595114137
2927,coriander leaves | tomatoes,2,coriander leaves,tomatoes,18,0.001802162595114137
2928,coriander seeds | extra virgin olive oil,2,coriander seeds,extra virgin olive oil,18,0.001802162595114137
2929,coriander seeds | lime,2,coriander seeds,lime,18,0.001802162595114137
2930,coriander seeds | onions,2,coriander seeds,onions,18,0.001802162595114137
2931,coriander seeds | red onion,2,coriander seeds,red onion,18,0.001802162595114137
2932,coriander seeds | white wine vinegar,2,coriander seeds,white wine vinegar,18,0.001802162595114137
2933,coriander | lemongrass,2,coriander,lemongrass,18,0.001802162595114137
2934,cornflour | lime,2,cornflour,lime,18,0.001802162595114137
2935,cornflour | rice vinegar,2,cornflour,rice vinegar,18,0.001802162595114137
2936,cornflour | tomato purée,2,cornflour,tomato purée,18,0.001802162595114137
2937,courgette | onion,2,courgette,onion,18,0.001802162595114137
2938,cucumber | eggs,2,cucumber,eggs,18,0.001802162595114137
2939,cucumber | rice vinegar,2,cucumber,rice vinegar,18,0.001802162595114137
2940,cumin seeds | curry powder,2,cumin seeds,curry powder,18,0.001802162595114137
2941,cumin seeds | plain flour,2,cumin seeds,plain flour,18,0.001802162595114137
2942,cumin seeds | red onions,2,cumin seeds,red onions,18,0.001802162595114137
2943,curry powder | eggs,2,curry powder,eggs,18,0.001802162595114137
2944,dark brown soft sugar | eggs,2,dark brown soft sugar,eggs,18,0.001802162595114137
2945,dark brown soft sugar | plain flour,2,dark brown soft sugar,plain flour,18,0.001802162595114137
2946,dark chocolate | vanilla bean paste,2,dark chocolate,vanilla bean paste,18,0.001802162595114137
2947,demerara sugar | double cream,2,demerara sugar,double cream,18,0.001802162595114137
2948,double cream | hazelnuts,2,double cream,hazelnuts,18,0.001802162595114137
2949,double cream | tomato purée,2,double cream,tomato purée,18,0.001802162595114137
2950,double cream | wholegrain mustard,2,double cream,wholegrain mustard,18,0.001802162595114137
2951,dried mixed herbs | olive oil,2,dried mixed herbs,olive oil,18,0.001802162595114137
2952,egg white | lemon juice,2,egg white,lemon juice,18,0.001802162595114137
2953,egg whites | eggs,2,egg whites,eggs,18,0.001802162595114137
2954,egg | fresh breadcrumbs,2,egg,fresh breadcrumbs,18,0.001802162595114137
2955,egg | lemon juice,2,egg,lemon juice,18,0.001802162595114137
2956,egg | lime,2,egg,lime,18,0.001802162595114137
2957,egg | white chocolate,2,egg,white chocolate,18,0.001802162595114137
2958,egg | wholegrain mustard,2,egg,wholegrain mustard,18,0.001802162595114137
2959,eggs | flat-leaf parsley,2,eggs,flat-leaf parsley,18,0.001802162595114137
2960,eggs | limes,2,eggs,limes,18,0.001802162595114137
2961,eggs | raspberry jam,2,eggs,raspberry jam,18,0.001802162595114137
2962,eggs | sesame oil,2,eggs,sesame oil,18,0.001802162595114137
2963,eggs | turmeric,2,eggs,turmeric,18,0.001802162595114137
2964,english mustard | olive oil,2,english mustard,olive oil,18,0.001802162595114137
2965,fast-action dried yeast | lemon,2,fast-action dried yeast,lemon,18,0.001802162595114137
2966,fennel seeds | red onion,2,fennel seeds,red onion,18,0.001802162595114137
2967,feta | smoked paprika,2,feta,smoked paprika,18,0.001802162595114137
2968,fine sea salt | unsalted butter,2,fine sea salt,unsalted butter,18,0.001802162595114137
2969,flat-leaf parsley leaves | garlic,2,flat-leaf parsley leaves,garlic,18,0.001802162595114137
2970,flatbreads | olive oil,2,flatbreads,olive oil,18,0.001802162595114137
2971,fresh breadcrumbs | plain flour,2,fresh breadcrumbs,plain flour,18,0.001802162595114137
2972,fresh thyme leaves | rapeseed oil,2,fresh thyme leaves,rapeseed oil,18,0.001802162595114137
2973,frozen peas | onions,2,frozen peas,onions,18,0.001802162595114137
2974,full-fat soft cheese | unsalted butter,2,full-fat soft cheese,unsalted butter,18,0.001802162595114137
2975,garam masala | natural yogurt,2,garam masala,natural yogurt,18,0.001802162595114137
2976,garlic | ground nutmeg,2,garlic,ground nutmeg,18,0.001802162595114137
2977,garlic | orzo,2,garlic,orzo,18,0.001802162595114137
2978,garlic | pancetta,2,garlic,pancetta,18,0.001802162595114137
2979,garlic | pitted black olives,2,garlic,pitted black olives,18,0.001802162595114137
2980,garlic | pork sausages,2,garlic,pork sausages,18,0.001802162595114137
2981,garlic | sweet paprika,2,garlic,sweet paprika,18,0.001802162595114137
2982,garlic | vegetable or sunflower oil,2,garlic,vegetable or sunflower oil,18,0.001802162595114137
2983,ginger | nigella seeds,2,ginger,nigella seeds,18,0.001802162595114137
2984,ginger | raw king prawns,2,ginger,raw king prawns,18,0.001802162595114137
2985,glacé cherries | orange,2,glacé cherries,orange,18,0.001802162595114137
2986,glacé cherries | plain flour,2,glacé cherries,plain flour,18,0.001802162595114137
2987,golden caster sugar | lemon curd,2,golden caster sugar,lemon curd,18,0.001802162595114137
2988,golden caster sugar | raspberry jam,2,golden caster sugar,raspberry jam,18,0.001802162595114137
2989,golden caster sugar | tomato purée,2,golden caster sugar,tomato purée,18,0.001802162595114137
2990,green chilli | mint leaves,2,green chilli,mint leaves,18,0.001802162595114137
2991,green chilli | onions,2,green chilli,onions,18,0.001802162595114137
2992,green chillies | onion,2,green chillies,onion,18,0.001802162595114137
2993,green pepper | onion,2,green pepper,onion,18,0.001802162595114137
2994,ground cinnamon | salted butter,2,ground cinnamon,salted butter,18,0.001802162595114137
2995,ground coriander | red onions,2,ground coriander,red onions,18,0.001802162595114137
2996,ground coriander | spring onions,2,ground coriander,spring onions,18,0.001802162595114137
2997,ground cumin | tomato,2,ground cumin,tomato,18,0.001802162595114137
2998,ground cumin | vegetable bouillon powder,2,ground cumin,vegetable bouillon powder,18,0.001802162595114137
2999,ground ginger | orange,2,ground ginger,orange,18,0.001802162595114137
3000,ground turmeric | tomatoes,2,ground turmeric,tomatoes,18,0.001802162595114137
3001,honey | milk,2,honey,milk,18,0.001802162595114137
3002,honey | orange,2,honey,orange,18,0.001802162595114137
3003,honey | rice vinegar,2,honey,rice vinegar,18,0.001802162595114137
3004,honey | unsalted butter,2,honey,unsalted butter,18,0.001802162595114137
3005,ice | lime,2,ice,lime,18,0.001802162595114137
3006,ice | soda water,2,ice,soda water,18,0.001802162595114137
3007,icing sugar | vanilla paste,2,icing sugar,vanilla paste,18,0.001802162595114137
3008,lemon juice | vanilla extract,2,lemon juice,vanilla extract,18,0.001802162595114137
3009,lemon | red peppers,2,lemon,red peppers,18,0.001802162595114137
3010,lemongrass | lime,2,lemongrass,lime,18,0.001802162595114137
3011,lemongrass | red chilli,2,lemongrass,red chilli,18,0.001802162595114137
3012,macaroni | plain flour,2,macaroni,plain flour,18,0.001802162595114137
3013,milk chocolate | white chocolate,2,milk chocolate,white chocolate,18,0.001802162595114137
3014,milk | mixed spice,2,milk,mixed spice,18,0.001802162595114137
3015,mixed dried fruit | mixed spice,2,mixed dried fruit,mixed spice,18,0.001802162595114137
3016,mixed peel | sultanas,2,mixed peel,sultanas,18,0.001802162595114137
3017,natural yogurt | onion,2,natural yogurt,onion,18,0.001802162595114137
3018,olive oil | pesto,2,olive oil,pesto,18,0.001802162595114137
3019,olive oil | pitted green olives,2,olive oil,pitted green olives,18,0.001802162595114137
3020,olive oil | potato,2,olive oil,potato,18,0.001802162595114137
3021,olive oil | prosciutto,2,olive oil,prosciutto,18,0.001802162595114137
3022,onion | plum tomatoes,2,onion,plum tomatoes,18,0.001802162595114137
3023,onion | sesame seeds,2,onion,sesame seeds,18,0.001802162595114137
3024,orange | raisins,2,orange,raisins,18,0.001802162595114137
3025,panko breadcrumbs | parmesan,2,panko breadcrumbs,parmesan,18,0.001802162595114137
3026,parsley | red wine,2,parsley,red wine,18,0.001802162595114137
3027,parsley | vegetable bouillon powder,2,parsley,vegetable bouillon powder,18,0.001802162595114137
3028,pecans | plain flour,2,pecans,plain flour,18,0.001802162595114137
3029,plain flour | soft light brown sugar,2,plain flour,soft light brown sugar,18,0.001802162595114137
3030,plum tomatoes | tomato purée,2,plum tomatoes,tomato purée,18,0.001802162595114137
3031,pomegranate molasses | pomegranate seeds,2,pomegranate molasses,pomegranate seeds,18,0.001802162595114137
3032,porridge oats | vanilla extract,2,porridge oats,vanilla extract,18,0.001802162595114137
3033,potato | vegetable oil,2,potato,vegetable oil,18,0.001802162595114137
3034,potatoes | red onion,2,potatoes,red onion,18,0.001802162595114137
3035,rapeseed oil | rosemary,2,rapeseed oil,rosemary,18,0.001802162595114137
3036,rapeseed oil | self-raising flour,2,rapeseed oil,self-raising flour,18,0.001802162595114137
3037,red chilli | rice vinegar,2,red chilli,rice vinegar,18,0.001802162595114137
3038,red onion | tahini,2,red onion,tahini,18,0.001802162595114137
3039,red onion | white cabbage,2,red onion,white cabbage,18,0.001802162595114137
3040,red peppers | smoked paprika,2,red peppers,smoked paprika,18,0.001802162595114137
3041,rice | vegetable oil,2,rice,vegetable oil,18,0.001802162595114137
3042,rosemary | vegetable oil,2,rosemary,vegetable oil,18,0.001802162595114137
3043,salt | unsalted butter,2,salt,unsalted butter,18,0.001802162595114137
3044,salted butter | whole milk,2,salted butter,whole milk,18,0.001802162595114137
3045,self-raising flour | strawberries,2,self-raising flour,strawberries,18,0.001802162595114137
3046,smoked paprika | thyme,2,smoked paprika,thyme,18,0.001802162595114137
3047,spring onions | sweetcorn,2,spring onions,sweetcorn,18,0.001802162595114137
3048,star anise | vegetable oil,2,star anise,vegetable oil,18,0.001802162595114137
3049,sunflower oil | vanilla extract,2,sunflower oil,vanilla extract,18,0.001802162595114137
3050,turmeric | vegetable stock,2,turmeric,vegetable stock,18,0.001802162595114137
3051,unsalted butter | vanilla paste,2,unsalted butter,vanilla paste,18,0.001802162595114137
3052,vanilla bean paste | white chocolate,2,vanilla bean paste,white chocolate,18,0.001802162595114137
3053,all-butter puff pastry | plain flour,2,all-butter puff pastry,plain flour,17,0.0017020424509411295
3054,anchovy fillets | garlic,2,anchovy fillets,garlic,17,0.0017020424509411295
3055,apple cider vinegar | honey,2,apple cider vinegar,honey,17,0.0017020424509411295
3056,apricot jam | golden caster sugar,2,apricot jam,golden caster sugar,17,0.0017020424509411295
3057,aubergine | lemon,2,aubergine,lemon,17,0.0017020424509411295
3058,avocado stoned | lime,2,avocado stoned,lime,17,0.0017020424509411295
3059,avocado | juice,2,avocado,juice,17,0.0017020424509411295
3060,baby spinach | coriander,2,baby spinach,coriander,17,0.0017020424509411295
3061,baby spinach | red chilli,2,baby spinach,red chilli,17,0.0017020424509411295
3062,baking powder | lemons,2,baking powder,lemons,17,0.0017020424509411295
3063,baking powder | raspberries,2,baking powder,raspberries,17,0.0017020424509411295
3064,balsamic vinegar | celery,2,balsamic vinegar,celery,17,0.0017020424509411295
3065,balsamic vinegar | plain flour,2,balsamic vinegar,plain flour,17,0.0017020424509411295
3066,basil | mozzarella,2,basil,mozzarella,17,0.0017020424509411295
3067,bay leaf | black peppercorns,2,bay leaf,black peppercorns,17,0.0017020424509411295
3068,bay leaf | milk,2,bay leaf,milk,17,0.0017020424509411295
3069,bay leaves | cloves,2,bay leaves,cloves,17,0.0017020424509411295
3070,bay leaves | smoked paprika,2,bay leaves,smoked paprika,17,0.0017020424509411295
3071,bay leaves | whole milk,2,bay leaves,whole milk,17,0.0017020424509411295
3072,beansprouts | fish sauce,2,beansprouts,fish sauce,17,0.0017020424509411295
3073,beef mince | parmesan,2,beef mince,parmesan,17,0.0017020424509411295
3074,beetroot | dill,2,beetroot,dill,17,0.0017020424509411295
3075,beetroot | rapeseed oil,2,beetroot,rapeseed oil,17,0.0017020424509411295
3076,black beans | red chilli,2,black beans,red chilli,17,0.0017020424509411295
3077,black peppercorns | butter,2,black peppercorns,butter,17,0.0017020424509411295
3078,black peppercorns | vegetable oil,2,black peppercorns,vegetable oil,17,0.0017020424509411295
3079,blueberries | eggs,2,blueberries,eggs,17,0.0017020424509411295
3080,butter beans | onion,2,butter beans,onion,17,0.0017020424509411295
3081,butter | cocoa,2,butter,cocoa,17,0.0017020424509411295
3082,butter | cumin seeds,2,butter,cumin seeds,17,0.0017020424509411295
3083,butter | full-fat soft cheese,2,butter,full-fat soft cheese,17,0.0017020424509411295
3084,butter | light brown sugar,2,butter,light brown sugar,17,0.0017020424509411295
3085,butter | mixed peel,2,butter,mixed peel,17,0.0017020424509411295
3086,butter | raspberry jam,2,butter,raspberry jam,17,0.0017020424509411295
3087,butter | swede,2,butter,swede,17,0.0017020424509411295
3088,butter | turmeric,2,butter,turmeric,17,0.0017020424509411295
3089,butter | vanilla ice cream,2,butter,vanilla ice cream,17,0.0017020424509411295
3090,buttermilk | lemon,2,buttermilk,lemon,17,0.0017020424509411295
3091,butternut squash | sage leaves,2,butternut squash,sage leaves,17,0.0017020424509411295
3092,capers | shallot,2,capers,shallot,17,0.0017020424509411295
3093,carrot | caster sugar,2,carrot,caster sugar,17,0.0017020424509411295
3094,carrot | sunflower oil,2,carrot,sunflower oil,17,0.0017020424509411295
3095,carrots | cider vinegar,2,carrots,cider vinegar,17,0.0017020424509411295
3096,carrots | cornflour,2,carrots,cornflour,17,0.0017020424509411295
3097,carrots | extra virgin olive oil,2,carrots,extra virgin olive oil,17,0.0017020424509411295
3098,carrots | mint leaves,2,carrots,mint leaves,17,0.0017020424509411295
3099,carrots | self-raising flour,2,carrots,self-raising flour,17,0.0017020424509411295
3100,carrots | sweet potatoes,2,carrots,sweet potatoes,17,0.0017020424509411295
3101,carton passata | garlic,2,carton passata,garlic,17,0.0017020424509411295
3102,caster sugar | coconut milk,2,caster sugar,coconut milk,17,0.0017020424509411295
3103,caster sugar | full-fat soft cheese,2,caster sugar,full-fat soft cheese,17,0.0017020424509411295
3104,caster sugar | ice,2,caster sugar,ice,17,0.0017020424509411295
3105,caster sugar | mixed spice,2,caster sugar,mixed spice,17,0.0017020424509411295
3106,cauliflower | milk,2,cauliflower,milk,17,0.0017020424509411295
3107,cauliflower | red chilli,2,cauliflower,red chilli,17,0.0017020424509411295
3108,celery | cherry tomatoes,2,celery,cherry tomatoes,17,0.0017020424509411295
3109,celery | ground cumin,2,celery,ground cumin,17,0.0017020424509411295
3110,celery | passata,2,celery,passata,17,0.0017020424509411295
3111,cheddar | egg,2,cheddar,egg,17,0.0017020424509411295
3112,cheddar | red onion,2,cheddar,red onion,17,0.0017020424509411295
3113,cherry tomatoes | ground cumin,2,cherry tomatoes,ground cumin,17,0.0017020424509411295
3114,chestnut mushrooms | dried porcini mushrooms,2,chestnut mushrooms,dried porcini mushrooms,17,0.0017020424509411295
3115,chestnut mushrooms | vegetable stock,2,chestnut mushrooms,vegetable stock,17,0.0017020424509411295
3116,chicken breasts | lemon,2,chicken breasts,lemon,17,0.0017020424509411295
3117,chicken stock | honey,2,chicken stock,honey,17,0.0017020424509411295
3118,chilli flakes | coriander leaves,2,chilli flakes,coriander leaves,17,0.0017020424509411295
3119,chilli flakes | onions,2,chilli flakes,onions,17,0.0017020424509411295
3120,chilli flakes | sugar,2,chilli flakes,sugar,17,0.0017020424509411295
3121,chilli flakes | tahini,2,chilli flakes,tahini,17,0.0017020424509411295
3122,chives | double cream,2,chives,double cream,17,0.0017020424509411295
3123,chives | extra virgin olive oil,2,chives,extra virgin olive oil,17,0.0017020424509411295
3124,chives | rapeseed oil,2,chives,rapeseed oil,17,0.0017020424509411295
3125,cider vinegar | golden caster sugar,2,cider vinegar,golden caster sugar,17,0.0017020424509411295
3126,cinnamon | red wine,2,cinnamon,red wine,17,0.0017020424509411295
3127,cinnamon | tomato purée,2,cinnamon,tomato purée,17,0.0017020424509411295
3128,clotted cream | golden caster sugar,2,clotted cream,golden caster sugar,17,0.0017020424509411295
3129,cocoa powder | vanilla bean paste,2,cocoa powder,vanilla bean paste,17,0.0017020424509411295
3130,cocoa powder | whole milk,2,cocoa powder,whole milk,17,0.0017020424509411295
3131,coconut milk | red onion,2,coconut milk,red onion,17,0.0017020424509411295
3132,cold butter | egg yolks,2,cold butter,egg yolks,17,0.0017020424509411295
3133,cold butter | milk,2,cold butter,milk,17,0.0017020424509411295
3134,coriander leaves | cucumber,2,coriander leaves,cucumber,17,0.0017020424509411295
3135,coriander leaves | sesame oil,2,coriander leaves,sesame oil,17,0.0017020424509411295
3136,coriander | cumin,2,coriander,cumin,17,0.0017020424509411295
3137,coriander | ground cinnamon,2,coriander,ground cinnamon,17,0.0017020424509411295
3138,coriander | red cabbage,2,coriander,red cabbage,17,0.0017020424509411295
3139,coriander | red wine vinegar,2,coriander,red wine vinegar,17,0.0017020424509411295
3140,coriander | spring onion,2,coriander,spring onion,17,0.0017020424509411295
3141,coriander | tahini,2,coriander,tahini,17,0.0017020424509411295
3142,courgette | spring onions,2,courgette,spring onions,17,0.0017020424509411295
3143,courgettes | extra virgin olive oil,2,courgettes,extra virgin olive oil,17,0.0017020424509411295
3144,courgettes | parsley,2,courgettes,parsley,17,0.0017020424509411295
3145,couscous | garlic,2,couscous,garlic,17,0.0017020424509411295
3146,cream cheese | lemon,2,cream cheese,lemon,17,0.0017020424509411295
3147,cream cheese | plain flour,2,cream cheese,plain flour,17,0.0017020424509411295
3148,crusty bread | parsley,2,crusty bread,parsley,17,0.0017020424509411295
3149,crème fraîche | egg,2,crème fraîche,egg,17,0.0017020424509411295
3150,crème fraîche | wholegrain mustard,2,crème fraîche,wholegrain mustard,17,0.0017020424509411295
3151,cucumber | fish sauce,2,cucumber,fish sauce,17,0.0017020424509411295
3152,cumin seeds | greek yogurt,2,cumin seeds,greek yogurt,17,0.0017020424509411295
3153,cumin seeds | ground cumin,2,cumin seeds,ground cumin,17,0.0017020424509411295
3154,cumin seeds | parsley,2,cumin seeds,parsley,17,0.0017020424509411295
3155,cumin seeds | red pepper,2,cumin seeds,red pepper,17,0.0017020424509411295
3156,cumin seeds | spring onions,2,cumin seeds,spring onions,17,0.0017020424509411295
3157,cumin seeds | tahini,2,cumin seeds,tahini,17,0.0017020424509411295
3158,curry powder | red chilli,2,curry powder,red chilli,17,0.0017020424509411295
3159,desiccated coconut | golden caster sugar,2,desiccated coconut,golden caster sugar,17,0.0017020424509411295
3160,dijon mustard | frozen peas,2,dijon mustard,frozen peas,17,0.0017020424509411295
3161,dijon mustard | whole milk,2,dijon mustard,whole milk,17,0.0017020424509411295
3162,dill | soured cream,2,dill,soured cream,17,0.0017020424509411295
3163,double cream | garam masala,2,double cream,garam masala,17,0.0017020424509411295
3164,double cream | ground cumin,2,double cream,ground cumin,17,0.0017020424509411295
3165,double cream | honey,2,double cream,honey,17,0.0017020424509411295
3166,double cream | mint leaves,2,double cream,mint leaves,17,0.0017020424509411295
3167,double cream | red onion,2,double cream,red onion,17,0.0017020424509411295
3168,double cream | vanilla ice cream,2,double cream,vanilla ice cream,17,0.0017020424509411295
3169,dried apricots | garlic,2,dried apricots,garlic,17,0.0017020424509411295
3170,dried cranberries | lemon,2,dried cranberries,lemon,17,0.0017020424509411295
3171,dried mixed herbs | garlic,2,dried mixed herbs,garlic,17,0.0017020424509411295
3172,dried oregano | lime,2,dried oregano,lime,17,0.0017020424509411295
3173,dried oregano | sunflower oil,2,dried oregano,sunflower oil,17,0.0017020424509411295
3174,egg white | golden caster sugar,2,egg white,golden caster sugar,17,0.0017020424509411295
3175,egg whites | lemon,2,egg whites,lemon,17,0.0017020424509411295
3176,egg yolks | vanilla pod,2,egg yolks,vanilla pod,17,0.0017020424509411295
3177,egg | extra virgin olive oil,2,egg,extra virgin olive oil,17,0.0017020424509411295
3178,egg | flaked almonds,2,egg,flaked almonds,17,0.0017020424509411295
3179,egg | flour,2,egg,flour,17,0.0017020424509411295
3180,egg | ground coriander,2,egg,ground coriander,17,0.0017020424509411295
3181,egg | juice,2,egg,juice,17,0.0017020424509411295
3182,egg | red chilli,2,egg,red chilli,17,0.0017020424509411295
3183,eggs | mixed peel,2,eggs,mixed peel,17,0.0017020424509411295
3184,eggs | rocket,2,eggs,rocket,17,0.0017020424509411295
3185,eggs | soft light brown sugar,2,eggs,soft light brown sugar,17,0.0017020424509411295
3186,eggs | sweet potatoes,2,eggs,sweet potatoes,17,0.0017020424509411295
3187,eggs | sweetcorn,2,eggs,sweetcorn,17,0.0017020424509411295
3188,eggs | walnuts,2,eggs,walnuts,17,0.0017020424509411295
3189,eggs | white caster sugar,2,eggs,white caster sugar,17,0.0017020424509411295
3190,extra mature cheddar | plain flour,2,extra mature cheddar,plain flour,17,0.0017020424509411295
3191,fennel seeds | plain flour,2,fennel seeds,plain flour,17,0.0017020424509411295
3192,fish sauce | palm sugar,2,fish sauce,palm sugar,17,0.0017020424509411295
3193,flaked almonds | orange,2,flaked almonds,orange,17,0.0017020424509411295
3194,flaked almonds | self-raising flour,2,flaked almonds,self-raising flour,17,0.0017020424509411295
3195,flat-leaf parsley | plain flour,2,flat-leaf parsley,plain flour,17,0.0017020424509411295
3196,flat-leaf parsley | spring onions,2,flat-leaf parsley,spring onions,17,0.0017020424509411295
3197,floury potatoes | plain flour,2,floury potatoes,plain flour,17,0.0017020424509411295
3198,fresh coriander | red chilli,2,fresh coriander,red chilli,17,0.0017020424509411295
3199,garam masala | green chillies,2,garam masala,green chillies,17,0.0017020424509411295
3200,garam masala | tomatoes,2,garam masala,tomatoes,17,0.0017020424509411295
3201,garlic | garlic granules,2,garlic,garlic granules,17,0.0017020424509411295
3202,garlic | ground cloves,2,garlic,ground cloves,17,0.0017020424509411295
3203,garlic | ground ginger,2,garlic,ground ginger,17,0.0017020424509411295
3204,garlic | mustard powder,2,garlic,mustard powder,17,0.0017020424509411295
3205,garlic | pistachios,2,garlic,pistachios,17,0.0017020424509411295
3206,garlic | prawns,2,garlic,prawns,17,0.0017020424509411295
3207,garlic | rosemary leaves,2,garlic,rosemary leaves,17,0.0017020424509411295
3208,garlic | salmon fillets,2,garlic,salmon fillets,17,0.0017020424509411295
3209,garlic | tarragon,2,garlic,tarragon,17,0.0017020424509411295
3210,garlic | vegetable,2,garlic,vegetable,17,0.0017020424509411295
3211,garlic | vegetable bouillon,2,garlic,vegetable bouillon,17,0.0017020424509411295
3212,garlic | wholemeal spaghetti,2,garlic,wholemeal spaghetti,17,0.0017020424509411295
3213,ginger | greek yogurt,2,ginger,greek yogurt,17,0.0017020424509411295
3214,ginger | kashmiri chilli powder,2,ginger,kashmiri chilli powder,17,0.0017020424509411295
3215,ginger | tomato ketchup,2,ginger,tomato ketchup,17,0.0017020424509411295
3216,golden caster sugar | ground almond,2,golden caster sugar,ground almond,17,0.0017020424509411295
3217,golden caster sugar | limes,2,golden caster sugar,limes,17,0.0017020424509411295
3218,golden caster sugar | marzipan,2,golden caster sugar,marzipan,17,0.0017020424509411295
3219,golden caster sugar | rapeseed oil,2,golden caster sugar,rapeseed oil,17,0.0017020424509411295
3220,golden caster sugar | sea salt,2,golden caster sugar,sea salt,17,0.0017020424509411295
3221,golden caster sugar | white wine vinegar,2,golden caster sugar,white wine vinegar,17,0.0017020424509411295
3222,greek yogurt | ground coriander,2,greek yogurt,ground coriander,17,0.0017020424509411295
3223,greek yogurt | red onion,2,greek yogurt,red onion,17,0.0017020424509411295
3224,greek yogurt | vegetable oil,2,greek yogurt,vegetable oil,17,0.0017020424509411295
3225,green chilli | rapeseed oil,2,green chilli,rapeseed oil,17,0.0017020424509411295
3226,green chillies | turmeric,2,green chillies,turmeric,17,0.0017020424509411295
3227,green salad | onion,2,green salad,onion,17,0.0017020424509411295
3228,ground allspice | ground cinnamon,2,ground allspice,ground cinnamon,17,0.0017020424509411295
3229,ground cloves | vegetable oil,2,ground cloves,vegetable oil,17,0.0017020424509411295
3230,ground coriander | mint,2,ground coriander,mint,17,0.0017020424509411295
3231,ground coriander | sugar,2,ground coriander,sugar,17,0.0017020424509411295
3232,ground coriander | tahini,2,ground coriander,tahini,17,0.0017020424509411295
3233,ground cumin | oil,2,ground cumin,oil,17,0.0017020424509411295
3234,ground turmeric | lime,2,ground turmeric,lime,17,0.0017020424509411295
3235,groundnut oil | spring onions,2,groundnut oil,spring onions,17,0.0017020424509411295
3236,honey | red wine vinegar,2,honey,red wine vinegar,17,0.0017020424509411295
3237,ice | mint,2,ice,mint,17,0.0017020424509411295
3238,lard | plain flour,2,lard,plain flour,17,0.0017020424509411295
3239,leeks | thyme,2,leeks,thyme,17,0.0017020424509411295
3240,leeks | wholegrain mustard,2,leeks,wholegrain mustard,17,0.0017020424509411295
3241,lemon juice | rapeseed oil,2,lemon juice,rapeseed oil,17,0.0017020424509411295
3242,lemon | lemons,2,lemon,lemons,17,0.0017020424509411295
3243,lemon | raisins,2,lemon,raisins,17,0.0017020424509411295
3244,lemons | mint leaves,2,lemons,mint leaves,17,0.0017020424509411295
3245,light brown soft sugar | maple syrup,2,light brown soft sugar,maple syrup,17,0.0017020424509411295
3246,light soy sauce | red chilli,2,light soy sauce,red chilli,17,0.0017020424509411295
3247,mango chutney | natural yogurt,2,mango chutney,natural yogurt,17,0.0017020424509411295
3248,maris piper potatoes | plain flour,2,maris piper potatoes,plain flour,17,0.0017020424509411295
3249,mascarpone | onion,2,mascarpone,onion,17,0.0017020424509411295
3250,mature cheddar | tomato purée,2,mature cheddar,tomato purée,17,0.0017020424509411295
3251,mature cheddar | whole milk,2,mature cheddar,whole milk,17,0.0017020424509411295
3252,mayonnaise | parsley,2,mayonnaise,parsley,17,0.0017020424509411295
3253,mayonnaise | white wine vinegar,2,mayonnaise,white wine vinegar,17,0.0017020424509411295
3254,mild curry powder | onion,2,mild curry powder,onion,17,0.0017020424509411295
3255,mirin | sesame oil,2,mirin,sesame oil,17,0.0017020424509411295
3256,mixed peel | mixed spice,2,mixed peel,mixed spice,17,0.0017020424509411295
3257,mozzarella | tomatoes,2,mozzarella,tomatoes,17,0.0017020424509411295
3258,mustard powder | olive oil,2,mustard powder,olive oil,17,0.0017020424509411295
3259,olive oil | pitted black olives,2,olive oil,pitted black olives,17,0.0017020424509411295
3260,olive oil | puff pastry,2,olive oil,puff pastry,17,0.0017020424509411295
3261,olive oil | rose harissa,2,olive oil,rose harissa,17,0.0017020424509411295
3262,onion | red peppers,2,onion,red peppers,17,0.0017020424509411295
3263,onion | sage,2,onion,sage,17,0.0017020424509411295
3264,onion | sesame oil,2,onion,sesame oil,17,0.0017020424509411295
3265,onion | sweet potato,2,onion,sweet potato,17,0.0017020424509411295
3266,onion | white wine vinegar,2,onion,white wine vinegar,17,0.0017020424509411295
3267,onions | spring onions,2,onions,spring onions,17,0.0017020424509411295
3268,onions | white wine,2,onions,white wine,17,0.0017020424509411295
3269,paprika | tomato purée,2,paprika,tomato purée,17,0.0017020424509411295
3270,parmesan | passata,2,parmesan,passata,17,0.0017020424509411295
3271,parmesan | spring onions,2,parmesan,spring onions,17,0.0017020424509411295
3272,parsley | sherry vinegar,2,parsley,sherry vinegar,17,0.0017020424509411295
3273,parsley | white wine vinegar,2,parsley,white wine vinegar,17,0.0017020424509411295
3274,plain flour | shallot,2,plain flour,shallot,17,0.0017020424509411295
3275,plain flour | smoked streaky bacon,2,plain flour,smoked streaky bacon,17,0.0017020424509411295
3276,plain flour | soft cheese,2,plain flour,soft cheese,17,0.0017020424509411295
3277,plain flour | sultanas,2,plain flour,sultanas,17,0.0017020424509411295
3278,plain flour | walnuts,2,plain flour,walnuts,17,0.0017020424509411295
3279,potatoes | thyme,2,potatoes,thyme,17,0.0017020424509411295
3280,rapeseed oil | spinach,2,rapeseed oil,spinach,17,0.0017020424509411295
3281,rapeseed oil | tahini,2,rapeseed oil,tahini,17,0.0017020424509411295
3282,rapeseed oil | wholemeal penne,2,rapeseed oil,wholemeal penne,17,0.0017020424509411295
3283,red onion | ripe tomatoes,2,red onion,ripe tomatoes,17,0.0017020424509411295
3284,red onion | turmeric,2,red onion,turmeric,17,0.0017020424509411295
3285,red onions | tomatoes,2,red onions,tomatoes,17,0.0017020424509411295
3286,red peppers | spring onions,2,red peppers,spring onions,17,0.0017020424509411295
3287,red wine vinegar | sunflower oil,2,red wine vinegar,sunflower oil,17,0.0017020424509411295
3288,red wine | red wine vinegar,2,red wine,red wine vinegar,17,0.0017020424509411295
3289,red wine | rosemary,2,red wine,rosemary,17,0.0017020424509411295
3290,red wine | vegetable oil,2,red wine,vegetable oil,17,0.0017020424509411295
3291,rosemary | unsalted butter,2,rosemary,unsalted butter,17,0.0017020424509411295
3292,salt | vegetable oil,2,salt,vegetable oil,17,0.0017020424509411295
3293,sea salt | unsalted butter,2,sea salt,unsalted butter,17,0.0017020424509411295
3294,self-raising flour | sultanas,2,self-raising flour,sultanas,17,0.0017020424509411295
3295,soured cream | spring onions,2,soured cream,spring onions,17,0.0017020424509411295
3296,spinach | vegetable oil,2,spinach,vegetable oil,17,0.0017020424509411295
3297,spring onion | vegetable oil,2,spring onion,vegetable oil,17,0.0017020424509411295
3298,tomato purée | white wine,2,tomato purée,white wine,17,0.0017020424509411295
3299,anchovies | garlic,2,anchovies,garlic,16,0.0016019223067681217
3300,anchovies | olive oil,2,anchovies,olive oil,16,0.0016019223067681217
3301,aubergine | ginger,2,aubergine,ginger,16,0.0016019223067681217
3302,aubergine | red chilli,2,aubergine,red chilli,16,0.0016019223067681217
3303,avocado | cucumber,2,avocado,cucumber,16,0.0016019223067681217
3304,avocado | lemon,2,avocado,lemon,16,0.0016019223067681217
3305,avocado | tomatoes,2,avocado,tomatoes,16,0.0016019223067681217
3306,baking powder | desiccated coconut,2,baking powder,desiccated coconut,16,0.0016019223067681217
3307,baking powder | vanilla paste,2,baking powder,vanilla paste,16,0.0016019223067681217
3308,balsamic vinegar | bay leaves,2,balsamic vinegar,bay leaves,16,0.0016019223067681217
3309,basil | eggs,2,basil,eggs,16,0.0016019223067681217
3310,basmati rice | chicken stock,2,basmati rice,chicken stock,16,0.0016019223067681217
3311,basmati rice | ground turmeric,2,basmati rice,ground turmeric,16,0.0016019223067681217
3312,bay leaf | vegetable oil,2,bay leaf,vegetable oil,16,0.0016019223067681217
3313,bay leaves | egg,2,bay leaves,egg,16,0.0016019223067681217
3314,bay leaves | nutmeg,2,bay leaves,nutmeg,16,0.0016019223067681217
3315,bay leaves | worcestershire sauce,2,bay leaves,worcestershire sauce,16,0.0016019223067681217
3316,beef mince | egg,2,beef mince,egg,16,0.0016019223067681217
3317,bicarbonate of soda | cornflour,2,bicarbonate of soda,cornflour,16,0.0016019223067681217
3318,black beans | limes,2,black beans,limes,16,0.0016019223067681217
3319,black mustard seeds | ground turmeric,2,black mustard seeds,ground turmeric,16,0.0016019223067681217
3320,black olives | garlic,2,black olives,garlic,16,0.0016019223067681217
3321,black olives | olive oil,2,black olives,olive oil,16,0.0016019223067681217
3322,black peppercorns | olive oil,2,black peppercorns,olive oil,16,0.0016019223067681217
3323,blanched almonds | garlic,2,blanched almonds,garlic,16,0.0016019223067681217
3324,broccoli | lemon,2,broccoli,lemon,16,0.0016019223067681217
3325,brown basmati rice | coriander,2,brown basmati rice,coriander,16,0.0016019223067681217
3326,brown basmati rice | onion,2,brown basmati rice,onion,16,0.0016019223067681217
3327,brown basmati rice | red chilli,2,brown basmati rice,red chilli,16,0.0016019223067681217
3328,butter | dry white wine,2,butter,dry white wine,16,0.0016019223067681217
3329,butter | extra mature cheddar,2,butter,extra mature cheddar,16,0.0016019223067681217
3330,butter | lime,2,butter,lime,16,0.0016019223067681217
3331,butter | mushrooms,2,butter,mushrooms,16,0.0016019223067681217
3332,butter | panko breadcrumbs,2,butter,panko breadcrumbs,16,0.0016019223067681217
3333,butter | ready-rolled puff pastry,2,butter,ready-rolled puff pastry,16,0.0016019223067681217
3334,butter | red onions,2,butter,red onions,16,0.0016019223067681217
3335,butter | single cream,2,butter,single cream,16,0.0016019223067681217
3336,buttermilk | cocoa powder,2,buttermilk,cocoa powder,16,0.0016019223067681217
3337,buttermilk | garlic,2,buttermilk,garlic,16,0.0016019223067681217
3338,butternut squash | onions,2,butternut squash,onions,16,0.0016019223067681217
3339,butternut squash | plain flour,2,butternut squash,plain flour,16,0.0016019223067681217
3340,button mushrooms | garlic,2,button mushrooms,garlic,16,0.0016019223067681217
3341,capers | cherry tomatoes,2,capers,cherry tomatoes,16,0.0016019223067681217
3342,capers | mayonnaise,2,capers,mayonnaise,16,0.0016019223067681217
3343,capers | red wine vinegar,2,capers,red wine vinegar,16,0.0016019223067681217
3344,cardamom pods | coriander,2,cardamom pods,coriander,16,0.0016019223067681217
3345,cardamom pods | double cream,2,cardamom pods,double cream,16,0.0016019223067681217
3346,cardamom pods | ground coriander,2,cardamom pods,ground coriander,16,0.0016019223067681217
3347,carrot | cherry tomatoes,2,carrot,cherry tomatoes,16,0.0016019223067681217
3348,carrot | milk,2,carrot,milk,16,0.0016019223067681217
3349,carrot | red wine,2,carrot,red wine,16,0.0016019223067681217
3350,carrots | dijon mustard,2,carrots,dijon mustard,16,0.0016019223067681217
3351,carrots | frozen peas,2,carrots,frozen peas,16,0.0016019223067681217
3352,carrots | ground cinnamon,2,carrots,ground cinnamon,16,0.0016019223067681217
3353,carrots | red wine vinegar,2,carrots,red wine vinegar,16,0.0016019223067681217
3354,carrots | tomatoes,2,carrots,tomatoes,16,0.0016019223067681217
3355,carrots | wholegrain mustard,2,carrots,wholegrain mustard,16,0.0016019223067681217
3356,cashew nuts | garlic,2,cashew nuts,garlic,16,0.0016019223067681217
3357,caster sugar | fine sea salt,2,caster sugar,fine sea salt,16,0.0016019223067681217
3358,caster sugar | limes,2,caster sugar,limes,16,0.0016019223067681217
3359,caster sugar | rice vinegar,2,caster sugar,rice vinegar,16,0.0016019223067681217
3360,cayenne pepper | vegetable oil,2,cayenne pepper,vegetable oil,16,0.0016019223067681217
3361,celery | eggs,2,celery,eggs,16,0.0016019223067681217
3362,celery | potatoes,2,celery,potatoes,16,0.0016019223067681217
3363,cherry tomatoes | courgettes,2,cherry tomatoes,courgettes,16,0.0016019223067681217
3364,cherry tomatoes | ground coriander,2,cherry tomatoes,ground coriander,16,0.0016019223067681217
3365,cherry tomatoes | rocket,2,cherry tomatoes,rocket,16,0.0016019223067681217
3366,cherry tomatoes | thyme,2,cherry tomatoes,thyme,16,0.0016019223067681217
3367,chestnuts | onion,2,chestnuts,onion,16,0.0016019223067681217
3368,chicken stock | ground cinnamon,2,chicken stock,ground cinnamon,16,0.0016019223067681217
3369,chicken thighs | garlic,2,chicken thighs,garlic,16,0.0016019223067681217
3370,chickpeas | feta,2,chickpeas,feta,16,0.0016019223067681217
3371,chickpeas | turmeric,2,chickpeas,turmeric,16,0.0016019223067681217
3372,chilli flakes | tomatoes,2,chilli flakes,tomatoes,16,0.0016019223067681217
3373,chilli powder | dried oregano,2,chilli powder,dried oregano,16,0.0016019223067681217
3374,chinese five-spice powder | sesame oil,2,chinese five-spice powder,sesame oil,16,0.0016019223067681217
3375,chinese five-spice powder | soy sauce,2,chinese five-spice powder,soy sauce,16,0.0016019223067681217
3376,chipotle paste | chopped tomatoes,2,chipotle paste,chopped tomatoes,16,0.0016019223067681217
3377,chives | crème fraîche,2,chives,crème fraîche,16,0.0016019223067681217
3378,chives | dill,2,chives,dill,16,0.0016019223067681217
3379,chopped tomatoes | thyme,2,chopped tomatoes,thyme,16,0.0016019223067681217
3380,chopped tomatoes | turmeric,2,chopped tomatoes,turmeric,16,0.0016019223067681217
3381,cider vinegar | ginger,2,cider vinegar,ginger,16,0.0016019223067681217
3382,cinnamon | dark chocolate,2,cinnamon,dark chocolate,16,0.0016019223067681217
3383,cinnamon | lime,2,cinnamon,lime,16,0.0016019223067681217
3384,cinnamon | sultanas,2,cinnamon,sultanas,16,0.0016019223067681217
3385,clear honey | extra virgin olive oil,2,clear honey,extra virgin olive oil,16,0.0016019223067681217
3386,clear honey | spring onions,2,clear honey,spring onions,16,0.0016019223067681217
3387,cocoa powder | cornflour,2,cocoa powder,cornflour,16,0.0016019223067681217
3388,coconut milk | curry powder,2,coconut milk,curry powder,16,0.0016019223067681217
3389,coconut milk | desiccated coconut,2,coconut milk,desiccated coconut,16,0.0016019223067681217
3390,cold butter | light brown soft sugar,2,cold butter,light brown soft sugar,16,0.0016019223067681217
3391,condensed milk | vanilla extract,2,condensed milk,vanilla extract,16,0.0016019223067681217
3392,coriander leaves | juice,2,coriander leaves,juice,16,0.0016019223067681217
3393,coriander seeds | star anise,2,coriander seeds,star anise,16,0.0016019223067681217
3394,cornflour | red pepper,2,cornflour,red pepper,16,0.0016019223067681217
3395,cornflour | sugar,2,cornflour,sugar,16,0.0016019223067681217
3396,courgette | eggs,2,courgette,eggs,16,0.0016019223067681217
3397,courgette | rapeseed oil,2,courgette,rapeseed oil,16,0.0016019223067681217
3398,courgette | red pepper,2,courgette,red pepper,16,0.0016019223067681217
3399,crème fraîche | parmesan,2,crème fraîche,parmesan,16,0.0016019223067681217
3400,crème fraîche | parsley,2,crème fraîche,parsley,16,0.0016019223067681217
3401,crème fraîche | unsalted butter,2,crème fraîche,unsalted butter,16,0.0016019223067681217
3402,cucumber | cumin seeds,2,cucumber,cumin seeds,16,0.0016019223067681217
3403,cucumber | ground coriander,2,cucumber,ground coriander,16,0.0016019223067681217
3404,cucumber | ground turmeric,2,cucumber,ground turmeric,16,0.0016019223067681217
3405,currants | sultanas,2,currants,sultanas,16,0.0016019223067681217
3406,curry powder | lemon,2,curry powder,lemon,16,0.0016019223067681217
3407,dark chocolate | light muscovado sugar,2,dark chocolate,light muscovado sugar,16,0.0016019223067681217
3408,dark chocolate | mascarpone,2,dark chocolate,mascarpone,16,0.0016019223067681217
3409,dark muscovado sugar | golden syrup,2,dark muscovado sugar,golden syrup,16,0.0016019223067681217
3410,dark soy sauce | red chilli,2,dark soy sauce,red chilli,16,0.0016019223067681217
3411,digestive biscuits | vanilla extract,2,digestive biscuits,vanilla extract,16,0.0016019223067681217
3412,dill | radishes,2,dill,radishes,16,0.0016019223067681217
3413,dill | smoked paprika,2,dill,smoked paprika,16,0.0016019223067681217
3414,double cream | flaked almonds,2,double cream,flaked almonds,16,0.0016019223067681217
3415,double cream | full-fat cream cheese,2,double cream,full-fat cream cheese,16,0.0016019223067681217
3416,double cream | gruyère,2,double cream,gruyère,16,0.0016019223067681217
3417,double cream | lemon curd,2,double cream,lemon curd,16,0.0016019223067681217
3418,double cream | lime,2,double cream,lime,16,0.0016019223067681217
3419,double cream | white caster sugar,2,double cream,white caster sugar,16,0.0016019223067681217
3420,dried oregano | feta,2,dried oregano,feta,16,0.0016019223067681217
3421,dried oregano | ground cinnamon,2,dried oregano,ground cinnamon,16,0.0016019223067681217
3422,egg white | ice,2,egg white,ice,16,0.0016019223067681217
3423,egg whites | white caster sugar,2,egg whites,white caster sugar,16,0.0016019223067681217
3424,egg whites | white wine vinegar,2,egg whites,white wine vinegar,16,0.0016019223067681217
3425,egg | leeks,2,egg,leeks,16,0.0016019223067681217
3426,egg | nigella seeds,2,egg,nigella seeds,16,0.0016019223067681217
3427,egg | sesame oil,2,egg,sesame oil,16,0.0016019223067681217
3428,egg | shallots,2,egg,shallots,16,0.0016019223067681217
3429,egg | soured cream,2,egg,soured cream,16,0.0016019223067681217
3430,eggs | fine sea salt,2,eggs,fine sea salt,16,0.0016019223067681217
3431,eggs | ground nutmeg,2,eggs,ground nutmeg,16,0.0016019223067681217
3432,eggs | oranges,2,eggs,oranges,16,0.0016019223067681217
3433,eggs | strawberry jam,2,eggs,strawberry jam,16,0.0016019223067681217
3434,english mustard powder | rapeseed oil,2,english mustard powder,rapeseed oil,16,0.0016019223067681217
3435,extra virgin olive oil | golden caster sugar,2,extra virgin olive oil,golden caster sugar,16,0.0016019223067681217
3436,extra virgin olive oil | greek yogurt,2,extra virgin olive oil,greek yogurt,16,0.0016019223067681217
3437,extra virgin olive oil | shallot,2,extra virgin olive oil,shallot,16,0.0016019223067681217
3438,fennel seeds | ginger,2,fennel seeds,ginger,16,0.0016019223067681217
3439,fennel seeds | onions,2,fennel seeds,onions,16,0.0016019223067681217
3440,feta | greek yogurt,2,feta,greek yogurt,16,0.0016019223067681217
3441,feta | ground coriander,2,feta,ground coriander,16,0.0016019223067681217
3442,feta | red wine vinegar,2,feta,red wine vinegar,16,0.0016019223067681217
3443,feta | sesame seeds,2,feta,sesame seeds,16,0.0016019223067681217
3444,fine salt | plain flour,2,fine salt,plain flour,16,0.0016019223067681217
3445,flatbreads | lemon,2,flatbreads,lemon,16,0.0016019223067681217
3446,flour | lemon,2,flour,lemon,16,0.0016019223067681217
3447,fresh coriander | ground cumin,2,fresh coriander,ground cumin,16,0.0016019223067681217
3448,fresh coriander | rapeseed oil,2,fresh coriander,rapeseed oil,16,0.0016019223067681217
3449,fresh white breadcrumbs | garlic,2,fresh white breadcrumbs,garlic,16,0.0016019223067681217
3450,frozen peas | leeks,2,frozen peas,leeks,16,0.0016019223067681217
3451,full-fat cream cheese | vanilla extract,2,full-fat cream cheese,vanilla extract,16,0.0016019223067681217
3452,full-fat milk | icing sugar,2,full-fat milk,icing sugar,16,0.0016019223067681217
3453,full-fat milk | vegetable oil,2,full-fat milk,vegetable oil,16,0.0016019223067681217
3454,garam masala | lime,2,garam masala,lime,16,0.0016019223067681217
3455,garlic | hot chicken stock,2,garlic,hot chicken stock,16,0.0016019223067681217
3456,garlic | mustard seeds,2,garlic,mustard seeds,16,0.0016019223067681217
3457,garlic | portobello mushrooms,2,garlic,portobello mushrooms,16,0.0016019223067681217
3458,garlic | prosciutto,2,garlic,prosciutto,16,0.0016019223067681217
3459,garlic | raisins,2,garlic,raisins,16,0.0016019223067681217
3460,garlic | smoked streaky bacon,2,garlic,smoked streaky bacon,16,0.0016019223067681217
3461,garlic | soft brown sugar,2,garlic,soft brown sugar,16,0.0016019223067681217
3462,ginger | hot chilli powder,2,ginger,hot chilli powder,16,0.0016019223067681217
3463,ginger | maple syrup,2,ginger,maple syrup,16,0.0016019223067681217
3464,ginger | oyster sauce,2,ginger,oyster sauce,16,0.0016019223067681217
3465,ginger | paprika,2,ginger,paprika,16,0.0016019223067681217
3466,golden caster sugar | granulated sugar,2,golden caster sugar,granulated sugar,16,0.0016019223067681217
3467,golden caster sugar | raisins,2,golden caster sugar,raisins,16,0.0016019223067681217
3468,golden caster sugar | star anise,2,golden caster sugar,star anise,16,0.0016019223067681217
3469,golden caster sugar | thyme,2,golden caster sugar,thyme,16,0.0016019223067681217
3470,golden syrup | milk chocolate,2,golden syrup,milk chocolate,16,0.0016019223067681217
3471,golden syrup | white chocolate,2,golden syrup,white chocolate,16,0.0016019223067681217
3472,granulated sugar | lemon,2,granulated sugar,lemon,16,0.0016019223067681217
3473,granulated sugar | self-raising flour,2,granulated sugar,self-raising flour,16,0.0016019223067681217
3474,greek yogurt | milk,2,greek yogurt,milk,16,0.0016019223067681217
3475,green beans | vegetable oil,2,green beans,vegetable oil,16,0.0016019223067681217
3476,green chilli | tomatoes,2,green chilli,tomatoes,16,0.0016019223067681217
3477,green chillies | ground coriander,2,green chillies,ground coriander,16,0.0016019223067681217
3478,green chillies | ground cumin,2,green chillies,ground cumin,16,0.0016019223067681217
3479,green chillies | ground turmeric,2,green chillies,ground turmeric,16,0.0016019223067681217
3480,green chillies | onions,2,green chillies,onions,16,0.0016019223067681217
3481,green chillies | red onion,2,green chillies,red onion,16,0.0016019223067681217
3482,ground cardamom | plain flour,2,ground cardamom,plain flour,16,0.0016019223067681217
3483,ground cinnamon | natural yogurt,2,ground cinnamon,natural yogurt,16,0.0016019223067681217
3484,ground cinnamon | pomegranate seeds,2,ground cinnamon,pomegranate seeds,16,0.0016019223067681217
3485,ground cloves | plain flour,2,ground cloves,plain flour,16,0.0016019223067681217
3486,ground coriander | sweet potatoes,2,ground coriander,sweet potatoes,16,0.0016019223067681217
3487,ground cumin | hot chilli powder,2,ground cumin,hot chilli powder,16,0.0016019223067681217
3488,ground cumin | mild chilli powder,2,ground cumin,mild chilli powder,16,0.0016019223067681217
3489,ground cumin | spinach,2,ground cumin,spinach,16,0.0016019223067681217
3490,ground ginger | maple syrup,2,ground ginger,maple syrup,16,0.0016019223067681217
3491,ground ginger | vegetable oil,2,ground ginger,vegetable oil,16,0.0016019223067681217
3492,ground mace | plain flour,2,ground mace,plain flour,16,0.0016019223067681217
3493,ground turmeric | mint leaves,2,ground turmeric,mint leaves,16,0.0016019223067681217
3494,honey | icing sugar,2,honey,icing sugar,16,0.0016019223067681217
3495,honey | pomegranate seeds,2,honey,pomegranate seeds,16,0.0016019223067681217
3496,honey | rocket,2,honey,rocket,16,0.0016019223067681217
3497,honey | walnuts,2,honey,walnuts,16,0.0016019223067681217
3498,ice | prosecco,2,ice,prosecco,16,0.0016019223067681217
3499,icing sugar | mixed dried fruit,2,icing sugar,mixed dried fruit,16,0.0016019223067681217
3500,icing sugar | pecans,2,icing sugar,pecans,16,0.0016019223067681217
3501,juice | plain flour,2,juice,plain flour,16,0.0016019223067681217
3502,lamb mince | tomato purée,2,lamb mince,tomato purée,16,0.0016019223067681217
3503,leek | plain flour,2,leek,plain flour,16,0.0016019223067681217
3504,leeks | potatoes,2,leeks,potatoes,16,0.0016019223067681217
3505,lemon juice | red onion,2,lemon juice,red onion,16,0.0016019223067681217
3506,lemon juice | sugar syrup,2,lemon juice,sugar syrup,16,0.0016019223067681217
3507,lemon wedges | olive oil,2,lemon wedges,olive oil,16,0.0016019223067681217
3508,lemon | saffron,2,lemon,saffron,16,0.0016019223067681217
3509,lemons | unsalted butter,2,lemons,unsalted butter,16,0.0016019223067681217
3510,light brown soft sugar | onion,2,light brown soft sugar,onion,16,0.0016019223067681217
3511,light brown soft sugar | star anise,2,light brown soft sugar,star anise,16,0.0016019223067681217
3512,light soy sauce | sesame seeds,2,light soy sauce,sesame seeds,16,0.0016019223067681217
3513,lime | onions,2,lime,onions,16,0.0016019223067681217
3514,lime | sweetcorn,2,lime,sweetcorn,16,0.0016019223067681217
3515,mango chutney | vegetable oil,2,mango chutney,vegetable oil,16,0.0016019223067681217
3516,maple syrup | sunflower oil,2,maple syrup,sunflower oil,16,0.0016019223067681217
3517,mascarpone | milk,2,mascarpone,milk,16,0.0016019223067681217
3518,mature cheddar | spring onions,2,mature cheddar,spring onions,16,0.0016019223067681217
3519,mayonnaise | sunflower oil,2,mayonnaise,sunflower oil,16,0.0016019223067681217
3520,milk | tomatoes,2,milk,tomatoes,16,0.0016019223067681217
3521,milk | vanilla bean paste,2,milk,vanilla bean paste,16,0.0016019223067681217
3522,milk | worcestershire sauce,2,milk,worcestershire sauce,16,0.0016019223067681217
3523,mint leaves | vanilla extract,2,mint leaves,vanilla extract,16,0.0016019223067681217
3524,mint | red chilli,2,mint,red chilli,16,0.0016019223067681217
3525,mint | tomatoes,2,mint,tomatoes,16,0.0016019223067681217
3526,mixed dried fruit | plain flour,2,mixed dried fruit,plain flour,16,0.0016019223067681217
3527,natural yogurt | smoked paprika,2,natural yogurt,smoked paprika,16,0.0016019223067681217
3528,natural yogurt | turmeric,2,natural yogurt,turmeric,16,0.0016019223067681217
3529,nutmeg | vegetable oil,2,nutmeg,vegetable oil,16,0.0016019223067681217
3530,olive oil | soft herbs,2,olive oil,soft herbs,16,0.0016019223067681217
3531,olive oil | vegetable bouillon powder,2,olive oil,vegetable bouillon powder,16,0.0016019223067681217
3532,olive or rapeseed oil | onion,2,olive or rapeseed oil,onion,16,0.0016019223067681217
3533,onion | star anise,2,onion,star anise,16,0.0016019223067681217
3534,onion | yellow pepper,2,onion,yellow pepper,16,0.0016019223067681217
3535,onions | sweet potatoes,2,onions,sweet potatoes,16,0.0016019223067681217
3536,pak choi | spring onions,2,pak choi,spring onions,16,0.0016019223067681217
3537,parsley | pine nuts,2,parsley,pine nuts,16,0.0016019223067681217
3538,parsley | red pepper,2,parsley,red pepper,16,0.0016019223067681217
3539,parsley | self-raising flour,2,parsley,self-raising flour,16,0.0016019223067681217
3540,parsley | shallot,2,parsley,shallot,16,0.0016019223067681217
3541,parsley | soured cream,2,parsley,soured cream,16,0.0016019223067681217
3542,parsley | worcestershire sauce,2,parsley,worcestershire sauce,16,0.0016019223067681217
3543,parsnips | plain flour,2,parsnips,plain flour,16,0.0016019223067681217
3544,passata | smoked paprika,2,passata,smoked paprika,16,0.0016019223067681217
3545,pistachios | pomegranate seeds,2,pistachios,pomegranate seeds,16,0.0016019223067681217
3546,plain flour | red onions,2,plain flour,red onions,16,0.0016019223067681217
3547,plain flour | sage,2,plain flour,sage,16,0.0016019223067681217
3548,plain flour | vegetable or sunflower oil,2,plain flour,vegetable or sunflower oil,16,0.0016019223067681217
3549,potatoes | smoked paprika,2,potatoes,smoked paprika,16,0.0016019223067681217
3550,potatoes | sunflower oil,2,potatoes,sunflower oil,16,0.0016019223067681217
3551,radishes | sesame seeds,2,radishes,sesame seeds,16,0.0016019223067681217
3552,rapeseed oil | red peppers,2,rapeseed oil,red peppers,16,0.0016019223067681217
3553,rapeseed oil | sweet potato,2,rapeseed oil,sweet potato,16,0.0016019223067681217
3554,red chilli | sugar,2,red chilli,sugar,16,0.0016019223067681217
3555,red onions | vegetable oil,2,red onions,vegetable oil,16,0.0016019223067681217
3556,rice | soy sauce,2,rice,soy sauce,16,0.0016019223067681217
3557,risotto rice | white wine,2,risotto rice,white wine,16,0.0016019223067681217
3558,rosemary | white wine,2,rosemary,white wine,16,0.0016019223067681217
3559,self-raising flour | spring onions,2,self-raising flour,spring onions,16,0.0016019223067681217
3560,shallot | vegetable oil,2,shallot,vegetable oil,16,0.0016019223067681217
3561,smoked paprika | thyme leaves,2,smoked paprika,thyme leaves,16,0.0016019223067681217
3562,soured cream | unsalted butter,2,soured cream,unsalted butter,16,0.0016019223067681217
3563,spring onions | sriracha,2,spring onions,sriracha,16,0.0016019223067681217
3564,sultanas | unsalted butter,2,sultanas,unsalted butter,16,0.0016019223067681217
3565,sunflower oil | white wine vinegar,2,sunflower oil,white wine vinegar,16,0.0016019223067681217
3566,sunflower oil | whole milk,2,sunflower oil,whole milk,16,0.0016019223067681217
3567,thyme | vegetable stock,2,thyme,vegetable stock,16,0.0016019223067681217
3568,asparagus | lemon,2,asparagus,lemon,15,0.0015018021625951142
3569,aubergine | courgettes,2,aubergine,courgettes,15,0.0015018021625951142
3570,aubergine | tomato purée,2,aubergine,tomato purée,15,0.0015018021625951142
3571,aubergines | extra virgin olive oil,2,aubergines,extra virgin olive oil,15,0.0015018021625951142
3572,aubergines | lemon,2,aubergines,lemon,15,0.0015018021625951142
3573,avocado | red chilli,2,avocado,red chilli,15,0.0015018021625951142
3574,baguette | olive oil,2,baguette,olive oil,15,0.0015018021625951142
3575,baking potatoes | olive oil,2,baking potatoes,olive oil,15,0.0015018021625951142
3576,baking powder | cold butter,2,baking powder,cold butter,15,0.0015018021625951142
3577,baking powder | lemon curd,2,baking powder,lemon curd,15,0.0015018021625951142
3578,baking powder | strawberries,2,baking powder,strawberries,15,0.0015018021625951142
3579,baking powder | sugar,2,baking powder,sugar,15,0.0015018021625951142
3580,balsamic vinegar | parsley,2,balsamic vinegar,parsley,15,0.0015018021625951142
3581,banana shallot | olive oil,2,banana shallot,olive oil,15,0.0015018021625951142
3582,banana shallots | lemon,2,banana shallots,lemon,15,0.0015018021625951142
3583,basil leaves | butter,2,basil leaves,butter,15,0.0015018021625951142
3584,basil leaves | eggs,2,basil leaves,eggs,15,0.0015018021625951142
3585,basil | red wine vinegar,2,basil,red wine vinegar,15,0.0015018021625951142
3586,basil | tomato purée,2,basil,tomato purée,15,0.0015018021625951142
3587,basmati rice | coriander leaves,2,basmati rice,coriander leaves,15,0.0015018021625951142
3588,basmati rice | cumin seeds,2,basmati rice,cumin seeds,15,0.0015018021625951142
3589,basmati rice | ground coriander,2,basmati rice,ground coriander,15,0.0015018021625951142
3590,basmati rice | tomato purée,2,basmati rice,tomato purée,15,0.0015018021625951142
3591,bay leaf | beef stock,2,bay leaf,beef stock,15,0.0015018021625951142
3592,bay leaf | cinnamon,2,bay leaf,cinnamon,15,0.0015018021625951142
3593,bay leaf | double cream,2,bay leaf,double cream,15,0.0015018021625951142
3594,bay leaf | parsley,2,bay leaf,parsley,15,0.0015018021625951142
3595,bay leaf | rosemary,2,bay leaf,rosemary,15,0.0015018021625951142
3596,bay leaf | whole milk,2,bay leaf,whole milk,15,0.0015018021625951142
3597,bay leaves | coriander,2,bay leaves,coriander,15,0.0015018021625951142
3598,bay leaves | ground coriander,2,bay leaves,ground coriander,15,0.0015018021625951142
3599,bay leaves | red onion,2,bay leaves,red onion,15,0.0015018021625951142
3600,bay leaves | shallots,2,bay leaves,shallots,15,0.0015018021625951142
3601,bay leaves | white wine vinegar,2,bay leaves,white wine vinegar,15,0.0015018021625951142
3602,beansprouts | sesame oil,2,beansprouts,sesame oil,15,0.0015018021625951142
3603,beef mince | dried oregano,2,beef mince,dried oregano,15,0.0015018021625951142
3604,bicarbonate of soda | cinnamon,2,bicarbonate of soda,cinnamon,15,0.0015018021625951142
3605,bicarbonate of soda | garlic,2,bicarbonate of soda,garlic,15,0.0015018021625951142
3606,bicarbonate of soda | salt,2,bicarbonate of soda,salt,15,0.0015018021625951142
3607,bicarbonate of soda | soured cream,2,bicarbonate of soda,soured cream,15,0.0015018021625951142
3608,black beans | coriander leaves,2,black beans,coriander leaves,15,0.0015018021625951142
3609,black beans | eggs,2,black beans,eggs,15,0.0015018021625951142
3610,black beans | sweetcorn,2,black beans,sweetcorn,15,0.0015018021625951142
3611,black peppercorns | carrots,2,black peppercorns,carrots,15,0.0015018021625951142
3612,black peppercorns | red onion,2,black peppercorns,red onion,15,0.0015018021625951142
3613,black peppercorns | white wine vinegar,2,black peppercorns,white wine vinegar,15,0.0015018021625951142
3614,blueberries | golden caster sugar,2,blueberries,golden caster sugar,15,0.0015018021625951142
3615,"boneless, skinless chicken thighs | olive oil",2,"boneless, skinless chicken thighs",olive oil,15,0.0015018021625951142
3616,breadcrumbs | plain flour,2,breadcrumbs,plain flour,15,0.0015018021625951142
3617,brown basmati rice | ground coriander,2,brown basmati rice,ground coriander,15,0.0015018021625951142
3618,brown basmati rice | vegetable bouillon powder,2,brown basmati rice,vegetable bouillon powder,15,0.0015018021625951142
3619,bulgur wheat | garlic,2,bulgur wheat,garlic,15,0.0015018021625951142
3620,butter | clotted cream,2,butter,clotted cream,15,0.0015018021625951142
3621,butter | dried breadcrumbs,2,butter,dried breadcrumbs,15,0.0015018021625951142
3622,butter | feta,2,butter,feta,15,0.0015018021625951142
3623,butter | mustard powder,2,butter,mustard powder,15,0.0015018021625951142
3624,butter | oranges,2,butter,oranges,15,0.0015018021625951142
3625,butter | risotto rice,2,butter,risotto rice,15,0.0015018021625951142
3626,butter | soy sauce,2,butter,soy sauce,15,0.0015018021625951142
3627,butter | vanilla pod,2,butter,vanilla pod,15,0.0015018021625951142
3628,butter | watercress,2,butter,watercress,15,0.0015018021625951142
3629,buttermilk | light brown soft sugar,2,buttermilk,light brown soft sugar,15,0.0015018021625951142
3630,butternut squash | ginger,2,butternut squash,ginger,15,0.0015018021625951142
3631,butternut squash | vegetable stock,2,butternut squash,vegetable stock,15,0.0015018021625951142
3632,carrot | leek,2,carrot,leek,15,0.0015018021625951142
3633,carrots | flat-leaf parsley,2,carrots,flat-leaf parsley,15,0.0015018021625951142
3634,carrots | ground turmeric,2,carrots,ground turmeric,15,0.0015018021625951142
3635,caster sugar | crème fraîche,2,caster sugar,crème fraîche,15,0.0015018021625951142
3636,caster sugar | raspberry jam,2,caster sugar,raspberry jam,15,0.0015018021625951142
3637,caster sugar | sesame seeds,2,caster sugar,sesame seeds,15,0.0015018021625951142
3638,caster sugar | soft cheese,2,caster sugar,soft cheese,15,0.0015018021625951142
3639,caster sugar | tomato purée,2,caster sugar,tomato purée,15,0.0015018021625951142
3640,cauliflower | chickpeas,2,cauliflower,chickpeas,15,0.0015018021625951142
3641,cauliflower | parmesan,2,cauliflower,parmesan,15,0.0015018021625951142
3642,cayenne pepper | mustard powder,2,cayenne pepper,mustard powder,15,0.0015018021625951142
3643,celery | fennel seeds,2,celery,fennel seeds,15,0.0015018021625951142
3644,celery | sunflower oil,2,celery,sunflower oil,15,0.0015018021625951142
3645,cheddar | soured cream,2,cheddar,soured cream,15,0.0015018021625951142
3646,cherry tomatoes | limes,2,cherry tomatoes,limes,15,0.0015018021625951142
3647,chicken breast | garlic,2,chicken breast,garlic,15,0.0015018021625951142
3648,chicken stock | frozen peas,2,chicken stock,frozen peas,15,0.0015018021625951142
3649,chickpeas | chilli flakes,2,chickpeas,chilli flakes,15,0.0015018021625951142
3650,chickpeas | vegetable bouillon powder,2,chickpeas,vegetable bouillon powder,15,0.0015018021625951142
3651,chickpeas | vegetable oil,2,chickpeas,vegetable oil,15,0.0015018021625951142
3652,chilli flakes | greek yogurt,2,chilli flakes,greek yogurt,15,0.0015018021625951142
3653,chilli flakes | turmeric,2,chilli flakes,turmeric,15,0.0015018021625951142
3654,chipotle paste | smoked paprika,2,chipotle paste,smoked paprika,15,0.0015018021625951142
3655,chipotle paste | vegetable oil,2,chipotle paste,vegetable oil,15,0.0015018021625951142
3656,chives | mature cheddar,2,chives,mature cheddar,15,0.0015018021625951142
3657,chocolate chips | eggs,2,chocolate chips,eggs,15,0.0015018021625951142
3658,chopped tomatoes | extra virgin olive oil,2,chopped tomatoes,extra virgin olive oil,15,0.0015018021625951142
3659,chopped tomatoes | fennel seeds,2,chopped tomatoes,fennel seeds,15,0.0015018021625951142
3660,chopped tomatoes | rosemary,2,chopped tomatoes,rosemary,15,0.0015018021625951142
3661,chopped tomatoes | sweet potatoes,2,chopped tomatoes,sweet potatoes,15,0.0015018021625951142
3662,ciabatta | olive oil,2,ciabatta,olive oil,15,0.0015018021625951142
3663,cinnamon | red chilli,2,cinnamon,red chilli,15,0.0015018021625951142
3664,cinnamon | whole milk,2,cinnamon,whole milk,15,0.0015018021625951142
3665,clear honey | red onion,2,clear honey,red onion,15,0.0015018021625951142
3666,cocoa powder | sunflower oil,2,cocoa powder,sunflower oil,15,0.0015018021625951142
3667,coconut milk | coconut oil,2,coconut milk,coconut oil,15,0.0015018021625951142
3668,coconut milk | cumin seeds,2,coconut milk,cumin seeds,15,0.0015018021625951142
3669,coconut milk | lime leaves,2,coconut milk,lime leaves,15,0.0015018021625951142
3670,coconut milk | plain flour,2,coconut milk,plain flour,15,0.0015018021625951142
3671,coconut milk | sunflower oil,2,coconut milk,sunflower oil,15,0.0015018021625951142
3672,coconut oil | eggs,2,coconut oil,eggs,15,0.0015018021625951142
3673,coconut yogurt | ginger,2,coconut yogurt,ginger,15,0.0015018021625951142
3674,cold butter | lemon,2,cold butter,lemon,15,0.0015018021625951142
3675,cold unsalted butter | golden caster sugar,2,cold unsalted butter,golden caster sugar,15,0.0015018021625951142
3676,coriander seeds | red chilli,2,coriander seeds,red chilli,15,0.0015018021625951142
3677,coriander | cornflour,2,coriander,cornflour,15,0.0015018021625951142
3678,coriander | green beans,2,coriander,green beans,15,0.0015018021625951142
3679,coriander | mild curry powder,2,coriander,mild curry powder,15,0.0015018021625951142
3680,coriander | orange,2,coriander,orange,15,0.0015018021625951142
3681,coriander | passata,2,coriander,passata,15,0.0015018021625951142
3682,cornflour | mayonnaise,2,cornflour,mayonnaise,15,0.0015018021625951142
3683,cornflour | white caster sugar,2,cornflour,white caster sugar,15,0.0015018021625951142
3684,cream cheese | double cream,2,cream cheese,double cream,15,0.0015018021625951142
3685,cream cheese | vanilla extract,2,cream cheese,vanilla extract,15,0.0015018021625951142
3686,crusty bread | extra virgin olive oil,2,crusty bread,extra virgin olive oil,15,0.0015018021625951142
3687,crème fraîche | dill,2,crème fraîche,dill,15,0.0015018021625951142
3688,crème fraîche | leeks,2,crème fraîche,leeks,15,0.0015018021625951142
3689,cucumber | sunflower oil,2,cucumber,sunflower oil,15,0.0015018021625951142
3690,cucumber | sweet chilli sauce,2,cucumber,sweet chilli sauce,15,0.0015018021625951142
3691,cumin seeds | fresh coriander,2,cumin seeds,fresh coriander,15,0.0015018021625951142
3692,cumin seeds | frozen peas,2,cumin seeds,frozen peas,15,0.0015018021625951142
3693,curry powder | ground turmeric,2,curry powder,ground turmeric,15,0.0015018021625951142
3694,dark muscovado sugar | eggs,2,dark muscovado sugar,eggs,15,0.0015018021625951142
3695,digestive biscuits | full-fat soft cheese,2,digestive biscuits,full-fat soft cheese,15,0.0015018021625951142
3696,dijon mustard | nutmeg,2,dijon mustard,nutmeg,15,0.0015018021625951142
3697,dijon mustard | shallot,2,dijon mustard,shallot,15,0.0015018021625951142
3698,dijon mustard | sunflower oil,2,dijon mustard,sunflower oil,15,0.0015018021625951142
3699,dijon mustard | unsalted butter,2,dijon mustard,unsalted butter,15,0.0015018021625951142
3700,dill | greek yogurt,2,dill,greek yogurt,15,0.0015018021625951142
3701,dill | lemons,2,dill,lemons,15,0.0015018021625951142
3702,double cream | rapeseed oil,2,double cream,rapeseed oil,15,0.0015018021625951142
3703,double cream | spinach,2,double cream,spinach,15,0.0015018021625951142
3704,double cream | thyme leaves,2,double cream,thyme leaves,15,0.0015018021625951142
3705,dried apricots | ground cinnamon,2,dried apricots,ground cinnamon,15,0.0015018021625951142
3706,dried breadcrumbs | olive oil,2,dried breadcrumbs,olive oil,15,0.0015018021625951142
3707,dried cranberries | olive oil,2,dried cranberries,olive oil,15,0.0015018021625951142
3708,dried oregano | eggs,2,dried oregano,eggs,15,0.0015018021625951142
3709,dried oregano | passata,2,dried oregano,passata,15,0.0015018021625951142
3710,dried oregano | red wine,2,dried oregano,red wine,15,0.0015018021625951142
3711,egg yolk | milk,2,egg yolk,milk,15,0.0015018021625951142
3712,egg yolks | olive oil,2,egg yolks,olive oil,15,0.0015018021625951142
3713,egg yolks | parmesan,2,egg yolks,parmesan,15,0.0015018021625951142
3714,egg | ground nutmeg,2,egg,ground nutmeg,15,0.0015018021625951142
3715,egg | light muscovado sugar,2,egg,light muscovado sugar,15,0.0015018021625951142
3716,egg | mint leaves,2,egg,mint leaves,15,0.0015018021625951142
3717,egg | panko breadcrumbs,2,egg,panko breadcrumbs,15,0.0015018021625951142
3718,egg | sage leaves,2,egg,sage leaves,15,0.0015018021625951142
3719,eggs | fresh breadcrumbs,2,eggs,fresh breadcrumbs,15,0.0015018021625951142
3720,eggs | green chilli,2,eggs,green chilli,15,0.0015018021625951142
3721,eggs | red onions,2,eggs,red onions,15,0.0015018021625951142
3722,eggs | red wine vinegar,2,eggs,red wine vinegar,15,0.0015018021625951142
3723,eggs | ripe bananas,2,eggs,ripe bananas,15,0.0015018021625951142
3724,eggs | rosemary,2,eggs,rosemary,15,0.0015018021625951142
3725,eggs | sea salt,2,eggs,sea salt,15,0.0015018021625951142
3726,eggs | shallots,2,eggs,shallots,15,0.0015018021625951142
3727,extra virgin olive oil | fennel,2,extra virgin olive oil,fennel,15,0.0015018021625951142
3728,extra virgin olive oil | hazelnuts,2,extra virgin olive oil,hazelnuts,15,0.0015018021625951142
3729,extra virgin olive oil | pomegranate seeds,2,extra virgin olive oil,pomegranate seeds,15,0.0015018021625951142
3730,extra virgin olive oil | quinoa,2,extra virgin olive oil,quinoa,15,0.0015018021625951142
3731,extra virgin olive oil | sumac,2,extra virgin olive oil,sumac,15,0.0015018021625951142
3732,extra virgin olive oil | watercress,2,extra virgin olive oil,watercress,15,0.0015018021625951142
3733,fast-action dried yeast | light brown soft sugar,2,fast-action dried yeast,light brown soft sugar,15,0.0015018021625951142
3734,fennel seeds | rapeseed oil,2,fennel seeds,rapeseed oil,15,0.0015018021625951142
3735,fenugreek seeds | garlic,2,fenugreek seeds,garlic,15,0.0015018021625951142
3736,feta | red chilli,2,feta,red chilli,15,0.0015018021625951142
3737,feta | rocket,2,feta,rocket,15,0.0015018021625951142
3738,feta | vegetable oil,2,feta,vegetable oil,15,0.0015018021625951142
3739,filo pastry | lemon,2,filo pastry,lemon,15,0.0015018021625951142
3740,flat-leaf parsley | ground cumin,2,flat-leaf parsley,ground cumin,15,0.0015018021625951142
3741,flour | vegetable oil,2,flour,vegetable oil,15,0.0015018021625951142
3742,fresh coriander | tomato purée,2,fresh coriander,tomato purée,15,0.0015018021625951142
3743,frozen spinach | garlic,2,frozen spinach,garlic,15,0.0015018021625951142
3744,full-fat cream cheese | plain flour,2,full-fat cream cheese,plain flour,15,0.0015018021625951142
3745,garlic granules | onion,2,garlic granules,onion,15,0.0015018021625951142
3746,garlic powder | smoked paprika,2,garlic powder,smoked paprika,15,0.0015018021625951142
3747,garlic | hot smoked paprika,2,garlic,hot smoked paprika,15,0.0015018021625951142
3748,garlic | kidney beans,2,garlic,kidney beans,15,0.0015018021625951142
3749,garlic | lime leaves,2,garlic,lime leaves,15,0.0015018021625951142
3750,garlic | nutritional yeast,2,garlic,nutritional yeast,15,0.0015018021625951142
3751,garlic | oranges,2,garlic,oranges,15,0.0015018021625951142
3752,garlic | paella rice,2,garlic,paella rice,15,0.0015018021625951142
3753,garlic | pak choi,2,garlic,pak choi,15,0.0015018021625951142
3754,garlic | palm sugar,2,garlic,palm sugar,15,0.0015018021625951142
3755,garlic | polenta,2,garlic,polenta,15,0.0015018021625951142
3756,garlic | purple sprouting broccoli,2,garlic,purple sprouting broccoli,15,0.0015018021625951142
3757,garlic | rose harissa,2,garlic,rose harissa,15,0.0015018021625951142
3758,garlic | smoked bacon lardons,2,garlic,smoked bacon lardons,15,0.0015018021625951142
3759,garlic | squeeze of lemon juice,2,garlic,squeeze of lemon juice,15,0.0015018021625951142
3760,garlic | swede,2,garlic,swede,15,0.0015018021625951142
3761,garlic | sweet chilli sauce,2,garlic,sweet chilli sauce,15,0.0015018021625951142
3762,gelatine | golden caster sugar,2,gelatine,golden caster sugar,15,0.0015018021625951142
3763,ginger | green beans,2,ginger,green beans,15,0.0015018021625951142
3764,ginger | lime wedges,2,ginger,lime wedges,15,0.0015018021625951142
3765,ginger | mustard seeds,2,ginger,mustard seeds,15,0.0015018021625951142
3766,ginger | red lentils,2,ginger,red lentils,15,0.0015018021625951142
3767,ginger | red peppers,2,ginger,red peppers,15,0.0015018021625951142
3768,ginger | tamari,2,ginger,tamari,15,0.0015018021625951142
3769,glacé cherries | mixed spice,2,glacé cherries,mixed spice,15,0.0015018021625951142
3770,golden syrup | porridge oats,2,golden syrup,porridge oats,15,0.0015018021625951142
3771,granulated sugar | milk,2,granulated sugar,milk,15,0.0015018021625951142
3772,greek yogurt | mint,2,greek yogurt,mint,15,0.0015018021625951142
3773,greek yogurt | onion,2,greek yogurt,onion,15,0.0015018021625951142
3774,greek yogurt | tahini,2,greek yogurt,tahini,15,0.0015018021625951142
3775,green beans | onion,2,green beans,onion,15,0.0015018021625951142
3776,green pepper | rapeseed oil,2,green pepper,rapeseed oil,15,0.0015018021625951142
3777,green pepper | red pepper,2,green pepper,red pepper,15,0.0015018021625951142
3778,ground almonds | mixed spice,2,ground almonds,mixed spice,15,0.0015018021625951142
3779,ground cinnamon | mixed dried fruit,2,ground cinnamon,mixed dried fruit,15,0.0015018021625951142
3780,ground cinnamon | oranges,2,ground cinnamon,oranges,15,0.0015018021625951142
3781,ground cinnamon | smoked paprika,2,ground cinnamon,smoked paprika,15,0.0015018021625951142
3782,ground cinnamon | sunflower oil,2,ground cinnamon,sunflower oil,15,0.0015018021625951142
3783,ground cinnamon | walnuts,2,ground cinnamon,walnuts,15,0.0015018021625951142
3784,ground cloves | vanilla extract,2,ground cloves,vanilla extract,15,0.0015018021625951142
3785,ground coriander | hot chilli powder,2,ground coriander,hot chilli powder,15,0.0015018021625951142
3786,ground cumin | pomegranate molasses,2,ground cumin,pomegranate molasses,15,0.0015018021625951142
3787,ground cumin | sweet smoked paprika,2,ground cumin,sweet smoked paprika,15,0.0015018021625951142
3788,ground ginger | nutmeg,2,ground ginger,nutmeg,15,0.0015018021625951142
3789,ground turmeric | vegetable stock,2,ground turmeric,vegetable stock,15,0.0015018021625951142
3790,harissa paste | olive oil,2,harissa paste,olive oil,15,0.0015018021625951142
3791,hazelnuts | plain flour,2,hazelnuts,plain flour,15,0.0015018021625951142
3792,honey | pistachios,2,honey,pistachios,15,0.0015018021625951142
3793,honey | self-raising flour,2,honey,self-raising flour,15,0.0015018021625951142
3794,honey | white wine vinegar,2,honey,white wine vinegar,15,0.0015018021625951142
3795,ice | limes,2,ice,limes,15,0.0015018021625951142
3796,ice | white rum,2,ice,white rum,15,0.0015018021625951142
3797,icing sugar sieved | self-raising flour,2,icing sugar sieved,self-raising flour,15,0.0015018021625951142
3798,juice | onions,2,juice,onions,15,0.0015018021625951142
3799,juice | white wine vinegar,2,juice,white wine vinegar,15,0.0015018021625951142
3800,kale | onion,2,kale,onion,15,0.0015018021625951142
3801,ketchup | plain flour,2,ketchup,plain flour,15,0.0015018021625951142
3802,leek | lemon,2,leek,lemon,15,0.0015018021625951142
3803,lemon juice | spring onions,2,lemon juice,spring onions,15,0.0015018021625951142
3804,lemon | lemon curd,2,lemon,lemon curd,15,0.0015018021625951142
3805,lemon | orzo,2,lemon,orzo,15,0.0015018021625951142
3806,lemon | rose harissa,2,lemon,rose harissa,15,0.0015018021625951142
3807,lemon | sage leaves,2,lemon,sage leaves,15,0.0015018021625951142
3808,lemon | tarragon,2,lemon,tarragon,15,0.0015018021625951142
3809,lemongrass | spring onions,2,lemongrass,spring onions,15,0.0015018021625951142
3810,lemons | parsley,2,lemons,parsley,15,0.0015018021625951142
3811,light brown soft sugar | limes,2,light brown soft sugar,limes,15,0.0015018021625951142
3812,light brown soft sugar | pecans,2,light brown soft sugar,pecans,15,0.0015018021625951142
3813,light brown soft sugar | spring onions,2,light brown soft sugar,spring onions,15,0.0015018021625951142
3814,lime | milk,2,lime,milk,15,0.0015018021625951142
3815,limes | sesame oil,2,limes,sesame oil,15,0.0015018021625951142
3816,limes | smoked paprika,2,limes,smoked paprika,15,0.0015018021625951142
3817,maris piper potatoes | onion,2,maris piper potatoes,onion,15,0.0015018021625951142
3818,maris piper potatoes | vegetable oil,2,maris piper potatoes,vegetable oil,15,0.0015018021625951142
3819,mature cheddar | onions,2,mature cheddar,onions,15,0.0015018021625951142
3820,mayonnaise | smoked paprika,2,mayonnaise,smoked paprika,15,0.0015018021625951142
3821,milk | wholegrain mustard,2,milk,wholegrain mustard,15,0.0015018021625951142
3822,mint | onions,2,mint,onions,15,0.0015018021625951142
3823,mushrooms | parsley,2,mushrooms,parsley,15,0.0015018021625951142
3824,new potatoes | spring onions,2,new potatoes,spring onions,15,0.0015018021625951142
3825,nutmeg | unsalted butter,2,nutmeg,unsalted butter,15,0.0015018021625951142
3826,olive oil | paella rice,2,olive oil,paella rice,15,0.0015018021625951142
3827,olive oil | pancetta,2,olive oil,pancetta,15,0.0015018021625951142
3828,olive oil | peppers,2,olive oil,peppers,15,0.0015018021625951142
3829,olive oil | raw king prawns,2,olive oil,raw king prawns,15,0.0015018021625951142
3830,olive oil | red cabbage,2,olive oil,red cabbage,15,0.0015018021625951142
3831,olive oil | rice,2,olive oil,rice,15,0.0015018021625951142
3832,olive oil | salmon fillets,2,olive oil,salmon fillets,15,0.0015018021625951142
3833,olive oil | sea salt,2,olive oil,sea salt,15,0.0015018021625951142
3834,olive oil | sourdough bread,2,olive oil,sourdough bread,15,0.0015018021625951142
3835,olive oil | streaky bacon,2,olive oil,streaky bacon,15,0.0015018021625951142
3836,olive oil | sundried tomatoes,2,olive oil,sundried tomatoes,15,0.0015018021625951142
3837,olive oil | yellow pepper,2,olive oil,yellow pepper,15,0.0015018021625951142
3838,olive or rapeseed oil | parsley,2,olive or rapeseed oil,parsley,15,0.0015018021625951142
3839,onion | peppers,2,onion,peppers,15,0.0015018021625951142
3840,onion | raw king prawns,2,onion,raw king prawns,15,0.0015018021625951142
3841,onions | sage leaves,2,onions,sage leaves,15,0.0015018021625951142
3842,orange | pistachios,2,orange,pistachios,15,0.0015018021625951142
3843,orange | strong white bread flour,2,orange,strong white bread flour,15,0.0015018021625951142
3844,pak choi | soy sauce,2,pak choi,soy sauce,15,0.0015018021625951142
3845,pancetta | parmesan,2,pancetta,parmesan,15,0.0015018021625951142
3846,parsley | rocket,2,parsley,rocket,15,0.0015018021625951142
3847,parsley | sugar,2,parsley,sugar,15,0.0015018021625951142
3848,pistachios | unsalted butter,2,pistachios,unsalted butter,15,0.0015018021625951142
3849,pistachios | vanilla extract,2,pistachios,vanilla extract,15,0.0015018021625951142
3850,plain flour | royal icing sugar,2,plain flour,royal icing sugar,15,0.0015018021625951142
3851,plain flour | strawberries,2,plain flour,strawberries,15,0.0015018021625951142
3852,plain flour | tahini,2,plain flour,tahini,15,0.0015018021625951142
3853,plain flour | whole nutmeg,2,plain flour,whole nutmeg,15,0.0015018021625951142
3854,pomegranate seeds | tahini,2,pomegranate seeds,tahini,15,0.0015018021625951142
3855,radishes | red onion,2,radishes,red onion,15,0.0015018021625951142
3856,raisins | unsalted butter,2,raisins,unsalted butter,15,0.0015018021625951142
3857,rapeseed oil | vanilla extract,2,rapeseed oil,vanilla extract,15,0.0015018021625951142
3858,red onions | sweet potatoes,2,red onions,sweet potatoes,15,0.0015018021625951142
3859,red pepper | tomatoes,2,red pepper,tomatoes,15,0.0015018021625951142
3860,rice wine vinegar | sesame seeds,2,rice wine vinegar,sesame seeds,15,0.0015018021625951142
3861,rice | spring onions,2,rice,spring onions,15,0.0015018021625951142
3862,sesame seeds | sunflower oil,2,sesame seeds,sunflower oil,15,0.0015018021625951142
3863,shallots | white wine,2,shallots,white wine,15,0.0015018021625951142
3864,smoked paprika | soy sauce,2,smoked paprika,soy sauce,15,0.0015018021625951142
3865,smoked paprika | tahini,2,smoked paprika,tahini,15,0.0015018021625951142
3866,spring onions | tahini,2,spring onions,tahini,15,0.0015018021625951142
3867,spring onions | tomato purée,2,spring onions,tomato purée,15,0.0015018021625951142
3868,spring onions | unsalted butter,2,spring onions,unsalted butter,15,0.0015018021625951142
3869,thyme leaves | tomato purée,2,thyme leaves,tomato purée,15,0.0015018021625951142
3870,almond extract | flaked almonds,2,almond extract,flaked almonds,14,0.0014016820184221065
3871,almonds | icing sugar,2,almonds,icing sugar,14,0.0014016820184221065
3872,apple cider vinegar | olive oil,2,apple cider vinegar,olive oil,14,0.0014016820184221065
3873,aubergine | onion,2,aubergine,onion,14,0.0014016820184221065
3874,avocado stoned | coriander,2,avocado stoned,coriander,14,0.0014016820184221065
3875,avocado stoned | garlic,2,avocado stoned,garlic,14,0.0014016820184221065
3876,avocado stoned | red onion,2,avocado stoned,red onion,14,0.0014016820184221065
3877,avocados | lime,2,avocados,lime,14,0.0014016820184221065
3878,baby spinach leaves | olive oil,2,baby spinach leaves,olive oil,14,0.0014016820184221065
3879,baking powder | carrots,2,baking powder,carrots,14,0.0014016820184221065
3880,baking powder | coriander,2,baking powder,coriander,14,0.0014016820184221065
3881,baking powder | mixed dried fruit,2,baking powder,mixed dried fruit,14,0.0014016820184221065
3882,baking powder | pistachios,2,baking powder,pistachios,14,0.0014016820184221065
3883,baking powder | slightly salted butter,2,baking powder,slightly salted butter,14,0.0014016820184221065
3884,baking powder | smoked paprika,2,baking powder,smoked paprika,14,0.0014016820184221065
3885,balsamic vinegar | basil leaves,2,balsamic vinegar,basil leaves,14,0.0014016820184221065
3886,balsamic vinegar | rocket,2,balsamic vinegar,rocket,14,0.0014016820184221065
3887,balsamic vinegar | thyme,2,balsamic vinegar,thyme,14,0.0014016820184221065
3888,basil leaves | pine nuts,2,basil leaves,pine nuts,14,0.0014016820184221065
3889,basil leaves | red wine vinegar,2,basil leaves,red wine vinegar,14,0.0014016820184221065
3890,basil | celery,2,basil,celery,14,0.0014016820184221065
3891,bay leaf | eggs,2,bay leaf,eggs,14,0.0014016820184221065
3892,bay leaf | white wine,2,bay leaf,white wine,14,0.0014016820184221065
3893,bay leaves | caster sugar,2,bay leaves,caster sugar,14,0.0014016820184221065
3894,bay leaves | dijon mustard,2,bay leaves,dijon mustard,14,0.0014016820184221065
3895,bay leaves | english mustard powder,2,bay leaves,english mustard powder,14,0.0014016820184221065
3896,bay leaves | fennel seeds,2,bay leaves,fennel seeds,14,0.0014016820184221065
3897,bay leaves | red onions,2,bay leaves,red onions,14,0.0014016820184221065
3898,beansprouts | ginger,2,beansprouts,ginger,14,0.0014016820184221065
3899,beef stock | carrot,2,beef stock,carrot,14,0.0014016820184221065
3900,beetroot | extra virgin olive oil,2,beetroot,extra virgin olive oil,14,0.0014016820184221065
3901,beetroot | rocket,2,beetroot,rocket,14,0.0014016820184221065
3902,bitters | ice,2,bitters,ice,14,0.0014016820184221065
3903,black beans | cumin seeds,2,black beans,cumin seeds,14,0.0014016820184221065
3904,black beans | vegetable bouillon powder,2,black beans,vegetable bouillon powder,14,0.0014016820184221065
3905,black peppercorns | celery,2,black peppercorns,celery,14,0.0014016820184221065
3906,borlotti beans | garlic,2,borlotti beans,garlic,14,0.0014016820184221065
3907,brandy | eggs,2,brandy,eggs,14,0.0014016820184221065
3908,brandy | orange,2,brandy,orange,14,0.0014016820184221065
3909,breadcrumbs | egg,2,breadcrumbs,egg,14,0.0014016820184221065
3910,breadcrumbs | onion,2,breadcrumbs,onion,14,0.0014016820184221065
3911,broccoli | ginger,2,broccoli,ginger,14,0.0014016820184221065
3912,bulgur wheat | olive oil,2,bulgur wheat,olive oil,14,0.0014016820184221065
3913,butter beans | chopped tomatoes,2,butter beans,chopped tomatoes,14,0.0014016820184221065
3914,butter beans | smoked paprika,2,butter beans,smoked paprika,14,0.0014016820184221065
3915,butter | cardamom pods,2,butter,cardamom pods,14,0.0014016820184221065
3916,butter | fennel seeds,2,butter,fennel seeds,14,0.0014016820184221065
3917,butter | garam masala,2,butter,garam masala,14,0.0014016820184221065
3918,butter | green salad,2,butter,green salad,14,0.0014016820184221065
3919,butter | ground almond,2,butter,ground almond,14,0.0014016820184221065
3920,butter | mint,2,butter,mint,14,0.0014016820184221065
3921,butter | red cabbage,2,butter,red cabbage,14,0.0014016820184221065
3922,butter | sweet potatoes,2,butter,sweet potatoes,14,0.0014016820184221065
3923,butter | tomatoes,2,butter,tomatoes,14,0.0014016820184221065
3924,butter | whipping cream,2,butter,whipping cream,14,0.0014016820184221065
3925,buttermilk | cornflour,2,buttermilk,cornflour,14,0.0014016820184221065
3926,buttermilk | double cream,2,buttermilk,double cream,14,0.0014016820184221065
3927,butternut squash | cumin seeds,2,butternut squash,cumin seeds,14,0.0014016820184221065
3928,capers | chilli flakes,2,capers,chilli flakes,14,0.0014016820184221065
3929,capers | red chilli,2,capers,red chilli,14,0.0014016820184221065
3930,carrot | courgette,2,carrot,courgette,14,0.0014016820184221065
3931,carrot | fish sauce,2,carrot,fish sauce,14,0.0014016820184221065
3932,carrot | vegetable stock,2,carrot,vegetable stock,14,0.0014016820184221065
3933,carrots | caster sugar,2,carrots,caster sugar,14,0.0014016820184221065
3934,carrots | chilli flakes,2,carrots,chilli flakes,14,0.0014016820184221065
3935,carrots | coriander leaves,2,carrots,coriander leaves,14,0.0014016820184221065
3936,carrots | dried oregano,2,carrots,dried oregano,14,0.0014016820184221065
3937,carrots | golden caster sugar,2,carrots,golden caster sugar,14,0.0014016820184221065
3938,carrots | oil,2,carrots,oil,14,0.0014016820184221065
3939,carrots | red lentils,2,carrots,red lentils,14,0.0014016820184221065
3940,carrots | unsalted butter,2,carrots,unsalted butter,14,0.0014016820184221065
3941,caster sugar | chopped tomatoes,2,caster sugar,chopped tomatoes,14,0.0014016820184221065
3942,caster sugar | custard powder,2,caster sugar,custard powder,14,0.0014016820184221065
3943,caster sugar | fennel seeds,2,caster sugar,fennel seeds,14,0.0014016820184221065
3944,caster sugar | light soy sauce,2,caster sugar,light soy sauce,14,0.0014016820184221065
3945,caster sugar | natural yogurt,2,caster sugar,natural yogurt,14,0.0014016820184221065
3946,caster sugar | oranges,2,caster sugar,oranges,14,0.0014016820184221065
3947,caster sugar | rhubarb,2,caster sugar,rhubarb,14,0.0014016820184221065
3948,caster sugar | sea salt,2,caster sugar,sea salt,14,0.0014016820184221065
3949,caster sugar | tomatoes,2,caster sugar,tomatoes,14,0.0014016820184221065
3950,cauliflower | rapeseed oil,2,cauliflower,rapeseed oil,14,0.0014016820184221065
3951,cavolo nero | garlic,2,cavolo nero,garlic,14,0.0014016820184221065
3952,cayenne pepper | dried oregano,2,cayenne pepper,dried oregano,14,0.0014016820184221065
3953,cayenne pepper | milk,2,cayenne pepper,milk,14,0.0014016820184221065
3954,cayenne pepper | onions,2,cayenne pepper,onions,14,0.0014016820184221065
3955,cayenne pepper | parmesan,2,cayenne pepper,parmesan,14,0.0014016820184221065
3956,cayenne pepper | spring onions,2,cayenne pepper,spring onions,14,0.0014016820184221065
3957,celery | chives,2,celery,chives,14,0.0014016820184221065
3958,celery | coriander,2,celery,coriander,14,0.0014016820184221065
3959,celery | dijon mustard,2,celery,dijon mustard,14,0.0014016820184221065
3960,celery | thyme leaves,2,celery,thyme leaves,14,0.0014016820184221065
3961,cheddar | spring onions,2,cheddar,spring onions,14,0.0014016820184221065
3962,cherry tomatoes | coriander leaves,2,cherry tomatoes,coriander leaves,14,0.0014016820184221065
3963,cherry tomatoes | vegetable bouillon powder,2,cherry tomatoes,vegetable bouillon powder,14,0.0014016820184221065
3964,chicken breasts | coriander,2,chicken breasts,coriander,14,0.0014016820184221065
3965,chicken breasts | ginger,2,chicken breasts,ginger,14,0.0014016820184221065
3966,chicken stock | dijon mustard,2,chicken stock,dijon mustard,14,0.0014016820184221065
3967,chicken stock | fennel seeds,2,chicken stock,fennel seeds,14,0.0014016820184221065
3968,chicken stock | tomatoes,2,chicken stock,tomatoes,14,0.0014016820184221065
3969,chicken stock | wholegrain mustard,2,chicken stock,wholegrain mustard,14,0.0014016820184221065
3970,chicken | olive oil,2,chicken,olive oil,14,0.0014016820184221065
3971,chickpeas | coconut milk,2,chickpeas,coconut milk,14,0.0014016820184221065
3972,chickpeas | harissa,2,chickpeas,harissa,14,0.0014016820184221065
3973,chickpeas | pomegranate seeds,2,chickpeas,pomegranate seeds,14,0.0014016820184221065
3974,chickpeas | spring onions,2,chickpeas,spring onions,14,0.0014016820184221065
3975,chilli flakes | courgettes,2,chilli flakes,courgettes,14,0.0014016820184221065
3976,chilli flakes | golden caster sugar,2,chilli flakes,golden caster sugar,14,0.0014016820184221065
3977,chilli flakes | spinach,2,chilli flakes,spinach,14,0.0014016820184221065
3978,chilli powder | coriander leaves,2,chilli powder,coriander leaves,14,0.0014016820184221065
3979,chilli powder | eggs,2,chilli powder,eggs,14,0.0014016820184221065
3980,chilli powder | green chilli,2,chilli powder,green chilli,14,0.0014016820184221065
3981,chilli powder | green chillies,2,chilli powder,green chillies,14,0.0014016820184221065
3982,chilli sauce | spring onions,2,chilli sauce,spring onions,14,0.0014016820184221065
3983,chives | red onion,2,chives,red onion,14,0.0014016820184221065
3984,chives | white wine vinegar,2,chives,white wine vinegar,14,0.0014016820184221065
3985,chocolate chips | vanilla extract,2,chocolate chips,vanilla extract,14,0.0014016820184221065
3986,chopped tomatoes | coconut milk,2,chopped tomatoes,coconut milk,14,0.0014016820184221065
3987,chopped tomatoes | ground turmeric,2,chopped tomatoes,ground turmeric,14,0.0014016820184221065
3988,chopped tomatoes | sweet smoked paprika,2,chopped tomatoes,sweet smoked paprika,14,0.0014016820184221065
3989,cider vinegar | honey,2,cider vinegar,honey,14,0.0014016820184221065
3990,cider vinegar | lemon,2,cider vinegar,lemon,14,0.0014016820184221065
3991,cider vinegar | light brown soft sugar,2,cider vinegar,light brown soft sugar,14,0.0014016820184221065
3992,cinnamon sticks | cloves,2,cinnamon sticks,cloves,14,0.0014016820184221065
3993,cinnamon | garam masala,2,cinnamon,garam masala,14,0.0014016820184221065
3994,cinnamon | ground cinnamon,2,cinnamon,ground cinnamon,14,0.0014016820184221065
3995,cinnamon | natural yogurt,2,cinnamon,natural yogurt,14,0.0014016820184221065
3996,cinnamon | red onion,2,cinnamon,red onion,14,0.0014016820184221065
3997,cinnamon | red wine vinegar,2,cinnamon,red wine vinegar,14,0.0014016820184221065
3998,cinnamon | sunflower oil,2,cinnamon,sunflower oil,14,0.0014016820184221065
3999,clear honey | soy sauce,2,clear honey,soy sauce,14,0.0014016820184221065
4000,cocoa powder | mascarpone,2,cocoa powder,mascarpone,14,0.0014016820184221065
4001,cocoa | icing sugar,2,cocoa,icing sugar,14,0.0014016820184221065
4002,cocoa | plain flour,2,cocoa,plain flour,14,0.0014016820184221065
4003,coconut milk | cornflour,2,coconut milk,cornflour,14,0.0014016820184221065
4004,coconut milk | soy sauce,2,coconut milk,soy sauce,14,0.0014016820184221065
4005,coconut yogurt | garlic,2,coconut yogurt,garlic,14,0.0014016820184221065
4006,cold butter | olive oil,2,cold butter,olive oil,14,0.0014016820184221065
4007,cold unsalted butter | egg yolk,2,cold unsalted butter,egg yolk,14,0.0014016820184221065
4008,coriander leaves | smoked paprika,2,coriander leaves,smoked paprika,14,0.0014016820184221065
4009,coriander seeds | rapeseed oil,2,coriander seeds,rapeseed oil,14,0.0014016820184221065
4010,coriander | lime wedges,2,coriander,lime wedges,14,0.0014016820184221065
4011,coriander | milk,2,coriander,milk,14,0.0014016820184221065
4012,coriander | rice,2,coriander,rice,14,0.0014016820184221065
4013,coriander | white wine vinegar,2,coriander,white wine vinegar,14,0.0014016820184221065
4014,cornflour | egg white,2,cornflour,egg white,14,0.0014016820184221065
4015,cornflour | ground white pepper,2,cornflour,ground white pepper,14,0.0014016820184221065
4016,cornflour | groundnut oil,2,cornflour,groundnut oil,14,0.0014016820184221065
4017,cornflour | lemon juice,2,cornflour,lemon juice,14,0.0014016820184221065
4018,cornflour | smoked paprika,2,cornflour,smoked paprika,14,0.0014016820184221065
4019,cornflour | thyme,2,cornflour,thyme,14,0.0014016820184221065
4020,courgette | red onion,2,courgette,red onion,14,0.0014016820184221065
4021,courgettes | egg,2,courgettes,egg,14,0.0014016820184221065
4022,courgettes | feta,2,courgettes,feta,14,0.0014016820184221065
4023,courgettes | mint leaves,2,courgettes,mint leaves,14,0.0014016820184221065
4024,courgettes | spring onions,2,courgettes,spring onions,14,0.0014016820184221065
4025,crème fraîche | shallots,2,crème fraîche,shallots,14,0.0014016820184221065
4026,cucumber | lemon juice,2,cucumber,lemon juice,14,0.0014016820184221065
4027,cucumber | onion,2,cucumber,onion,14,0.0014016820184221065
4028,cucumber | plain flour,2,cucumber,plain flour,14,0.0014016820184221065
4029,cucumber | rice wine vinegar,2,cucumber,rice wine vinegar,14,0.0014016820184221065
4030,cucumber | smoked paprika,2,cucumber,smoked paprika,14,0.0014016820184221065
4031,cucumber | sugar,2,cucumber,sugar,14,0.0014016820184221065
4032,cumin seeds | dried oregano,2,cumin seeds,dried oregano,14,0.0014016820184221065
4033,cumin seeds | ghee,2,cumin seeds,ghee,14,0.0014016820184221065
4034,cumin seeds | pomegranate seeds,2,cumin seeds,pomegranate seeds,14,0.0014016820184221065
4035,cumin | onion,2,cumin,onion,14,0.0014016820184221065
4036,currants | mixed spice,2,currants,mixed spice,14,0.0014016820184221065
4037,curry leaves | turmeric,2,curry leaves,turmeric,14,0.0014016820184221065
4038,curry powder | lime,2,curry powder,lime,14,0.0014016820184221065
4039,dark chocolate | digestive biscuits,2,dark chocolate,digestive biscuits,14,0.0014016820184221065
4040,dark muscovado sugar | egg,2,dark muscovado sugar,egg,14,0.0014016820184221065
4041,dark rum | double cream,2,dark rum,double cream,14,0.0014016820184221065
4042,dark soy sauce | vegetable oil,2,dark soy sauce,vegetable oil,14,0.0014016820184221065
4043,demerara sugar | egg,2,demerara sugar,egg,14,0.0014016820184221065
4044,desiccated coconut | lime,2,desiccated coconut,lime,14,0.0014016820184221065
4045,digestive biscuits | eggs,2,digestive biscuits,eggs,14,0.0014016820184221065
4046,dijon mustard | egg yolk,2,dijon mustard,egg yolk,14,0.0014016820184221065
4047,dijon mustard | thyme,2,dijon mustard,thyme,14,0.0014016820184221065
4048,dijon mustard | watercress,2,dijon mustard,watercress,14,0.0014016820184221065
4049,double cream | flour,2,double cream,flour,14,0.0014016820184221065
4050,double cream | floury potatoes,2,double cream,floury potatoes,14,0.0014016820184221065
4051,double cream | limes,2,double cream,limes,14,0.0014016820184221065
4052,double cream | mature cheddar,2,double cream,mature cheddar,14,0.0014016820184221065
4053,double cream | sea salt flakes,2,double cream,sea salt flakes,14,0.0014016820184221065
4054,double cream | shallots,2,double cream,shallots,14,0.0014016820184221065
4055,dried breadcrumbs | eggs,2,dried breadcrumbs,eggs,14,0.0014016820184221065
4056,dried breadcrumbs | parmesan,2,dried breadcrumbs,parmesan,14,0.0014016820184221065
4057,dried cranberries | garlic,2,dried cranberries,garlic,14,0.0014016820184221065
4058,dried oregano | dried thyme,2,dried oregano,dried thyme,14,0.0014016820184221065
4059,dried oregano | golden caster sugar,2,dried oregano,golden caster sugar,14,0.0014016820184221065
4060,dried thyme | garlic,2,dried thyme,garlic,14,0.0014016820184221065
4061,dry white wine | onion,2,dry white wine,onion,14,0.0014016820184221065
4062,egg whites | egg yolks,2,egg whites,egg yolks,14,0.0014016820184221065
4063,egg yolks | white wine vinegar,2,egg yolks,white wine vinegar,14,0.0014016820184221065
4064,egg | mozzarella,2,egg,mozzarella,14,0.0014016820184221065
4065,egg | mushrooms,2,egg,mushrooms,14,0.0014016820184221065
4066,egg | soft cheese,2,egg,soft cheese,14,0.0014016820184221065
4067,egg | soy sauce,2,egg,soy sauce,14,0.0014016820184221065
4068,egg | tomatoes,2,egg,tomatoes,14,0.0014016820184221065
4069,egg | vanilla bean paste,2,egg,vanilla bean paste,14,0.0014016820184221065
4070,eggs | ground cloves,2,eggs,ground cloves,14,0.0014016820184221065
4071,eggs | sea salt flakes,2,eggs,sea salt flakes,14,0.0014016820184221065
4072,eggs | smoked salmon,2,eggs,smoked salmon,14,0.0014016820184221065
4073,extra virgin olive oil | ground coriander,2,extra virgin olive oil,ground coriander,14,0.0014016820184221065
4074,extra virgin olive oil | parsley leaves,2,extra virgin olive oil,parsley leaves,14,0.0014016820184221065
4075,extra virgin olive oil | radishes,2,extra virgin olive oil,radishes,14,0.0014016820184221065
4076,extra virgin olive oil | rapeseed oil,2,extra virgin olive oil,rapeseed oil,14,0.0014016820184221065
4077,fast-action dried yeast | mozzarella,2,fast-action dried yeast,mozzarella,14,0.0014016820184221065
4078,fast-action dried yeast | orange,2,fast-action dried yeast,orange,14,0.0014016820184221065
4079,fast-action dried yeast | strong white flour,2,fast-action dried yeast,strong white flour,14,0.0014016820184221065
4080,feta cheese | olive oil,2,feta cheese,olive oil,14,0.0014016820184221065
4081,feta | lime,2,feta,lime,14,0.0014016820184221065
4082,feta | onions,2,feta,onions,14,0.0014016820184221065
4083,feta | tomato purée,2,feta,tomato purée,14,0.0014016820184221065
4084,fine sea salt | golden caster sugar,2,fine sea salt,golden caster sugar,14,0.0014016820184221065
4085,fine sea salt | strong white bread flour,2,fine sea salt,strong white bread flour,14,0.0014016820184221065
4086,fish sauce | sesame oil,2,fish sauce,sesame oil,14,0.0014016820184221065
4087,flaked almonds | onion,2,flaked almonds,onion,14,0.0014016820184221065
4088,flat-leaf parsley | thyme,2,flat-leaf parsley,thyme,14,0.0014016820184221065
4089,fresh breadcrumbs | parsley,2,fresh breadcrumbs,parsley,14,0.0014016820184221065
4090,fresh coriander | onion,2,fresh coriander,onion,14,0.0014016820184221065
4091,fresh thyme | garlic,2,fresh thyme,garlic,14,0.0014016820184221065
4092,frozen peas | turmeric,2,frozen peas,turmeric,14,0.0014016820184221065
4093,frozen peas | vegetable stock,2,frozen peas,vegetable stock,14,0.0014016820184221065
4094,galangal | lemongrass,2,galangal,lemongrass,14,0.0014016820184221065
4095,garlic granules | onion granules,2,garlic granules,onion granules,14,0.0014016820184221065
4096,garlic granules | paprika,2,garlic granules,paprika,14,0.0014016820184221065
4097,garlic granules | plain flour,2,garlic granules,plain flour,14,0.0014016820184221065
4098,garlic | gochujang,2,garlic,gochujang,14,0.0014016820184221065
4099,garlic | greek-style yogurt,2,garlic,greek-style yogurt,14,0.0014016820184221065
4100,garlic | hoisin sauce,2,garlic,hoisin sauce,14,0.0014016820184221065
4101,garlic | hot sauce,2,garlic,hot sauce,14,0.0014016820184221065
4102,garlic | lamb stock,2,garlic,lamb stock,14,0.0014016820184221065
4103,garlic | little gem lettuces,2,garlic,little gem lettuces,14,0.0014016820184221065
4104,garlic | macaroni,2,garlic,macaroni,14,0.0014016820184221065
4105,garlic | malt vinegar,2,garlic,malt vinegar,14,0.0014016820184221065
4106,garlic | mirin,2,garlic,mirin,14,0.0014016820184221065
4107,garlic | peanut butter,2,garlic,peanut butter,14,0.0014016820184221065
4108,garlic | red kidney beans,2,garlic,red kidney beans,14,0.0014016820184221065
4109,garlic | roasted red peppers,2,garlic,roasted red peppers,14,0.0014016820184221065
4110,garlic | sausages,2,garlic,sausages,14,0.0014016820184221065
4111,garlic | sea salt flakes,2,garlic,sea salt flakes,14,0.0014016820184221065
4112,garlic | sichuan peppercorns,2,garlic,sichuan peppercorns,14,0.0014016820184221065
4113,garlic | single cream,2,garlic,single cream,14,0.0014016820184221065
4114,garlic | sugar snap peas,2,garlic,sugar snap peas,14,0.0014016820184221065
4115,garlic | vegetarian italian-style hard cheese,2,garlic,vegetarian italian-style hard cheese,14,0.0014016820184221065
4116,ginger | low-salt soy sauce,2,ginger,low-salt soy sauce,14,0.0014016820184221065
4117,ginger | milk,2,ginger,milk,14,0.0014016820184221065
4118,ginger | mint,2,ginger,mint,14,0.0014016820184221065
4119,ginger | potatoes,2,ginger,potatoes,14,0.0014016820184221065
4120,ginger | radishes,2,ginger,radishes,14,0.0014016820184221065
4121,ginger | smoked paprika,2,ginger,smoked paprika,14,0.0014016820184221065
4122,golden caster sugar | mincemeat,2,golden caster sugar,mincemeat,14,0.0014016820184221065
4123,golden caster sugar | nutmeg,2,golden caster sugar,nutmeg,14,0.0014016820184221065
4124,golden caster sugar | rosemary,2,golden caster sugar,rosemary,14,0.0014016820184221065
4125,golden caster sugar | sultanas,2,golden caster sugar,sultanas,14,0.0014016820184221065
4126,golden caster sugar | vanilla ice cream,2,golden caster sugar,vanilla ice cream,14,0.0014016820184221065
4127,granulated sugar | vanilla extract,2,granulated sugar,vanilla extract,14,0.0014016820184221065
4128,greek yogurt | honey,2,greek yogurt,honey,14,0.0014016820184221065
4129,green beans | lemon,2,green beans,lemon,14,0.0014016820184221065
4130,green beans | rapeseed oil,2,green beans,rapeseed oil,14,0.0014016820184221065
4131,green chillies | lemon,2,green chillies,lemon,14,0.0014016820184221065
4132,green chillies | tomatoes,2,green chillies,tomatoes,14,0.0014016820184221065
4133,green pepper | spring onions,2,green pepper,spring onions,14,0.0014016820184221065
4134,green salad | parmesan,2,green salad,parmesan,14,0.0014016820184221065
4135,ground almond | vanilla extract,2,ground almond,vanilla extract,14,0.0014016820184221065
4136,ground cinnamon | lemon juice,2,ground cinnamon,lemon juice,14,0.0014016820184221065
4137,ground cinnamon | pistachios,2,ground cinnamon,pistachios,14,0.0014016820184221065
4138,ground cinnamon | red wine vinegar,2,ground cinnamon,red wine vinegar,14,0.0014016820184221065
4139,ground cinnamon | tomatoes,2,ground cinnamon,tomatoes,14,0.0014016820184221065
4140,ground cloves | ground nutmeg,2,ground cloves,ground nutmeg,14,0.0014016820184221065
4141,ground cloves | onion,2,ground cloves,onion,14,0.0014016820184221065
4142,ground coriander | lamb mince,2,ground coriander,lamb mince,14,0.0014016820184221065
4143,ground coriander | pomegranate seeds,2,ground coriander,pomegranate seeds,14,0.0014016820184221065
4144,ground ginger | onion,2,ground ginger,onion,14,0.0014016820184221065
4145,halloumi | red onion,2,halloumi,red onion,14,0.0014016820184221065
4146,honey | porridge oats,2,honey,porridge oats,14,0.0014016820184221065
4147,honey | tahini,2,honey,tahini,14,0.0014016820184221065
4148,hot chicken stock | olive oil,2,hot chicken stock,olive oil,14,0.0014016820184221065
4149,hot vegetable stock | onion,2,hot vegetable stock,onion,14,0.0014016820184221065
4150,icing sugar sieved | unsalted butter,2,icing sugar sieved,unsalted butter,14,0.0014016820184221065
4151,icing sugar | sultanas,2,icing sugar,sultanas,14,0.0014016820184221065
4152,icing sugar | whipping cream,2,icing sugar,whipping cream,14,0.0014016820184221065
4153,juice | mayonnaise,2,juice,mayonnaise,14,0.0014016820184221065
4154,juice | mint leaves,2,juice,mint leaves,14,0.0014016820184221065
4155,ketchup | onion,2,ketchup,onion,14,0.0014016820184221065
4156,leek | rapeseed oil,2,leek,rapeseed oil,14,0.0014016820184221065
4157,lemon curd | self-raising flour,2,lemon curd,self-raising flour,14,0.0014016820184221065
4158,lemon juice | mint leaves,2,lemon juice,mint leaves,14,0.0014016820184221065
4159,lemon juice | self-raising flour,2,lemon juice,self-raising flour,14,0.0014016820184221065
4160,lemon juice | smoked paprika,2,lemon juice,smoked paprika,14,0.0014016820184221065
4161,lemon | mixed dried fruit,2,lemon,mixed dried fruit,14,0.0014016820184221065
4162,lemon | olive or rapeseed oil,2,lemon,olive or rapeseed oil,14,0.0014016820184221065
4163,lemon | raspberries,2,lemon,raspberries,14,0.0014016820184221065
4164,lemongrass | lime leaves,2,lemongrass,lime leaves,14,0.0014016820184221065
4165,lemongrass | limes,2,lemongrass,limes,14,0.0014016820184221065
4166,light brown soft sugar | soy sauce,2,light brown soft sugar,soy sauce,14,0.0014016820184221065
4167,light brown sugar | plain flour,2,light brown sugar,plain flour,14,0.0014016820184221065
4168,light muscovado sugar | mixed spice,2,light muscovado sugar,mixed spice,14,0.0014016820184221065
4169,light soy sauce | shaoxing rice wine,2,light soy sauce,shaoxing rice wine,14,0.0014016820184221065
4170,lime | mint,2,lime,mint,14,0.0014016820184221065
4171,lime | sweet chilli sauce,2,lime,sweet chilli sauce,14,0.0014016820184221065
4172,lime | sweet potatoes,2,lime,sweet potatoes,14,0.0014016820184221065
4173,maple syrup | orange,2,maple syrup,orange,14,0.0014016820184221065
4174,mature cheddar | parsley,2,mature cheddar,parsley,14,0.0014016820184221065
4175,mayonnaise | panko breadcrumbs,2,mayonnaise,panko breadcrumbs,14,0.0014016820184221065
4176,mayonnaise | parmesan,2,mayonnaise,parmesan,14,0.0014016820184221065
4177,milk | oil,2,milk,oil,14,0.0014016820184221065
4178,milk | vanilla paste,2,milk,vanilla paste,14,0.0014016820184221065
4179,mint leaves | plain flour,2,mint leaves,plain flour,14,0.0014016820184221065
4180,mint leaves | sesame seeds,2,mint leaves,sesame seeds,14,0.0014016820184221065
4181,mint | natural yogurt,2,mint,natural yogurt,14,0.0014016820184221065
4182,mixed peel | orange,2,mixed peel,orange,14,0.0014016820184221065
4183,mixed spice | raisins,2,mixed spice,raisins,14,0.0014016820184221065
4184,mozzarella | passata,2,mozzarella,passata,14,0.0014016820184221065
4185,mozzarella | sugar,2,mozzarella,sugar,14,0.0014016820184221065
4186,mushrooms | tomato purée,2,mushrooms,tomato purée,14,0.0014016820184221065
4187,mussels | olive oil,2,mussels,olive oil,14,0.0014016820184221065
4188,natural yogurt | red chilli,2,natural yogurt,red chilli,14,0.0014016820184221065
4189,nigella seeds | plain flour,2,nigella seeds,plain flour,14,0.0014016820184221065
4190,nutmeg | onions,2,nutmeg,onions,14,0.0014016820184221065
4191,nutmeg | sage leaves,2,nutmeg,sage leaves,14,0.0014016820184221065
4192,nutmeg | tomato purée,2,nutmeg,tomato purée,14,0.0014016820184221065
4193,oil | spring onions,2,oil,spring onions,14,0.0014016820184221065
4194,olive oil | pasta,2,olive oil,pasta,14,0.0014016820184221065
4195,olive oil | quinoa,2,olive oil,quinoa,14,0.0014016820184221065
4196,olive oil | rapeseed oil,2,olive oil,rapeseed oil,14,0.0014016820184221065
4197,olive oil | self-raising flour,2,olive oil,self-raising flour,14,0.0014016820184221065
4198,olive oil | semi-skimmed milk,2,olive oil,semi-skimmed milk,14,0.0014016820184221065
4199,olive oil | star anise,2,olive oil,star anise,14,0.0014016820184221065
4200,olive oil | sunflower oil,2,olive oil,sunflower oil,14,0.0014016820184221065
4201,olive oil | sweet paprika,2,olive oil,sweet paprika,14,0.0014016820184221065
4202,olive oil | sweet potato,2,olive oil,sweet potato,14,0.0014016820184221065
4203,olive oil | white onion,2,olive oil,white onion,14,0.0014016820184221065
4204,onion | red chillies,2,onion,red chillies,14,0.0014016820184221065
4205,onion | spaghetti,2,onion,spaghetti,14,0.0014016820184221065
4206,onion | swede,2,onion,swede,14,0.0014016820184221065
4207,onions | potato,2,onions,potato,14,0.0014016820184221065
4208,onions | soured cream,2,onions,soured cream,14,0.0014016820184221065
4209,orange | star anise,2,orange,star anise,14,0.0014016820184221065
4210,oyster sauce | sesame oil,2,oyster sauce,sesame oil,14,0.0014016820184221065
4211,oyster sauce | vegetable oil,2,oyster sauce,vegetable oil,14,0.0014016820184221065
4212,paprika | vegetable oil,2,paprika,vegetable oil,14,0.0014016820184221065
4213,parmesan | sunflower oil,2,parmesan,sunflower oil,14,0.0014016820184221065
4214,passata | tomato purée,2,passata,tomato purée,14,0.0014016820184221065
4215,pecans | self-raising flour,2,pecans,self-raising flour,14,0.0014016820184221065
4216,plain flour | raspberry jam,2,plain flour,raspberry jam,14,0.0014016820184221065
4217,plain flour | ready-rolled puff pastry,2,plain flour,ready-rolled puff pastry,14,0.0014016820184221065
4218,plain flour | soft butter,2,plain flour,soft butter,14,0.0014016820184221065
4219,plain flour | strawberry jam,2,plain flour,strawberry jam,14,0.0014016820184221065
4220,plain flour | vanilla pod,2,plain flour,vanilla pod,14,0.0014016820184221065
4221,pork mince | spring onions,2,pork mince,spring onions,14,0.0014016820184221065
4222,potatoes | vegetable bouillon powder,2,potatoes,vegetable bouillon powder,14,0.0014016820184221065
4223,quinoa | rapeseed oil,2,quinoa,rapeseed oil,14,0.0014016820184221065
4224,radishes | sesame oil,2,radishes,sesame oil,14,0.0014016820184221065
4225,raisins | self-raising flour,2,raisins,self-raising flour,14,0.0014016820184221065
4226,rapeseed oil | red lentils,2,rapeseed oil,red lentils,14,0.0014016820184221065
4227,raspberry jam | self-raising flour,2,raspberry jam,self-raising flour,14,0.0014016820184221065
4228,raw king prawns | red chilli,2,raw king prawns,red chilli,14,0.0014016820184221065
4229,raw king prawns | spring onions,2,raw king prawns,spring onions,14,0.0014016820184221065
4230,red chilli | red wine vinegar,2,red chilli,red wine vinegar,14,0.0014016820184221065
4231,red chilli | spring onion,2,red chilli,spring onion,14,0.0014016820184221065
4232,red onion | sweetcorn,2,red onion,sweetcorn,14,0.0014016820184221065
4233,red onions | red peppers,2,red onions,red peppers,14,0.0014016820184221065
4234,red pepper | vegetable bouillon powder,2,red pepper,vegetable bouillon powder,14,0.0014016820184221065
4235,red peppers | red wine vinegar,2,red peppers,red wine vinegar,14,0.0014016820184221065
4236,red peppers | tomato purée,2,red peppers,tomato purée,14,0.0014016820184221065
4237,rice wine vinegar | vegetable oil,2,rice wine vinegar,vegetable oil,14,0.0014016820184221065
4238,sesame oil | sweet chilli sauce,2,sesame oil,sweet chilli sauce,14,0.0014016820184221065
4239,sesame oil | tamari,2,sesame oil,tamari,14,0.0014016820184221065
4240,shallots | white wine vinegar,2,shallots,white wine vinegar,14,0.0014016820184221065
4241,soy sauce | thyme,2,soy sauce,thyme,14,0.0014016820184221065
4242,spaghetti | tomato purée,2,spaghetti,tomato purée,14,0.0014016820184221065
4243,spring onions | sweet potatoes,2,spring onions,sweet potatoes,14,0.0014016820184221065
4244,strong white bread flour | vanilla extract,2,strong white bread flour,vanilla extract,14,0.0014016820184221065
4245,sugar | tomatoes,2,sugar,tomatoes,14,0.0014016820184221065
4246,thyme | worcestershire sauce,2,thyme,worcestershire sauce,14,0.0014016820184221065
4247,tomato | vegetable oil,2,tomato,vegetable oil,14,0.0014016820184221065
4248,vanilla extract | vanilla ice cream,2,vanilla extract,vanilla ice cream,14,0.0014016820184221065
4249,vegetable oil | white chocolate,2,vegetable oil,white chocolate,14,0.0014016820184221065
4250,white chocolate | whole milk,2,white chocolate,whole milk,14,0.0014016820184221065
4251,almonds | caster sugar,2,almonds,caster sugar,13,0.001301561874249099
4252,anchovy fillets | olive oil,2,anchovy fillets,olive oil,13,0.001301561874249099
4253,aubergine | cherry tomatoes,2,aubergine,cherry tomatoes,13,0.001301561874249099
4254,aubergine | coriander,2,aubergine,coriander,13,0.001301561874249099
4255,avocados | ground cumin,2,avocados,ground cumin,13,0.001301561874249099
4256,avocados | olive oil,2,avocados,olive oil,13,0.001301561874249099
4257,avocados | tomatoes,2,avocados,tomatoes,13,0.001301561874249099
4258,baby spinach | butter,2,baby spinach,butter,13,0.001301561874249099
4259,baby spinach | parmesan,2,baby spinach,parmesan,13,0.001301561874249099
4260,baking powder | full-fat cream cheese,2,baking powder,full-fat cream cheese,13,0.001301561874249099
4261,baking powder | ginger,2,baking powder,ginger,13,0.001301561874249099
4262,baking powder | marzipan,2,baking powder,marzipan,13,0.001301561874249099
4263,baking powder | milk chocolate,2,baking powder,milk chocolate,13,0.001301561874249099
4264,baking powder | oil,2,baking powder,oil,13,0.001301561874249099
4265,baking powder | soft light brown sugar,2,baking powder,soft light brown sugar,13,0.001301561874249099
4266,baking powder | walnuts,2,baking powder,walnuts,13,0.001301561874249099
4267,balsamic vinegar | eggs,2,balsamic vinegar,eggs,13,0.001301561874249099
4268,balsamic vinegar | smoked paprika,2,balsamic vinegar,smoked paprika,13,0.001301561874249099
4269,balsamic vinegar | vegetable bouillon powder,2,balsamic vinegar,vegetable bouillon powder,13,0.001301561874249099
4270,basil leaves | dried oregano,2,basil leaves,dried oregano,13,0.001301561874249099
4271,basil | parsley,2,basil,parsley,13,0.001301561874249099
4272,basil | ricotta,2,basil,ricotta,13,0.001301561874249099
4273,basmati rice | frozen peas,2,basmati rice,frozen peas,13,0.001301561874249099
4274,bay leaf | chicken stock,2,bay leaf,chicken stock,13,0.001301561874249099
4275,bay leaves | cumin seeds,2,bay leaves,cumin seeds,13,0.001301561874249099
4276,bay leaves | ground cinnamon,2,bay leaves,ground cinnamon,13,0.001301561874249099
4277,bay leaves | soy sauce,2,bay leaves,soy sauce,13,0.001301561874249099
4278,bay leaves | sugar,2,bay leaves,sugar,13,0.001301561874249099
4279,beef mince | milk,2,beef mince,milk,13,0.001301561874249099
4280,beetroot | eggs,2,beetroot,eggs,13,0.001301561874249099
4281,bicarbonate of soda | black treacle,2,bicarbonate of soda,black treacle,13,0.001301561874249099
4282,bicarbonate of soda | maple syrup,2,bicarbonate of soda,maple syrup,13,0.001301561874249099
4283,bicarbonate of soda | vanilla bean paste,2,bicarbonate of soda,vanilla bean paste,13,0.001301561874249099
4284,black beans | cherry tomatoes,2,black beans,cherry tomatoes,13,0.001301561874249099
4285,black beans | onions,2,black beans,onions,13,0.001301561874249099
4286,black beans | spring onions,2,black beans,spring onions,13,0.001301561874249099
4287,black peppercorns | coriander,2,black peppercorns,coriander,13,0.001301561874249099
4288,black peppercorns | fennel seeds,2,black peppercorns,fennel seeds,13,0.001301561874249099
4289,black peppercorns | plain flour,2,black peppercorns,plain flour,13,0.001301561874249099
4290,bread | garlic,2,bread,garlic,13,0.001301561874249099
4291,broad beans | garlic,2,broad beans,garlic,13,0.001301561874249099
4292,brown basmati rice | cumin seeds,2,brown basmati rice,cumin seeds,13,0.001301561874249099
4293,brown basmati rice | onions,2,brown basmati rice,onions,13,0.001301561874249099
4294,brown rice | ginger,2,brown rice,ginger,13,0.001301561874249099
4295,butter | cloves,2,butter,cloves,13,0.001301561874249099
4296,butter | cucumber,2,butter,cucumber,13,0.001301561874249099
4297,butter | dark muscovado sugar,2,butter,dark muscovado sugar,13,0.001301561874249099
4298,butter | fresh white breadcrumbs,2,butter,fresh white breadcrumbs,13,0.001301561874249099
4299,butter | glacé cherries,2,butter,glacé cherries,13,0.001301561874249099
4300,butter | ground turmeric,2,butter,ground turmeric,13,0.001301561874249099
4301,butter | new potatoes,2,butter,new potatoes,13,0.001301561874249099
4302,butter | parsnips,2,butter,parsnips,13,0.001301561874249099
4303,butter | sea salt,2,butter,sea salt,13,0.001301561874249099
4304,butter | whole nutmeg,2,butter,whole nutmeg,13,0.001301561874249099
4305,buttermilk | mayonnaise,2,buttermilk,mayonnaise,13,0.001301561874249099
4306,butternut squash | ground coriander,2,butternut squash,ground coriander,13,0.001301561874249099
4307,campari | ice,2,campari,ice,13,0.001301561874249099
4308,capers | parmesan,2,capers,parmesan,13,0.001301561874249099
4309,capers | rocket,2,capers,rocket,13,0.001301561874249099
4310,cardamom pods | caster sugar,2,cardamom pods,caster sugar,13,0.001301561874249099
4311,cardamom pods | cinnamon sticks,2,cardamom pods,cinnamon sticks,13,0.001301561874249099
4312,cardamom pods | garam masala,2,cardamom pods,garam masala,13,0.001301561874249099
4313,carrot | honey,2,carrot,honey,13,0.001301561874249099
4314,carrot | juice,2,carrot,juice,13,0.001301561874249099
4315,carrot | sweet chilli sauce,2,carrot,sweet chilli sauce,13,0.001301561874249099
4316,carrot | white cabbage,2,carrot,white cabbage,13,0.001301561874249099
4317,carrots | chestnut mushrooms,2,carrots,chestnut mushrooms,13,0.001301561874249099
4318,carrots | curry powder,2,carrots,curry powder,13,0.001301561874249099
4319,carrots | red cabbage,2,carrots,red cabbage,13,0.001301561874249099
4320,carrots | white wine vinegar,2,carrots,white wine vinegar,13,0.001301561874249099
4321,caster sugar | cider vinegar,2,caster sugar,cider vinegar,13,0.001301561874249099
4322,caster sugar | dark brown soft sugar,2,caster sugar,dark brown soft sugar,13,0.001301561874249099
4323,caster sugar | egg white,2,caster sugar,egg white,13,0.001301561874249099
4324,caster sugar | gelatine,2,caster sugar,gelatine,13,0.001301561874249099
4325,caster sugar | nutmeg,2,caster sugar,nutmeg,13,0.001301561874249099
4326,caster sugar | parmesan,2,caster sugar,parmesan,13,0.001301561874249099
4327,caster sugar | parsley,2,caster sugar,parsley,13,0.001301561874249099
4328,caster sugar | sea salt flakes,2,caster sugar,sea salt flakes,13,0.001301561874249099
4329,cauliflower | turmeric,2,cauliflower,turmeric,13,0.001301561874249099
4330,cauliflower | vegetable oil,2,cauliflower,vegetable oil,13,0.001301561874249099
4331,cavolo nero | olive oil,2,cavolo nero,olive oil,13,0.001301561874249099
4332,cayenne pepper | cornflour,2,cayenne pepper,cornflour,13,0.001301561874249099
4333,cayenne pepper | red chilli,2,cayenne pepper,red chilli,13,0.001301561874249099
4334,cayenne pepper | red onion,2,cayenne pepper,red onion,13,0.001301561874249099
4335,cayenne pepper | tomatoes,2,cayenne pepper,tomatoes,13,0.001301561874249099
4336,celery | chilli flakes,2,celery,chilli flakes,13,0.001301561874249099
4337,celery | crusty bread,2,celery,crusty bread,13,0.001301561874249099
4338,celery | double cream,2,celery,double cream,13,0.001301561874249099
4339,celery | flat-leaf parsley,2,celery,flat-leaf parsley,13,0.001301561874249099
4340,celery | mature cheddar,2,celery,mature cheddar,13,0.001301561874249099
4341,celery | tomatoes,2,celery,tomatoes,13,0.001301561874249099
4342,cheddar | lime,2,cheddar,lime,13,0.001301561874249099
4343,cherry tomatoes | mint leaves,2,cherry tomatoes,mint leaves,13,0.001301561874249099
4344,cherry tomatoes | red onions,2,cherry tomatoes,red onions,13,0.001301561874249099
4345,cherry tomatoes | red wine vinegar,2,cherry tomatoes,red wine vinegar,13,0.001301561874249099
4346,cherry tomatoes | sweetcorn,2,cherry tomatoes,sweetcorn,13,0.001301561874249099
4347,chestnut mushrooms | onions,2,chestnut mushrooms,onions,13,0.001301561874249099
4348,chestnuts | sage leaves,2,chestnuts,sage leaves,13,0.001301561874249099
4349,chicken breasts | lime,2,chicken breasts,lime,13,0.001301561874249099
4350,chicken breasts | parmesan,2,chicken breasts,parmesan,13,0.001301561874249099
4351,chicken legs | garlic,2,chicken legs,garlic,13,0.001301561874249099
4352,chicken stock | cinnamon,2,chicken stock,cinnamon,13,0.001301561874249099
4353,chicken stock | eggs,2,chicken stock,eggs,13,0.001301561874249099
4354,chicken stock | flat-leaf parsley,2,chicken stock,flat-leaf parsley,13,0.001301561874249099
4355,chicken stock | milk,2,chicken stock,milk,13,0.001301561874249099
4356,chicken stock | saffron,2,chicken stock,saffron,13,0.001301561874249099
4357,chicken stock | star anise,2,chicken stock,star anise,13,0.001301561874249099
4358,chickpeas | ground cinnamon,2,chickpeas,ground cinnamon,13,0.001301561874249099
4359,chickpeas | mint,2,chickpeas,mint,13,0.001301561874249099
4360,chickpeas | red pepper,2,chickpeas,red pepper,13,0.001301561874249099
4361,chilli flakes | dill,2,chilli flakes,dill,13,0.001301561874249099
4362,chilli flakes | double cream,2,chilli flakes,double cream,13,0.001301561874249099
4363,chilli flakes | white wine vinegar,2,chilli flakes,white wine vinegar,13,0.001301561874249099
4364,chilli powder | plain flour,2,chilli powder,plain flour,13,0.001301561874249099
4365,chilli sauce | garlic,2,chilli sauce,garlic,13,0.001301561874249099
4366,chinese five-spice powder | cornflour,2,chinese five-spice powder,cornflour,13,0.001301561874249099
4367,chipotle paste | ground coriander,2,chipotle paste,ground coriander,13,0.001301561874249099
4368,chipotle paste | limes,2,chipotle paste,limes,13,0.001301561874249099
4369,chopped tomatoes | courgettes,2,chopped tomatoes,courgettes,13,0.001301561874249099
4370,chopped tomatoes | red onions,2,chopped tomatoes,red onions,13,0.001301561874249099
4371,chopped tomatoes | red peppers,2,chopped tomatoes,red peppers,13,0.001301561874249099
4372,chopped tomatoes | spaghetti,2,chopped tomatoes,spaghetti,13,0.001301561874249099
4373,chorizo | eggs,2,chorizo,eggs,13,0.001301561874249099
4374,chorizo | onion,2,chorizo,onion,13,0.001301561874249099
4375,cider vinegar | eggs,2,cider vinegar,eggs,13,0.001301561874249099
4376,cider vinegar | extra virgin olive oil,2,cider vinegar,extra virgin olive oil,13,0.001301561874249099
4377,cinnamon sticks | star anise,2,cinnamon sticks,star anise,13,0.001301561874249099
4378,cinnamon | spring onions,2,cinnamon,spring onions,13,0.001301561874249099
4379,clear honey | plain flour,2,clear honey,plain flour,13,0.001301561874249099
4380,clear honey | vegetable oil,2,clear honey,vegetable oil,13,0.001301561874249099
4381,coconut milk | green chilli,2,coconut milk,green chilli,13,0.001301561874249099
4382,coconut milk | vanilla extract,2,coconut milk,vanilla extract,13,0.001301561874249099
4383,cold butter | self-raising flour,2,cold butter,self-raising flour,13,0.001301561874249099
4384,cold unsalted butter | self-raising flour,2,cold unsalted butter,self-raising flour,13,0.001301561874249099
4385,cold unsalted butter | unsalted butter,2,cold unsalted butter,unsalted butter,13,0.001301561874249099
4386,condensed milk | unsalted butter,2,condensed milk,unsalted butter,13,0.001301561874249099
4387,coriander leaves only | garlic,2,coriander leaves only,garlic,13,0.001301561874249099
4388,coriander leaves | soured cream,2,coriander leaves,soured cream,13,0.001301561874249099
4389,coriander seeds | dill,2,coriander seeds,dill,13,0.001301561874249099
4390,coriander seeds | eggs,2,coriander seeds,eggs,13,0.001301561874249099
4391,coriander stalks | ground cumin,2,coriander stalks,ground cumin,13,0.001301561874249099
4392,coriander | mild chilli powder,2,coriander,mild chilli powder,13,0.001301561874249099
4393,coriander | paprika,2,coriander,paprika,13,0.001301561874249099
4394,coriander | rice vinegar,2,coriander,rice vinegar,13,0.001301561874249099
4395,coriander | spinach,2,coriander,spinach,13,0.001301561874249099
4396,coriander | sweet potato,2,coriander,sweet potato,13,0.001301561874249099
4397,coriander | tomato,2,coriander,tomato,13,0.001301561874249099
4398,coriander | white cabbage,2,coriander,white cabbage,13,0.001301561874249099
4399,cornflour | mint leaves,2,cornflour,mint leaves,13,0.001301561874249099
4400,cornflour | pistachios,2,cornflour,pistachios,13,0.001301561874249099
4401,cornflour | salted butter,2,cornflour,salted butter,13,0.001301561874249099
4402,cornflour | shaoxing rice wine,2,cornflour,shaoxing rice wine,13,0.001301561874249099
4403,cornflour | soured cream,2,cornflour,soured cream,13,0.001301561874249099
4404,cornflour | spring onion,2,cornflour,spring onion,13,0.001301561874249099
4405,courgettes | plain flour,2,courgettes,plain flour,13,0.001301561874249099
4406,courgettes | red onions,2,courgettes,red onions,13,0.001301561874249099
4407,cream cheese | golden caster sugar,2,cream cheese,golden caster sugar,13,0.001301561874249099
4408,crunchy peanut butter | garlic,2,crunchy peanut butter,garlic,13,0.001301561874249099
4409,cucumber | pomegranate seeds,2,cucumber,pomegranate seeds,13,0.001301561874249099
4410,cumin seeds | curry leaves,2,cumin seeds,curry leaves,13,0.001301561874249099
4411,cumin seeds | tomato,2,cumin seeds,tomato,13,0.001301561874249099
4412,currants | lemon,2,currants,lemon,13,0.001301561874249099
4413,curry powder | onions,2,curry powder,onions,13,0.001301561874249099
4414,curry powder | red onion,2,curry powder,red onion,13,0.001301561874249099
4415,curry powder | soy sauce,2,curry powder,soy sauce,13,0.001301561874249099
4416,dark brown soft sugar | garlic,2,dark brown soft sugar,garlic,13,0.001301561874249099
4417,dark brown soft sugar | ground cinnamon,2,dark brown soft sugar,ground cinnamon,13,0.001301561874249099
4418,dark brown soft sugar | vegetable oil,2,dark brown soft sugar,vegetable oil,13,0.001301561874249099
4419,dark chocolate | maple syrup,2,dark chocolate,maple syrup,13,0.001301561874249099
4420,dark rum | golden caster sugar,2,dark rum,golden caster sugar,13,0.001301561874249099
4421,digestive biscuits | unsalted butter,2,digestive biscuits,unsalted butter,13,0.001301561874249099
4422,dijon mustard | leeks,2,dijon mustard,leeks,13,0.001301561874249099
4423,dijon mustard | mature cheddar,2,dijon mustard,mature cheddar,13,0.001301561874249099
4424,dijon mustard | mint leaves,2,dijon mustard,mint leaves,13,0.001301561874249099
4425,dijon mustard | smoked paprika,2,dijon mustard,smoked paprika,13,0.001301561874249099
4426,dijon mustard | tarragon,2,dijon mustard,tarragon,13,0.001301561874249099
4427,dill | sunflower oil,2,dill,sunflower oil,13,0.001301561874249099
4428,double cream | granulated sugar,2,double cream,granulated sugar,13,0.001301561874249099
4429,double cream | ground nutmeg,2,double cream,ground nutmeg,13,0.001301561874249099
4430,double cream | mixed spice,2,double cream,mixed spice,13,0.001301561874249099
4431,double cream | oil,2,double cream,oil,13,0.001301561874249099
4432,double cream | potatoes,2,double cream,potatoes,13,0.001301561874249099
4433,dried cranberries | ground cinnamon,2,dried cranberries,ground cinnamon,13,0.001301561874249099
4434,dried mint | garlic,2,dried mint,garlic,13,0.001301561874249099
4435,dried oregano | red chilli,2,dried oregano,red chilli,13,0.001301561874249099
4436,dried oregano | red pepper,2,dried oregano,red pepper,13,0.001301561874249099
4437,dried oregano | spring onions,2,dried oregano,spring onions,13,0.001301561874249099
4438,dried oregano | vegetable bouillon powder,2,dried oregano,vegetable bouillon powder,13,0.001301561874249099
4439,dried oregano | vegetable oil,2,dried oregano,vegetable oil,13,0.001301561874249099
4440,dried porcini mushrooms | plain flour,2,dried porcini mushrooms,plain flour,13,0.001301561874249099
4441,egg noodles | garlic,2,egg noodles,garlic,13,0.001301561874249099
4442,egg whites | lemon juice,2,egg whites,lemon juice,13,0.001301561874249099
4443,egg | egg yolks,2,egg,egg yolks,13,0.001301561874249099
4444,egg | fennel seeds,2,egg,fennel seeds,13,0.001301561874249099
4445,egg | flat-leaf parsley,2,egg,flat-leaf parsley,13,0.001301561874249099
4446,egg | frozen peas,2,egg,frozen peas,13,0.001301561874249099
4447,egg | full-fat milk,2,egg,full-fat milk,13,0.001301561874249099
4448,egg | granulated sugar,2,egg,granulated sugar,13,0.001301561874249099
4449,egg | greek yogurt,2,egg,greek yogurt,13,0.001301561874249099
4450,egg | lard,2,egg,lard,13,0.001301561874249099
4451,egg | passata,2,egg,passata,13,0.001301561874249099
4452,egg | pork mince,2,egg,pork mince,13,0.001301561874249099
4453,egg | red wine vinegar,2,egg,red wine vinegar,13,0.001301561874249099
4454,egg | rosemary,2,egg,rosemary,13,0.001301561874249099
4455,egg | spinach,2,egg,spinach,13,0.001301561874249099
4456,eggs | flavourless oil,2,eggs,flavourless oil,13,0.001301561874249099
4457,eggs | leek,2,eggs,leek,13,0.001301561874249099
4458,eggs | lemon wedges,2,eggs,lemon wedges,13,0.001301561874249099
4459,eggs | porridge oats,2,eggs,porridge oats,13,0.001301561874249099
4460,eggs | potato,2,eggs,potato,13,0.001301561874249099
4461,eggs | self raising flour,2,eggs,self raising flour,13,0.001301561874249099
4462,eggs | soft butter,2,eggs,soft butter,13,0.001301561874249099
4463,eggs | vanilla ice cream,2,eggs,vanilla ice cream,13,0.001301561874249099
4464,eggs | wholegrain mustard,2,eggs,wholegrain mustard,13,0.001301561874249099
4465,english mustard | mature cheddar,2,english mustard,mature cheddar,13,0.001301561874249099
4466,extra virgin olive oil | green chilli,2,extra virgin olive oil,green chilli,13,0.001301561874249099
4467,extra virgin olive oil | lime,2,extra virgin olive oil,lime,13,0.001301561874249099
4468,extra virgin olive oil | ricotta,2,extra virgin olive oil,ricotta,13,0.001301561874249099
4469,extra virgin olive oil | shallots,2,extra virgin olive oil,shallots,13,0.001301561874249099
4470,extra virgin olive oil | vegetable oil,2,extra virgin olive oil,vegetable oil,13,0.001301561874249099
4471,fennel seeds | red chilli,2,fennel seeds,red chilli,13,0.001301561874249099
4472,fennel seeds | thyme,2,fennel seeds,thyme,13,0.001301561874249099
4473,fennel | parsley,2,fennel,parsley,13,0.001301561874249099
4474,fenugreek seeds | ginger,2,fenugreek seeds,ginger,13,0.001301561874249099
4475,feta | frozen peas,2,feta,frozen peas,13,0.001301561874249099
4476,feta | ground cinnamon,2,feta,ground cinnamon,13,0.001301561874249099
4477,filo pastry | onion,2,filo pastry,onion,13,0.001301561874249099
4478,firm tofu | garlic,2,firm tofu,garlic,13,0.001301561874249099
4479,firm tofu | spring onions,2,firm tofu,spring onions,13,0.001301561874249099
4480,fish sauce | mint leaves,2,fish sauce,mint leaves,13,0.001301561874249099
4481,flaked almonds | light brown soft sugar,2,flaked almonds,light brown soft sugar,13,0.001301561874249099
4482,flat-leaf parsley leaves | olive oil,2,flat-leaf parsley leaves,olive oil,13,0.001301561874249099
4483,flavourless oil | icing sugar,2,flavourless oil,icing sugar,13,0.001301561874249099
4484,flavourless oil | vanilla extract,2,flavourless oil,vanilla extract,13,0.001301561874249099
4485,flour | plain flour,2,flour,plain flour,13,0.001301561874249099
4486,floury potatoes | onion,2,floury potatoes,onion,13,0.001301561874249099
4487,fresh breadcrumbs | parmesan,2,fresh breadcrumbs,parmesan,13,0.001301561874249099
4488,fresh coriander | olive oil,2,fresh coriander,olive oil,13,0.001301561874249099
4489,fresh coriander | red onion,2,fresh coriander,red onion,13,0.001301561874249099
4490,fresh white breadcrumbs | onion,2,fresh white breadcrumbs,onion,13,0.001301561874249099
4491,frozen peas | vegetable bouillon powder,2,frozen peas,vegetable bouillon powder,13,0.001301561874249099
4492,frozen sweetcorn | garlic,2,frozen sweetcorn,garlic,13,0.001301561874249099
4493,full-fat milk | self-raising flour,2,full-fat milk,self-raising flour,13,0.001301561874249099
4494,garam masala | kashmiri chilli powder,2,garam masala,kashmiri chilli powder,13,0.001301561874249099
4495,garam masala | red chilli,2,garam masala,red chilli,13,0.001301561874249099
4496,garlic granules | ground cumin,2,garlic granules,ground cumin,13,0.001301561874249099
4497,garlic powder | plain flour,2,garlic powder,plain flour,13,0.001301561874249099
4498,garlic | ground mace,2,garlic,ground mace,13,0.001301561874249099
4499,garlic | pitted kalamata olives,2,garlic,pitted kalamata olives,13,0.001301561874249099
4500,garlic | pumpkin,2,garlic,pumpkin,13,0.001301561874249099
4501,garlic | ripe avocados,2,garlic,ripe avocados,13,0.001301561874249099
4502,garlic | runny honey,2,garlic,runny honey,13,0.001301561874249099
4503,garlic | smooth peanut butter,2,garlic,smooth peanut butter,13,0.001301561874249099
4504,garlic | vine tomatoes,2,garlic,vine tomatoes,13,0.001301561874249099
4505,garlic | wholemeal flour,2,garlic,wholemeal flour,13,0.001301561874249099
4506,ginger | ground almonds,2,ginger,ground almonds,13,0.001301561874249099
4507,ginger | ground white pepper,2,ginger,ground white pepper,13,0.001301561874249099
4508,ginger | mild curry powder,2,ginger,mild curry powder,13,0.001301561874249099
4509,ginger | pak choi,2,ginger,pak choi,13,0.001301561874249099
4510,ginger | paneer,2,ginger,paneer,13,0.001301561874249099
4511,ginger | sweet potato,2,ginger,sweet potato,13,0.001301561874249099
4512,glacé cherries | ground almonds,2,glacé cherries,ground almonds,13,0.001301561874249099
4513,glacé cherries | icing sugar,2,glacé cherries,icing sugar,13,0.001301561874249099
4514,golden caster sugar | mayonnaise,2,golden caster sugar,mayonnaise,13,0.001301561874249099
4515,golden caster sugar | parmesan,2,golden caster sugar,parmesan,13,0.001301561874249099
4516,golden caster sugar | rhubarb,2,golden caster sugar,rhubarb,13,0.001301561874249099
4517,golden caster sugar | sea salt flakes,2,golden caster sugar,sea salt flakes,13,0.001301561874249099
4518,golden caster sugar | smoked paprika,2,golden caster sugar,smoked paprika,13,0.001301561874249099
4519,golden caster sugar | whipping cream,2,golden caster sugar,whipping cream,13,0.001301561874249099
4520,golden syrup | light muscovado sugar,2,golden syrup,light muscovado sugar,13,0.001301561874249099
4521,golden syrup | orange,2,golden syrup,orange,13,0.001301561874249099
4522,greek yogurt | ground cinnamon,2,greek yogurt,ground cinnamon,13,0.001301561874249099
4523,greek yogurt | plain flour,2,greek yogurt,plain flour,13,0.001301561874249099
4524,green chilli | plain flour,2,green chilli,plain flour,13,0.001301561874249099
4525,ground cinnamon | vanilla bean paste,2,ground cinnamon,vanilla bean paste,13,0.001301561874249099
4526,ground coriander | mild chilli powder,2,ground coriander,mild chilli powder,13,0.001301561874249099
4527,ground coriander | natural yogurt,2,ground coriander,natural yogurt,13,0.001301561874249099
4528,ground coriander | sesame seeds,2,ground coriander,sesame seeds,13,0.001301561874249099
4529,ground coriander | soured cream,2,ground coriander,soured cream,13,0.001301561874249099
4530,ground coriander | tomato,2,ground coriander,tomato,13,0.001301561874249099
4531,ground cumin | kidney beans,2,ground cumin,kidney beans,13,0.001301561874249099
4532,ground cumin | mango chutney,2,ground cumin,mango chutney,13,0.001301561874249099
4533,ground cumin | red chillies,2,ground cumin,red chillies,13,0.001301561874249099
4534,ground ginger | ground nutmeg,2,ground ginger,ground nutmeg,13,0.001301561874249099
4535,ground ginger | light muscovado sugar,2,ground ginger,light muscovado sugar,13,0.001301561874249099
4536,ground ginger | salted butter,2,ground ginger,salted butter,13,0.001301561874249099
4537,ground ginger | stem ginger,2,ground ginger,stem ginger,13,0.001301561874249099
4538,ground nutmeg | icing sugar,2,ground nutmeg,icing sugar,13,0.001301561874249099
4539,ground nutmeg | light brown soft sugar,2,ground nutmeg,light brown soft sugar,13,0.001301561874249099
4540,ground turmeric | natural yogurt,2,ground turmeric,natural yogurt,13,0.001301561874249099
4541,honey | ice,2,honey,ice,13,0.001301561874249099
4542,honey | limes,2,honey,limes,13,0.001301561874249099
4543,honey | oranges,2,honey,oranges,13,0.001301561874249099
4544,honey | rapeseed oil,2,honey,rapeseed oil,13,0.001301561874249099
4545,hot chicken stock | onion,2,hot chicken stock,onion,13,0.001301561874249099
4546,ice | pineapple juice,2,ice,pineapple juice,13,0.001301561874249099
4547,icing sugar | nutmeg,2,icing sugar,nutmeg,13,0.001301561874249099
4548,icing sugar | vanilla pod,2,icing sugar,vanilla pod,13,0.001301561874249099
4549,juice | sesame oil,2,juice,sesame oil,13,0.001301561874249099
4550,juice | tomatoes,2,juice,tomatoes,13,0.001301561874249099
4551,kalamata olives | tomatoes,2,kalamata olives,tomatoes,13,0.001301561874249099
4552,ketchup | vegetable oil,2,ketchup,vegetable oil,13,0.001301561874249099
4553,lemon | mixed seeds,2,lemon,mixed seeds,13,0.001301561874249099
4554,lemon | parsnips,2,lemon,parsnips,13,0.001301561874249099
4555,lemon | salted butter,2,lemon,salted butter,13,0.001301561874249099
4556,lemon | sea salt,2,lemon,sea salt,13,0.001301561874249099
4557,lemon | spring onion,2,lemon,spring onion,13,0.001301561874249099
4558,lemons | onion,2,lemons,onion,13,0.001301561874249099
4559,lemons | vegetable oil,2,lemons,vegetable oil,13,0.001301561874249099
4560,light brown soft sugar | red wine vinegar,2,light brown soft sugar,red wine vinegar,13,0.001301561874249099
4561,light brown soft sugar | smoked paprika,2,light brown soft sugar,smoked paprika,13,0.001301561874249099
4562,light brown soft sugar | soft cheese,2,light brown soft sugar,soft cheese,13,0.001301561874249099
4563,light brown soft sugar | soured cream,2,light brown soft sugar,soured cream,13,0.001301561874249099
4564,light brown soft sugar | sunflower oil,2,light brown soft sugar,sunflower oil,13,0.001301561874249099
4565,light brown soft sugar | white wine vinegar,2,light brown soft sugar,white wine vinegar,13,0.001301561874249099
4566,lime wedges | onion,2,lime wedges,onion,13,0.001301561874249099
4567,lime wedges | spring onions,2,lime wedges,spring onions,13,0.001301561874249099
4568,lime | rice,2,lime,rice,13,0.001301561874249099
4569,limes | mint,2,limes,mint,13,0.001301561874249099
4570,linguine | olive oil,2,linguine,olive oil,13,0.001301561874249099
4571,little gem lettuces | olive oil,2,little gem lettuces,olive oil,13,0.001301561874249099
4572,macaroni | olive oil,2,macaroni,olive oil,13,0.001301561874249099
4573,mango chutney | mild curry powder,2,mango chutney,mild curry powder,13,0.001301561874249099
4574,mango chutney | red onion,2,mango chutney,red onion,13,0.001301561874249099
4575,maple syrup | soy sauce,2,maple syrup,soy sauce,13,0.001301561874249099
4576,maple syrup | spring onions,2,maple syrup,spring onions,13,0.001301561874249099
4577,mascarpone | unsalted butter,2,mascarpone,unsalted butter,13,0.001301561874249099
4578,mature cheddar | mozzarella,2,mature cheddar,mozzarella,13,0.001301561874249099
4579,mature cheddar | smoked paprika,2,mature cheddar,smoked paprika,13,0.001301561874249099
4580,milk | red onion,2,milk,red onion,13,0.001301561874249099
4581,milk | rosemary,2,milk,rosemary,13,0.001301561874249099
4582,milk | smoked paprika,2,milk,smoked paprika,13,0.001301561874249099
4583,mint leaves | tomatoes,2,mint leaves,tomatoes,13,0.001301561874249099
4584,mint leaves | white wine vinegar,2,mint leaves,white wine vinegar,13,0.001301561874249099
4585,mint | onion,2,mint,onion,13,0.001301561874249099
4586,mint | pomegranate seeds,2,mint,pomegranate seeds,13,0.001301561874249099
4587,mint | tahini,2,mint,tahini,13,0.001301561874249099
4588,mixed peel | plain flour,2,mixed peel,plain flour,13,0.001301561874249099
4589,mixed spice | strong white bread flour,2,mixed spice,strong white bread flour,13,0.001301561874249099
4590,mixed spice | vegetable oil,2,mixed spice,vegetable oil,13,0.001301561874249099
4591,mozzarella | strong white bread flour,2,mozzarella,strong white bread flour,13,0.001301561874249099
4592,mushrooms | onions,2,mushrooms,onions,13,0.001301561874249099
4593,mustard powder | parmesan,2,mustard powder,parmesan,13,0.001301561874249099
4594,natural yogurt | parsley,2,natural yogurt,parsley,13,0.001301561874249099
4595,natural yogurt | tomatoes,2,natural yogurt,tomatoes,13,0.001301561874249099
4596,oil | unsalted butter,2,oil,unsalted butter,13,0.001301561874249099
4597,olive oil | puy lentils,2,olive oil,puy lentils,13,0.001301561874249099
4598,olive oil | red lentils,2,olive oil,red lentils,13,0.001301561874249099
4599,olive oil | whole chicken,2,olive oil,whole chicken,13,0.001301561874249099
4600,onions | passata,2,onions,passata,13,0.001301561874249099
4601,onions | red chillies,2,onions,red chillies,13,0.001301561874249099
4602,onions | soy sauce,2,onions,soy sauce,13,0.001301561874249099
4603,onions | unsalted butter,2,onions,unsalted butter,13,0.001301561874249099
4604,oranges | plain flour,2,oranges,plain flour,13,0.001301561874249099
4605,paella rice | saffron,2,paella rice,saffron,13,0.001301561874249099
4606,parmesan | thyme leaves,2,parmesan,thyme leaves,13,0.001301561874249099
4607,parsley leaves | plain flour,2,parsley leaves,plain flour,13,0.001301561874249099
4608,parsley leaves | white wine,2,parsley leaves,white wine,13,0.001301561874249099
4609,parsley | radishes,2,parsley,radishes,13,0.001301561874249099
4610,parsley | red peppers,2,parsley,red peppers,13,0.001301561874249099
4611,parsley | saffron,2,parsley,saffron,13,0.001301561874249099
4612,parsley | spinach,2,parsley,spinach,13,0.001301561874249099
4613,passata | rapeseed oil,2,passata,rapeseed oil,13,0.001301561874249099
4614,peppers | tomato purée,2,peppers,tomato purée,13,0.001301561874249099
4615,pine nuts | tahini,2,pine nuts,tahini,13,0.001301561874249099
4616,plain flour | raspberries,2,plain flour,raspberries,13,0.001301561874249099
4617,plain flour | ricotta,2,plain flour,ricotta,13,0.001301561874249099
4618,plain flour | sea salt,2,plain flour,sea salt,13,0.001301561874249099
4619,plain flour | stem ginger,2,plain flour,stem ginger,13,0.001301561874249099
4620,plain flour | vanilla ice cream,2,plain flour,vanilla ice cream,13,0.001301561874249099
4621,plain flour | whipping cream,2,plain flour,whipping cream,13,0.001301561874249099
4622,plain flour | wholemeal flour,2,plain flour,wholemeal flour,13,0.001301561874249099
4623,pomegranate seeds | vegetable oil,2,pomegranate seeds,vegetable oil,13,0.001301561874249099
4624,porridge oats | rapeseed oil,2,porridge oats,rapeseed oil,13,0.001301561874249099
4625,potato | thyme,2,potato,thyme,13,0.001301561874249099
4626,potatoes | vegetable stock,2,potatoes,vegetable stock,13,0.001301561874249099
4627,raisins | vanilla extract,2,raisins,vanilla extract,13,0.001301561874249099
4628,rapeseed oil | wholemeal flour,2,rapeseed oil,wholemeal flour,13,0.001301561874249099
4629,red cabbage | red wine vinegar,2,red cabbage,red wine vinegar,13,0.001301561874249099
4630,red chilli | shallot,2,red chilli,shallot,13,0.001301561874249099
4631,red chilli | shallots,2,red chilli,shallots,13,0.001301561874249099
4632,red chilli | vegetable bouillon powder,2,red chilli,vegetable bouillon powder,13,0.001301561874249099
4633,red onion | sumac,2,red onion,sumac,13,0.001301561874249099
4634,red onions | rosemary,2,red onions,rosemary,13,0.001301561874249099
4635,red pepper | vegetable stock,2,red pepper,vegetable stock,13,0.001301561874249099
4636,red wine vinegar | shallot,2,red wine vinegar,shallot,13,0.001301561874249099
4637,rice | tomato purée,2,rice,tomato purée,13,0.001301561874249099
4638,rosemary | vegetable stock,2,rosemary,vegetable stock,13,0.001301561874249099
4639,salt | sugar,2,salt,sugar,13,0.001301561874249099
4640,salted butter | white chocolate,2,salted butter,white chocolate,13,0.001301561874249099
4641,sesame oil | sunflower oil,2,sesame oil,sunflower oil,13,0.001301561874249099
4642,shallot | spring onions,2,shallot,spring onions,13,0.001301561874249099
4643,shallots | tomato purée,2,shallots,tomato purée,13,0.001301561874249099
4644,shaohsing rice wine | spring onions,2,shaohsing rice wine,spring onions,13,0.001301561874249099
4645,sherry vinegar | smoked paprika,2,sherry vinegar,smoked paprika,13,0.001301561874249099
4646,soft light brown sugar | vanilla extract,2,soft light brown sugar,vanilla extract,13,0.001301561874249099
4647,soured cream | sunflower oil,2,soured cream,sunflower oil,13,0.001301561874249099
4648,soy sauce | sriracha,2,soy sauce,sriracha,13,0.001301561874249099
4649,soy sauce | sugar,2,soy sauce,sugar,13,0.001301561874249099
4650,spring onions | white cabbage,2,spring onions,white cabbage,13,0.001301561874249099
4651,star anise | thyme,2,star anise,thyme,13,0.001301561874249099
4652,strawberries | vanilla bean paste,2,strawberries,vanilla bean paste,13,0.001301561874249099
4653,strawberry jam | vanilla extract,2,strawberry jam,vanilla extract,13,0.001301561874249099
4654,sweet potatoes | tomato purée,2,sweet potatoes,tomato purée,13,0.001301561874249099
4655,vanilla bean paste | vegetable oil,2,vanilla bean paste,vegetable oil,13,0.001301561874249099
4656,allspice | garlic,2,allspice,garlic,12,0.0012014417300760913
4657,almond extract | vanilla extract,2,almond extract,vanilla extract,12,0.0012014417300760913
4658,apple cider vinegar | red onion,2,apple cider vinegar,red onion,12,0.0012014417300760913
4659,asparagus | garlic,2,asparagus,garlic,12,0.0012014417300760913
4660,aubergine | parmesan,2,aubergine,parmesan,12,0.0012014417300760913
4661,aubergines | onions,2,aubergines,onions,12,0.0012014417300760913
4662,aubergines | tomato purée,2,aubergines,tomato purée,12,0.0012014417300760913
4663,avocado stoned | olive oil,2,avocado stoned,olive oil,12,0.0012014417300760913
4664,avocado | coriander leaves,2,avocado,coriander leaves,12,0.0012014417300760913
4665,avocado | eggs,2,avocado,eggs,12,0.0012014417300760913
4666,avocado | ground cumin,2,avocado,ground cumin,12,0.0012014417300760913
4667,avocados | smoked paprika,2,avocados,smoked paprika,12,0.0012014417300760913
4668,baby potatoes | garlic,2,baby potatoes,garlic,12,0.0012014417300760913
4669,baby spinach | red onion,2,baby spinach,red onion,12,0.0012014417300760913
4670,baking powder | blueberries,2,baking powder,blueberries,12,0.0012014417300760913
4671,baking powder | cayenne pepper,2,baking powder,cayenne pepper,12,0.0012014417300760913
4672,baking powder | coconut oil,2,baking powder,coconut oil,12,0.0012014417300760913
4673,baking powder | egg whites,2,baking powder,egg whites,12,0.0012014417300760913
4674,baking powder | feta,2,baking powder,feta,12,0.0012014417300760913
4675,baking powder | flavourless oil,2,baking powder,flavourless oil,12,0.0012014417300760913
4676,baking powder | ground cumin,2,baking powder,ground cumin,12,0.0012014417300760913
4677,baking powder | mint leaves,2,baking powder,mint leaves,12,0.0012014417300760913
4678,baking powder | porridge oats,2,baking powder,porridge oats,12,0.0012014417300760913
4679,baking powder | white caster sugar,2,baking powder,white caster sugar,12,0.0012014417300760913
4680,balsamic vinegar | lemon,2,balsamic vinegar,lemon,12,0.0012014417300760913
4681,balsamic vinegar | rosemary,2,balsamic vinegar,rosemary,12,0.0012014417300760913
4682,balsamic vinegar | vegetable stock,2,balsamic vinegar,vegetable stock,12,0.0012014417300760913
4683,basil leaves | plain flour,2,basil leaves,plain flour,12,0.0012014417300760913
4684,basil leaves | tomatoes,2,basil leaves,tomatoes,12,0.0012014417300760913
4685,basil | courgette,2,basil,courgette,12,0.0012014417300760913
4686,basmati rice | cardamom pods,2,basmati rice,cardamom pods,12,0.0012014417300760913
4687,basmati rice | cinnamon,2,basmati rice,cinnamon,12,0.0012014417300760913
4688,bay leaf | cloves,2,bay leaf,cloves,12,0.0012014417300760913
4689,bay leaves | golden caster sugar,2,bay leaves,golden caster sugar,12,0.0012014417300760913
4690,bay leaves | leeks,2,bay leaves,leeks,12,0.0012014417300760913
4691,bay leaves | spring onions,2,bay leaves,spring onions,12,0.0012014417300760913
4692,bay leaves | thyme leaves,2,bay leaves,thyme leaves,12,0.0012014417300760913
4693,beansprouts | coriander leaves,2,beansprouts,coriander leaves,12,0.0012014417300760913
4694,beansprouts | soy sauce,2,beansprouts,soy sauce,12,0.0012014417300760913
4695,beef mince | celery,2,beef mince,celery,12,0.0012014417300760913
4696,beef mince | red wine,2,beef mince,red wine,12,0.0012014417300760913
4697,beef stock | milk,2,beef stock,milk,12,0.0012014417300760913
4698,beef stock | rosemary,2,beef stock,rosemary,12,0.0012014417300760913
4699,beef stock | soured cream,2,beef stock,soured cream,12,0.0012014417300760913
4700,beetroot | carrots,2,beetroot,carrots,12,0.0012014417300760913
4701,bicarbonate of soda | dark brown soft sugar,2,bicarbonate of soda,dark brown soft sugar,12,0.0012014417300760913
4702,bicarbonate of soda | orange,2,bicarbonate of soda,orange,12,0.0012014417300760913
4703,bicarbonate of soda | slightly salted butter,2,bicarbonate of soda,slightly salted butter,12,0.0012014417300760913
4704,bio yogurt | vegetable bouillon powder,2,bio yogurt,vegetable bouillon powder,12,0.0012014417300760913
4705,black beans | soured cream,2,black beans,soured cream,12,0.0012014417300760913
4706,black mustard seeds | ground coriander,2,black mustard seeds,ground coriander,12,0.0012014417300760913
4707,black mustard seeds | onion,2,black mustard seeds,onion,12,0.0012014417300760913
4708,blackberries | golden caster sugar,2,blackberries,golden caster sugar,12,0.0012014417300760913
4709,blanched hazelnuts | eggs,2,blanched hazelnuts,eggs,12,0.0012014417300760913
4710,blanched hazelnuts | plain flour,2,blanched hazelnuts,plain flour,12,0.0012014417300760913
4711,borlotti beans | olive oil,2,borlotti beans,olive oil,12,0.0012014417300760913
4712,brandy | mixed spice,2,brandy,mixed spice,12,0.0012014417300760913
4713,brandy | sultanas,2,brandy,sultanas,12,0.0012014417300760913
4714,broad beans | lemon,2,broad beans,lemon,12,0.0012014417300760913
4715,brown rice | coriander,2,brown rice,coriander,12,0.0012014417300760913
4716,brown sugar | ginger,2,brown sugar,ginger,12,0.0012014417300760913
4717,brown sugar | vegetable oil,2,brown sugar,vegetable oil,12,0.0012014417300760913
4718,brussels sprouts | plain flour,2,brussels sprouts,plain flour,12,0.0012014417300760913
4719,brussels sprouts | vegetable oil,2,brussels sprouts,vegetable oil,12,0.0012014417300760913
4720,butter beans | red onion,2,butter beans,red onion,12,0.0012014417300760913
4721,butter | coriander leaves,2,butter,coriander leaves,12,0.0012014417300760913
4722,butter | fresh breadcrumbs,2,butter,fresh breadcrumbs,12,0.0012014417300760913
4723,butter | ham,2,butter,ham,12,0.0012014417300760913
4724,butter | light soft brown sugar,2,butter,light soft brown sugar,12,0.0012014417300760913
4725,butter | limes,2,butter,limes,12,0.0012014417300760913
4726,butter | paprika,2,butter,paprika,12,0.0012014417300760913
4727,butter | pine nuts,2,butter,pine nuts,12,0.0012014417300760913
4728,butter | pumpkin seeds,2,butter,pumpkin seeds,12,0.0012014417300760913
4729,butter | ripe bananas,2,butter,ripe bananas,12,0.0012014417300760913
4730,butter | self raising flour,2,butter,self raising flour,12,0.0012014417300760913
4731,butter | streaky bacon,2,butter,streaky bacon,12,0.0012014417300760913
4732,butter | tarragon,2,butter,tarragon,12,0.0012014417300760913
4733,butter | vanilla paste,2,butter,vanilla paste,12,0.0012014417300760913
4734,butternut squash | ground cinnamon,2,butternut squash,ground cinnamon,12,0.0012014417300760913
4735,butternut squash | red chilli,2,butternut squash,red chilli,12,0.0012014417300760913
4736,butternut squash | red onions,2,butternut squash,red onions,12,0.0012014417300760913
4737,cannellini beans | chopped tomatoes,2,cannellini beans,chopped tomatoes,12,0.0012014417300760913
4738,capers | spring onions,2,capers,spring onions,12,0.0012014417300760913
4739,caramel | double cream,2,caramel,double cream,12,0.0012014417300760913
4740,caraway seeds | olive oil,2,caraway seeds,olive oil,12,0.0012014417300760913
4741,cardamom pods | cumin seeds,2,cardamom pods,cumin seeds,12,0.0012014417300760913
4742,cardamom pods | onions,2,cardamom pods,onions,12,0.0012014417300760913
4743,cardamom pods | vegetable oil,2,cardamom pods,vegetable oil,12,0.0012014417300760913
4744,carrot | cornflour,2,carrot,cornflour,12,0.0012014417300760913
4745,carrot | mayonnaise,2,carrot,mayonnaise,12,0.0012014417300760913
4746,carrot | mint leaves,2,carrot,mint leaves,12,0.0012014417300760913
4747,carrot | onions,2,carrot,onions,12,0.0012014417300760913
4748,carrot | rice wine vinegar,2,carrot,rice wine vinegar,12,0.0012014417300760913
4749,carrot | self-raising flour,2,carrot,self-raising flour,12,0.0012014417300760913
4750,carrots | courgettes,2,carrots,courgettes,12,0.0012014417300760913
4751,carrots | dried porcini mushrooms,2,carrots,dried porcini mushrooms,12,0.0012014417300760913
4752,carrots | english mustard powder,2,carrots,english mustard powder,12,0.0012014417300760913
4753,carrots | light brown soft sugar,2,carrots,light brown soft sugar,12,0.0012014417300760913
4754,carrots | natural yogurt,2,carrots,natural yogurt,12,0.0012014417300760913
4755,carrots | radishes,2,carrots,radishes,12,0.0012014417300760913
4756,carrots | red pepper,2,carrots,red pepper,12,0.0012014417300760913
4757,carrots | shallots,2,carrots,shallots,12,0.0012014417300760913
4758,carrots | white wine,2,carrots,white wine,12,0.0012014417300760913
4759,caster sugar | cold unsalted butter,2,caster sugar,cold unsalted butter,12,0.0012014417300760913
4760,caster sugar | condensed milk,2,caster sugar,condensed milk,12,0.0012014417300760913
4761,caster sugar | cream of tartar,2,caster sugar,cream of tartar,12,0.0012014417300760913
4762,caster sugar | demerara sugar,2,caster sugar,demerara sugar,12,0.0012014417300760913
4763,caster sugar | dill,2,caster sugar,dill,12,0.0012014417300760913
4764,caster sugar | dried cranberries,2,caster sugar,dried cranberries,12,0.0012014417300760913
4765,caster sugar | ground cardamom,2,caster sugar,ground cardamom,12,0.0012014417300760913
4766,caster sugar | hazelnuts,2,caster sugar,hazelnuts,12,0.0012014417300760913
4767,caster sugar | lemon curd,2,caster sugar,lemon curd,12,0.0012014417300760913
4768,caster sugar | light muscovado sugar,2,caster sugar,light muscovado sugar,12,0.0012014417300760913
4769,caster sugar | onions,2,caster sugar,onions,12,0.0012014417300760913
4770,cauliflower | chopped tomatoes,2,cauliflower,chopped tomatoes,12,0.0012014417300760913
4771,cauliflower | ground coriander,2,cauliflower,ground coriander,12,0.0012014417300760913
4772,cauliflower | parsley,2,cauliflower,parsley,12,0.0012014417300760913
4773,cauliflower | spring onions,2,cauliflower,spring onions,12,0.0012014417300760913
4774,cayenne pepper | dijon mustard,2,cayenne pepper,dijon mustard,12,0.0012014417300760913
4775,cayenne pepper | double cream,2,cayenne pepper,double cream,12,0.0012014417300760913
4776,cayenne pepper | dried thyme,2,cayenne pepper,dried thyme,12,0.0012014417300760913
4777,cayenne pepper | mayonnaise,2,cayenne pepper,mayonnaise,12,0.0012014417300760913
4778,cayenne pepper | rapeseed oil,2,cayenne pepper,rapeseed oil,12,0.0012014417300760913
4779,cayenne pepper | sunflower oil,2,cayenne pepper,sunflower oil,12,0.0012014417300760913
4780,celeriac | lemon,2,celeriac,lemon,12,0.0012014417300760913
4781,celery | dried porcini mushrooms,2,celery,dried porcini mushrooms,12,0.0012014417300760913
4782,celery | red pepper,2,celery,red pepper,12,0.0012014417300760913
4783,celery | sugar,2,celery,sugar,12,0.0012014417300760913
4784,celery | sweet smoked paprika,2,celery,sweet smoked paprika,12,0.0012014417300760913
4785,cheddar | double cream,2,cheddar,double cream,12,0.0012014417300760913
4786,cherry tomatoes | pine nuts,2,cherry tomatoes,pine nuts,12,0.0012014417300760913
4787,cherry tomatoes | spinach,2,cherry tomatoes,spinach,12,0.0012014417300760913
4788,cherry tomatoes | vegetable stock,2,cherry tomatoes,vegetable stock,12,0.0012014417300760913
4789,cherry tomatoes | white wine,2,cherry tomatoes,white wine,12,0.0012014417300760913
4790,chestnut mushrooms | eggs,2,chestnut mushrooms,eggs,12,0.0012014417300760913
4791,chestnut mushrooms | parmesan,2,chestnut mushrooms,parmesan,12,0.0012014417300760913
4792,chicken breasts | eggs,2,chicken breasts,eggs,12,0.0012014417300760913
4793,chicken breasts | red onion,2,chicken breasts,red onion,12,0.0012014417300760913
4794,chicken or vegetable stock | garlic,2,chicken or vegetable stock,garlic,12,0.0012014417300760913
4795,chicken stock | chilli flakes,2,chicken stock,chilli flakes,12,0.0012014417300760913
4796,chicken stock | coriander leaves,2,chicken stock,coriander leaves,12,0.0012014417300760913
4797,chicken stock | leeks,2,chicken stock,leeks,12,0.0012014417300760913
4798,chickpeas | cinnamon,2,chickpeas,cinnamon,12,0.0012014417300760913
4799,chickpeas | eggs,2,chickpeas,eggs,12,0.0012014417300760913
4800,chickpeas | greek yogurt,2,chickpeas,greek yogurt,12,0.0012014417300760913
4801,chickpeas | lime,2,chickpeas,lime,12,0.0012014417300760913
4802,chickpeas | spinach,2,chickpeas,spinach,12,0.0012014417300760913
4803,chilli flakes | cucumber,2,chilli flakes,cucumber,12,0.0012014417300760913
4804,chilli flakes | flat-leaf parsley,2,chilli flakes,flat-leaf parsley,12,0.0012014417300760913
4805,chilli flakes | juice,2,chilli flakes,juice,12,0.0012014417300760913
4806,chilli flakes | milk,2,chilli flakes,milk,12,0.0012014417300760913
4807,chilli flakes | mint leaves,2,chilli flakes,mint leaves,12,0.0012014417300760913
4808,chilli flakes | passata,2,chilli flakes,passata,12,0.0012014417300760913
4809,chilli flakes | ricotta,2,chilli flakes,ricotta,12,0.0012014417300760913
4810,chilli flakes | white wine,2,chilli flakes,white wine,12,0.0012014417300760913
4811,chilli | garlic,2,chilli,garlic,12,0.0012014417300760913
4812,chinese five-spice powder | red chilli,2,chinese five-spice powder,red chilli,12,0.0012014417300760913
4813,chipotle paste | cider vinegar,2,chipotle paste,cider vinegar,12,0.0012014417300760913
4814,chipotle paste | tomato purée,2,chipotle paste,tomato purée,12,0.0012014417300760913
4815,chives | parmesan,2,chives,parmesan,12,0.0012014417300760913
4816,chives | wholegrain mustard,2,chives,wholegrain mustard,12,0.0012014417300760913
4817,chocolate chips | self-raising flour,2,chocolate chips,self-raising flour,12,0.0012014417300760913
4818,chopped tomatoes | peppers,2,chopped tomatoes,peppers,12,0.0012014417300760913
4819,ciabatta | garlic,2,ciabatta,garlic,12,0.0012014417300760913
4820,cider vinegar | coriander,2,cider vinegar,coriander,12,0.0012014417300760913
4821,cinnamon | dried oregano,2,cinnamon,dried oregano,12,0.0012014417300760913
4822,cinnamon | greek yogurt,2,cinnamon,greek yogurt,12,0.0012014417300760913
4823,cinnamon | smoked paprika,2,cinnamon,smoked paprika,12,0.0012014417300760913
4824,clear honey | juice,2,clear honey,juice,12,0.0012014417300760913
4825,cocoa | dark chocolate,2,cocoa,dark chocolate,12,0.0012014417300760913
4826,cocoa | double cream,2,cocoa,double cream,12,0.0012014417300760913
4827,cocoa | golden caster sugar,2,cocoa,golden caster sugar,12,0.0012014417300760913
4828,coconut milk | golden caster sugar,2,coconut milk,golden caster sugar,12,0.0012014417300760913
4829,coconut milk | olive oil,2,coconut milk,olive oil,12,0.0012014417300760913
4830,coconut oil | desiccated coconut,2,coconut oil,desiccated coconut,12,0.0012014417300760913
4831,coconut oil | ginger,2,coconut oil,ginger,12,0.0012014417300760913
4832,coconut oil | maple syrup,2,coconut oil,maple syrup,12,0.0012014417300760913
4833,cold butter | orange,2,cold butter,orange,12,0.0012014417300760913
4834,cold pressed rapeseed oil | garlic,2,cold pressed rapeseed oil,garlic,12,0.0012014417300760913
4835,cold-pressed rapeseed oil | onion,2,cold-pressed rapeseed oil,onion,12,0.0012014417300760913
4836,coriander leaves | dried oregano,2,coriander leaves,dried oregano,12,0.0012014417300760913
4837,coriander leaves | green chillies,2,coriander leaves,green chillies,12,0.0012014417300760913
4838,coriander leaves | honey,2,coriander leaves,honey,12,0.0012014417300760913
4839,coriander leaves | plain flour,2,coriander leaves,plain flour,12,0.0012014417300760913
4840,coriander seeds | green chilli,2,coriander seeds,green chilli,12,0.0012014417300760913
4841,coriander seeds | ground turmeric,2,coriander seeds,ground turmeric,12,0.0012014417300760913
4842,coriander seeds | parsley,2,coriander seeds,parsley,12,0.0012014417300760913
4843,coriander seeds | tomatoes,2,coriander seeds,tomatoes,12,0.0012014417300760913
4844,coriander | couscous,2,coriander,couscous,12,0.0012014417300760913
4845,coriander | double cream,2,coriander,double cream,12,0.0012014417300760913
4846,coriander | golden caster sugar,2,coriander,golden caster sugar,12,0.0012014417300760913
4847,coriander | lemon juice,2,coriander,lemon juice,12,0.0012014417300760913
4848,coriander | nigella seeds,2,coriander,nigella seeds,12,0.0012014417300760913
4849,coriander | raw king prawns,2,coriander,raw king prawns,12,0.0012014417300760913
4850,coriander | red peppers,2,coriander,red peppers,12,0.0012014417300760913
4851,coriander | rice wine vinegar,2,coriander,rice wine vinegar,12,0.0012014417300760913
4852,coriander | tamari,2,coriander,tamari,12,0.0012014417300760913
4853,cornflour | vanilla pod,2,cornflour,vanilla pod,12,0.0012014417300760913
4854,courgette | parmesan,2,courgette,parmesan,12,0.0012014417300760913
4855,courgettes | red pepper,2,courgettes,red pepper,12,0.0012014417300760913
4856,courgettes | tomato purée,2,courgettes,tomato purée,12,0.0012014417300760913
4857,courgettes | tomatoes,2,courgettes,tomatoes,12,0.0012014417300760913
4858,courgettes | vegetable bouillon powder,2,courgettes,vegetable bouillon powder,12,0.0012014417300760913
4859,couscous | onion,2,couscous,onion,12,0.0012014417300760913
4860,crème fraîche | frozen peas,2,crème fraîche,frozen peas,12,0.0012014417300760913
4861,crème fraîche | milk,2,crème fraîche,milk,12,0.0012014417300760913
4862,crème fraîche | self-raising flour,2,crème fraîche,self-raising flour,12,0.0012014417300760913
4863,crème fraîche | vanilla extract,2,crème fraîche,vanilla extract,12,0.0012014417300760913
4864,cucumber | lemons,2,cucumber,lemons,12,0.0012014417300760913
4865,cucumber | red wine vinegar,2,cucumber,red wine vinegar,12,0.0012014417300760913
4866,cumin seeds | honey,2,cumin seeds,honey,12,0.0012014417300760913
4867,cumin seeds | kashmiri chilli powder,2,cumin seeds,kashmiri chilli powder,12,0.0012014417300760913
4868,cumin seeds | limes,2,cumin seeds,limes,12,0.0012014417300760913
4869,cumin seeds | mustard seeds,2,cumin seeds,mustard seeds,12,0.0012014417300760913
4870,cumin seeds | spinach,2,cumin seeds,spinach,12,0.0012014417300760913
4871,cumin seeds | sugar,2,cumin seeds,sugar,12,0.0012014417300760913
4872,cumin | olive oil,2,cumin,olive oil,12,0.0012014417300760913
4873,curry leaves | onion,2,curry leaves,onion,12,0.0012014417300760913
4874,curry powder | olive oil,2,curry powder,olive oil,12,0.0012014417300760913
4875,curry powder | tomato purée,2,curry powder,tomato purée,12,0.0012014417300760913
4876,custard powder | golden caster sugar,2,custard powder,golden caster sugar,12,0.0012014417300760913
4877,custard powder | icing sugar,2,custard powder,icing sugar,12,0.0012014417300760913
4878,dark chocolate | desiccated coconut,2,dark chocolate,desiccated coconut,12,0.0012014417300760913
4879,dark chocolate | ground ginger,2,dark chocolate,ground ginger,12,0.0012014417300760913
4880,dark chocolate | natural yogurt,2,dark chocolate,natural yogurt,12,0.0012014417300760913
4881,dark chocolate | sea salt flakes,2,dark chocolate,sea salt flakes,12,0.0012014417300760913
4882,dark muscovado sugar | self-raising flour,2,dark muscovado sugar,self-raising flour,12,0.0012014417300760913
4883,dark rum | eggs,2,dark rum,eggs,12,0.0012014417300760913
4884,demerara sugar | unsalted butter,2,demerara sugar,unsalted butter,12,0.0012014417300760913
4885,desiccated coconut | egg,2,desiccated coconut,egg,12,0.0012014417300760913
4886,dijon mustard | flour,2,dijon mustard,flour,12,0.0012014417300760913
4887,dijon mustard | onions,2,dijon mustard,onions,12,0.0012014417300760913
4888,double cream | flavourless oil,2,double cream,flavourless oil,12,0.0012014417300760913
4889,double cream | frozen raspberries,2,double cream,frozen raspberries,12,0.0012014417300760913
4890,double cream | lemons,2,double cream,lemons,12,0.0012014417300760913
4891,double cream | raspberry jam,2,double cream,raspberry jam,12,0.0012014417300760913
4892,double cream | soft cheese,2,double cream,soft cheese,12,0.0012014417300760913
4893,double cream | spring onions,2,double cream,spring onions,12,0.0012014417300760913
4894,double cream | turmeric,2,double cream,turmeric,12,0.0012014417300760913
4895,double cream | vanilla paste,2,double cream,vanilla paste,12,0.0012014417300760913
4896,dried apricots | lemon,2,dried apricots,lemon,12,0.0012014417300760913
4897,dried apricots | olive oil,2,dried apricots,olive oil,12,0.0012014417300760913
4898,dried cranberries | eggs,2,dried cranberries,eggs,12,0.0012014417300760913
4899,dried cranberries | icing sugar,2,dried cranberries,icing sugar,12,0.0012014417300760913
4900,dried lasagne sheets | garlic,2,dried lasagne sheets,garlic,12,0.0012014417300760913
4901,dried oregano | fennel seeds,2,dried oregano,fennel seeds,12,0.0012014417300760913
4902,dried oregano | milk,2,dried oregano,milk,12,0.0012014417300760913
4903,dried porcini mushrooms | thyme,2,dried porcini mushrooms,thyme,12,0.0012014417300760913
4904,dried thyme | plain flour,2,dried thyme,plain flour,12,0.0012014417300760913
4905,egg white | eggs,2,egg white,eggs,12,0.0012014417300760913
4906,egg whites | milk,2,egg whites,milk,12,0.0012014417300760913
4907,egg yolk | onion,2,egg yolk,onion,12,0.0012014417300760913
4908,egg yolks | vanilla bean paste,2,egg yolks,vanilla bean paste,12,0.0012014417300760913
4909,egg | mincemeat,2,egg,mincemeat,12,0.0012014417300760913
4910,egg | natural yogurt,2,egg,natural yogurt,12,0.0012014417300760913
4911,egg | pine nuts,2,egg,pine nuts,12,0.0012014417300760913
4912,egg | potatoes,2,egg,potatoes,12,0.0012014417300760913
4913,egg | raisins,2,egg,raisins,12,0.0012014417300760913
4914,egg | sultanas,2,egg,sultanas,12,0.0012014417300760913
4915,eggs | english mustard powder,2,eggs,english mustard powder,12,0.0012014417300760913
4916,eggs | ground mixed spice,2,eggs,ground mixed spice,12,0.0012014417300760913
4917,eggs | ground turmeric,2,eggs,ground turmeric,12,0.0012014417300760913
4918,eggs | light soft brown sugar,2,eggs,light soft brown sugar,12,0.0012014417300760913
4919,eggs | sunflower or vegetable oil,2,eggs,sunflower or vegetable oil,12,0.0012014417300760913
4920,eggs | watercress,2,eggs,watercress,12,0.0012014417300760913
4921,english mustard | milk,2,english mustard,milk,12,0.0012014417300760913
4922,extra mature cheddar | milk,2,extra mature cheddar,milk,12,0.0012014417300760913
4923,extra virgin olive oil | fennel seeds,2,extra virgin olive oil,fennel seeds,12,0.0012014417300760913
4924,extra virgin olive oil | pumpkin seeds,2,extra virgin olive oil,pumpkin seeds,12,0.0012014417300760913
4925,extra virgin olive oil | vegetable stock,2,extra virgin olive oil,vegetable stock,12,0.0012014417300760913
4926,extra virgin olive oil | wholegrain mustard,2,extra virgin olive oil,wholegrain mustard,12,0.0012014417300760913
4927,fast-action dried yeast | oil,2,fast-action dried yeast,oil,12,0.0012014417300760913
4928,fast-action dried yeast | parmesan,2,fast-action dried yeast,parmesan,12,0.0012014417300760913
4929,fennel seeds | rosemary,2,fennel seeds,rosemary,12,0.0012014417300760913
4930,fennel seeds | smoked paprika,2,fennel seeds,smoked paprika,12,0.0012014417300760913
4931,fennel seeds | vegetable oil,2,fennel seeds,vegetable oil,12,0.0012014417300760913
4932,feta | pine nuts,2,feta,pine nuts,12,0.0012014417300760913
4933,feta | pomegranate seeds,2,feta,pomegranate seeds,12,0.0012014417300760913
4934,firm tofu | vegetable oil,2,firm tofu,vegetable oil,12,0.0012014417300760913
4935,fish sauce | lime leaves,2,fish sauce,lime leaves,12,0.0012014417300760913
4936,flat-leaf parsley | mint,2,flat-leaf parsley,mint,12,0.0012014417300760913
4937,flat-leaf parsley | parmesan,2,flat-leaf parsley,parmesan,12,0.0012014417300760913
4938,flat-leaf parsley | red onion,2,flat-leaf parsley,red onion,12,0.0012014417300760913
4939,flat-leaf parsley | rosemary,2,flat-leaf parsley,rosemary,12,0.0012014417300760913
4940,flat-leaf parsley | tomato purée,2,flat-leaf parsley,tomato purée,12,0.0012014417300760913
4941,flavourless oil | plain flour,2,flavourless oil,plain flour,12,0.0012014417300760913
4942,flour | parsley,2,flour,parsley,12,0.0012014417300760913
4943,fresh breadcrumbs | lemon,2,fresh breadcrumbs,lemon,12,0.0012014417300760913
4944,frozen peas | lime,2,frozen peas,lime,12,0.0012014417300760913
4945,frozen peas | milk,2,frozen peas,milk,12,0.0012014417300760913
4946,frozen peas | plain flour,2,frozen peas,plain flour,12,0.0012014417300760913
4947,frozen peas | red chilli,2,frozen peas,red chilli,12,0.0012014417300760913
4948,full-fat soft cheese | plain flour,2,full-fat soft cheese,plain flour,12,0.0012014417300760913
4949,garam masala | olive oil,2,garam masala,olive oil,12,0.0012014417300760913
4950,garam masala | plain flour,2,garam masala,plain flour,12,0.0012014417300760913
4951,garlic powder | onion powder,2,garlic powder,onion powder,12,0.0012014417300760913
4952,garlic | linguine,2,garlic,linguine,12,0.0012014417300760913
4953,garlic | long-stem broccoli,2,garlic,long-stem broccoli,12,0.0012014417300760913
4954,garlic | mixed seeds,2,garlic,mixed seeds,12,0.0012014417300760913
4955,garlic | pecorino,2,garlic,pecorino,12,0.0012014417300760913
4956,garlic | puff pastry,2,garlic,puff pastry,12,0.0012014417300760913
4957,garlic | puy lentils,2,garlic,puy lentils,12,0.0012014417300760913
4958,garlic | raw beetroot,2,garlic,raw beetroot,12,0.0012014417300760913
4959,garlic | savoy cabbage,2,garlic,savoy cabbage,12,0.0012014417300760913
4960,garlic | skinless boneless chicken thighs,2,garlic,skinless boneless chicken thighs,12,0.0012014417300760913
4961,garlic | sriracha,2,garlic,sriracha,12,0.0012014417300760913
4962,garlic | whole nutmeg,2,garlic,whole nutmeg,12,0.0012014417300760913
4963,garlic | yogurt,2,garlic,yogurt,12,0.0012014417300760913
4964,garlic | za’atar,2,garlic,za’atar,12,0.0012014417300760913
4965,gin | lemon,2,gin,lemon,12,0.0012014417300760913
4966,ginger | green pepper,2,ginger,green pepper,12,0.0012014417300760913
4967,ginger | hoisin sauce,2,ginger,hoisin sauce,12,0.0012014417300760913
4968,ginger | lime leaves,2,ginger,lime leaves,12,0.0012014417300760913
4969,ginger | orange,2,ginger,orange,12,0.0012014417300760913
4970,ginger | salt,2,ginger,salt,12,0.0012014417300760913
4971,ginger | shaoxing rice wine,2,ginger,shaoxing rice wine,12,0.0012014417300760913
4972,ginger | thyme,2,ginger,thyme,12,0.0012014417300760913
4973,glacé cherries | lemon,2,glacé cherries,lemon,12,0.0012014417300760913
4974,glacé cherries | self-raising flour,2,glacé cherries,self-raising flour,12,0.0012014417300760913
4975,glacé cherries | sultanas,2,glacé cherries,sultanas,12,0.0012014417300760913
4976,goat's cheese | olive oil,2,goat's cheese,olive oil,12,0.0012014417300760913
4977,golden caster sugar | greek yogurt,2,golden caster sugar,greek yogurt,12,0.0012014417300760913
4978,golden caster sugar | ground cardamom,2,golden caster sugar,ground cardamom,12,0.0012014417300760913
4979,golden caster sugar | ground cloves,2,golden caster sugar,ground cloves,12,0.0012014417300760913
4980,golden caster sugar | ground nutmeg,2,golden caster sugar,ground nutmeg,12,0.0012014417300760913
4981,golden caster sugar | onions,2,golden caster sugar,onions,12,0.0012014417300760913
4982,golden caster sugar | red wine,2,golden caster sugar,red wine,12,0.0012014417300760913
4983,golden caster sugar | rosewater,2,golden caster sugar,rosewater,12,0.0012014417300760913
4984,golden caster sugar | slightly salted butter,2,golden caster sugar,slightly salted butter,12,0.0012014417300760913
4985,golden syrup | lemon,2,golden syrup,lemon,12,0.0012014417300760913
4986,green chillies | lime,2,green chillies,lime,12,0.0012014417300760913
4987,green lentils | tomato purée,2,green lentils,tomato purée,12,0.0012014417300760913
4988,ground almond | icing sugar,2,ground almond,icing sugar,12,0.0012014417300760913
4989,ground almonds | marzipan,2,ground almonds,marzipan,12,0.0012014417300760913
4990,ground almonds | rapeseed oil,2,ground almonds,rapeseed oil,12,0.0012014417300760913
4991,ground cardamom | unsalted butter,2,ground cardamom,unsalted butter,12,0.0012014417300760913
4992,ground cinnamon | ground turmeric,2,ground cinnamon,ground turmeric,12,0.0012014417300760913
4993,ground cinnamon | lemons,2,ground cinnamon,lemons,12,0.0012014417300760913
4994,ground cinnamon | red onions,2,ground cinnamon,red onions,12,0.0012014417300760913
4995,ground cinnamon | soft cheese,2,ground cinnamon,soft cheese,12,0.0012014417300760913
4996,ground cinnamon | white chocolate,2,ground cinnamon,white chocolate,12,0.0012014417300760913
4997,ground cloves | orange,2,ground cloves,orange,12,0.0012014417300760913
4998,ground coriander | oil,2,ground coriander,oil,12,0.0012014417300760913
4999,ground coriander | paprika,2,ground coriander,paprika,12,0.0012014417300760913
5000,ground coriander | red wine vinegar,2,ground coriander,red wine vinegar,12,0.0012014417300760913
5001,ground cumin | lemons,2,ground cumin,lemons,12,0.0012014417300760913
5002,ground cumin | nigella seeds,2,ground cumin,nigella seeds,12,0.0012014417300760913
5003,ground cumin | sesame seeds,2,ground cumin,sesame seeds,12,0.0012014417300760913
5004,ground cumin | sumac,2,ground cumin,sumac,12,0.0012014417300760913
5005,ground nutmeg | vanilla extract,2,ground nutmeg,vanilla extract,12,0.0012014417300760913
5006,ground turmeric | kashmiri chilli powder,2,ground turmeric,kashmiri chilli powder,12,0.0012014417300760913
5007,ground turmeric | plain flour,2,ground turmeric,plain flour,12,0.0012014417300760913
5008,ground turmeric | rice,2,ground turmeric,rice,12,0.0012014417300760913
5009,ground white pepper | light soy sauce,2,ground white pepper,light soy sauce,12,0.0012014417300760913
5010,ground white pepper | rapeseed oil,2,ground white pepper,rapeseed oil,12,0.0012014417300760913
5011,hot chilli powder | tomato purée,2,hot chilli powder,tomato purée,12,0.0012014417300760913
5012,hot vegetable stock | lemon,2,hot vegetable stock,lemon,12,0.0012014417300760913
5013,hot vegetable stock | parmesan,2,hot vegetable stock,parmesan,12,0.0012014417300760913
5014,hot vegetable stock | rapeseed oil,2,hot vegetable stock,rapeseed oil,12,0.0012014417300760913
5015,hummus | lemon,2,hummus,lemon,12,0.0012014417300760913
5016,ice cream | vanilla extract,2,ice cream,vanilla extract,12,0.0012014417300760913
5017,icing sugar | mincemeat,2,icing sugar,mincemeat,12,0.0012014417300760913
5018,icing sugar | oranges,2,icing sugar,oranges,12,0.0012014417300760913
5019,icing sugar | soft butter,2,icing sugar,soft butter,12,0.0012014417300760913
5020,icing sugar | strawberry jam,2,icing sugar,strawberry jam,12,0.0012014417300760913
5021,juice | soy sauce,2,juice,soy sauce,12,0.0012014417300760913
5022,ketchup | worcestershire sauce,2,ketchup,worcestershire sauce,12,0.0012014417300760913
5023,lamb mince | red onion,2,lamb mince,red onion,12,0.0012014417300760913
5024,lasagne sheets | olive oil,2,lasagne sheets,olive oil,12,0.0012014417300760913
5025,leek | thyme,2,leek,thyme,12,0.0012014417300760913
5026,leeks | milk,2,leeks,milk,12,0.0012014417300760913
5027,lemon curd | lemons,2,lemon curd,lemons,12,0.0012014417300760913
5028,lemon curd | milk,2,lemon curd,milk,12,0.0012014417300760913
5029,lemon curd | plain flour,2,lemon curd,plain flour,12,0.0012014417300760913
5030,lemon juice | onion,2,lemon juice,onion,12,0.0012014417300760913
5031,lemon | light muscovado sugar,2,lemon,light muscovado sugar,12,0.0012014417300760913
5032,lemon | nigella seeds,2,lemon,nigella seeds,12,0.0012014417300760913
5033,lemon | risotto rice,2,lemon,risotto rice,12,0.0012014417300760913
5034,lemon | sourdough,2,lemon,sourdough,12,0.0012014417300760913
5035,lemon | star anise,2,lemon,star anise,12,0.0012014417300760913
5036,lemon | whole chicken,2,lemon,whole chicken,12,0.0012014417300760913
5037,light brown soft sugar | nutmeg,2,light brown soft sugar,nutmeg,12,0.0012014417300760913
5038,light brown soft sugar | pistachios,2,light brown soft sugar,pistachios,12,0.0012014417300760913
5039,light brown soft sugar | strong white bread flour,2,light brown soft sugar,strong white bread flour,12,0.0012014417300760913
5040,light muscovado sugar | milk,2,light muscovado sugar,milk,12,0.0012014417300760913
5041,light muscovado sugar | salted butter,2,light muscovado sugar,salted butter,12,0.0012014417300760913
5042,light soft brown sugar | plain flour,2,light soft brown sugar,plain flour,12,0.0012014417300760913
5043,light soy sauce | spring onion,2,light soy sauce,spring onion,12,0.0012014417300760913
5044,light soy sauce | sugar,2,light soy sauce,sugar,12,0.0012014417300760913
5045,lime juice | rapeseed oil,2,lime juice,rapeseed oil,12,0.0012014417300760913
5046,lime | red cabbage,2,lime,red cabbage,12,0.0012014417300760913
5047,lime | star anise,2,lime,star anise,12,0.0012014417300760913
5048,limes | mint leaves,2,limes,mint leaves,12,0.0012014417300760913
5049,limes | radishes,2,limes,radishes,12,0.0012014417300760913
5050,limes | sunflower oil,2,limes,sunflower oil,12,0.0012014417300760913
5051,maple syrup | onion,2,maple syrup,onion,12,0.0012014417300760913
5052,maple syrup | raspberries,2,maple syrup,raspberries,12,0.0012014417300760913
5053,maple syrup | thyme,2,maple syrup,thyme,12,0.0012014417300760913
5054,maris piper potatoes | sunflower oil,2,maris piper potatoes,sunflower oil,12,0.0012014417300760913
5055,marzipan | orange,2,marzipan,orange,12,0.0012014417300760913
5056,mature cheddar | nutmeg,2,mature cheddar,nutmeg,12,0.0012014417300760913
5057,mature cheddar | unsalted butter,2,mature cheddar,unsalted butter,12,0.0012014417300760913
5058,mayonnaise | white cabbage,2,mayonnaise,white cabbage,12,0.0012014417300760913
5059,mayonnaise | wholegrain mustard,2,mayonnaise,wholegrain mustard,12,0.0012014417300760913
5060,mild chilli powder | rapeseed oil,2,mild chilli powder,rapeseed oil,12,0.0012014417300760913
5061,mild chilli powder | red onion,2,mild chilli powder,red onion,12,0.0012014417300760913
5062,milk | milk chocolate,2,milk,milk chocolate,12,0.0012014417300760913
5063,milk | panko breadcrumbs,2,milk,panko breadcrumbs,12,0.0012014417300760913
5064,milk | pistachios,2,milk,pistachios,12,0.0012014417300760913
5065,milk | raspberries,2,milk,raspberries,12,0.0012014417300760913
5066,milk | soft cheese,2,milk,soft cheese,12,0.0012014417300760913
5067,milk | soured cream,2,milk,soured cream,12,0.0012014417300760913
5068,milk | strawberries,2,milk,strawberries,12,0.0012014417300760913
5069,milk | thyme leaves,2,milk,thyme leaves,12,0.0012014417300760913
5070,milk | vegetable stock,2,milk,vegetable stock,12,0.0012014417300760913
5071,mincemeat | plain flour,2,mincemeat,plain flour,12,0.0012014417300760913
5072,mint leaves | red wine vinegar,2,mint leaves,red wine vinegar,12,0.0012014417300760913
5073,mint leaves | sunflower oil,2,mint leaves,sunflower oil,12,0.0012014417300760913
5074,mint leaves | tahini,2,mint leaves,tahini,12,0.0012014417300760913
5075,mint | ricotta,2,mint,ricotta,12,0.0012014417300760913
5076,mint | white wine vinegar,2,mint,white wine vinegar,12,0.0012014417300760913
5077,mirin | sesame seeds,2,mirin,sesame seeds,12,0.0012014417300760913
5078,mixed peel | raisins,2,mixed peel,raisins,12,0.0012014417300760913
5079,natural yogurt | onions,2,natural yogurt,onions,12,0.0012014417300760913
5080,natural yogurt | spring onions,2,natural yogurt,spring onions,12,0.0012014417300760913
5081,natural yogurt | sunflower oil,2,natural yogurt,sunflower oil,12,0.0012014417300760913
5082,new potatoes | red onion,2,new potatoes,red onion,12,0.0012014417300760913
5083,nigella seeds | onions,2,nigella seeds,onions,12,0.0012014417300760913
5084,nutmeg | self-raising flour,2,nutmeg,self-raising flour,12,0.0012014417300760913
5085,nutritional yeast | olive oil,2,nutritional yeast,olive oil,12,0.0012014417300760913
5086,oil | turmeric,2,oil,turmeric,12,0.0012014417300760913
5087,olive oil | oranges,2,olive oil,oranges,12,0.0012014417300760913
5088,olive oil | pearl barley,2,olive oil,pearl barley,12,0.0012014417300760913
5089,olive oil | peas,2,olive oil,peas,12,0.0012014417300760913
5090,olive oil | penne,2,olive oil,penne,12,0.0012014417300760913
5091,olive oil | polenta,2,olive oil,polenta,12,0.0012014417300760913
5092,olive oil | rosemary leaves,2,olive oil,rosemary leaves,12,0.0012014417300760913
5093,olive oil | smoked streaky bacon,2,olive oil,smoked streaky bacon,12,0.0012014417300760913
5094,onion granules | smoked paprika,2,onion granules,smoked paprika,12,0.0012014417300760913
5095,onion | pancetta,2,onion,pancetta,12,0.0012014417300760913
5096,onion | pearl barley,2,onion,pearl barley,12,0.0012014417300760913
5097,onion | pork sausages,2,onion,pork sausages,12,0.0012014417300760913
5098,onions | parsnips,2,onions,parsnips,12,0.0012014417300760913
5099,onions | red pepper,2,onions,red pepper,12,0.0012014417300760913
5100,onions | red peppers,2,onions,red peppers,12,0.0012014417300760913
5101,onions | saffron,2,onions,saffron,12,0.0012014417300760913
5102,onions | star anise,2,onions,star anise,12,0.0012014417300760913
5103,onions | wholegrain mustard,2,onions,wholegrain mustard,12,0.0012014417300760913
5104,orange | oranges,2,orange,oranges,12,0.0012014417300760913
5105,orange | salted butter,2,orange,salted butter,12,0.0012014417300760913
5106,orange | vanilla bean paste,2,orange,vanilla bean paste,12,0.0012014417300760913
5107,pak choi | red chilli,2,pak choi,red chilli,12,0.0012014417300760913
5108,paprika | sunflower oil,2,paprika,sunflower oil,12,0.0012014417300760913
5109,parmesan | pasta,2,parmesan,pasta,12,0.0012014417300760913
5110,parmesan | plum tomatoes,2,parmesan,plum tomatoes,12,0.0012014417300760913
5111,parmesan | semi-skimmed milk,2,parmesan,semi-skimmed milk,12,0.0012014417300760913
5112,parsley leaves | thyme,2,parsley leaves,thyme,12,0.0012014417300760913
5113,parsley | pistachios,2,parsley,pistachios,12,0.0012014417300760913
5114,parsley | sumac,2,parsley,sumac,12,0.0012014417300760913
5115,parsnips | thyme,2,parsnips,thyme,12,0.0012014417300760913
5116,pine nuts | red onion,2,pine nuts,red onion,12,0.0012014417300760913
5117,pistachios | rosewater,2,pistachios,rosewater,12,0.0012014417300760913
5118,plain flour | porridge oats,2,plain flour,porridge oats,12,0.0012014417300760913
5119,plain flour | potato,2,plain flour,potato,12,0.0012014417300760913
5120,plain flour | sunflower or vegetable oil,2,plain flour,sunflower or vegetable oil,12,0.0012014417300760913
5121,plain flour | vegetable,2,plain flour,vegetable,12,0.0012014417300760913
5122,potatoes | spring onions,2,potatoes,spring onions,12,0.0012014417300760913
5123,potatoes | swede,2,potatoes,swede,12,0.0012014417300760913
5124,potatoes | tomatoes,2,potatoes,tomatoes,12,0.0012014417300760913
5125,prawns | red chilli,2,prawns,red chilli,12,0.0012014417300760913
5126,quinoa | spring onions,2,quinoa,spring onions,12,0.0012014417300760913
5127,radishes | rice vinegar,2,radishes,rice vinegar,12,0.0012014417300760913
5128,radishes | white wine vinegar,2,radishes,white wine vinegar,12,0.0012014417300760913
5129,rapeseed oil | ricotta,2,rapeseed oil,ricotta,12,0.0012014417300760913
5130,rapeseed oil | yellow pepper,2,rapeseed oil,yellow pepper,12,0.0012014417300760913
5131,red chilli | white wine vinegar,2,red chilli,white wine vinegar,12,0.0012014417300760913
5132,red chillies | vegetable oil,2,red chillies,vegetable oil,12,0.0012014417300760913
5133,red lentils | vegetable stock,2,red lentils,vegetable stock,12,0.0012014417300760913
5134,red onion | sesame oil,2,red onion,sesame oil,12,0.0012014417300760913
5135,red onion | sesame seeds,2,red onion,sesame seeds,12,0.0012014417300760913
5136,red onion | wholegrain mustard,2,red onion,wholegrain mustard,12,0.0012014417300760913
5137,red onions | red pepper,2,red onions,red pepper,12,0.0012014417300760913
5138,red wine | sunflower oil,2,red wine,sunflower oil,12,0.0012014417300760913
5139,rice flour | vegetable oil,2,rice flour,vegetable oil,12,0.0012014417300760913
5140,rocket | tomatoes,2,rocket,tomatoes,12,0.0012014417300760913
5141,rosemary | smoked paprika,2,rosemary,smoked paprika,12,0.0012014417300760913
5142,self raising flour | vanilla extract,2,self raising flour,vanilla extract,12,0.0012014417300760913
5143,self-raising flour | soured cream,2,self-raising flour,soured cream,12,0.0012014417300760913
5144,self-raising flour | sugar,2,self-raising flour,sugar,12,0.0012014417300760913
5145,shallots | sunflower oil,2,shallots,sunflower oil,12,0.0012014417300760913
5146,smooth peanut butter | soy sauce,2,smooth peanut butter,soy sauce,12,0.0012014417300760913
5147,soured cream | tomatoes,2,soured cream,tomatoes,12,0.0012014417300760913
5148,soy sauce | star anise,2,soy sauce,star anise,12,0.0012014417300760913
5149,soy sauce | tomato ketchup,2,soy sauce,tomato ketchup,12,0.0012014417300760913
5150,spinach | vegetable stock,2,spinach,vegetable stock,12,0.0012014417300760913
5151,spring onions | tamarind paste,2,spring onions,tamarind paste,12,0.0012014417300760913
5152,spring onions | tomato ketchup,2,spring onions,tomato ketchup,12,0.0012014417300760913
5153,spring onions | wholegrain mustard,2,spring onions,wholegrain mustard,12,0.0012014417300760913
5154,sprinkles | vanilla extract,2,sprinkles,vanilla extract,12,0.0012014417300760913
5155,sweet smoked paprika | tomato purée,2,sweet smoked paprika,tomato purée,12,0.0012014417300760913
5156,sweetcorn | tomato purée,2,sweetcorn,tomato purée,12,0.0012014417300760913
5157,tamarind paste | vegetable oil,2,tamarind paste,vegetable oil,12,0.0012014417300760913
5158,thyme leaves | unsalted butter,2,thyme leaves,unsalted butter,12,0.0012014417300760913
5159,thyme leaves | vegetable stock,2,thyme leaves,vegetable stock,12,0.0012014417300760913
5160,tomatoes | vegetable stock,2,tomatoes,vegetable stock,12,0.0012014417300760913
5161,vanilla extract | walnuts,2,vanilla extract,walnuts,12,0.0012014417300760913
5162,almond extract | lemon,2,almond extract,lemon,11,0.0011013215859030838
5163,almonds | lemon,2,almonds,lemon,11,0.0011013215859030838
5164,anchovies in oil | garlic,2,anchovies in oil,garlic,11,0.0011013215859030838
5165,apple | garlic,2,apple,garlic,11,0.0011013215859030838
5166,apricot jam | egg,2,apricot jam,egg,11,0.0011013215859030838
5167,apricot jam | ground cinnamon,2,apricot jam,ground cinnamon,11,0.0011013215859030838
5168,apricot jam | marzipan,2,apricot jam,marzipan,11,0.0011013215859030838
5169,apricot jam | milk,2,apricot jam,milk,11,0.0011013215859030838
5170,apricot jam | mixed spice,2,apricot jam,mixed spice,11,0.0011013215859030838
5171,asparagus spears | olive oil,2,asparagus spears,olive oil,11,0.0011013215859030838
5172,asparagus | eggs,2,asparagus,eggs,11,0.0011013215859030838
5173,aubergine | basil,2,aubergine,basil,11,0.0011013215859030838
5174,aubergine | chilli flakes,2,aubergine,chilli flakes,11,0.0011013215859030838
5175,aubergine | dried oregano,2,aubergine,dried oregano,11,0.0011013215859030838
5176,aubergine | onions,2,aubergine,onions,11,0.0011013215859030838
5177,aubergine | red pepper,2,aubergine,red pepper,11,0.0011013215859030838
5178,aubergine | spring onions,2,aubergine,spring onions,11,0.0011013215859030838
5179,aubergine | tomatoes,2,aubergine,tomatoes,11,0.0011013215859030838
5180,aubergines | sugar,2,aubergines,sugar,11,0.0011013215859030838
5181,aubergines | vegetable oil,2,aubergines,vegetable oil,11,0.0011013215859030838
5182,avocado | onion,2,avocado,onion,11,0.0011013215859030838
5183,avocado | smoked paprika,2,avocado,smoked paprika,11,0.0011013215859030838
5184,avocados | limes,2,avocados,limes,11,0.0011013215859030838
5185,baby spinach | cumin seeds,2,baby spinach,cumin seeds,11,0.0011013215859030838
5186,baby spinach | tomatoes,2,baby spinach,tomatoes,11,0.0011013215859030838
5187,baking powder | chocolate chips,2,baking powder,chocolate chips,11,0.0011013215859030838
5188,baking powder | cocoa,2,baking powder,cocoa,11,0.0011013215859030838
5189,baking powder | ground almond,2,baking powder,ground almond,11,0.0011013215859030838
5190,baking powder | mascarpone,2,baking powder,mascarpone,11,0.0011013215859030838
5191,baking powder | onion,2,baking powder,onion,11,0.0011013215859030838
5192,baking powder | onions,2,baking powder,onions,11,0.0011013215859030838
5193,baking powder | ripe bananas,2,baking powder,ripe bananas,11,0.0011013215859030838
5194,balsamic vinegar | capers,2,balsamic vinegar,capers,11,0.0011013215859030838
5195,balsamic vinegar | cherry tomatoes,2,balsamic vinegar,cherry tomatoes,11,0.0011013215859030838
5196,balsamic vinegar | tomatoes,2,balsamic vinegar,tomatoes,11,0.0011013215859030838
5197,banana shallots | extra virgin olive oil,2,banana shallots,extra virgin olive oil,11,0.0011013215859030838
5198,banana shallots | rosemary,2,banana shallots,rosemary,11,0.0011013215859030838
5199,bananas | butter,2,bananas,butter,11,0.0011013215859030838
5200,bananas | double cream,2,bananas,double cream,11,0.0011013215859030838
5201,basil leaves | courgettes,2,basil leaves,courgettes,11,0.0011013215859030838
5202,basil leaves | plum tomatoes,2,basil leaves,plum tomatoes,11,0.0011013215859030838
5203,basil | mint,2,basil,mint,11,0.0011013215859030838
5204,basil | passata,2,basil,passata,11,0.0011013215859030838
5205,basil | rocket,2,basil,rocket,11,0.0011013215859030838
5206,basmati rice | lemon,2,basmati rice,lemon,11,0.0011013215859030838
5207,bay leaf | egg,2,bay leaf,egg,11,0.0011013215859030838
5208,bay leaf | red wine vinegar,2,bay leaf,red wine vinegar,11,0.0011013215859030838
5209,bay leaf | star anise,2,bay leaf,star anise,11,0.0011013215859030838
5210,bay leaf | vegetable stock,2,bay leaf,vegetable stock,11,0.0011013215859030838
5211,bay leaves | chilli flakes,2,bay leaves,chilli flakes,11,0.0011013215859030838
5212,bay leaves | english mustard,2,bay leaves,english mustard,11,0.0011013215859030838
5213,bay leaves | flat-leaf parsley,2,bay leaves,flat-leaf parsley,11,0.0011013215859030838
5214,bay leaves | mozzarella,2,bay leaves,mozzarella,11,0.0011013215859030838
5215,bay leaves | tomatoes,2,bay leaves,tomatoes,11,0.0011013215859030838
5216,bay leaves | unsalted butter,2,bay leaves,unsalted butter,11,0.0011013215859030838
5217,beansprouts | eggs,2,beansprouts,eggs,11,0.0011013215859030838
5218,beansprouts | vegetable oil,2,beansprouts,vegetable oil,11,0.0011013215859030838
5219,beef mince | parsley,2,beef mince,parsley,11,0.0011013215859030838
5220,beef stock | egg,2,beef stock,egg,11,0.0011013215859030838
5221,beef stock | parmesan,2,beef stock,parmesan,11,0.0011013215859030838
5222,beef stock | sugar,2,beef stock,sugar,11,0.0011013215859030838
5223,bicarbonate of soda | honey,2,bicarbonate of soda,honey,11,0.0011013215859030838
5224,bicarbonate of soda | milk chocolate,2,bicarbonate of soda,milk chocolate,11,0.0011013215859030838
5225,bicarbonate of soda | rapeseed oil,2,bicarbonate of soda,rapeseed oil,11,0.0011013215859030838
5226,bio yogurt | coriander,2,bio yogurt,coriander,11,0.0011013215859030838
5227,black beans | chilli powder,2,black beans,chilli powder,11,0.0011013215859030838
5228,black beans | feta,2,black beans,feta,11,0.0011013215859030838
5229,black beans | sweet potatoes,2,black beans,sweet potatoes,11,0.0011013215859030838
5230,black mustard seeds | cumin seeds,2,black mustard seeds,cumin seeds,11,0.0011013215859030838
5231,black mustard seeds | ground cumin,2,black mustard seeds,ground cumin,11,0.0011013215859030838
5232,black mustard seeds | turmeric,2,black mustard seeds,turmeric,11,0.0011013215859030838
5233,black pepper | onion,2,black pepper,onion,11,0.0011013215859030838
5234,black peppercorns | golden caster sugar,2,black peppercorns,golden caster sugar,11,0.0011013215859030838
5235,black peppercorns | lime,2,black peppercorns,lime,11,0.0011013215859030838
5236,black peppercorns | onions,2,black peppercorns,onions,11,0.0011013215859030838
5237,black sesame seeds | vegetable oil,2,black sesame seeds,vegetable oil,11,0.0011013215859030838
5238,black treacle | ground ginger,2,black treacle,ground ginger,11,0.0011013215859030838
5239,blackberries | butter,2,blackberries,butter,11,0.0011013215859030838
5240,blackberries | eggs,2,blackberries,eggs,11,0.0011013215859030838
5241,blanched hazelnuts | olive oil,2,blanched hazelnuts,olive oil,11,0.0011013215859030838
5242,blueberries | icing sugar,2,blueberries,icing sugar,11,0.0011013215859030838
5243,blueberries | plain flour,2,blueberries,plain flour,11,0.0011013215859030838
5244,boneless and skinless chicken thighs | garlic,2,boneless and skinless chicken thighs,garlic,11,0.0011013215859030838
5245,"boneless, skinless chicken thighs | ginger",2,"boneless, skinless chicken thighs",ginger,11,0.0011013215859030838
5246,brandy | cinnamon,2,brandy,cinnamon,11,0.0011013215859030838
5247,brandy | garlic,2,brandy,garlic,11,0.0011013215859030838
5248,brandy | golden caster sugar,2,brandy,golden caster sugar,11,0.0011013215859030838
5249,brandy | lemon,2,brandy,lemon,11,0.0011013215859030838
5250,breadcrumbs | eggs,2,breadcrumbs,eggs,11,0.0011013215859030838
5251,broad beans | olive oil,2,broad beans,olive oil,11,0.0011013215859030838
5252,brown rice | onion,2,brown rice,onion,11,0.0011013215859030838
5253,brown sugar | onion,2,brown sugar,onion,11,0.0011013215859030838
5254,brussels sprouts | lemon,2,brussels sprouts,lemon,11,0.0011013215859030838
5255,brussels sprouts | onion,2,brussels sprouts,onion,11,0.0011013215859030838
5256,burger buns | garlic,2,burger buns,garlic,11,0.0011013215859030838
5257,butter beans | parsley,2,butter beans,parsley,11,0.0011013215859030838
5258,butter | button mushrooms,2,butter,button mushrooms,11,0.0011013215859030838
5259,butter | cherry tomatoes,2,butter,cherry tomatoes,11,0.0011013215859030838
5260,butter | condensed milk,2,butter,condensed milk,11,0.0011013215859030838
5261,butter | cranberry sauce,2,butter,cranberry sauce,11,0.0011013215859030838
5262,butter | ground nutmeg,2,butter,ground nutmeg,11,0.0011013215859030838
5263,butter | icing sugar sieved,2,butter,icing sugar sieved,11,0.0011013215859030838
5264,butter | passata,2,butter,passata,11,0.0011013215859030838
5265,butter | pork sausages,2,butter,pork sausages,11,0.0011013215859030838
5266,butter | prosciutto,2,butter,prosciutto,11,0.0011013215859030838
5267,butter | salted butter,2,butter,salted butter,11,0.0011013215859030838
5268,butter | stem ginger,2,butter,stem ginger,11,0.0011013215859030838
5269,butter | truffle oil,2,butter,truffle oil,11,0.0011013215859030838
5270,butter | white caster sugar,2,butter,white caster sugar,11,0.0011013215859030838
5271,butter | whole chicken,2,butter,whole chicken,11,0.0011013215859030838
5272,buttermilk | caster sugar,2,buttermilk,caster sugar,11,0.0011013215859030838
5273,butternut squash | chickpeas,2,butternut squash,chickpeas,11,0.0011013215859030838
5274,butternut squash | milk,2,butternut squash,milk,11,0.0011013215859030838
5275,butternut squash | thyme,2,butternut squash,thyme,11,0.0011013215859030838
5276,button mushrooms | olive oil,2,button mushrooms,olive oil,11,0.0011013215859030838
5277,cannellini beans | celery,2,cannellini beans,celery,11,0.0011013215859030838
5278,capers | white wine vinegar,2,capers,white wine vinegar,11,0.0011013215859030838
5279,cardamom pods | ground turmeric,2,cardamom pods,ground turmeric,11,0.0011013215859030838
5280,cardamom pods | lemon,2,cardamom pods,lemon,11,0.0011013215859030838
5281,cardamom pods | star anise,2,cardamom pods,star anise,11,0.0011013215859030838
5282,carrot | chilli flakes,2,carrot,chilli flakes,11,0.0011013215859030838
5283,carrot | cinnamon,2,carrot,cinnamon,11,0.0011013215859030838
5284,carrot | dried oregano,2,carrot,dried oregano,11,0.0011013215859030838
5285,carrot | light soy sauce,2,carrot,light soy sauce,11,0.0011013215859030838
5286,carrot | sugar,2,carrot,sugar,11,0.0011013215859030838
5287,carrot | tomatoes,2,carrot,tomatoes,11,0.0011013215859030838
5288,carrots | cauliflower,2,carrots,cauliflower,11,0.0011013215859030838
5289,carrots | double cream,2,carrots,double cream,11,0.0011013215859030838
5290,carrots | english mustard,2,carrots,english mustard,11,0.0011013215859030838
5291,carrots | nutmeg,2,carrots,nutmeg,11,0.0011013215859030838
5292,carrots | orange,2,carrots,orange,11,0.0011013215859030838
5293,carrots | pearl barley,2,carrots,pearl barley,11,0.0011013215859030838
5294,carrots | sugar,2,carrots,sugar,11,0.0011013215859030838
5295,carrots | tahini,2,carrots,tahini,11,0.0011013215859030838
5296,carrots | turmeric,2,carrots,turmeric,11,0.0011013215859030838
5297,carrots | whole milk,2,carrots,whole milk,11,0.0011013215859030838
5298,cashew nuts | ginger,2,cashew nuts,ginger,11,0.0011013215859030838
5299,caster sugar | coriander seeds,2,caster sugar,coriander seeds,11,0.0011013215859030838
5300,caster sugar | dijon mustard,2,caster sugar,dijon mustard,11,0.0011013215859030838
5301,caster sugar | flavourless oil,2,caster sugar,flavourless oil,11,0.0011013215859030838
5302,caster sugar | ground cumin,2,caster sugar,ground cumin,11,0.0011013215859030838
5303,caster sugar | milk chocolate,2,caster sugar,milk chocolate,11,0.0011013215859030838
5304,caster sugar | oil,2,caster sugar,oil,11,0.0011013215859030838
5305,caster sugar | porridge oats,2,caster sugar,porridge oats,11,0.0011013215859030838
5306,caster sugar | red pepper,2,caster sugar,red pepper,11,0.0011013215859030838
5307,caster sugar | rice wine vinegar,2,caster sugar,rice wine vinegar,11,0.0011013215859030838
5308,caster sugar | sultanas,2,caster sugar,sultanas,11,0.0011013215859030838
5309,cauliflower florets | garlic,2,cauliflower florets,garlic,11,0.0011013215859030838
5310,cauliflower | garam masala,2,cauliflower,garam masala,11,0.0011013215859030838
5311,cauliflower | vegetable stock,2,cauliflower,vegetable stock,11,0.0011013215859030838
5312,cayenne pepper | parsley,2,cayenne pepper,parsley,11,0.0011013215859030838
5313,cayenne pepper | thyme,2,cayenne pepper,thyme,11,0.0011013215859030838
5314,celeriac | dijon mustard,2,celeriac,dijon mustard,11,0.0011013215859030838
5315,celery | cornflour,2,celery,cornflour,11,0.0011013215859030838
5316,celery | golden caster sugar,2,celery,golden caster sugar,11,0.0011013215859030838
5317,celery | ground coriander,2,celery,ground coriander,11,0.0011013215859030838
5318,celery | sherry vinegar,2,celery,sherry vinegar,11,0.0011013215859030838
5319,cherry tomatoes | chickpeas,2,cherry tomatoes,chickpeas,11,0.0011013215859030838
5320,cherry tomatoes | crusty bread,2,cherry tomatoes,crusty bread,11,0.0011013215859030838
5321,cherry tomatoes | cumin seeds,2,cherry tomatoes,cumin seeds,11,0.0011013215859030838
5322,cherry tomatoes | fennel seeds,2,cherry tomatoes,fennel seeds,11,0.0011013215859030838
5323,cherry tomatoes | ginger,2,cherry tomatoes,ginger,11,0.0011013215859030838
5324,cherry tomatoes | green beans,2,cherry tomatoes,green beans,11,0.0011013215859030838
5325,cherry tomatoes | milk,2,cherry tomatoes,milk,11,0.0011013215859030838
5326,chestnut mushrooms | thyme leaves,2,chestnut mushrooms,thyme leaves,11,0.0011013215859030838
5327,chestnuts | onions,2,chestnuts,onions,11,0.0011013215859030838
5328,chia seeds | vanilla extract,2,chia seeds,vanilla extract,11,0.0011013215859030838
5329,chicken breasts | egg,2,chicken breasts,egg,11,0.0011013215859030838
5330,chicken breasts | red chilli,2,chicken breasts,red chilli,11,0.0011013215859030838
5331,chicken breasts | smoked paprika,2,chicken breasts,smoked paprika,11,0.0011013215859030838
5332,chicken or vegetable stock | onion,2,chicken or vegetable stock,onion,11,0.0011013215859030838
5333,chicken stock | red chilli,2,chicken stock,red chilli,11,0.0011013215859030838
5334,chicken stock | red wine vinegar,2,chicken stock,red wine vinegar,11,0.0011013215859030838
5335,chicken stock | skinless boneless chicken thighs,2,chicken stock,skinless boneless chicken thighs,11,0.0011013215859030838
5336,chicken stock | sugar,2,chicken stock,sugar,11,0.0011013215859030838
5337,chicken stock | turmeric,2,chicken stock,turmeric,11,0.0011013215859030838
5338,chicken | lemon,2,chicken,lemon,11,0.0011013215859030838
5339,chickpeas | sweet potatoes,2,chickpeas,sweet potatoes,11,0.0011013215859030838
5340,chilli flakes | mint,2,chilli flakes,mint,11,0.0011013215859030838
5341,chilli flakes | pumpkin seeds,2,chilli flakes,pumpkin seeds,11,0.0011013215859030838
5342,chilli flakes | rice vinegar,2,chilli flakes,rice vinegar,11,0.0011013215859030838
5343,chilli flakes | sesame seeds,2,chilli flakes,sesame seeds,11,0.0011013215859030838
5344,chilli flakes | sunflower oil,2,chilli flakes,sunflower oil,11,0.0011013215859030838
5345,chilli flakes | unsalted butter,2,chilli flakes,unsalted butter,11,0.0011013215859030838
5346,chilli powder | lemon,2,chilli powder,lemon,11,0.0011013215859030838
5347,chilli powder | red chilli,2,chilli powder,red chilli,11,0.0011013215859030838
5348,chinese five-spice powder | honey,2,chinese five-spice powder,honey,11,0.0011013215859030838
5349,chipotle paste | dried oregano,2,chipotle paste,dried oregano,11,0.0011013215859030838
5350,chipotle paste | red wine vinegar,2,chipotle paste,red wine vinegar,11,0.0011013215859030838
5351,chives | radishes,2,chives,radishes,11,0.0011013215859030838
5352,chopped tomatoes | potatoes,2,chopped tomatoes,potatoes,11,0.0011013215859030838
5353,chopped tomatoes | yellow pepper,2,chopped tomatoes,yellow pepper,11,0.0011013215859030838
5354,chopping board | sharp knife,2,chopping board,sharp knife,11,0.0011013215859030838
5355,cider vinegar | maple syrup,2,cider vinegar,maple syrup,11,0.0011013215859030838
5356,cider vinegar | mint,2,cider vinegar,mint,11,0.0011013215859030838
5357,cider vinegar | plain flour,2,cider vinegar,plain flour,11,0.0011013215859030838
5358,cider vinegar | vegetable oil,2,cider vinegar,vegetable oil,11,0.0011013215859030838
5359,cinnamon sticks | garlic,2,cinnamon sticks,garlic,11,0.0011013215859030838
5360,cinnamon | coriander leaves,2,cinnamon,coriander leaves,11,0.0011013215859030838
5361,cinnamon | cumin,2,cinnamon,cumin,11,0.0011013215859030838
5362,cinnamon | flaked almonds,2,cinnamon,flaked almonds,11,0.0011013215859030838
5363,cinnamon | ground cloves,2,cinnamon,ground cloves,11,0.0011013215859030838
5364,cinnamon | lemon juice,2,cinnamon,lemon juice,11,0.0011013215859030838
5365,cinnamon | oil,2,cinnamon,oil,11,0.0011013215859030838
5366,cinnamon | raisins,2,cinnamon,raisins,11,0.0011013215859030838
5367,clear honey | coriander,2,clear honey,coriander,11,0.0011013215859030838
5368,clear honey | eggs,2,clear honey,eggs,11,0.0011013215859030838
5369,clear honey | ginger,2,clear honey,ginger,11,0.0011013215859030838
5370,cloves | light brown soft sugar,2,cloves,light brown soft sugar,11,0.0011013215859030838
5371,cloves | orange,2,cloves,orange,11,0.0011013215859030838
5372,cloves | vegetable oil,2,cloves,vegetable oil,11,0.0011013215859030838
5373,cocoa powder | maple syrup,2,cocoa powder,maple syrup,11,0.0011013215859030838
5374,coconut cream | garlic,2,coconut cream,garlic,11,0.0011013215859030838
5375,coconut milk | curry leaves,2,coconut milk,curry leaves,11,0.0011013215859030838
5376,coconut milk | tamarind paste,2,coconut milk,tamarind paste,11,0.0011013215859030838
5377,coconut milk | tomato purée,2,coconut milk,tomato purée,11,0.0011013215859030838
5378,coconut oil | vanilla extract,2,coconut oil,vanilla extract,11,0.0011013215859030838
5379,coconut yogurt | coriander,2,coconut yogurt,coriander,11,0.0011013215859030838
5380,coconut yogurt | rapeseed oil,2,coconut yogurt,rapeseed oil,11,0.0011013215859030838
5381,cold butter | garlic,2,cold butter,garlic,11,0.0011013215859030838
5382,cold butter | parmesan,2,cold butter,parmesan,11,0.0011013215859030838
5383,cold-pressed rapeseed oil | lemon,2,cold-pressed rapeseed oil,lemon,11,0.0011013215859030838
5384,condensed milk | dark chocolate,2,condensed milk,dark chocolate,11,0.0011013215859030838
5385,condensed milk | golden caster sugar,2,condensed milk,golden caster sugar,11,0.0011013215859030838
5386,condensed milk | plain flour,2,condensed milk,plain flour,11,0.0011013215859030838
5387,coriander leaves | extra virgin olive oil,2,coriander leaves,extra virgin olive oil,11,0.0011013215859030838
5388,coriander leaves | golden caster sugar,2,coriander leaves,golden caster sugar,11,0.0011013215859030838
5389,coriander seeds | feta,2,coriander seeds,feta,11,0.0011013215859030838
5390,coriander seeds | spring onions,2,coriander seeds,spring onions,11,0.0011013215859030838
5391,coriander stalks | ground coriander,2,coriander stalks,ground coriander,11,0.0011013215859030838
5392,coriander | courgettes,2,coriander,courgettes,11,0.0011013215859030838
5393,coriander | flour,2,coriander,flour,11,0.0011013215859030838
5394,coriander | kashmiri chilli powder,2,coriander,kashmiri chilli powder,11,0.0011013215859030838
5395,coriander | light soy sauce,2,coriander,light soy sauce,11,0.0011013215859030838
5396,coriander | mango,2,coriander,mango,11,0.0011013215859030838
5397,coriander | quinoa,2,coriander,quinoa,11,0.0011013215859030838
5398,coriander | ripe avocados,2,coriander,ripe avocados,11,0.0011013215859030838
5399,cornflour | orange,2,cornflour,orange,11,0.0011013215859030838
5400,cornflour | red onion,2,cornflour,red onion,11,0.0011013215859030838
5401,cornflour | rice,2,cornflour,rice,11,0.0011013215859030838
5402,cornflour | tomato ketchup,2,cornflour,tomato ketchup,11,0.0011013215859030838
5403,courgette | extra virgin olive oil,2,courgette,extra virgin olive oil,11,0.0011013215859030838
5404,courgette | plain flour,2,courgette,plain flour,11,0.0011013215859030838
5405,courgette | smoked paprika,2,courgette,smoked paprika,11,0.0011013215859030838
5406,courgettes | thyme,2,courgettes,thyme,11,0.0011013215859030838
5407,cranberry juice | ice,2,cranberry juice,ice,11,0.0011013215859030838
5408,cranberry sauce | plain flour,2,cranberry sauce,plain flour,11,0.0011013215859030838
5409,crusty bread | parmesan,2,crusty bread,parmesan,11,0.0011013215859030838
5410,crème fraîche | white wine,2,crème fraîche,white wine,11,0.0011013215859030838
5411,cucumber | dijon mustard,2,cucumber,dijon mustard,11,0.0011013215859030838
5412,cucumber | little gem lettuces,2,cucumber,little gem lettuces,11,0.0011013215859030838
5413,cucumber | onions,2,cucumber,onions,11,0.0011013215859030838
5414,cumin seeds | fenugreek seeds,2,cumin seeds,fenugreek seeds,11,0.0011013215859030838
5415,cumin seeds | harissa,2,cumin seeds,harissa,11,0.0011013215859030838
5416,cumin seeds | red lentils,2,cumin seeds,red lentils,11,0.0011013215859030838
5417,cumin seeds | red wine vinegar,2,cumin seeds,red wine vinegar,11,0.0011013215859030838
5418,cumin seeds | sesame seeds,2,cumin seeds,sesame seeds,11,0.0011013215859030838
5419,cumin seeds | white wine vinegar,2,cumin seeds,white wine vinegar,11,0.0011013215859030838
5420,cumin | ginger,2,cumin,ginger,11,0.0011013215859030838
5421,currants | eggs,2,currants,eggs,11,0.0011013215859030838
5422,currants | raisins,2,currants,raisins,11,0.0011013215859030838
5423,curry paste | garlic,2,curry paste,garlic,11,0.0011013215859030838
5424,curry powder | turmeric,2,curry powder,turmeric,11,0.0011013215859030838
5425,curry powder | vegetable stock,2,curry powder,vegetable stock,11,0.0011013215859030838
5426,custard powder | eggs,2,custard powder,eggs,11,0.0011013215859030838
5427,custard powder | plain flour,2,custard powder,plain flour,11,0.0011013215859030838
5428,dark brown soft sugar | dark chocolate,2,dark brown soft sugar,dark chocolate,11,0.0011013215859030838
5429,dark brown soft sugar | double cream,2,dark brown soft sugar,double cream,11,0.0011013215859030838
5430,dark brown soft sugar | vanilla extract,2,dark brown soft sugar,vanilla extract,11,0.0011013215859030838
5431,dark chocolate | ground almonds,2,dark chocolate,ground almonds,11,0.0011013215859030838
5432,dark chocolate | oranges,2,dark chocolate,oranges,11,0.0011013215859030838
5433,dark chocolate | sunflower oil,2,dark chocolate,sunflower oil,11,0.0011013215859030838
5434,dark rum | icing sugar,2,dark rum,icing sugar,11,0.0011013215859030838
5435,dark rum | orange,2,dark rum,orange,11,0.0011013215859030838
5436,demerara sugar | milk,2,demerara sugar,milk,11,0.0011013215859030838
5437,dijon mustard | egg yolks,2,dijon mustard,egg yolks,11,0.0011013215859030838
5438,dijon mustard | lemon juice,2,dijon mustard,lemon juice,11,0.0011013215859030838
5439,dijon mustard | shallots,2,dijon mustard,shallots,11,0.0011013215859030838
5440,dijon mustard | soured cream,2,dijon mustard,soured cream,11,0.0011013215859030838
5441,dijon mustard | thyme leaves,2,dijon mustard,thyme leaves,11,0.0011013215859030838
5442,dill | frozen peas,2,dill,frozen peas,11,0.0011013215859030838
5443,dill | rocket,2,dill,rocket,11,0.0011013215859030838
5444,dill | tomato purée,2,dill,tomato purée,11,0.0011013215859030838
5445,double cream | fennel seeds,2,double cream,fennel seeds,11,0.0011013215859030838
5446,double cream | gelatine leaves,2,double cream,gelatine leaves,11,0.0011013215859030838
5447,double cream | greek yogurt,2,double cream,greek yogurt,11,0.0011013215859030838
5448,double cream | ice cream,2,double cream,ice cream,11,0.0011013215859030838
5449,double cream | maris piper potatoes,2,double cream,maris piper potatoes,11,0.0011013215859030838
5450,double cream | puff pastry,2,double cream,puff pastry,11,0.0011013215859030838
5451,double cream | sea salt,2,double cream,sea salt,11,0.0011013215859030838
5452,double cream | vodka,2,double cream,vodka,11,0.0011013215859030838
5453,dried apricots | eggs,2,dried apricots,eggs,11,0.0011013215859030838
5454,dried breadcrumbs | egg,2,dried breadcrumbs,egg,11,0.0011013215859030838
5455,dried chilli flakes | olive oil,2,dried chilli flakes,olive oil,11,0.0011013215859030838
5456,dried cranberries | golden caster sugar,2,dried cranberries,golden caster sugar,11,0.0011013215859030838
5457,dried cranberries | unsalted butter,2,dried cranberries,unsalted butter,11,0.0011013215859030838
5458,dried mixed herbs | onion,2,dried mixed herbs,onion,11,0.0011013215859030838
5459,dried oregano | red onions,2,dried oregano,red onions,11,0.0011013215859030838
5460,dried porcini mushrooms | tomato purée,2,dried porcini mushrooms,tomato purée,11,0.0011013215859030838
5461,dried thyme | olive oil,2,dried thyme,olive oil,11,0.0011013215859030838
5462,egg noodles | ginger,2,egg noodles,ginger,11,0.0011013215859030838
5463,egg whites | ground almonds,2,egg whites,ground almonds,11,0.0011013215859030838
5464,egg yolks | full-fat milk,2,egg yolks,full-fat milk,11,0.0011013215859030838
5465,egg yolks | lemon juice,2,egg yolks,lemon juice,11,0.0011013215859030838
5466,egg yolks | nutmeg,2,egg yolks,nutmeg,11,0.0011013215859030838
5467,egg | egg yolk,2,egg,egg yolk,11,0.0011013215859030838
5468,egg | lamb mince,2,egg,lamb mince,11,0.0011013215859030838
5469,egg | marzipan,2,egg,marzipan,11,0.0011013215859030838
5470,egg | pistachios,2,egg,pistachios,11,0.0011013215859030838
5471,egg | ricotta,2,egg,ricotta,11,0.0011013215859030838
5472,eggs | gluten-free baking powder,2,eggs,gluten-free baking powder,11,0.0011013215859030838
5473,eggs | hazelnuts,2,eggs,hazelnuts,11,0.0011013215859030838
5474,eggs | mozzarella,2,eggs,mozzarella,11,0.0011013215859030838
5475,eggs | mustard powder,2,eggs,mustard powder,11,0.0011013215859030838
5476,eggs | new potatoes,2,eggs,new potatoes,11,0.0011013215859030838
5477,eggs | sage,2,eggs,sage,11,0.0011013215859030838
5478,eggs | shallot,2,eggs,shallot,11,0.0011013215859030838
5479,eggs | vanilla pod,2,eggs,vanilla pod,11,0.0011013215859030838
5480,eggs | very ripe bananas,2,eggs,very ripe bananas,11,0.0011013215859030838
5481,eggs | white chocolate chips,2,eggs,white chocolate chips,11,0.0011013215859030838
5482,english mustard powder | olive oil,2,english mustard powder,olive oil,11,0.0011013215859030838
5483,extra virgin olive oil | fennel bulbs,2,extra virgin olive oil,fennel bulbs,11,0.0011013215859030838
5484,extra virgin olive oil | natural yogurt,2,extra virgin olive oil,natural yogurt,11,0.0011013215859030838
5485,extra virgin olive oil | new potatoes,2,extra virgin olive oil,new potatoes,11,0.0011013215859030838
5486,extra virgin olive oil | pomegranate molasses,2,extra virgin olive oil,pomegranate molasses,11,0.0011013215859030838
5487,extra virgin olive oil | unsalted butter,2,extra virgin olive oil,unsalted butter,11,0.0011013215859030838
5488,fennel seeds | golden caster sugar,2,fennel seeds,golden caster sugar,11,0.0011013215859030838
5489,fennel seeds | ground coriander,2,fennel seeds,ground coriander,11,0.0011013215859030838
5490,fennel seeds | ground cumin,2,fennel seeds,ground cumin,11,0.0011013215859030838
5491,fennel seeds | honey,2,fennel seeds,honey,11,0.0011013215859030838
5492,fennel seeds | pork sausages,2,fennel seeds,pork sausages,11,0.0011013215859030838
5493,fennel seeds | red wine vinegar,2,fennel seeds,red wine vinegar,11,0.0011013215859030838
5494,fennel seeds | unsalted butter,2,fennel seeds,unsalted butter,11,0.0011013215859030838
5495,fennel seeds | white wine vinegar,2,fennel seeds,white wine vinegar,11,0.0011013215859030838
5496,fennel | juice,2,fennel,juice,11,0.0011013215859030838
5497,fennel | red onion,2,fennel,red onion,11,0.0011013215859030838
5498,feta | filo pastry,2,feta,filo pastry,11,0.0011013215859030838
5499,feta | pumpkin seeds,2,feta,pumpkin seeds,11,0.0011013215859030838
5500,feta | tahini,2,feta,tahini,11,0.0011013215859030838
5501,feta | vegetable stock,2,feta,vegetable stock,11,0.0011013215859030838
5502,fish sauce | light brown soft sugar,2,fish sauce,light brown soft sugar,11,0.0011013215859030838
5503,fish sauce | sunflower oil,2,fish sauce,sunflower oil,11,0.0011013215859030838
5504,flaked almonds | milk,2,flaked almonds,milk,11,0.0011013215859030838
5505,flaked almonds | natural yogurt,2,flaked almonds,natural yogurt,11,0.0011013215859030838
5506,flaked almonds | salted butter,2,flaked almonds,salted butter,11,0.0011013215859030838
5507,flaked almonds | unsalted butter,2,flaked almonds,unsalted butter,11,0.0011013215859030838
5508,flaky sea salt | garlic,2,flaky sea salt,garlic,11,0.0011013215859030838
5509,flat-leaf parsley | greek yogurt,2,flat-leaf parsley,greek yogurt,11,0.0011013215859030838
5510,flat-leaf parsley | rapeseed oil,2,flat-leaf parsley,rapeseed oil,11,0.0011013215859030838
5511,flat-leaf parsley | red wine vinegar,2,flat-leaf parsley,red wine vinegar,11,0.0011013215859030838
5512,flat-leaf parsley | smoked paprika,2,flat-leaf parsley,smoked paprika,11,0.0011013215859030838
5513,floury potatoes | vegetable oil,2,floury potatoes,vegetable oil,11,0.0011013215859030838
5514,fresh breadcrumbs | sage leaves,2,fresh breadcrumbs,sage leaves,11,0.0011013215859030838
5515,fresh coriander | lime,2,fresh coriander,lime,11,0.0011013215859030838
5516,fresh white breadcrumbs | olive oil,2,fresh white breadcrumbs,olive oil,11,0.0011013215859030838
5517,frozen peas | smoked paprika,2,frozen peas,smoked paprika,11,0.0011013215859030838
5518,full-fat milk | unsalted butter,2,full-fat milk,unsalted butter,11,0.0011013215859030838
5519,full-fat milk | vanilla extract,2,full-fat milk,vanilla extract,11,0.0011013215859030838
5520,full-fat soft cheese | golden caster sugar,2,full-fat soft cheese,golden caster sugar,11,0.0011013215859030838
5521,galangal | garlic,2,galangal,garlic,11,0.0011013215859030838
5522,garam masala | hot chilli powder,2,garam masala,hot chilli powder,11,0.0011013215859030838
5523,garlic granules | honey,2,garlic granules,honey,11,0.0011013215859030838
5524,garlic | granulated sugar,2,garlic,granulated sugar,11,0.0011013215859030838
5525,garlic | green olives,2,garlic,green olives,11,0.0011013215859030838
5526,garlic | harissa paste,2,garlic,harissa paste,11,0.0011013215859030838
5527,garlic | lamb shoulder,2,garlic,lamb shoulder,11,0.0011013215859030838
5528,garlic | long-grain rice,2,garlic,long-grain rice,11,0.0011013215859030838
5529,garlic | miso paste,2,garlic,miso paste,11,0.0011013215859030838
5530,garlic | mixed mushrooms,2,garlic,mixed mushrooms,11,0.0011013215859030838
5531,garlic | mixed nuts,2,garlic,mixed nuts,11,0.0011013215859030838
5532,garlic | parsley stalks and leaves,2,garlic,parsley stalks and leaves,11,0.0011013215859030838
5533,garlic | pork shoulder,2,garlic,pork shoulder,11,0.0011013215859030838
5534,garlic | preserved lemon,2,garlic,preserved lemon,11,0.0011013215859030838
5535,garlic | ready-rolled puff pastry,2,garlic,ready-rolled puff pastry,11,0.0011013215859030838
5536,garlic | rice flour,2,garlic,rice flour,11,0.0011013215859030838
5537,garlic | rice noodles,2,garlic,rice noodles,11,0.0011013215859030838
5538,garlic | roasted peanuts,2,garlic,roasted peanuts,11,0.0011013215859030838
5539,garlic | roasted red peppers from a jar,2,garlic,roasted red peppers from a jar,11,0.0011013215859030838
5540,garlic | scotch bonnet chilli,2,garlic,scotch bonnet chilli,11,0.0011013215859030838
5541,garlic | shaohsing rice wine,2,garlic,shaohsing rice wine,11,0.0011013215859030838
5542,garlic | shaoxing rice wine,2,garlic,shaoxing rice wine,11,0.0011013215859030838
5543,garlic | soft herbs,2,garlic,soft herbs,11,0.0011013215859030838
5544,garlic | soft light brown sugar,2,garlic,soft light brown sugar,11,0.0011013215859030838
5545,garlic | spring greens,2,garlic,spring greens,11,0.0011013215859030838
5546,garlic | sundried tomatoes,2,garlic,sundried tomatoes,11,0.0011013215859030838
5547,garlic | tarragon leaves,2,garlic,tarragon leaves,11,0.0011013215859030838
5548,garlic | waxy potatoes,2,garlic,waxy potatoes,11,0.0011013215859030838
5549,gelatine | milk,2,gelatine,milk,11,0.0011013215859030838
5550,ginger | lime juice,2,ginger,lime juice,11,0.0011013215859030838
5551,ginger | mayonnaise,2,ginger,mayonnaise,11,0.0011013215859030838
5552,ginger | peanut butter,2,ginger,peanut butter,11,0.0011013215859030838
5553,ginger | potato,2,ginger,potato,11,0.0011013215859030838
5554,ginger | red wine vinegar,2,ginger,red wine vinegar,11,0.0011013215859030838
5555,ginger | unsalted butter,2,ginger,unsalted butter,11,0.0011013215859030838
5556,ginger | white wine vinegar,2,ginger,white wine vinegar,11,0.0011013215859030838
5557,gochujang | soy sauce,2,gochujang,soy sauce,11,0.0011013215859030838
5558,golden caster sugar | oranges,2,golden caster sugar,oranges,11,0.0011013215859030838
5559,golden caster sugar | pecans,2,golden caster sugar,pecans,11,0.0011013215859030838
5560,golden caster sugar | red chilli,2,golden caster sugar,red chilli,11,0.0011013215859030838
5561,golden caster sugar | strawberry jam,2,golden caster sugar,strawberry jam,11,0.0011013215859030838
5562,golden caster sugar | strong white flour,2,golden caster sugar,strong white flour,11,0.0011013215859030838
5563,golden syrup | mixed spice,2,golden syrup,mixed spice,11,0.0011013215859030838
5564,granulated sugar | orange,2,granulated sugar,orange,11,0.0011013215859030838
5565,greek yogurt | ground turmeric,2,greek yogurt,ground turmeric,11,0.0011013215859030838
5566,greek yogurt | smoked paprika,2,greek yogurt,smoked paprika,11,0.0011013215859030838
5567,green chilli | smoked paprika,2,green chilli,smoked paprika,11,0.0011013215859030838
5568,green chillies | sunflower oil,2,green chillies,sunflower oil,11,0.0011013215859030838
5569,green lentils | onion,2,green lentils,onion,11,0.0011013215859030838
5570,green lentils | rapeseed oil,2,green lentils,rapeseed oil,11,0.0011013215859030838
5571,green olives | olive oil,2,green olives,olive oil,11,0.0011013215859030838
5572,green pepper | smoked paprika,2,green pepper,smoked paprika,11,0.0011013215859030838
5573,green pepper | vegetable oil,2,green pepper,vegetable oil,11,0.0011013215859030838
5574,green salad | plain flour,2,green salad,plain flour,11,0.0011013215859030838
5575,ground allspice | ground cumin,2,ground allspice,ground cumin,11,0.0011013215859030838
5576,ground almonds | mixed dried fruit,2,ground almonds,mixed dried fruit,11,0.0011013215859030838
5577,ground cinnamon | mint,2,ground cinnamon,mint,11,0.0011013215859030838
5578,ground cinnamon | soft light brown sugar,2,ground cinnamon,soft light brown sugar,11,0.0011013215859030838
5579,ground cinnamon | sugar,2,ground cinnamon,sugar,11,0.0011013215859030838
5580,ground cloves | icing sugar,2,ground cloves,icing sugar,11,0.0011013215859030838
5581,ground coriander | honey,2,ground coriander,honey,11,0.0011013215859030838
5582,ground coriander | lemon juice,2,ground coriander,lemon juice,11,0.0011013215859030838
5583,ground coriander | limes,2,ground coriander,limes,11,0.0011013215859030838
5584,ground coriander | red chillies,2,ground coriander,red chillies,11,0.0011013215859030838
5585,ground nutmeg | milk,2,ground nutmeg,milk,11,0.0011013215859030838
5586,ground nutmeg | thyme,2,ground nutmeg,thyme,11,0.0011013215859030838
5587,ground turmeric | mango chutney,2,ground turmeric,mango chutney,11,0.0011013215859030838
5588,ground turmeric | spring onions,2,ground turmeric,spring onions,11,0.0011013215859030838
5589,ground turmeric | tamarind paste,2,ground turmeric,tamarind paste,11,0.0011013215859030838
5590,groundnut oil | light soy sauce,2,groundnut oil,light soy sauce,11,0.0011013215859030838
5591,gruyère | milk,2,gruyère,milk,11,0.0011013215859030838
5592,gruyère | parmesan,2,gruyère,parmesan,11,0.0011013215859030838
5593,harissa | parsley,2,harissa,parsley,11,0.0011013215859030838
5594,harissa | red onion,2,harissa,red onion,11,0.0011013215859030838
5595,hazelnuts | icing sugar,2,hazelnuts,icing sugar,11,0.0011013215859030838
5596,hazelnuts | unsalted butter,2,hazelnuts,unsalted butter,11,0.0011013215859030838
5597,honey | natural yogurt,2,honey,natural yogurt,11,0.0011013215859030838
5598,honey | rice wine vinegar,2,honey,rice wine vinegar,11,0.0011013215859030838
5599,honey | soured cream,2,honey,soured cream,11,0.0011013215859030838
5600,hot sauce | mayonnaise,2,hot sauce,mayonnaise,11,0.0011013215859030838
5601,hummus | olive oil,2,hummus,olive oil,11,0.0011013215859030838
5602,ice | mint leaves,2,ice,mint leaves,11,0.0011013215859030838
5603,ice | rosemary,2,ice,rosemary,11,0.0011013215859030838
5604,icing sugar sieved | milk,2,icing sugar sieved,milk,11,0.0011013215859030838
5605,icing sugar sieved | plain flour,2,icing sugar sieved,plain flour,11,0.0011013215859030838
5606,icing sugar | liquid glucose,2,icing sugar,liquid glucose,11,0.0011013215859030838
5607,icing sugar | mint leaves,2,icing sugar,mint leaves,11,0.0011013215859030838
5608,icing sugar | pink food colouring,2,icing sugar,pink food colouring,11,0.0011013215859030838
5609,icing sugar | soured cream,2,icing sugar,soured cream,11,0.0011013215859030838
5610,icing sugar | vanilla pod seeds,2,icing sugar,vanilla pod seeds,11,0.0011013215859030838
5611,icing sugar | white wine vinegar,2,icing sugar,white wine vinegar,11,0.0011013215859030838
5612,juice | lemon,2,juice,lemon,11,0.0011013215859030838
5613,juice | parsley,2,juice,parsley,11,0.0011013215859030838
5614,kalamata olives | olive oil,2,kalamata olives,olive oil,11,0.0011013215859030838
5615,lamb mince | lemon,2,lamb mince,lemon,11,0.0011013215859030838
5616,lamb mince | mint,2,lamb mince,mint,11,0.0011013215859030838
5617,leeks | vegetable bouillon powder,2,leeks,vegetable bouillon powder,11,0.0011013215859030838
5618,lemon juice | parsley,2,lemon juice,parsley,11,0.0011013215859030838
5619,lemon juice | vodka,2,lemon juice,vodka,11,0.0011013215859030838
5620,lemon wedges | plain flour,2,lemon wedges,plain flour,11,0.0011013215859030838
5621,lemon | little gem lettuces,2,lemon,little gem lettuces,11,0.0011013215859030838
5622,lemon | marzipan,2,lemon,marzipan,11,0.0011013215859030838
5623,lemon | mixed peel,2,lemon,mixed peel,11,0.0011013215859030838
5624,lemon | ras el hanout,2,lemon,ras el hanout,11,0.0011013215859030838
5625,lemon | raw king prawns,2,lemon,raw king prawns,11,0.0011013215859030838
5626,lemon | sesame seeds,2,lemon,sesame seeds,11,0.0011013215859030838
5627,lemon | smoked salmon,2,lemon,smoked salmon,11,0.0011013215859030838
5628,lemon | soft cheese,2,lemon,soft cheese,11,0.0011013215859030838
5629,lemon | za’atar,2,lemon,za’atar,11,0.0011013215859030838
5630,lemongrass | shallots,2,lemongrass,shallots,11,0.0011013215859030838
5631,light brown soft sugar | red chilli,2,light brown soft sugar,red chilli,11,0.0011013215859030838
5632,light soy sauce | oyster sauce,2,light soy sauce,oyster sauce,11,0.0011013215859030838
5633,light soy sauce | rapeseed oil,2,light soy sauce,rapeseed oil,11,0.0011013215859030838
5634,lime juice | sugar syrup,2,lime juice,sugar syrup,11,0.0011013215859030838
5635,lime | oil,2,lime,oil,11,0.0011013215859030838
5636,lime | ripe avocados,2,lime,ripe avocados,11,0.0011013215859030838
5637,lime | sriracha,2,lime,sriracha,11,0.0011013215859030838
5638,lime | tortilla chips,2,lime,tortilla chips,11,0.0011013215859030838
5639,limes | red onions,2,limes,red onions,11,0.0011013215859030838
5640,limes | red pepper,2,limes,red pepper,11,0.0011013215859030838
5641,limes | ripe avocados,2,limes,ripe avocados,11,0.0011013215859030838
5642,macaroni | parmesan,2,macaroni,parmesan,11,0.0011013215859030838
5643,mango chutney | mayonnaise,2,mango chutney,mayonnaise,11,0.0011013215859030838
5644,mango chutney | red chilli,2,mango chutney,red chilli,11,0.0011013215859030838
5645,mango | red chilli,2,mango,red chilli,11,0.0011013215859030838
5646,maple syrup | parsnips,2,maple syrup,parsnips,11,0.0011013215859030838
5647,maple syrup | smoked paprika,2,maple syrup,smoked paprika,11,0.0011013215859030838
5648,mascarpone | self-raising flour,2,mascarpone,self-raising flour,11,0.0011013215859030838
5649,mature cheddar | parmesan,2,mature cheddar,parmesan,11,0.0011013215859030838
5650,mature cheddar | rapeseed oil,2,mature cheddar,rapeseed oil,11,0.0011013215859030838
5651,mature cheddar | thyme,2,mature cheddar,thyme,11,0.0011013215859030838
5652,mature cheddar | thyme leaves,2,mature cheddar,thyme leaves,11,0.0011013215859030838
5653,mature cheddar | wholegrain mustard,2,mature cheddar,wholegrain mustard,11,0.0011013215859030838
5654,mayonnaise | onion,2,mayonnaise,onion,11,0.0011013215859030838
5655,mayonnaise | red chilli,2,mayonnaise,red chilli,11,0.0011013215859030838
5656,mayonnaise | sriracha,2,mayonnaise,sriracha,11,0.0011013215859030838
5657,mayonnaise | worcestershire sauce,2,mayonnaise,worcestershire sauce,11,0.0011013215859030838
5658,milk | paprika,2,milk,paprika,11,0.0011013215859030838
5659,milk | raspberry jam,2,milk,raspberry jam,11,0.0011013215859030838
5660,milk | whole milk,2,milk,whole milk,11,0.0011013215859030838
5661,mint leaves | onions,2,mint leaves,onions,11,0.0011013215859030838
5662,mint leaves | pine nuts,2,mint leaves,pine nuts,11,0.0011013215859030838
5663,mint leaves | sesame oil,2,mint leaves,sesame oil,11,0.0011013215859030838
5664,mint leaves | sugar,2,mint leaves,sugar,11,0.0011013215859030838
5665,mint | pine nuts,2,mint,pine nuts,11,0.0011013215859030838
5666,mixed dried fruit | unsalted butter,2,mixed dried fruit,unsalted butter,11,0.0011013215859030838
5667,mozzarella | ricotta,2,mozzarella,ricotta,11,0.0011013215859030838
5668,mushrooms | onion,2,mushrooms,onion,11,0.0011013215859030838
5669,mustard seeds | turmeric,2,mustard seeds,turmeric,11,0.0011013215859030838
5670,natural yogurt | orange,2,natural yogurt,orange,11,0.0011013215859030838
5671,natural yogurt | tomato purée,2,natural yogurt,tomato purée,11,0.0011013215859030838
5672,new potatoes | onion,2,new potatoes,onion,11,0.0011013215859030838
5673,new potatoes | parsley,2,new potatoes,parsley,11,0.0011013215859030838
5674,new potatoes | rapeseed oil,2,new potatoes,rapeseed oil,11,0.0011013215859030838
5675,nigella seeds | red onion,2,nigella seeds,red onion,11,0.0011013215859030838
5676,nutmeg | red wine,2,nutmeg,red wine,11,0.0011013215859030838
5677,nutmeg | vanilla extract,2,nutmeg,vanilla extract,11,0.0011013215859030838
5678,oil | parmesan,2,oil,parmesan,11,0.0011013215859030838
5679,oil | strong white bread flour,2,oil,strong white bread flour,11,0.0011013215859030838
5680,oil | tomato purée,2,oil,tomato purée,11,0.0011013215859030838
5681,olive oil | parsley stalks and leaves,2,olive oil,parsley stalks and leaves,11,0.0011013215859030838
5682,olive oil | pecans,2,olive oil,pecans,11,0.0011013215859030838
5683,olive oil | pecorino,2,olive oil,pecorino,11,0.0011013215859030838
5684,olive oil | raw beetroot,2,olive oil,raw beetroot,11,0.0011013215859030838
5685,olive oil | ripe avocado,2,olive oil,ripe avocado,11,0.0011013215859030838
5686,olive oil | swede,2,olive oil,swede,11,0.0011013215859030838
5687,olive oil | tarragon leaves,2,olive oil,tarragon leaves,11,0.0011013215859030838
5688,olive oil | yogurt,2,olive oil,yogurt,11,0.0011013215859030838
5689,onion | orange,2,onion,orange,11,0.0011013215859030838
5690,onion | paella rice,2,onion,paella rice,11,0.0011013215859030838
5691,onion | panko breadcrumbs,2,onion,panko breadcrumbs,11,0.0011013215859030838
5692,onion | pork mince,2,onion,pork mince,11,0.0011013215859030838
5693,onion | raisins,2,onion,raisins,11,0.0011013215859030838
5694,onion | ripe tomatoes,2,onion,ripe tomatoes,11,0.0011013215859030838
5695,onion | salt,2,onion,salt,11,0.0011013215859030838
5696,onion | sherry vinegar,2,onion,sherry vinegar,11,0.0011013215859030838
5697,onion | skinless boneless chicken thighs,2,onion,skinless boneless chicken thighs,11,0.0011013215859030838
5698,onion | skinless chicken breasts,2,onion,skinless chicken breasts,11,0.0011013215859030838
5699,onion | smoked streaky bacon,2,onion,smoked streaky bacon,11,0.0011013215859030838
5700,onion | sweetcorn,2,onion,sweetcorn,11,0.0011013215859030838
5701,onion | tamarind paste,2,onion,tamarind paste,11,0.0011013215859030838
5702,onions | red lentils,2,onions,red lentils,11,0.0011013215859030838
5703,onions | rice,2,onions,rice,11,0.0011013215859030838
5704,orange | sunflower oil,2,orange,sunflower oil,11,0.0011013215859030838
5705,orange | vegetable oil,2,orange,vegetable oil,11,0.0011013215859030838
5706,pak choi | sesame oil,2,pak choi,sesame oil,11,0.0011013215859030838
5707,paprika | parsley,2,paprika,parsley,11,0.0011013215859030838
5708,paprika | turmeric,2,paprika,turmeric,11,0.0011013215859030838
5709,parsley leaves | red wine vinegar,2,parsley leaves,red wine vinegar,11,0.0011013215859030838
5710,parsley | sweet smoked paprika,2,parsley,sweet smoked paprika,11,0.0011013215859030838
5711,parsley | thyme leaves,2,parsley,thyme leaves,11,0.0011013215859030838
5712,parsley | whole milk,2,parsley,whole milk,11,0.0011013215859030838
5713,passata | vegetable stock,2,passata,vegetable stock,11,0.0011013215859030838
5714,peanut butter | soy sauce,2,peanut butter,soy sauce,11,0.0011013215859030838
5715,plain flour | single cream,2,plain flour,single cream,11,0.0011013215859030838
5716,plain flour | smoked bacon lardons,2,plain flour,smoked bacon lardons,11,0.0011013215859030838
5717,plain flour | star anise,2,plain flour,star anise,11,0.0011013215859030838
5718,plain flour | sweet potatoes,2,plain flour,sweet potatoes,11,0.0011013215859030838
5719,plain flour | vanilla paste,2,plain flour,vanilla paste,11,0.0011013215859030838
5720,plain flour | yeast extract,2,plain flour,yeast extract,11,0.0011013215859030838
5721,pomegranate seeds | rapeseed oil,2,pomegranate seeds,rapeseed oil,11,0.0011013215859030838
5722,pomegranate seeds | spring onions,2,pomegranate seeds,spring onions,11,0.0011013215859030838
5723,potatoes | thyme leaves,2,potatoes,thyme leaves,11,0.0011013215859030838
5724,prawns | spring onions,2,prawns,spring onions,11,0.0011013215859030838
5725,radishes | red chilli,2,radishes,red chilli,11,0.0011013215859030838
5726,rapeseed oil | sweetcorn,2,rapeseed oil,sweetcorn,11,0.0011013215859030838
5727,rapeseed oil | wholegrain mustard,2,rapeseed oil,wholegrain mustard,11,0.0011013215859030838
5728,raspberries | strawberries,2,raspberries,strawberries,11,0.0011013215859030838
5729,red chilli | sherry vinegar,2,red chilli,sherry vinegar,11,0.0011013215859030838
5730,red onion | rice,2,red onion,rice,11,0.0011013215859030838
5731,red onions | tahini,2,red onions,tahini,11,0.0011013215859030838
5732,red onions | thyme,2,red onions,thyme,11,0.0011013215859030838
5733,red onions | thyme leaves,2,red onions,thyme leaves,11,0.0011013215859030838
5734,red pepper | soy sauce,2,red pepper,soy sauce,11,0.0011013215859030838
5735,red peppers | vegetable oil,2,red peppers,vegetable oil,11,0.0011013215859030838
5736,red wine vinegar | rosemary,2,red wine vinegar,rosemary,11,0.0011013215859030838
5737,red wine vinegar | shallots,2,red wine vinegar,shallots,11,0.0011013215859030838
5738,red wine vinegar | soy sauce,2,red wine vinegar,soy sauce,11,0.0011013215859030838
5739,red wine vinegar | vegetable stock,2,red wine vinegar,vegetable stock,11,0.0011013215859030838
5740,red wine | star anise,2,red wine,star anise,11,0.0011013215859030838
5741,salt | strong white bread flour,2,salt,strong white bread flour,11,0.0011013215859030838
5742,self-raising flour | soft cheese,2,self-raising flour,soft cheese,11,0.0011013215859030838
5743,self-raising flour | thyme,2,self-raising flour,thyme,11,0.0011013215859030838
5744,self-raising flour | vanilla ice cream,2,self-raising flour,vanilla ice cream,11,0.0011013215859030838
5745,sesame oil | shaoxing rice wine,2,sesame oil,shaoxing rice wine,11,0.0011013215859030838
5746,slightly salted butter | vegetable oil,2,slightly salted butter,vegetable oil,11,0.0011013215859030838
5747,smoked paprika | sweetcorn,2,smoked paprika,sweetcorn,11,0.0011013215859030838
5748,smoked paprika | unsalted butter,2,smoked paprika,unsalted butter,11,0.0011013215859030838
5749,smoked paprika | worcestershire sauce,2,smoked paprika,worcestershire sauce,11,0.0011013215859030838
5750,soft butter | vanilla extract,2,soft butter,vanilla extract,11,0.0011013215859030838
5751,soft cheese | vegetable oil,2,soft cheese,vegetable oil,11,0.0011013215859030838
5752,spinach | spring onions,2,spinach,spring onions,11,0.0011013215859030838
5753,spinach | sunflower oil,2,spinach,sunflower oil,11,0.0011013215859030838
5754,spring onions | turmeric,2,spring onions,turmeric,11,0.0011013215859030838
5755,spring onions | white wine vinegar,2,spring onions,white wine vinegar,11,0.0011013215859030838
5756,sugar | white wine vinegar,2,sugar,white wine vinegar,11,0.0011013215859030838
5757,sunflower oil | vegetable stock,2,sunflower oil,vegetable stock,11,0.0011013215859030838
5758,sweet chilli sauce | vegetable oil,2,sweet chilli sauce,vegetable oil,11,0.0011013215859030838
5759,sweet potatoes | vegetable stock,2,sweet potatoes,vegetable stock,11,0.0011013215859030838
5760,thyme | white wine vinegar,2,thyme,white wine vinegar,11,0.0011013215859030838
5761,tomato purée | whole milk,2,tomato purée,whole milk,11,0.0011013215859030838
5762,unsalted butter | white caster sugar,2,unsalted butter,white caster sugar,11,0.0011013215859030838
5763,vanilla pod | whole milk,2,vanilla pod,whole milk,11,0.0011013215859030838
5764,vegetable stock | white wine,2,vegetable stock,white wine,11,0.0011013215859030838
5765,all-butter puff pastry | butter,2,all-butter puff pastry,butter,10,0.001001201441730076
5766,all-butter puff pastry | egg,2,all-butter puff pastry,egg,10,0.001001201441730076
5767,allspice | ground cinnamon,2,allspice,ground cinnamon,10,0.001001201441730076
5768,almond extract | egg,2,almond extract,egg,10,0.001001201441730076
5769,almond extract | milk,2,almond extract,milk,10,0.001001201441730076
5770,almonds | olive oil,2,almonds,olive oil,10,0.001001201441730076
5771,apple cider vinegar | carrots,2,apple cider vinegar,carrots,10,0.001001201441730076
5772,apple cider vinegar | onion,2,apple cider vinegar,onion,10,0.001001201441730076
5773,apple cider vinegar | rapeseed oil,2,apple cider vinegar,rapeseed oil,10,0.001001201441730076
5774,apple cider vinegar | spring onions,2,apple cider vinegar,spring onions,10,0.001001201441730076
5775,apple cider vinegar | sunflower oil,2,apple cider vinegar,sunflower oil,10,0.001001201441730076
5776,apples | ground cinnamon,2,apples,ground cinnamon,10,0.001001201441730076
5777,apples | lemon,2,apples,lemon,10,0.001001201441730076
5778,asparagus | butter,2,asparagus,butter,10,0.001001201441730076
5779,aubergine | cumin seeds,2,aubergine,cumin seeds,10,0.001001201441730076
5780,aubergine | extra virgin olive oil,2,aubergine,extra virgin olive oil,10,0.001001201441730076
5781,aubergine | ground coriander,2,aubergine,ground coriander,10,0.001001201441730076
5782,aubergine | vegetable bouillon powder,2,aubergine,vegetable bouillon powder,10,0.001001201441730076
5783,aubergines | plain flour,2,aubergines,plain flour,10,0.001001201441730076
5784,aubergines | soy sauce,2,aubergines,soy sauce,10,0.001001201441730076
5785,aubergines | tomatoes,2,aubergines,tomatoes,10,0.001001201441730076
5786,avocado | cheddar,2,avocado,cheddar,10,0.001001201441730076
5787,avocado | chilli flakes,2,avocado,chilli flakes,10,0.001001201441730076
5788,avocado | chipotle paste,2,avocado,chipotle paste,10,0.001001201441730076
5789,avocado | extra virgin olive oil,2,avocado,extra virgin olive oil,10,0.001001201441730076
5790,baby leaf spinach | garlic,2,baby leaf spinach,garlic,10,0.001001201441730076
5791,baby new potatoes | garlic,2,baby new potatoes,garlic,10,0.001001201441730076
5792,baby potatoes | olive oil,2,baby potatoes,olive oil,10,0.001001201441730076
5793,baby spinach | cherry tomatoes,2,baby spinach,cherry tomatoes,10,0.001001201441730076
5794,baby spinach | ground coriander,2,baby spinach,ground coriander,10,0.001001201441730076
5795,baby spinach | parsley,2,baby spinach,parsley,10,0.001001201441730076
5796,bacon lardons | butter,2,bacon lardons,butter,10,0.001001201441730076
5797,baking powder | chives,2,baking powder,chives,10,0.001001201441730076
5798,baking powder | dried cranberries,2,baking powder,dried cranberries,10,0.001001201441730076
5799,baking powder | full-fat milk,2,baking powder,full-fat milk,10,0.001001201441730076
5800,baking powder | light brown sugar,2,baking powder,light brown sugar,10,0.001001201441730076
5801,baking powder | oranges,2,baking powder,oranges,10,0.001001201441730076
5802,baking powder | self raising flour,2,baking powder,self raising flour,10,0.001001201441730076
5803,baking powder | tahini,2,baking powder,tahini,10,0.001001201441730076
5804,balsamic vinegar | chopped tomatoes,2,balsamic vinegar,chopped tomatoes,10,0.001001201441730076
5805,balsamic vinegar | cucumber,2,balsamic vinegar,cucumber,10,0.001001201441730076
5806,balsamic vinegar | potatoes,2,balsamic vinegar,potatoes,10,0.001001201441730076
5807,balsamic vinegar | thyme leaves,2,balsamic vinegar,thyme leaves,10,0.001001201441730076
5808,banana shallots | parsley,2,banana shallots,parsley,10,0.001001201441730076
5809,banana shallots | plain flour,2,banana shallots,plain flour,10,0.001001201441730076
5810,basil leaves | milk,2,basil leaves,milk,10,0.001001201441730076
5811,basil leaves | passata,2,basil leaves,passata,10,0.001001201441730076
5812,basil | butter,2,basil,butter,10,0.001001201441730076
5813,basil | caster sugar,2,basil,caster sugar,10,0.001001201441730076
5814,basmati rice | chickpeas,2,basmati rice,chickpeas,10,0.001001201441730076
5815,basmati rice | green chilli,2,basmati rice,green chilli,10,0.001001201441730076
5816,basmati rice | spring onions,2,basmati rice,spring onions,10,0.001001201441730076
5817,bay leaf | potatoes,2,bay leaf,potatoes,10,0.001001201441730076
5818,bay leaf | tomatoes,2,bay leaf,tomatoes,10,0.001001201441730076
5819,bay leaf | unsalted butter,2,bay leaf,unsalted butter,10,0.001001201441730076
5820,bay leaves | beef mince,2,bay leaves,beef mince,10,0.001001201441730076
5821,bay leaves | cardamom pods,2,bay leaves,cardamom pods,10,0.001001201441730076
5822,bay leaves | eggs,2,bay leaves,eggs,10,0.001001201441730076
5823,bay leaves | honey,2,bay leaves,honey,10,0.001001201441730076
5824,bay leaves | juniper berries,2,bay leaves,juniper berries,10,0.001001201441730076
5825,bay leaves | mature cheddar,2,bay leaves,mature cheddar,10,0.001001201441730076
5826,bay leaves | mushrooms,2,bay leaves,mushrooms,10,0.001001201441730076
5827,bay leaves | parsley leaves,2,bay leaves,parsley leaves,10,0.001001201441730076
5828,bay leaves | wholegrain mustard,2,bay leaves,wholegrain mustard,10,0.001001201441730076
5829,beef mince | butter,2,beef mince,butter,10,0.001001201441730076
5830,beef mince | carrot,2,beef mince,carrot,10,0.001001201441730076
5831,beef mince | onions,2,beef mince,onions,10,0.001001201441730076
5832,beef mince | plain flour,2,beef mince,plain flour,10,0.001001201441730076
5833,beef mince | vegetable oil,2,beef mince,vegetable oil,10,0.001001201441730076
5834,beef stock | dried oregano,2,beef stock,dried oregano,10,0.001001201441730076
5835,beef stock | ground cumin,2,beef stock,ground cumin,10,0.001001201441730076
5836,beetroot | onion,2,beetroot,onion,10,0.001001201441730076
5837,bicarbonate of soda | sugar,2,bicarbonate of soda,sugar,10,0.001001201441730076
5838,bicarbonate of soda | whole milk,2,bicarbonate of soda,whole milk,10,0.001001201441730076
5839,bicarbonate of soda | wholemeal flour,2,bicarbonate of soda,wholemeal flour,10,0.001001201441730076
5840,bio yogurt | english mustard powder,2,bio yogurt,english mustard powder,10,0.001001201441730076
5841,bitters | sugar syrup,2,bitters,sugar syrup,10,0.001001201441730076
5842,black beans | red onions,2,black beans,red onions,10,0.001001201441730076
5843,black beans | tortilla chips,2,black beans,tortilla chips,10,0.001001201441730076
5844,black pepper | lemon,2,black pepper,lemon,10,0.001001201441730076
5845,black pepper | olive oil,2,black pepper,olive oil,10,0.001001201441730076
5846,black peppercorns | cider vinegar,2,black peppercorns,cider vinegar,10,0.001001201441730076
5847,black peppercorns | nutmeg,2,black peppercorns,nutmeg,10,0.001001201441730076
5848,black peppercorns | shallots,2,black peppercorns,shallots,10,0.001001201441730076
5849,black peppercorns | sunflower oil,2,black peppercorns,sunflower oil,10,0.001001201441730076
5850,black sesame seeds | sesame oil,2,black sesame seeds,sesame oil,10,0.001001201441730076
5851,black treacle | plain flour,2,black treacle,plain flour,10,0.001001201441730076
5852,blackberries | caster sugar,2,blackberries,caster sugar,10,0.001001201441730076
5853,blanched almonds | caster sugar,2,blanched almonds,caster sugar,10,0.001001201441730076
5854,blanched hazelnuts | butter,2,blanched hazelnuts,butter,10,0.001001201441730076
5855,blueberries | lemon,2,blueberries,lemon,10,0.001001201441730076
5856,bramley apples | butter,2,bramley apples,butter,10,0.001001201441730076
5857,bramley apples | plain flour,2,bramley apples,plain flour,10,0.001001201441730076
5858,brandy | icing sugar,2,brandy,icing sugar,10,0.001001201441730076
5859,brandy | plain flour,2,brandy,plain flour,10,0.001001201441730076
5860,brandy | raisins,2,brandy,raisins,10,0.001001201441730076
5861,breadcrumbs | butter,2,breadcrumbs,butter,10,0.001001201441730076
5862,broad beans | spring onions,2,broad beans,spring onions,10,0.001001201441730076
5863,broccoli | red chilli,2,broccoli,red chilli,10,0.001001201441730076
5864,brown basmati rice | chopped tomatoes,2,brown basmati rice,chopped tomatoes,10,0.001001201441730076
5865,brown basmati rice | olive oil,2,brown basmati rice,olive oil,10,0.001001201441730076
5866,brown sugar | lime,2,brown sugar,lime,10,0.001001201441730076
5867,brown sugar | red chilli,2,brown sugar,red chilli,10,0.001001201441730076
5868,butter beans | feta,2,butter beans,feta,10,0.001001201441730076
5869,butter beans | rapeseed oil,2,butter beans,rapeseed oil,10,0.001001201441730076
5870,butter beans | tomato purée,2,butter beans,tomato purée,10,0.001001201441730076
5871,butter | chocolate chips,2,butter,chocolate chips,10,0.001001201441730076
5872,butter | coriander seeds,2,butter,coriander seeds,10,0.001001201441730076
5873,butter | courgette,2,butter,courgette,10,0.001001201441730076
5874,butter | dried apricots,2,butter,dried apricots,10,0.001001201441730076
5875,butter | egg white,2,butter,egg white,10,0.001001201441730076
5876,butter | gelatine,2,butter,gelatine,10,0.001001201441730076
5877,butter | ground allspice,2,butter,ground allspice,10,0.001001201441730076
5878,butter | ground mace,2,butter,ground mace,10,0.001001201441730076
5879,butter | lard,2,butter,lard,10,0.001001201441730076
5880,butter | mango chutney,2,butter,mango chutney,10,0.001001201441730076
5881,butter | nigella seeds,2,butter,nigella seeds,10,0.001001201441730076
5882,butter | orange juice,2,butter,orange juice,10,0.001001201441730076
5883,butter | poppy seeds,2,butter,poppy seeds,10,0.001001201441730076
5884,butter | red peppers,2,butter,red peppers,10,0.001001201441730076
5885,butter | smoked salmon,2,butter,smoked salmon,10,0.001001201441730076
5886,butter | strong white flour,2,butter,strong white flour,10,0.001001201441730076
5887,butter | vegetable or chicken stock,2,butter,vegetable or chicken stock,10,0.001001201441730076
5888,buttermilk | unsalted butter,2,buttermilk,unsalted butter,10,0.001001201441730076
5889,butternut squash | carrots,2,butternut squash,carrots,10,0.001001201441730076
5890,butternut squash | eggs,2,butternut squash,eggs,10,0.001001201441730076
5891,butternut squash | feta,2,butternut squash,feta,10,0.001001201441730076
5892,butternut squash | parsley,2,butternut squash,parsley,10,0.001001201441730076
5893,butternut squash | sage,2,butternut squash,sage,10,0.001001201441730076
5894,button mushrooms | onion,2,button mushrooms,onion,10,0.001001201441730076
5895,button mushrooms | plain flour,2,button mushrooms,plain flour,10,0.001001201441730076
5896,cannellini beans | tomato purée,2,cannellini beans,tomato purée,10,0.001001201441730076
5897,capers | tarragon,2,capers,tarragon,10,0.001001201441730076
5898,cardamom pods | golden caster sugar,2,cardamom pods,golden caster sugar,10,0.001001201441730076
5899,cardamom pods | ground cumin,2,cardamom pods,ground cumin,10,0.001001201441730076
5900,carrot | coriander leaves,2,carrot,coriander leaves,10,0.001001201441730076
5901,carrot | double cream,2,carrot,double cream,10,0.001001201441730076
5902,carrot | frozen peas,2,carrot,frozen peas,10,0.001001201441730076
5903,carrot | orange,2,carrot,orange,10,0.001001201441730076
5904,carrot | red cabbage,2,carrot,red cabbage,10,0.001001201441730076
5905,carrot | white wine,2,carrot,white wine,10,0.001001201441730076
5906,carrots | coriander seeds,2,carrots,coriander seeds,10,0.001001201441730076
5907,carrots | feta,2,carrots,feta,10,0.001001201441730076
5908,carrots | fish sauce,2,carrots,fish sauce,10,0.001001201441730076
5909,carrots | lemon juice,2,carrots,lemon juice,10,0.001001201441730076
5910,carrots | limes,2,carrots,limes,10,0.001001201441730076
5911,carrots | mint,2,carrots,mint,10,0.001001201441730076
5912,carrots | mushrooms,2,carrots,mushrooms,10,0.001001201441730076
5913,carrots | parsley leaves,2,carrots,parsley leaves,10,0.001001201441730076
5914,carrots | passata,2,carrots,passata,10,0.001001201441730076
5915,carrots | rice vinegar,2,carrots,rice vinegar,10,0.001001201441730076
5916,carrots | walnuts,2,carrots,walnuts,10,0.001001201441730076
5917,carrots | white cabbage,2,carrots,white cabbage,10,0.001001201441730076
5918,carton passata | olive oil,2,carton passata,olive oil,10,0.001001201441730076
5919,cashews | garlic,2,cashews,garlic,10,0.001001201441730076
5920,caster sugar | cocoa powder sieved,2,caster sugar,cocoa powder sieved,10,0.001001201441730076
5921,caster sugar | dried oregano,2,caster sugar,dried oregano,10,0.001001201441730076
5922,caster sugar | elderflower cordial,2,caster sugar,elderflower cordial,10,0.001001201441730076
5923,caster sugar | fish sauce,2,caster sugar,fish sauce,10,0.001001201441730076
5924,caster sugar | radishes,2,caster sugar,radishes,10,0.001001201441730076
5925,caster sugar | thyme,2,caster sugar,thyme,10,0.001001201441730076
5926,caster sugar | vodka,2,caster sugar,vodka,10,0.001001201441730076
5927,cauliflower | double cream,2,cauliflower,double cream,10,0.001001201441730076
5928,cauliflower | smoked paprika,2,cauliflower,smoked paprika,10,0.001001201441730076
5929,cayenne pepper | chives,2,cayenne pepper,chives,10,0.001001201441730076
5930,cayenne pepper | coriander,2,cayenne pepper,coriander,10,0.001001201441730076
5931,cayenne pepper | garlic powder,2,cayenne pepper,garlic powder,10,0.001001201441730076
5932,cayenne pepper | white wine vinegar,2,cayenne pepper,white wine vinegar,10,0.001001201441730076
5933,celeriac | rapeseed oil,2,celeriac,rapeseed oil,10,0.001001201441730076
5934,celery | chestnut mushrooms,2,celery,chestnut mushrooms,10,0.001001201441730076
5935,celery | chickpeas,2,celery,chickpeas,10,0.001001201441730076
5936,celery | dill,2,celery,dill,10,0.001001201441730076
5937,celery | ginger,2,celery,ginger,10,0.001001201441730076
5938,celery | parsley leaves,2,celery,parsley leaves,10,0.001001201441730076
5939,celery | spaghetti,2,celery,spaghetti,10,0.001001201441730076
5940,chaat masala | red onion,2,chaat masala,red onion,10,0.001001201441730076
5941,cheddar | coriander,2,cheddar,coriander,10,0.001001201441730076
5942,cheddar | mozzarella,2,cheddar,mozzarella,10,0.001001201441730076
5943,cherry tomatoes on the vine | olive oil,2,cherry tomatoes on the vine,olive oil,10,0.001001201441730076
5944,cherry tomatoes | honey,2,cherry tomatoes,honey,10,0.001001201441730076
5945,cherry tomatoes | juice,2,cherry tomatoes,juice,10,0.001001201441730076
5946,cherry tomatoes | natural yogurt,2,cherry tomatoes,natural yogurt,10,0.001001201441730076
5947,chicken breast | olive oil,2,chicken breast,olive oil,10,0.001001201441730076
5948,chicken breasts | ground cumin,2,chicken breasts,ground cumin,10,0.001001201441730076
5949,chicken breasts | parsley,2,chicken breasts,parsley,10,0.001001201441730076
5950,chicken breasts | soy sauce,2,chicken breasts,soy sauce,10,0.001001201441730076
5951,chicken stock | coconut milk,2,chicken stock,coconut milk,10,0.001001201441730076
5952,chicken stock | crème fraîche,2,chicken stock,crème fraîche,10,0.001001201441730076
5953,chicken stock | dried oregano,2,chicken stock,dried oregano,10,0.001001201441730076
5954,chicken stock | fish sauce,2,chicken stock,fish sauce,10,0.001001201441730076
5955,chicken stock | golden caster sugar,2,chicken stock,golden caster sugar,10,0.001001201441730076
5956,chicken stock | ground coriander,2,chicken stock,ground coriander,10,0.001001201441730076
5957,chicken stock | red onions,2,chicken stock,red onions,10,0.001001201441730076
5958,chicken stock | sesame oil,2,chicken stock,sesame oil,10,0.001001201441730076
5959,chicken stock | shallots,2,chicken stock,shallots,10,0.001001201441730076
5960,chicken wings | vegetable oil,2,chicken wings,vegetable oil,10,0.001001201441730076
5961,chicken | chicken stock,2,chicken,chicken stock,10,0.001001201441730076
5962,chickpea | garlic,2,chickpea,garlic,10,0.001001201441730076
5963,chickpeas | honey,2,chickpeas,honey,10,0.001001201441730076
5964,chickpeas | oil,2,chickpeas,oil,10,0.001001201441730076
5965,chickpeas | pine nuts,2,chickpeas,pine nuts,10,0.001001201441730076
5966,chickpeas | red wine vinegar,2,chickpeas,red wine vinegar,10,0.001001201441730076
5967,chickpeas | sugar,2,chickpeas,sugar,10,0.001001201441730076
5968,chickpeas | sunflower oil,2,chickpeas,sunflower oil,10,0.001001201441730076
5969,chilli flakes | fennel,2,chilli flakes,fennel,10,0.001001201441730076
5970,chilli flakes | ground cinnamon,2,chilli flakes,ground cinnamon,10,0.001001201441730076
5971,chilli flakes | ground turmeric,2,chilli flakes,ground turmeric,10,0.001001201441730076
5972,chilli flakes | red pepper,2,chilli flakes,red pepper,10,0.001001201441730076
5973,chilli flakes | red peppers,2,chilli flakes,red peppers,10,0.001001201441730076
5974,chilli flakes | sweet potatoes,2,chilli flakes,sweet potatoes,10,0.001001201441730076
5975,chilli powder | cinnamon,2,chilli powder,cinnamon,10,0.001001201441730076
5976,chilli powder | cornflour,2,chilli powder,cornflour,10,0.001001201441730076
5977,chilli powder | ghee,2,chilli powder,ghee,10,0.001001201441730076
5978,chilli powder | rapeseed oil,2,chilli powder,rapeseed oil,10,0.001001201441730076
5979,chilli powder | spring onions,2,chilli powder,spring onions,10,0.001001201441730076
5980,chilli powder | tomatoes,2,chilli powder,tomatoes,10,0.001001201441730076
5981,chipotle paste | passata,2,chipotle paste,passata,10,0.001001201441730076
5982,chipotle paste | soured cream,2,chipotle paste,soured cream,10,0.001001201441730076
5983,chipotle paste | spring onions,2,chipotle paste,spring onions,10,0.001001201441730076
5984,chives | honey,2,chives,honey,10,0.001001201441730076
5985,chives | juice,2,chives,juice,10,0.001001201441730076
5986,chives | shallots,2,chives,shallots,10,0.001001201441730076
5987,chives | unsalted butter,2,chives,unsalted butter,10,0.001001201441730076
5988,chocolate | plain flour,2,chocolate,plain flour,10,0.001001201441730076
5989,chopped tomatoes | crusty bread,2,chopped tomatoes,crusty bread,10,0.001001201441730076
5990,chopped tomatoes | double cream,2,chopped tomatoes,double cream,10,0.001001201441730076
5991,chopped tomatoes | feta,2,chopped tomatoes,feta,10,0.001001201441730076
5992,chopped tomatoes | fresh breadcrumbs,2,chopped tomatoes,fresh breadcrumbs,10,0.001001201441730076
5993,chopped tomatoes | mature cheddar,2,chopped tomatoes,mature cheddar,10,0.001001201441730076
5994,chopped tomatoes | paprika,2,chopped tomatoes,paprika,10,0.001001201441730076
5995,chorizo ring | olive oil,2,chorizo ring,olive oil,10,0.001001201441730076
5996,cider vinegar | coriander seeds,2,cider vinegar,coriander seeds,10,0.001001201441730076
5997,cider vinegar | mayonnaise,2,cider vinegar,mayonnaise,10,0.001001201441730076
5998,cider vinegar | parsley,2,cider vinegar,parsley,10,0.001001201441730076
5999,cider vinegar | spring onions,2,cider vinegar,spring onions,10,0.001001201441730076
6000,cider vinegar | thyme,2,cider vinegar,thyme,10,0.001001201441730076
6001,cider vinegar | wholegrain mustard,2,cider vinegar,wholegrain mustard,10,0.001001201441730076
6002,cinnamon sticks | ginger,2,cinnamon sticks,ginger,10,0.001001201441730076
6003,cinnamon | coconut milk,2,cinnamon,coconut milk,10,0.001001201441730076
6004,cinnamon | egg yolks,2,cinnamon,egg yolks,10,0.001001201441730076
6005,cinnamon | fast-action dried yeast,2,cinnamon,fast-action dried yeast,10,0.001001201441730076
6006,cinnamon | green chilli,2,cinnamon,green chilli,10,0.001001201441730076
6007,cinnamon | ice,2,cinnamon,ice,10,0.001001201441730076
6008,cinnamon | porridge oats,2,cinnamon,porridge oats,10,0.001001201441730076
6009,clear honey | egg,2,clear honey,egg,10,0.001001201441730076
6010,clear honey | ground cinnamon,2,clear honey,ground cinnamon,10,0.001001201441730076
6011,clear honey | lemons,2,clear honey,lemons,10,0.001001201441730076
6012,clear honey | parsley,2,clear honey,parsley,10,0.001001201441730076
6013,clear honey | sherry vinegar,2,clear honey,sherry vinegar,10,0.001001201441730076
6014,clear honey | wholegrain mustard,2,clear honey,wholegrain mustard,10,0.001001201441730076
6015,clotted cream | eggs,2,clotted cream,eggs,10,0.001001201441730076
6016,cloves | turmeric,2,cloves,turmeric,10,0.001001201441730076
6017,cocoa powder | egg whites,2,cocoa powder,egg whites,10,0.001001201441730076
6018,cocoa powder | ground cinnamon,2,cocoa powder,ground cinnamon,10,0.001001201441730076
6019,cocoa powder | orange,2,cocoa powder,orange,10,0.001001201441730076
6020,cocoa | self-raising flour,2,cocoa,self-raising flour,10,0.001001201441730076
6021,coconut cream | ginger,2,coconut cream,ginger,10,0.001001201441730076
6022,coconut milk | green beans,2,coconut milk,green beans,10,0.001001201441730076
6023,coconut milk | maple syrup,2,coconut milk,maple syrup,10,0.001001201441730076
6024,coconut milk | thai green curry paste,2,coconut milk,thai green curry paste,10,0.001001201441730076
6025,coconut milk | thai red curry paste,2,coconut milk,thai red curry paste,10,0.001001201441730076
6026,coconut oil | onion,2,coconut oil,onion,10,0.001001201441730076
6027,cold butter | cornflour,2,cold butter,cornflour,10,0.001001201441730076
6028,cold butter | ground almonds,2,cold butter,ground almonds,10,0.001001201441730076
6029,cold butter | onion,2,cold butter,onion,10,0.001001201441730076
6030,cold butter | onions,2,cold butter,onions,10,0.001001201441730076
6031,cold salted butter | plain flour,2,cold salted butter,plain flour,10,0.001001201441730076
6032,cold unsalted butter | egg,2,cold unsalted butter,egg,10,0.001001201441730076
6033,cold-pressed rapeseed oil | coriander,2,cold-pressed rapeseed oil,coriander,10,0.001001201441730076
6034,cooking chorizo | parsley,2,cooking chorizo,parsley,10,0.001001201441730076
6035,coriander leaves and stalks | garlic,2,coriander leaves and stalks,garlic,10,0.001001201441730076
6036,coriander leaves | coriander seeds,2,coriander leaves,coriander seeds,10,0.001001201441730076
6037,coriander leaves | rapeseed oil,2,coriander leaves,rapeseed oil,10,0.001001201441730076
6038,coriander leaves | red wine vinegar,2,coriander leaves,red wine vinegar,10,0.001001201441730076
6039,coriander leaves | rice,2,coriander leaves,rice,10,0.001001201441730076
6040,coriander seeds | cucumber,2,coriander seeds,cucumber,10,0.001001201441730076
6041,coriander seeds | golden caster sugar,2,coriander seeds,golden caster sugar,10,0.001001201441730076
6042,coriander seeds | natural yogurt,2,coriander seeds,natural yogurt,10,0.001001201441730076
6043,coriander seeds | plain flour,2,coriander seeds,plain flour,10,0.001001201441730076
6044,coriander seeds | red wine vinegar,2,coriander seeds,red wine vinegar,10,0.001001201441730076
6045,coriander | flaked almonds,2,coriander,flaked almonds,10,0.001001201441730076
6046,coriander | fresh ginger,2,coriander,fresh ginger,10,0.001001201441730076
6047,coriander | harissa,2,coriander,harissa,10,0.001001201441730076
6048,coriander | hot chilli powder,2,coriander,hot chilli powder,10,0.001001201441730076
6049,coriander | lamb mince,2,coriander,lamb mince,10,0.001001201441730076
6050,coriander | light brown soft sugar,2,coriander,light brown soft sugar,10,0.001001201441730076
6051,coriander | new potatoes,2,coriander,new potatoes,10,0.001001201441730076
6052,coriander | paneer,2,coriander,paneer,10,0.001001201441730076
6053,coriander | shallot,2,coriander,shallot,10,0.001001201441730076
6054,coriander | shallots,2,coriander,shallots,10,0.001001201441730076
6055,coriander | sriracha,2,coriander,sriracha,10,0.001001201441730076
6056,coriander | tortilla chips,2,coriander,tortilla chips,10,0.001001201441730076
6057,cornflour | demerara sugar,2,cornflour,demerara sugar,10,0.001001201441730076
6058,cornflour | dijon mustard,2,cornflour,dijon mustard,10,0.001001201441730076
6059,cornflour | egg yolk,2,cornflour,egg yolk,10,0.001001201441730076
6060,cornflour | garlic granules,2,cornflour,garlic granules,10,0.001001201441730076
6061,cornflour | golden syrup,2,cornflour,golden syrup,10,0.001001201441730076
6062,cornflour | granulated sugar,2,cornflour,granulated sugar,10,0.001001201441730076
6063,cornflour | lemons,2,cornflour,lemons,10,0.001001201441730076
6064,cornflour | parsley,2,cornflour,parsley,10,0.001001201441730076
6065,cornflour | raspberries,2,cornflour,raspberries,10,0.001001201441730076
6066,cornflour | strawberries,2,cornflour,strawberries,10,0.001001201441730076
6067,courgette | egg,2,courgette,egg,10,0.001001201441730076
6068,courgette | vegetable oil,2,courgette,vegetable oil,10,0.001001201441730076
6069,courgettes | ground cumin,2,courgettes,ground cumin,10,0.001001201441730076
6070,courgettes | thyme leaves,2,courgettes,thyme leaves,10,0.001001201441730076
6071,crusty bread | tomato purée,2,crusty bread,tomato purée,10,0.001001201441730076
6072,crème fraîche | vegetable stock,2,crème fraîche,vegetable stock,10,0.001001201441730076
6073,cumin seeds | sweet potatoes,2,cumin seeds,sweet potatoes,10,0.001001201441730076
6074,cumin | smoked paprika,2,cumin,smoked paprika,10,0.001001201441730076
6075,custard powder | vanilla extract,2,custard powder,vanilla extract,10,0.001001201441730076
6076,dark brown soft sugar | self-raising flour,2,dark brown soft sugar,self-raising flour,10,0.001001201441730076
6077,dark chocolate | mini marshmallows,2,dark chocolate,mini marshmallows,10,0.001001201441730076
6078,dark chocolate | pistachios,2,dark chocolate,pistachios,10,0.001001201441730076
6079,dark chocolate | vanilla ice cream,2,dark chocolate,vanilla ice cream,10,0.001001201441730076
6080,dark muscovado sugar | icing sugar,2,dark muscovado sugar,icing sugar,10,0.001001201441730076
6081,dark muscovado sugar | lemon,2,dark muscovado sugar,lemon,10,0.001001201441730076
6082,dark muscovado sugar | mixed spice,2,dark muscovado sugar,mixed spice,10,0.001001201441730076
6083,dark rum | plain flour,2,dark rum,plain flour,10,0.001001201441730076
6084,dark soy sauce | golden caster sugar,2,dark soy sauce,golden caster sugar,10,0.001001201441730076
6085,dark soy sauce | rapeseed oil,2,dark soy sauce,rapeseed oil,10,0.001001201441730076
6086,dark soy sauce | sesame seeds,2,dark soy sauce,sesame seeds,10,0.001001201441730076
6087,dark soy sauce | spring onion,2,dark soy sauce,spring onion,10,0.001001201441730076
6088,demerara sugar | ground almonds,2,demerara sugar,ground almonds,10,0.001001201441730076
6089,demerara sugar | ground cinnamon,2,demerara sugar,ground cinnamon,10,0.001001201441730076
6090,demerara sugar | lemon,2,demerara sugar,lemon,10,0.001001201441730076
6091,desiccated coconut | double cream,2,desiccated coconut,double cream,10,0.001001201441730076
6092,desiccated coconut | light brown soft sugar,2,desiccated coconut,light brown soft sugar,10,0.001001201441730076
6093,dijon mustard | garlic granules,2,dijon mustard,garlic granules,10,0.001001201441730076
6094,dijon mustard | green beans,2,dijon mustard,green beans,10,0.001001201441730076
6095,dijon mustard | hazelnuts,2,dijon mustard,hazelnuts,10,0.001001201441730076
6096,dijon mustard | macaroni,2,dijon mustard,macaroni,10,0.001001201441730076
6097,dijon mustard | panko breadcrumbs,2,dijon mustard,panko breadcrumbs,10,0.001001201441730076
6098,dijon mustard | radishes,2,dijon mustard,radishes,10,0.001001201441730076
6099,dijon mustard | tomatoes,2,dijon mustard,tomatoes,10,0.001001201441730076
6100,dill leaves | olive oil,2,dill leaves,olive oil,10,0.001001201441730076
6101,dill | mint leaves,2,dill,mint leaves,10,0.001001201441730076
6102,dill | potatoes,2,dill,potatoes,10,0.001001201441730076
6103,dill | smoked salmon,2,dill,smoked salmon,10,0.001001201441730076
6104,dill | spinach,2,dill,spinach,10,0.001001201441730076
6105,dill | sugar,2,dill,sugar,10,0.001001201441730076
6106,dill | vegetable oil,2,dill,vegetable oil,10,0.001001201441730076
6107,dill | wholegrain mustard,2,dill,wholegrain mustard,10,0.001001201441730076
6108,double cream | extra virgin olive oil,2,double cream,extra virgin olive oil,10,0.001001201441730076
6109,double cream | frozen peas,2,double cream,frozen peas,10,0.001001201441730076
6110,double cream | ice,2,double cream,ice,10,0.001001201441730076
6111,double cream | juice,2,double cream,juice,10,0.001001201441730076
6112,double cream | oranges,2,double cream,oranges,10,0.001001201441730076
6113,double cream | pecans,2,double cream,pecans,10,0.001001201441730076
6114,double cream | rhubarb,2,double cream,rhubarb,10,0.001001201441730076
6115,double cream | shortbread biscuits,2,double cream,shortbread biscuits,10,0.001001201441730076
6116,double cream | vegetable stock,2,double cream,vegetable stock,10,0.001001201441730076
6117,double cream | whole nutmeg,2,double cream,whole nutmeg,10,0.001001201441730076
6118,dried breadcrumbs | milk,2,dried breadcrumbs,milk,10,0.001001201441730076
6119,dried cranberries | golden syrup,2,dried cranberries,golden syrup,10,0.001001201441730076
6120,dried cranberries | maple syrup,2,dried cranberries,maple syrup,10,0.001001201441730076
6121,dried cranberries | mixed spice,2,dried cranberries,mixed spice,10,0.001001201441730076
6122,dried cranberries | pistachios,2,dried cranberries,pistachios,10,0.001001201441730076
6123,dried lasagne sheets | olive oil,2,dried lasagne sheets,olive oil,10,0.001001201441730076
6124,dried mixed herbs | garlic granules,2,dried mixed herbs,garlic granules,10,0.001001201441730076
6125,dried oregano | fast-action dried yeast,2,dried oregano,fast-action dried yeast,10,0.001001201441730076
6126,dried oregano | garlic powder,2,dried oregano,garlic powder,10,0.001001201441730076
6127,dried oregano | limes,2,dried oregano,limes,10,0.001001201441730076
6128,dried porcini mushrooms | parmesan,2,dried porcini mushrooms,parmesan,10,0.001001201441730076
6129,dried porcini mushrooms | white wine,2,dried porcini mushrooms,white wine,10,0.001001201441730076
6130,dried red lentils | garlic,2,dried red lentils,garlic,10,0.001001201441730076
6131,dry sherry | garlic,2,dry sherry,garlic,10,0.001001201441730076
6132,dry white wine | plain flour,2,dry white wine,plain flour,10,0.001001201441730076
6133,eating apples | plain flour,2,eating apples,plain flour,10,0.001001201441730076
6134,egg noodles | spring onions,2,egg noodles,spring onions,10,0.001001201441730076
6135,egg white | garlic,2,egg white,garlic,10,0.001001201441730076
6136,egg whites | pistachios,2,egg whites,pistachios,10,0.001001201441730076
6137,egg yolk | parmesan,2,egg yolk,parmesan,10,0.001001201441730076
6138,egg yolks | light brown soft sugar,2,egg yolks,light brown soft sugar,10,0.001001201441730076
6139,egg yolks | orange,2,egg yolks,orange,10,0.001001201441730076
6140,egg | fresh white breadcrumbs,2,egg,fresh white breadcrumbs,10,0.001001201441730076
6141,egg | garlic granules,2,egg,garlic granules,10,0.001001201441730076
6142,egg | milk chocolate,2,egg,milk chocolate,10,0.001001201441730076
6143,egg | mint,2,egg,mint,10,0.001001201441730076
6144,egg | paprika,2,egg,paprika,10,0.001001201441730076
6145,egg | red pepper,2,egg,red pepper,10,0.001001201441730076
6146,egg | slightly salted butter,2,egg,slightly salted butter,10,0.001001201441730076
6147,egg | smoked streaky bacon,2,egg,smoked streaky bacon,10,0.001001201441730076
6148,egg | strong white flour,2,egg,strong white flour,10,0.001001201441730076
6149,egg | vegetable stock,2,egg,vegetable stock,10,0.001001201441730076
6150,egg | white bread,2,egg,white bread,10,0.001001201441730076
6151,eggs | fish sauce,2,eggs,fish sauce,10,0.001001201441730076
6152,eggs | green salad,2,eggs,green salad,10,0.001001201441730076
6153,eggs | mushrooms,2,eggs,mushrooms,10,0.001001201441730076
6154,eggs | paprika,2,eggs,paprika,10,0.001001201441730076
6155,eggs | sage leaves,2,eggs,sage leaves,10,0.001001201441730076
6156,eggs | single cream,2,eggs,single cream,10,0.001001201441730076
6157,eggs | vegetable bouillon powder,2,eggs,vegetable bouillon powder,10,0.001001201441730076
6158,eggs | vegetable or sunflower oil,2,eggs,vegetable or sunflower oil,10,0.001001201441730076
6159,eggs | whipping cream,2,eggs,whipping cream,10,0.001001201441730076
6160,english mustard powder | mature cheddar,2,english mustard powder,mature cheddar,10,0.001001201441730076
6161,english mustard powder | onions,2,english mustard powder,onions,10,0.001001201441730076
6162,english mustard | vegetable oil,2,english mustard,vegetable oil,10,0.001001201441730076
6163,evaporated milk | vanilla extract,2,evaporated milk,vanilla extract,10,0.001001201441730076
6164,extra mature cheddar | parmesan,2,extra mature cheddar,parmesan,10,0.001001201441730076
6165,extra virgin olive oil | onions,2,extra virgin olive oil,onions,10,0.001001201441730076
6166,extra virgin olive oil | sweet smoked paprika,2,extra virgin olive oil,sweet smoked paprika,10,0.001001201441730076
6167,extra virgin olive oil | walnuts,2,extra virgin olive oil,walnuts,10,0.001001201441730076
6168,extra virgin olive oil | white balsamic vinegar,2,extra virgin olive oil,white balsamic vinegar,10,0.001001201441730076
6169,fast-action dried yeast | mixed spice,2,fast-action dried yeast,mixed spice,10,0.001001201441730076
6170,fast-action dried yeast | sunflower oil,2,fast-action dried yeast,sunflower oil,10,0.001001201441730076
6171,fennel bulbs | olive oil,2,fennel bulbs,olive oil,10,0.001001201441730076
6172,fennel seeds | ground turmeric,2,fennel seeds,ground turmeric,10,0.001001201441730076
6173,fennel seeds | spring onions,2,fennel seeds,spring onions,10,0.001001201441730076
6174,fennel seeds | sugar,2,fennel seeds,sugar,10,0.001001201441730076
6175,fennel seeds | tomatoes,2,fennel seeds,tomatoes,10,0.001001201441730076
6176,fennel | rapeseed oil,2,fennel,rapeseed oil,10,0.001001201441730076
6177,feta | juice,2,feta,juice,10,0.001001201441730076
6178,feta | parmesan,2,feta,parmesan,10,0.001001201441730076
6179,filo pastry | parsley,2,filo pastry,parsley,10,0.001001201441730076
6180,filo pastry | sesame seeds,2,filo pastry,sesame seeds,10,0.001001201441730076
6181,fine green beans | garlic,2,fine green beans,garlic,10,0.001001201441730076
6182,flaked almonds | golden syrup,2,flaked almonds,golden syrup,10,0.001001201441730076
6183,flaked almonds | honey,2,flaked almonds,honey,10,0.001001201441730076
6184,flaked almonds | whole milk,2,flaked almonds,whole milk,10,0.001001201441730076
6185,flat-leaf parsley | lemons,2,flat-leaf parsley,lemons,10,0.001001201441730076
6186,flat-leaf parsley | red pepper,2,flat-leaf parsley,red pepper,10,0.001001201441730076
6187,flavourless oil | ground cinnamon,2,flavourless oil,ground cinnamon,10,0.001001201441730076
6188,flavourless oil | milk,2,flavourless oil,milk,10,0.001001201441730076
6189,flour | golden caster sugar,2,flour,golden caster sugar,10,0.001001201441730076
6190,flour | ground cumin,2,flour,ground cumin,10,0.001001201441730076
6191,flour | onions,2,flour,onions,10,0.001001201441730076
6192,flour | parmesan,2,flour,parmesan,10,0.001001201441730076
6193,flour | sunflower oil,2,flour,sunflower oil,10,0.001001201441730076
6194,floury potatoes | lemon,2,floury potatoes,lemon,10,0.001001201441730076
6195,fresh bay leaves | garlic,2,fresh bay leaves,garlic,10,0.001001201441730076
6196,fresh ginger | vegetable oil,2,fresh ginger,vegetable oil,10,0.001001201441730076
6197,fresh gnocchi | olive oil,2,fresh gnocchi,olive oil,10,0.001001201441730076
6198,fresh thyme leaves | onion,2,fresh thyme leaves,onion,10,0.001001201441730076
6199,fresh thyme leaves | onions,2,fresh thyme leaves,onions,10,0.001001201441730076
6200,fresh thyme leaves | tomato purée,2,fresh thyme leaves,tomato purée,10,0.001001201441730076
6201,frozen peas | garam masala,2,frozen peas,garam masala,10,0.001001201441730076
6202,frozen peas | potatoes,2,frozen peas,potatoes,10,0.001001201441730076
6203,frozen peas | spinach,2,frozen peas,spinach,10,0.001001201441730076
6204,frozen peas | tomato purée,2,frozen peas,tomato purée,10,0.001001201441730076
6205,full-fat cream cheese | self-raising flour,2,full-fat cream cheese,self-raising flour,10,0.001001201441730076
6206,garam masala | mint leaves,2,garam masala,mint leaves,10,0.001001201441730076
6207,garlic powder | paprika,2,garlic powder,paprika,10,0.001001201441730076
6208,garlic powder | sunflower oil,2,garlic powder,sunflower oil,10,0.001001201441730076
6209,garlic | ground black pepper,2,garlic,ground black pepper,10,0.001001201441730076
6210,garlic | half-fat crème fraîche,2,garlic,half-fat crème fraîche,10,0.001001201441730076
6211,garlic | iceberg lettuce,2,garlic,iceberg lettuce,10,0.001001201441730076
6212,garlic | juice and zest,2,garlic,juice and zest,10,0.001001201441730076
6213,garlic | juniper berries,2,garlic,juniper berries,10,0.001001201441730076
6214,garlic | leg of lamb,2,garlic,leg of lamb,10,0.001001201441730076
6215,garlic | little gem lettuce,2,garlic,little gem lettuce,10,0.001001201441730076
6216,garlic | low-salt chicken stock,2,garlic,low-salt chicken stock,10,0.001001201441730076
6217,garlic | onion granules,2,garlic,onion granules,10,0.001001201441730076
6218,garlic | red,2,garlic,red,10,0.001001201441730076
6219,garlic | reduced-salt soy sauce,2,garlic,reduced-salt soy sauce,10,0.001001201441730076
6220,garlic | semi-skimmed milk,2,garlic,semi-skimmed milk,10,0.001001201441730076
6221,garlic | skinless and boneless chicken thighs,2,garlic,skinless and boneless chicken thighs,10,0.001001201441730076
6222,garlic | sultanas,2,garlic,sultanas,10,0.001001201441730076
6223,garlic | sunflower or vegetable oil,2,garlic,sunflower or vegetable oil,10,0.001001201441730076
6224,garlic | truffle oil,2,garlic,truffle oil,10,0.001001201441730076
6225,garlic | turkey mince,2,garlic,turkey mince,10,0.001001201441730076
6226,garlic | vegetable or chicken stock,2,garlic,vegetable or chicken stock,10,0.001001201441730076
6227,garlic | vegetarian feta,2,garlic,vegetarian feta,10,0.001001201441730076
6228,garlic | walnut halves,2,garlic,walnut halves,10,0.001001201441730076
6229,garlic | white miso paste,2,garlic,white miso paste,10,0.001001201441730076
6230,garlic | white rice,2,garlic,white rice,10,0.001001201441730076
6231,garlic | yeast extract,2,garlic,yeast extract,10,0.001001201441730076
6232,ghee | green chillies,2,ghee,green chillies,10,0.001001201441730076
6233,ghee | ground cumin,2,ghee,ground cumin,10,0.001001201441730076
6234,ghee | ground turmeric,2,ghee,ground turmeric,10,0.001001201441730076
6235,ghee | plain flour,2,ghee,plain flour,10,0.001001201441730076
6236,ginger | malt vinegar,2,ginger,malt vinegar,10,0.001001201441730076
6237,ginger | mild chilli powder,2,ginger,mild chilli powder,10,0.001001201441730076
6238,ginger | palm sugar,2,ginger,palm sugar,10,0.001001201441730076
6239,ginger | red cabbage,2,ginger,red cabbage,10,0.001001201441730076
6240,ginger | sugar snap peas,2,ginger,sugar snap peas,10,0.001001201441730076
6241,ginger | tomato,2,ginger,tomato,10,0.001001201441730076
6242,ginger | white cabbage,2,ginger,white cabbage,10,0.001001201441730076
6243,glacé cherries | golden caster sugar,2,glacé cherries,golden caster sugar,10,0.001001201441730076
6244,glacé cherries | ground cinnamon,2,glacé cherries,ground cinnamon,10,0.001001201441730076
6245,gnocchi | olive oil,2,gnocchi,olive oil,10,0.001001201441730076
6246,gnocchi | parmesan,2,gnocchi,parmesan,10,0.001001201441730076
6247,gochujang | spring onions,2,gochujang,spring onions,10,0.001001201441730076
6248,gochujang | vegetable oil,2,gochujang,vegetable oil,10,0.001001201441730076
6249,golden caster sugar | radishes,2,golden caster sugar,radishes,10,0.001001201441730076
6250,golden caster sugar | soft light brown sugar,2,golden caster sugar,soft light brown sugar,10,0.001001201441730076
6251,golden caster sugar | sparkling water,2,golden caster sugar,sparkling water,10,0.001001201441730076
6252,golden caster sugar | vodka,2,golden caster sugar,vodka,10,0.001001201441730076
6253,golden caster sugar | warm milk,2,golden caster sugar,warm milk,10,0.001001201441730076
6254,golden syrup | vegetable oil,2,golden syrup,vegetable oil,10,0.001001201441730076
6255,greek yogurt | lemons,2,greek yogurt,lemons,10,0.001001201441730076
6256,greek yogurt | spring onions,2,greek yogurt,spring onions,10,0.001001201441730076
6257,green beans | red onion,2,green beans,red onion,10,0.001001201441730076
6258,green chilli | mint,2,green chilli,mint,10,0.001001201441730076
6259,green lentils | olive oil,2,green lentils,olive oil,10,0.001001201441730076
6260,green olives | lemon,2,green olives,lemon,10,0.001001201441730076
6261,green pepper | red onion,2,green pepper,red onion,10,0.001001201441730076
6262,grenadine | ice,2,grenadine,ice,10,0.001001201441730076
6263,ground almond | self-raising flour,2,ground almond,self-raising flour,10,0.001001201441730076
6264,ground almonds | maple syrup,2,ground almonds,maple syrup,10,0.001001201441730076
6265,ground almonds | onion,2,ground almonds,onion,10,0.001001201441730076
6266,ground almonds | salted butter,2,ground almonds,salted butter,10,0.001001201441730076
6267,ground almonds | tomato purée,2,ground almonds,tomato purée,10,0.001001201441730076
6268,ground cinnamon | lime,2,ground cinnamon,lime,10,0.001001201441730076
6269,ground cinnamon | marzipan,2,ground cinnamon,marzipan,10,0.001001201441730076
6270,ground cinnamon | mixed peel,2,ground cinnamon,mixed peel,10,0.001001201441730076
6271,ground cinnamon | salt,2,ground cinnamon,salt,10,0.001001201441730076
6272,ground cinnamon | stem ginger,2,ground cinnamon,stem ginger,10,0.001001201441730076
6273,ground cinnamon | turmeric,2,ground cinnamon,turmeric,10,0.001001201441730076
6274,ground cinnamon | vegetable stock,2,ground cinnamon,vegetable stock,10,0.001001201441730076
6275,ground cloves | lemon,2,ground cloves,lemon,10,0.001001201441730076
6276,ground cloves | light brown soft sugar,2,ground cloves,light brown soft sugar,10,0.001001201441730076
6277,ground cloves | nutmeg,2,ground cloves,nutmeg,10,0.001001201441730076
6278,ground cloves | unsalted butter,2,ground cloves,unsalted butter,10,0.001001201441730076
6279,ground coriander | juice,2,ground coriander,juice,10,0.001001201441730076
6280,ground coriander | peppers,2,ground coriander,peppers,10,0.001001201441730076
6281,ground cumin | light brown soft sugar,2,ground cumin,light brown soft sugar,10,0.001001201441730076
6282,ground cumin | pine nuts,2,ground cumin,pine nuts,10,0.001001201441730076
6283,ground cumin | red peppers,2,ground cumin,red peppers,10,0.001001201441730076
6284,ground turmeric | nigella seeds,2,ground turmeric,nigella seeds,10,0.001001201441730076
6285,ground turmeric | spinach,2,ground turmeric,spinach,10,0.001001201441730076
6286,ground turmeric | tomato,2,ground turmeric,tomato,10,0.001001201441730076
6287,ground white pepper | spring onions,2,ground white pepper,spring onions,10,0.001001201441730076
6288,groundnut oil | sesame oil,2,groundnut oil,sesame oil,10,0.001001201441730076
6289,gruyère | onion,2,gruyère,onion,10,0.001001201441730076
6290,half-fat crème fraîche | olive oil,2,half-fat crème fraîche,olive oil,10,0.001001201441730076
6291,halloumi | lemon,2,halloumi,lemon,10,0.001001201441730076
6292,harissa | onion,2,harissa,onion,10,0.001001201441730076
6293,hazelnuts | red wine vinegar,2,hazelnuts,red wine vinegar,10,0.001001201441730076
6294,honey | lemon juice,2,honey,lemon juice,10,0.001001201441730076
6295,honey | light brown soft sugar,2,honey,light brown soft sugar,10,0.001001201441730076
6296,honey | radishes,2,honey,radishes,10,0.001001201441730076
6297,honey | rosemary,2,honey,rosemary,10,0.001001201441730076
6298,hot chicken stock | parsley,2,hot chicken stock,parsley,10,0.001001201441730076
6299,hot chilli powder | onion,2,hot chilli powder,onion,10,0.001001201441730076
6300,hot chilli powder | turmeric,2,hot chilli powder,turmeric,10,0.001001201441730076
6301,ice cream | plain flour,2,ice cream,plain flour,10,0.001001201441730076
6302,ice cubes | sugar syrup,2,ice cubes,sugar syrup,10,0.001001201441730076
6303,ice | juice,2,ice,juice,10,0.001001201441730076
6304,ice | lemons,2,ice,lemons,10,0.001001201441730076
6305,iceberg lettuce | mayonnaise,2,iceberg lettuce,mayonnaise,10,0.001001201441730076
6306,icing sugar sieved | vanilla extract,2,icing sugar sieved,vanilla extract,10,0.001001201441730076
6307,icing sugar | lime,2,icing sugar,lime,10,0.001001201441730076
6308,icing sugar | limes,2,icing sugar,limes,10,0.001001201441730076
6309,icing sugar | oil,2,icing sugar,oil,10,0.001001201441730076
6310,icing sugar | sprinkles,2,icing sugar,sprinkles,10,0.001001201441730076
6311,icing sugar | walnuts,2,icing sugar,walnuts,10,0.001001201441730076
6312,kalamata olives | lemon,2,kalamata olives,lemon,10,0.001001201441730076
6313,kalamata olives | vegetable bouillon powder,2,kalamata olives,vegetable bouillon powder,10,0.001001201441730076
6314,kashmiri chilli powder | red onion,2,kashmiri chilli powder,red onion,10,0.001001201441730076
6315,kashmiri chilli powder | vegetable oil,2,kashmiri chilli powder,vegetable oil,10,0.001001201441730076
6316,lamb chops | olive oil,2,lamb chops,olive oil,10,0.001001201441730076
6317,leeks | thyme leaves,2,leeks,thyme leaves,10,0.001001201441730076
6318,leeks | tomato purée,2,leeks,tomato purée,10,0.001001201441730076
6319,leeks | vegetable stock,2,leeks,vegetable stock,10,0.001001201441730076
6320,lemon curd | vanilla extract,2,lemon curd,vanilla extract,10,0.001001201441730076
6321,lemon juice | mayonnaise,2,lemon juice,mayonnaise,10,0.001001201441730076
6322,lemon juice | shallot,2,lemon juice,shallot,10,0.001001201441730076
6323,lemon juice | strawberries,2,lemon juice,strawberries,10,0.001001201441730076
6324,lemon juice | tomatoes,2,lemon juice,tomatoes,10,0.001001201441730076
6325,lemon | mango chutney,2,lemon,mango chutney,10,0.001001201441730076
6326,lemon | peas,2,lemon,peas,10,0.001001201441730076
6327,lemon | red chillies,2,lemon,red chillies,10,0.001001201441730076
6328,lemon | salt,2,lemon,salt,10,0.001001201441730076
6329,lemon | sourdough bread,2,lemon,sourdough bread,10,0.001001201441730076
6330,lemon | sweet smoked paprika,2,lemon,sweet smoked paprika,10,0.001001201441730076
6331,lemon | toasted flaked almonds,2,lemon,toasted flaked almonds,10,0.001001201441730076
6332,lemon | white chocolate,2,lemon,white chocolate,10,0.001001201441730076
6333,lemons | milk,2,lemons,milk,10,0.001001201441730076
6334,lemons | pomegranate seeds,2,lemons,pomegranate seeds,10,0.001001201441730076
6335,lemons | spring onions,2,lemons,spring onions,10,0.001001201441730076
6336,light brown soft sugar | mascarpone,2,light brown soft sugar,mascarpone,10,0.001001201441730076
6337,light brown soft sugar | porridge oats,2,light brown soft sugar,porridge oats,10,0.001001201441730076
6338,light brown soft sugar | red onion,2,light brown soft sugar,red onion,10,0.001001201441730076
6339,light brown soft sugar | sea salt flakes,2,light brown soft sugar,sea salt flakes,10,0.001001201441730076
6340,light brown soft sugar | tomato purée,2,light brown soft sugar,tomato purée,10,0.001001201441730076
6341,light muscovado sugar | mixed dried fruit,2,light muscovado sugar,mixed dried fruit,10,0.001001201441730076
6342,light muscovado sugar | sunflower oil,2,light muscovado sugar,sunflower oil,10,0.001001201441730076
6343,light soft brown sugar | vanilla extract,2,light soft brown sugar,vanilla extract,10,0.001001201441730076
6344,lime juice | triple sec,2,lime juice,triple sec,10,0.001001201441730076
6345,lime wedges | red chilli,2,lime wedges,red chilli,10,0.001001201441730076
6346,lime wedges | vegetable oil,2,lime wedges,vegetable oil,10,0.001001201441730076
6347,lime | limes,2,lime,limes,10,0.001001201441730076
6348,lime | mango,2,lime,mango,10,0.001001201441730076
6349,lime | natural yogurt,2,lime,natural yogurt,10,0.001001201441730076
6350,lime | parsley,2,lime,parsley,10,0.001001201441730076
6351,lime | quinoa,2,lime,quinoa,10,0.001001201441730076
6352,lime | radishes,2,lime,radishes,10,0.001001201441730076
6353,lime | red wine vinegar,2,lime,red wine vinegar,10,0.001001201441730076
6354,lime | ripe avocado,2,lime,ripe avocado,10,0.001001201441730076
6355,lime | sugar,2,lime,sugar,10,0.001001201441730076
6356,lime | tahini,2,lime,tahini,10,0.001001201441730076
6357,lime | unsalted butter,2,lime,unsalted butter,10,0.001001201441730076
6358,lime | vegetable bouillon powder,2,lime,vegetable bouillon powder,10,0.001001201441730076
6359,limes | natural yogurt,2,limes,natural yogurt,10,0.001001201441730076
6360,limes | plain flour,2,limes,plain flour,10,0.001001201441730076
6361,limes | soured cream,2,limes,soured cream,10,0.001001201441730076
6362,limes | unsalted butter,2,limes,unsalted butter,10,0.001001201441730076
6363,long-stem broccoli | olive oil,2,long-stem broccoli,olive oil,10,0.001001201441730076
6364,mango chutney | olive oil,2,mango chutney,olive oil,10,0.001001201441730076
6365,maple syrup | pumpkin seeds,2,maple syrup,pumpkin seeds,10,0.001001201441730076
6366,maris piper potatoes | parsley,2,maris piper potatoes,parsley,10,0.001001201441730076
6367,maris piper potatoes | unsalted butter,2,maris piper potatoes,unsalted butter,10,0.001001201441730076
6368,marzipan | mixed spice,2,marzipan,mixed spice,10,0.001001201441730076
6369,mature cheddar | self-raising flour,2,mature cheddar,self-raising flour,10,0.001001201441730076
6370,mature cheddar | vegetable oil,2,mature cheddar,vegetable oil,10,0.001001201441730076
6371,milk chocolate | salted butter,2,milk chocolate,salted butter,10,0.001001201441730076
6372,milk | mustard powder,2,milk,mustard powder,10,0.001001201441730076
6373,milk | passata,2,milk,passata,10,0.001001201441730076
6374,milk | vanilla pod,2,milk,vanilla pod,10,0.001001201441730076
6375,mint leaves | pomegranate molasses,2,mint leaves,pomegranate molasses,10,0.001001201441730076
6376,mint leaves | radishes,2,mint leaves,radishes,10,0.001001201441730076
6377,mint leaves | sumac,2,mint leaves,sumac,10,0.001001201441730076
6378,mint | quinoa,2,mint,quinoa,10,0.001001201441730076
6379,mixed peel | self-raising flour,2,mixed peel,self-raising flour,10,0.001001201441730076
6380,mixed spice | nutmeg,2,mixed spice,nutmeg,10,0.001001201441730076
6381,mozzarella | parsley,2,mozzarella,parsley,10,0.001001201441730076
6382,mozzarella | red wine vinegar,2,mozzarella,red wine vinegar,10,0.001001201441730076
6383,mustard powder | onion,2,mustard powder,onion,10,0.001001201441730076
6384,mustard powder | smoked paprika,2,mustard powder,smoked paprika,10,0.001001201441730076
6385,mustard seeds | onions,2,mustard seeds,onions,10,0.001001201441730076
6386,natural yogurt | red onions,2,natural yogurt,red onions,10,0.001001201441730076
6387,natural yogurt | tahini,2,natural yogurt,tahini,10,0.001001201441730076
6388,nigella seeds | vegetable oil,2,nigella seeds,vegetable oil,10,0.001001201441730076
6389,oil | self-raising flour,2,oil,self-raising flour,10,0.001001201441730076
6390,olive oil | onion granules,2,olive oil,onion granules,10,0.001001201441730076
6391,olive oil | oregano leaves,2,olive oil,oregano leaves,10,0.001001201441730076
6392,olive oil | portobello mushrooms,2,olive oil,portobello mushrooms,10,0.001001201441730076
6393,olive oil | quick-cook polenta,2,olive oil,quick-cook polenta,10,0.001001201441730076
6394,olive oil | raisins,2,olive oil,raisins,10,0.001001201441730076
6395,olive oil | ready-rolled puff pastry,2,olive oil,ready-rolled puff pastry,10,0.001001201441730076
6396,olive oil | sea salt flakes,2,olive oil,sea salt flakes,10,0.001001201441730076
6397,olive oil | single cream,2,olive oil,single cream,10,0.001001201441730076
6398,olive oil | whole nutmeg,2,olive oil,whole nutmeg,10,0.001001201441730076
6399,onion | pasta,2,onion,pasta,10,0.001001201441730076
6400,onion | smoked bacon lardons,2,onion,smoked bacon lardons,10,0.001001201441730076
6401,onion | vegetable or sunflower oil,2,onion,vegetable or sunflower oil,10,0.001001201441730076
6402,onion | white pepper,2,onion,white pepper,10,0.001001201441730076
6403,onion | yeast extract,2,onion,yeast extract,10,0.001001201441730076
6404,onions | plum tomatoes,2,onions,plum tomatoes,10,0.001001201441730076
6405,onions | whole milk,2,onions,whole milk,10,0.001001201441730076
6406,orange | red wine,2,orange,red wine,10,0.001001201441730076
6407,orange | red wine vinegar,2,orange,red wine vinegar,10,0.001001201441730076
6408,oranges | self-raising flour,2,oranges,self-raising flour,10,0.001001201441730076
6409,oyster sauce | spring onions,2,oyster sauce,spring onions,10,0.001001201441730076
6410,paprika | red chilli,2,paprika,red chilli,10,0.001001201441730076
6411,paprika | red onion,2,paprika,red onion,10,0.001001201441730076
6412,parmesan | parsley leaves,2,parmesan,parsley leaves,10,0.001001201441730076
6413,parmesan | rocket,2,parmesan,rocket,10,0.001001201441730076
6414,parmesan | wholegrain mustard,2,parmesan,wholegrain mustard,10,0.001001201441730076
6415,parsley leaves | spring onions,2,parsley leaves,spring onions,10,0.001001201441730076
6416,parsley | walnuts,2,parsley,walnuts,10,0.001001201441730076
6417,passata | strong white bread flour,2,passata,strong white bread flour,10,0.001001201441730076
6418,pears | plain flour,2,pears,plain flour,10,0.001001201441730076
6419,peppers | red onions,2,peppers,red onions,10,0.001001201441730076
6420,peppers | smoked paprika,2,peppers,smoked paprika,10,0.001001201441730076
6421,pistachios | saffron,2,pistachios,saffron,10,0.001001201441730076
6422,pistachios | white chocolate,2,pistachios,white chocolate,10,0.001001201441730076
6423,pitted kalamata olives | rapeseed oil,2,pitted kalamata olives,rapeseed oil,10,0.001001201441730076
6424,plain flour | rolled oats,2,plain flour,rolled oats,10,0.001001201441730076
6425,plain flour | rosewater,2,plain flour,rosewater,10,0.001001201441730076
6426,plain flour | turmeric,2,plain flour,turmeric,10,0.001001201441730076
6427,plum tomatoes | red onion,2,plum tomatoes,red onion,10,0.001001201441730076
6428,pomegranate seeds | turmeric,2,pomegranate seeds,turmeric,10,0.001001201441730076
6429,potatoes | red pepper,2,potatoes,red pepper,10,0.001001201441730076
6430,puff pastry | thyme,2,puff pastry,thyme,10,0.001001201441730076
6431,quinoa | red onion,2,quinoa,red onion,10,0.001001201441730076
6432,rapeseed oil | red chillies,2,rapeseed oil,red chillies,10,0.001001201441730076
6433,rapeseed oil | soy sauce,2,rapeseed oil,soy sauce,10,0.001001201441730076
6434,rapeseed oil | star anise,2,rapeseed oil,star anise,10,0.001001201441730076
6435,rapeseed oil | unsalted butter,2,rapeseed oil,unsalted butter,10,0.001001201441730076
6436,rapeseed oil | walnuts,2,rapeseed oil,walnuts,10,0.001001201441730076
6437,rapeseed oil | wholemeal spaghetti,2,rapeseed oil,wholemeal spaghetti,10,0.001001201441730076
6438,raspberry jam | unsalted butter,2,raspberry jam,unsalted butter,10,0.001001201441730076
6439,raw king prawns | vegetable oil,2,raw king prawns,vegetable oil,10,0.001001201441730076
6440,red chilli | rocket,2,red chilli,rocket,10,0.001001201441730076
6441,red chilli | tamari,2,red chilli,tamari,10,0.001001201441730076
6442,red chilli | tamarind paste,2,red chilli,tamarind paste,10,0.001001201441730076
6443,red chillies | soy sauce,2,red chillies,soy sauce,10,0.001001201441730076
6444,red onion | ripe avocados,2,red onion,ripe avocados,10,0.001001201441730076
6445,red onion | tortilla chips,2,red onion,tortilla chips,10,0.001001201441730076
6446,red onion | unsalted butter,2,red onion,unsalted butter,10,0.001001201441730076
6447,red onion | vegetable bouillon powder,2,red onion,vegetable bouillon powder,10,0.001001201441730076
6448,red onions | soured cream,2,red onions,soured cream,10,0.001001201441730076
6449,red wine | sugar,2,red wine,sugar,10,0.001001201441730076
6450,ripe bananas | self-raising flour,2,ripe bananas,self-raising flour,10,0.001001201441730076
6451,rosemary | sage leaves,2,rosemary,sage leaves,10,0.001001201441730076
6452,rosemary | sunflower oil,2,rosemary,sunflower oil,10,0.001001201441730076
6453,salted butter | vegetable oil,2,salted butter,vegetable oil,10,0.001001201441730076
6454,sea salt flakes | unsalted butter,2,sea salt flakes,unsalted butter,10,0.001001201441730076
6455,semi-skimmed milk | sunflower oil,2,semi-skimmed milk,sunflower oil,10,0.001001201441730076
6456,sesame seeds | spring onion,2,sesame seeds,spring onion,10,0.001001201441730076
6457,shaoxing rice wine | spring onions,2,shaoxing rice wine,spring onions,10,0.001001201441730076
6458,smoked streaky bacon | sunflower oil,2,smoked streaky bacon,sunflower oil,10,0.001001201441730076
6459,soft light brown sugar | unsalted butter,2,soft light brown sugar,unsalted butter,10,0.001001201441730076
6460,soy sauce | spring onion,2,soy sauce,spring onion,10,0.001001201441730076
6461,soy sauce | sushi rice,2,soy sauce,sushi rice,10,0.001001201441730076
6462,soy sauce | worcestershire sauce,2,soy sauce,worcestershire sauce,10,0.001001201441730076
6463,spring onions | thyme leaves,2,spring onions,thyme leaves,10,0.001001201441730076
6464,spring onions | vegetable bouillon powder,2,spring onions,vegetable bouillon powder,10,0.001001201441730076
6465,star anise | whole cloves,2,star anise,whole cloves,10,0.001001201441730076
6466,strawberries | strawberry jam,2,strawberries,strawberry jam,10,0.001001201441730076
6467,sultanas | vanilla extract,2,sultanas,vanilla extract,10,0.001001201441730076
6468,sunflower oil | wholegrain mustard,2,sunflower oil,wholegrain mustard,10,0.001001201441730076
6469,sweet potatoes | vegetable oil,2,sweet potatoes,vegetable oil,10,0.001001201441730076
6470,sweetcorn | tomatoes,2,sweetcorn,tomatoes,10,0.001001201441730076
6471,tequila | triple sec,2,tequila,triple sec,10,0.001001201441730076
6472,tomato ketchup | worcestershire sauce,2,tomato ketchup,worcestershire sauce,10,0.001001201441730076
6473,unsalted butter | vanilla ice cream,2,unsalted butter,vanilla ice cream,10,0.001001201441730076
6474,unsalted butter | vanilla pod,2,unsalted butter,vanilla pod,10,0.001001201441730076
6475,unsalted butter | white wine vinegar,2,unsalted butter,white wine vinegar,10,0.001001201441730076
6476,vanilla bean paste | vanilla extract,2,vanilla bean paste,vanilla extract,10,0.001001201441730076
6477,vanilla extract | white wine vinegar,2,vanilla extract,white wine vinegar,10,0.001001201441730076
6478,vanilla paste | whole milk,2,vanilla paste,whole milk,10,0.001001201441730076
6479,vegetable oil | white pepper,2,vegetable oil,white pepper,10,0.001001201441730076
