Rank,Itemset,Size,Item_1,Item_2,Item_3,Support_Count,Support
1,garlic | olive oil | onion,3,garlic,olive oil,onion,335,0.03354024829795755
2,garlic | lemon | olive oil,3,garlic,lemon,olive oil,330,0.03303964757709251
3,butter | eggs | plain flour,3,butter,eggs,plain flour,220,0.022026431718061675
4,garlic | olive oil | parmesan,3,garlic,olive oil,parmesan,214,0.021425710853023628
5,baking powder | eggs | plain flour,3,baking powder,eggs,plain flour,198,0.019823788546255508
6,garlic | olive oil | parsley,3,garlic,olive oil,parsley,189,0.018922707248698437
7,butter | eggs | golden caster sugar,3,butter,eggs,golden caster sugar,186,0.018622346816179414
8,butter | eggs | self-raising flour,3,butter,eggs,self-raising flour,184,0.0184221065278334
9,butter | eggs | icing sugar,3,butter,eggs,icing sugar,182,0.018221866239487385
10,eggs | icing sugar | self-raising flour,3,eggs,icing sugar,self-raising flour,179,0.01792150580696836
11,baking powder | butter | eggs,3,baking powder,butter,eggs,178,0.017821385662795355
12,butter | eggs | vanilla extract,3,butter,eggs,vanilla extract,171,0.017120544653584303
13,eggs | golden caster sugar | icing sugar,3,eggs,golden caster sugar,icing sugar,171,0.017120544653584303
14,eggs | icing sugar | vanilla extract,3,eggs,icing sugar,vanilla extract,170,0.017020424509411294
15,garlic | olive oil | tomato purée,3,garlic,olive oil,tomato purée,170,0.017020424509411294
16,baking powder | eggs | icing sugar,3,baking powder,eggs,icing sugar,166,0.016619943932719265
17,butter | eggs | milk,3,butter,eggs,milk,163,0.01631958350020024
18,eggs | golden caster sugar | self-raising flour,3,eggs,golden caster sugar,self-raising flour,161,0.016119343211854226
19,baking powder | eggs | self-raising flour,3,baking powder,eggs,self-raising flour,158,0.015818982779335203
20,baking powder | eggs | vanilla extract,3,baking powder,eggs,vanilla extract,158,0.015818982779335203
21,chopped tomatoes | garlic | onion,3,chopped tomatoes,garlic,onion,156,0.015618742490989187
22,eggs | golden caster sugar | vanilla extract,3,eggs,golden caster sugar,vanilla extract,156,0.015618742490989187
23,garlic | onion | tomato purée,3,garlic,onion,tomato purée,156,0.015618742490989187
24,chopped tomatoes | garlic | olive oil,3,chopped tomatoes,garlic,olive oil,154,0.015418502202643172
25,garlic | ground coriander | ground cumin,3,garlic,ground coriander,ground cumin,154,0.015418502202643172
26,eggs | icing sugar | plain flour,3,eggs,icing sugar,plain flour,153,0.015318382058470165
27,coriander | garlic | ginger,3,coriander,garlic,ginger,151,0.015118141770124148
28,eggs | golden caster sugar | plain flour,3,eggs,golden caster sugar,plain flour,151,0.015118141770124148
29,butter | milk | plain flour,3,butter,milk,plain flour,148,0.014817781337605127
30,butter | garlic | olive oil,3,butter,garlic,olive oil,145,0.014517420905086103
31,eggs | milk | self-raising flour,3,eggs,milk,self-raising flour,144,0.014417300760913096
32,eggs | plain flour | vanilla extract,3,eggs,plain flour,vanilla extract,144,0.014417300760913096
33,baking powder | eggs | golden caster sugar,3,baking powder,eggs,golden caster sugar,141,0.014116940328394072
34,garlic | ginger | onion,3,garlic,ginger,onion,141,0.014116940328394072
35,garlic | ginger | spring onions,3,garlic,ginger,spring onions,138,0.01381657989587505
36,baking powder | eggs | milk,3,baking powder,eggs,milk,136,0.013616339607529036
37,butter | icing sugar | vanilla extract,3,butter,icing sugar,vanilla extract,136,0.013616339607529036
38,eggs | icing sugar | milk,3,eggs,icing sugar,milk,134,0.01341609931918302
39,eggs | plain flour | unsalted butter,3,eggs,plain flour,unsalted butter,134,0.01341609931918302
40,eggs | self-raising flour | vanilla extract,3,eggs,self-raising flour,vanilla extract,134,0.01341609931918302
41,garlic | olive oil | red onion,3,garlic,olive oil,red onion,133,0.013315979175010012
42,butter | golden caster sugar | plain flour,3,butter,golden caster sugar,plain flour,132,0.013215859030837005
43,eggs | milk | plain flour,3,eggs,milk,plain flour,130,0.013015618742490988
44,garlic | lemon | parsley,3,garlic,lemon,parsley,130,0.013015618742490988
45,caster sugar | eggs | plain flour,3,caster sugar,eggs,plain flour,129,0.012915498598317981
46,butter | golden caster sugar | icing sugar,3,butter,golden caster sugar,icing sugar,126,0.01261513816579896
47,baking powder | plain flour | vanilla extract,3,baking powder,plain flour,vanilla extract,125,0.01251501802162595
48,double cream | eggs | plain flour,3,double cream,eggs,plain flour,125,0.01251501802162595
49,butter | caster sugar | eggs,3,butter,caster sugar,eggs,124,0.012414897877452943
50,chilli flakes | garlic | olive oil,3,chilli flakes,garlic,olive oil,124,0.012414897877452943
51,butter | plain flour | vanilla extract,3,butter,plain flour,vanilla extract,123,0.012314777733279936
52,butter | egg | plain flour,3,butter,egg,plain flour,122,0.012214657589106928
53,butter | golden caster sugar | vanilla extract,3,butter,golden caster sugar,vanilla extract,121,0.012114537444933921
54,butter | icing sugar | plain flour,3,butter,icing sugar,plain flour,120,0.012014417300760914
55,golden caster sugar | plain flour | vanilla extract,3,golden caster sugar,plain flour,vanilla extract,120,0.012014417300760914
56,baking powder | butter | plain flour,3,baking powder,butter,plain flour,119,0.011914297156587905
57,icing sugar | plain flour | vanilla extract,3,icing sugar,plain flour,vanilla extract,119,0.011914297156587905
58,golden caster sugar | icing sugar | vanilla extract,3,golden caster sugar,icing sugar,vanilla extract,118,0.011814177012414898
59,butter | garlic | onion,3,butter,garlic,onion,117,0.01171405686824189
60,garlic | ground cumin | onion,3,garlic,ground cumin,onion,117,0.01171405686824189
61,caster sugar | eggs | icing sugar,3,caster sugar,eggs,icing sugar,114,0.011413696435722867
62,caster sugar | eggs | self-raising flour,3,caster sugar,eggs,self-raising flour,114,0.011413696435722867
63,coriander | garlic | onion,3,coriander,garlic,onion,114,0.011413696435722867
64,eggs | golden caster sugar | unsalted butter,3,eggs,golden caster sugar,unsalted butter,113,0.01131357629154986
65,garlic | ginger | vegetable oil,3,garlic,ginger,vegetable oil,113,0.01131357629154986
66,garlic | olive oil | onions,3,garlic,olive oil,onions,113,0.01131357629154986
67,golden caster sugar | icing sugar | self-raising flour,3,golden caster sugar,icing sugar,self-raising flour,112,0.011213456147376852
68,garlic | olive oil | thyme,3,garlic,olive oil,thyme,111,0.011113336003203845
69,eggs | icing sugar | unsalted butter,3,eggs,icing sugar,unsalted butter,110,0.011013215859030838
70,garlic | olive oil | plain flour,3,garlic,olive oil,plain flour,110,0.011013215859030838
71,lemon | olive oil | parsley,3,lemon,olive oil,parsley,110,0.011013215859030838
72,eggs | golden caster sugar | milk,3,eggs,golden caster sugar,milk,109,0.010913095714857829
73,garlic | lemon | onion,3,garlic,lemon,onion,109,0.010913095714857829
74,eggs | self-raising flour | unsalted butter,3,eggs,self-raising flour,unsalted butter,108,0.010812975570684821
75,garlic | ginger | red chilli,3,garlic,ginger,red chilli,108,0.010812975570684821
76,garlic | onion | vegetable oil,3,garlic,onion,vegetable oil,108,0.010812975570684821
77,baking powder | caster sugar | eggs,3,baking powder,caster sugar,eggs,107,0.010712855426511814
78,baking powder | eggs | unsalted butter,3,baking powder,eggs,unsalted butter,107,0.010712855426511814
79,garlic | olive oil | smoked paprika,3,garlic,olive oil,smoked paprika,107,0.010712855426511814
80,butter | double cream | eggs,3,butter,double cream,eggs,106,0.010612735282338807
81,eggs | milk | vanilla extract,3,eggs,milk,vanilla extract,106,0.010612735282338807
82,butter | icing sugar | milk,3,butter,icing sugar,milk,105,0.0105126151381658
83,butter | milk | self-raising flour,3,butter,milk,self-raising flour,105,0.0105126151381658
84,celery | garlic | onion,3,celery,garlic,onion,104,0.010412494993992792
85,garlic | onion | parsley,3,garlic,onion,parsley,104,0.010412494993992792
86,olive oil | onion | tomato purée,3,olive oil,onion,tomato purée,104,0.010412494993992792
87,baking powder | icing sugar | plain flour,3,baking powder,icing sugar,plain flour,103,0.010312374849819783
88,dried oregano | garlic | olive oil,3,dried oregano,garlic,olive oil,103,0.010312374849819783
89,celery | garlic | olive oil,3,celery,garlic,olive oil,102,0.010212254705646776
90,icing sugar | milk | vanilla extract,3,icing sugar,milk,vanilla extract,102,0.010212254705646776
91,chopped tomatoes | garlic | tomato purée,3,chopped tomatoes,garlic,tomato purée,101,0.010112134561473769
92,baking powder | butter | self-raising flour,3,baking powder,butter,self-raising flour,100,0.010012014417300761
93,golden caster sugar | icing sugar | plain flour,3,golden caster sugar,icing sugar,plain flour,100,0.010012014417300761
94,baking powder | icing sugar | self-raising flour,3,baking powder,icing sugar,self-raising flour,99,0.009911894273127754
95,baking powder | milk | self-raising flour,3,baking powder,milk,self-raising flour,99,0.009911894273127754
96,garlic | ground coriander | onion,3,garlic,ground coriander,onion,98,0.009811774128954745
97,garlic | olive oil | tomatoes,3,garlic,olive oil,tomatoes,98,0.009811774128954745
98,icing sugar | self-raising flour | vanilla extract,3,icing sugar,self-raising flour,vanilla extract,98,0.009811774128954745
99,butter | golden caster sugar | self-raising flour,3,butter,golden caster sugar,self-raising flour,97,0.009711653984781738
100,butter | icing sugar | self-raising flour,3,butter,icing sugar,self-raising flour,97,0.009711653984781738
101,double cream | eggs | icing sugar,3,double cream,eggs,icing sugar,97,0.009711653984781738
102,extra virgin olive oil | garlic | lemon,3,extra virgin olive oil,garlic,lemon,97,0.009711653984781738
103,garlic | ginger | ground coriander,3,garlic,ginger,ground coriander,97,0.009711653984781738
104,baking powder | icing sugar | vanilla extract,3,baking powder,icing sugar,vanilla extract,96,0.00961153384060873
105,butter | double cream | plain flour,3,butter,double cream,plain flour,96,0.00961153384060873
106,butter | caster sugar | plain flour,3,butter,caster sugar,plain flour,95,0.009511413696435723
107,garlic | onion | rapeseed oil,3,garlic,onion,rapeseed oil,95,0.009511413696435723
108,olive oil | onion | parmesan,3,olive oil,onion,parmesan,95,0.009511413696435723
109,garlic | ground cumin | olive oil,3,garlic,ground cumin,olive oil,94,0.009411293552262716
110,baking powder | butter | milk,3,baking powder,butter,milk,93,0.009311173408089707
111,baking powder | butter | vanilla extract,3,baking powder,butter,vanilla extract,93,0.009311173408089707
112,butter | milk | vanilla extract,3,butter,milk,vanilla extract,93,0.009311173408089707
113,butter | self-raising flour | vanilla extract,3,butter,self-raising flour,vanilla extract,93,0.009311173408089707
114,cocoa powder | eggs | plain flour,3,cocoa powder,eggs,plain flour,93,0.009311173408089707
115,coriander | garlic | ground cumin,3,coriander,garlic,ground cumin,93,0.009311173408089707
116,garlic | ginger | sesame oil,3,garlic,ginger,sesame oil,93,0.009311173408089707
117,butter | garlic | plain flour,3,butter,garlic,plain flour,92,0.0092110532639167
118,double cream | icing sugar | vanilla extract,3,double cream,icing sugar,vanilla extract,92,0.0092110532639167
119,garlic | onion | parmesan,3,garlic,onion,parmesan,92,0.0092110532639167
120,garlic | onion | plain flour,3,garlic,onion,plain flour,92,0.0092110532639167
121,baking powder | butter | icing sugar,3,baking powder,butter,icing sugar,91,0.009110933119743692
122,carrots | garlic | olive oil,3,carrots,garlic,olive oil,91,0.009110933119743692
123,baking powder | caster sugar | plain flour,3,baking powder,caster sugar,plain flour,90,0.009010812975570685
124,chopped tomatoes | olive oil | onion,3,chopped tomatoes,olive oil,onion,90,0.009010812975570685
125,garlic | lemon | parmesan,3,garlic,lemon,parmesan,90,0.009010812975570685
126,cherry tomatoes | garlic | olive oil,3,cherry tomatoes,garlic,olive oil,89,0.008910692831397678
127,garlic | olive oil | rosemary,3,garlic,olive oil,rosemary,89,0.008910692831397678
128,golden caster sugar | plain flour | unsalted butter,3,golden caster sugar,plain flour,unsalted butter,89,0.008910692831397678
129,baking powder | golden caster sugar | self-raising flour,3,baking powder,golden caster sugar,self-raising flour,88,0.00881057268722467
130,garlic | olive oil | red wine vinegar,3,garlic,olive oil,red wine vinegar,88,0.00881057268722467
131,caster sugar | plain flour | vanilla extract,3,caster sugar,plain flour,vanilla extract,87,0.008710452543051661
132,cocoa powder | dark chocolate | eggs,3,cocoa powder,dark chocolate,eggs,87,0.008710452543051661
133,double cream | eggs | golden caster sugar,3,double cream,eggs,golden caster sugar,87,0.008710452543051661
134,garlic | ginger | ground cumin,3,garlic,ginger,ground cumin,87,0.008710452543051661
135,garlic | ginger | rapeseed oil,3,garlic,ginger,rapeseed oil,87,0.008710452543051661
136,carrots | celery | garlic,3,carrots,celery,garlic,86,0.008610332398878654
137,icing sugar | milk | self-raising flour,3,icing sugar,milk,self-raising flour,86,0.008610332398878654
138,baking powder | golden caster sugar | plain flour,3,baking powder,golden caster sugar,plain flour,85,0.008510212254705647
139,butter | garlic | lemon,3,butter,garlic,lemon,85,0.008510212254705647
140,caster sugar | eggs | unsalted butter,3,caster sugar,eggs,unsalted butter,85,0.008510212254705647
141,garlic | ginger | soy sauce,3,garlic,ginger,soy sauce,85,0.008510212254705647
142,plain flour | unsalted butter | vanilla extract,3,plain flour,unsalted butter,vanilla extract,85,0.008510212254705647
143,baking powder | golden caster sugar | icing sugar,3,baking powder,golden caster sugar,icing sugar,84,0.00841009211053264
144,caster sugar | icing sugar | plain flour,3,caster sugar,icing sugar,plain flour,84,0.00841009211053264
145,coriander | garlic | red chilli,3,coriander,garlic,red chilli,84,0.00841009211053264
146,eggs | garlic | olive oil,3,eggs,garlic,olive oil,84,0.00841009211053264
147,eggs | unsalted butter | vanilla extract,3,eggs,unsalted butter,vanilla extract,84,0.00841009211053264
148,garlic | ginger | turmeric,3,garlic,ginger,turmeric,84,0.00841009211053264
149,garlic | lemon | red onion,3,garlic,lemon,red onion,84,0.00841009211053264
150,baking powder | butter | golden caster sugar,3,baking powder,butter,golden caster sugar,83,0.008309971966359632
151,butter | olive oil | plain flour,3,butter,olive oil,plain flour,83,0.008309971966359632
152,caster sugar | eggs | milk,3,caster sugar,eggs,milk,83,0.008309971966359632
153,double cream | eggs | vanilla extract,3,double cream,eggs,vanilla extract,83,0.008309971966359632
154,egg | golden caster sugar | plain flour,3,egg,golden caster sugar,plain flour,83,0.008309971966359632
155,eggs | plain flour | vegetable oil,3,eggs,plain flour,vegetable oil,83,0.008309971966359632
156,baking powder | golden caster sugar | vanilla extract,3,baking powder,golden caster sugar,vanilla extract,82,0.008209851822186623
157,bay leaves | garlic | olive oil,3,bay leaves,garlic,olive oil,82,0.008209851822186623
158,bicarbonate of soda | eggs | plain flour,3,bicarbonate of soda,eggs,plain flour,82,0.008209851822186623
159,butter | golden caster sugar | milk,3,butter,golden caster sugar,milk,82,0.008209851822186623
160,carrot | garlic | onion,3,carrot,garlic,onion,82,0.008209851822186623
161,caster sugar | plain flour | unsalted butter,3,caster sugar,plain flour,unsalted butter,82,0.008209851822186623
162,coriander | garlic | lime,3,coriander,garlic,lime,82,0.008209851822186623
163,eggs | light brown soft sugar | plain flour,3,eggs,light brown soft sugar,plain flour,82,0.008209851822186623
164,butter | olive oil | parmesan,3,butter,olive oil,parmesan,81,0.008109731678013616
165,caster sugar | eggs | vanilla extract,3,caster sugar,eggs,vanilla extract,81,0.008109731678013616
166,chicken stock | garlic | olive oil,3,chicken stock,garlic,olive oil,81,0.008109731678013616
167,coriander | garlic | rapeseed oil,3,coriander,garlic,rapeseed oil,81,0.008109731678013616
168,egg | plain flour | vanilla extract,3,egg,plain flour,vanilla extract,81,0.008109731678013616
169,garlic | olive oil | red chilli,3,garlic,olive oil,red chilli,81,0.008109731678013616
170,golden caster sugar | self-raising flour | vanilla extract,3,golden caster sugar,self-raising flour,vanilla extract,81,0.008109731678013616
171,butter | eggs | lemon,3,butter,eggs,lemon,80,0.008009611533840609
172,cocoa powder | eggs | icing sugar,3,cocoa powder,eggs,icing sugar,80,0.008009611533840609
173,dark chocolate | eggs | plain flour,3,dark chocolate,eggs,plain flour,80,0.008009611533840609
174,coriander | garlic | olive oil,3,coriander,garlic,olive oil,79,0.007909491389667601
175,coriander | garlic | ground coriander,3,coriander,garlic,ground coriander,78,0.007809371245494593
176,garlic | ginger | lime,3,garlic,ginger,lime,78,0.007809371245494593
177,garlic | onions | tomato purée,3,garlic,onions,tomato purée,78,0.007809371245494593
178,butter | caster sugar | icing sugar,3,butter,caster sugar,icing sugar,77,0.007709251101321586
179,caster sugar | icing sugar | vanilla extract,3,caster sugar,icing sugar,vanilla extract,77,0.007709251101321586
180,celery | garlic | tomato purée,3,celery,garlic,tomato purée,77,0.007709251101321586
181,garam masala | garlic | ginger,3,garam masala,garlic,ginger,77,0.007709251101321586
182,icing sugar | plain flour | unsalted butter,3,icing sugar,plain flour,unsalted butter,77,0.007709251101321586
183,baking powder | icing sugar | milk,3,baking powder,icing sugar,milk,76,0.007609130957148579
184,butter | caster sugar | milk,3,butter,caster sugar,milk,75,0.0075090108129755705
185,caster sugar | double cream | eggs,3,caster sugar,double cream,eggs,75,0.0075090108129755705
186,coriander | garlic | red onion,3,coriander,garlic,red onion,75,0.0075090108129755705
187,golden caster sugar | milk | self-raising flour,3,golden caster sugar,milk,self-raising flour,75,0.0075090108129755705
188,baking powder | bicarbonate of soda | eggs,3,baking powder,bicarbonate of soda,eggs,74,0.007408890668802563
189,celery | olive oil | onion,3,celery,olive oil,onion,74,0.007408890668802563
190,eggs | milk | unsalted butter,3,eggs,milk,unsalted butter,74,0.007408890668802563
191,lemon | olive oil | parmesan,3,lemon,olive oil,parmesan,74,0.007408890668802563
192,baking powder | milk | plain flour,3,baking powder,milk,plain flour,73,0.007308770524629555
193,bicarbonate of soda | eggs | vanilla extract,3,bicarbonate of soda,eggs,vanilla extract,73,0.007308770524629555
194,butter | double cream | icing sugar,3,butter,double cream,icing sugar,73,0.007308770524629555
195,butter | olive oil | onion,3,butter,olive oil,onion,73,0.007308770524629555
196,carrots | garlic | onions,3,carrots,garlic,onions,73,0.007308770524629555
197,cumin seeds | garlic | ginger,3,cumin seeds,garlic,ginger,73,0.007308770524629555
198,egg | plain flour | unsalted butter,3,egg,plain flour,unsalted butter,73,0.007308770524629555
199,lemon | olive oil | onion,3,lemon,olive oil,onion,73,0.007308770524629555
200,olive oil | onion | parsley,3,olive oil,onion,parsley,73,0.007308770524629555
201,baking powder | caster sugar | self-raising flour,3,baking powder,caster sugar,self-raising flour,72,0.007208650380456548
202,butter | caster sugar | vanilla extract,3,butter,caster sugar,vanilla extract,72,0.007208650380456548
203,butter | garlic | parmesan,3,butter,garlic,parmesan,72,0.007208650380456548
204,cocoa powder | dark chocolate | plain flour,3,cocoa powder,dark chocolate,plain flour,72,0.007208650380456548
205,garlic | ground cumin | red onion,3,garlic,ground cumin,red onion,72,0.007208650380456548
206,golden caster sugar | icing sugar | milk,3,golden caster sugar,icing sugar,milk,72,0.007208650380456548
207,baking powder | cocoa powder | eggs,3,baking powder,cocoa powder,eggs,71,0.0071085302362835405
208,bicarbonate of soda | plain flour | vanilla extract,3,bicarbonate of soda,plain flour,vanilla extract,71,0.0071085302362835405
209,garlic | ginger | ground turmeric,3,garlic,ginger,ground turmeric,71,0.0071085302362835405
210,garlic | lemon | rapeseed oil,3,garlic,lemon,rapeseed oil,71,0.0071085302362835405
211,garlic | olive oil | white wine,3,garlic,olive oil,white wine,71,0.0071085302362835405
212,garlic | onion | vegetable stock,3,garlic,onion,vegetable stock,71,0.0071085302362835405
213,baking powder | bicarbonate of soda | plain flour,3,baking powder,bicarbonate of soda,plain flour,70,0.007008410092110532
214,butter | garlic | parsley,3,butter,garlic,parsley,70,0.007008410092110532
215,butter | onion | plain flour,3,butter,onion,plain flour,70,0.007008410092110532
216,caster sugar | icing sugar | self-raising flour,3,caster sugar,icing sugar,self-raising flour,70,0.007008410092110532
217,chopped tomatoes | olive oil | tomato purée,3,chopped tomatoes,olive oil,tomato purée,70,0.007008410092110532
218,double cream | eggs | self-raising flour,3,double cream,eggs,self-raising flour,70,0.007008410092110532
219,eggs | lemon | plain flour,3,eggs,lemon,plain flour,70,0.007008410092110532
220,garlic | sesame oil | spring onions,3,garlic,sesame oil,spring onions,70,0.007008410092110532
221,baking powder | plain flour | unsalted butter,3,baking powder,plain flour,unsalted butter,69,0.006908289947937525
222,chilli flakes | garlic | onion,3,chilli flakes,garlic,onion,69,0.006908289947937525
223,garlic | onion | smoked paprika,3,garlic,onion,smoked paprika,69,0.006908289947937525
224,garlic | soy sauce | spring onions,3,garlic,soy sauce,spring onions,69,0.006908289947937525
225,baking powder | self-raising flour | vanilla extract,3,baking powder,self-raising flour,vanilla extract,68,0.006808169803764518
226,butter | cocoa powder | eggs,3,butter,cocoa powder,eggs,68,0.006808169803764518
227,butter | garlic | thyme,3,butter,garlic,thyme,68,0.006808169803764518
228,carrots | garlic | onion,3,carrots,garlic,onion,68,0.006808169803764518
229,caster sugar | double cream | icing sugar,3,caster sugar,double cream,icing sugar,68,0.006808169803764518
230,caster sugar | milk | self-raising flour,3,caster sugar,milk,self-raising flour,68,0.006808169803764518
231,coriander | garlic | vegetable oil,3,coriander,garlic,vegetable oil,68,0.006808169803764518
232,garlic | onion | red pepper,3,garlic,onion,red pepper,68,0.006808169803764518
233,garlic | onion | tomatoes,3,garlic,onion,tomatoes,68,0.006808169803764518
234,icing sugar | self-raising flour | unsalted butter,3,icing sugar,self-raising flour,unsalted butter,68,0.006808169803764518
235,icing sugar | unsalted butter | vanilla extract,3,icing sugar,unsalted butter,vanilla extract,68,0.006808169803764518
236,baking powder | milk | vanilla extract,3,baking powder,milk,vanilla extract,67,0.00670804965959151
237,double cream | golden caster sugar | icing sugar,3,double cream,golden caster sugar,icing sugar,67,0.00670804965959151
238,extra virgin olive oil | garlic | olive oil,3,extra virgin olive oil,garlic,olive oil,67,0.00670804965959151
239,garlic | ginger | sunflower oil,3,garlic,ginger,sunflower oil,67,0.00670804965959151
240,garlic | olive oil | vegetable stock,3,garlic,olive oil,vegetable stock,67,0.00670804965959151
241,baking powder | double cream | eggs,3,baking powder,double cream,eggs,66,0.006607929515418502
242,carrots | garlic | tomato purée,3,carrots,garlic,tomato purée,66,0.006607929515418502
243,chilli flakes | garlic | lemon,3,chilli flakes,garlic,lemon,66,0.006607929515418502
244,cocoa powder | eggs | golden caster sugar,3,cocoa powder,eggs,golden caster sugar,66,0.006607929515418502
245,cocoa powder | eggs | vanilla extract,3,cocoa powder,eggs,vanilla extract,66,0.006607929515418502
246,coriander | garlic | spring onions,3,coriander,garlic,spring onions,66,0.006607929515418502
247,double cream | eggs | unsalted butter,3,double cream,eggs,unsalted butter,66,0.006607929515418502
248,double cream | icing sugar | plain flour,3,double cream,icing sugar,plain flour,66,0.006607929515418502
249,bay leaves | garlic | onion,3,bay leaves,garlic,onion,65,0.006507809371245494
250,butter | caster sugar | self-raising flour,3,butter,caster sugar,self-raising flour,65,0.006507809371245494
251,butter | double cream | golden caster sugar,3,butter,double cream,golden caster sugar,65,0.006507809371245494
252,caster sugar | icing sugar | unsalted butter,3,caster sugar,icing sugar,unsalted butter,65,0.006507809371245494
253,chicken stock | garlic | onion,3,chicken stock,garlic,onion,65,0.006507809371245494
254,garlic | ginger | tomato purée,3,garlic,ginger,tomato purée,65,0.006507809371245494
255,garlic | milk | olive oil,3,garlic,milk,olive oil,65,0.006507809371245494
256,garlic | rapeseed oil | red chilli,3,garlic,rapeseed oil,red chilli,65,0.006507809371245494
257,garlic | red chilli | spring onions,3,garlic,red chilli,spring onions,65,0.006507809371245494
258,ground coriander | ground cumin | onion,3,ground coriander,ground cumin,onion,65,0.006507809371245494
259,icing sugar | milk | plain flour,3,icing sugar,milk,plain flour,65,0.006507809371245494
260,milk | self-raising flour | vanilla extract,3,milk,self-raising flour,vanilla extract,65,0.006507809371245494
261,baking powder | eggs | light brown soft sugar,3,baking powder,eggs,light brown soft sugar,64,0.006407689227072487
262,basil leaves | garlic | olive oil,3,basil leaves,garlic,olive oil,64,0.006407689227072487
263,coriander | cumin seeds | garlic,3,coriander,cumin seeds,garlic,64,0.006407689227072487
264,fennel seeds | garlic | olive oil,3,fennel seeds,garlic,olive oil,64,0.006407689227072487
265,garlic | ginger | onions,3,garlic,ginger,onions,64,0.006407689227072487
266,garlic | ground cumin | lemon,3,garlic,ground cumin,lemon,64,0.006407689227072487
267,ginger | ground coriander | ground cumin,3,ginger,ground coriander,ground cumin,64,0.006407689227072487
268,ginger | sesame oil | spring onions,3,ginger,sesame oil,spring onions,64,0.006407689227072487
269,baking powder | butter | caster sugar,3,baking powder,butter,caster sugar,63,0.00630756908289948
270,caster sugar | icing sugar | milk,3,caster sugar,icing sugar,milk,63,0.00630756908289948
271,garlic | onion | thyme,3,garlic,onion,thyme,63,0.00630756908289948
272,garlic | onion | turmeric,3,garlic,onion,turmeric,63,0.00630756908289948
273,garlic | rapeseed oil | tomato purée,3,garlic,rapeseed oil,tomato purée,63,0.00630756908289948
274,garlic | rapeseed oil | vegetable bouillon powder,3,garlic,rapeseed oil,vegetable bouillon powder,63,0.00630756908289948
275,golden caster sugar | milk | vanilla extract,3,golden caster sugar,milk,vanilla extract,63,0.00630756908289948
276,basil | garlic | olive oil,3,basil,garlic,olive oil,62,0.0062074489387264715
277,caster sugar | egg | plain flour,3,caster sugar,egg,plain flour,62,0.0062074489387264715
278,coconut milk | garlic | ginger,3,coconut milk,garlic,ginger,62,0.0062074489387264715
279,cumin seeds | garlic | onion,3,cumin seeds,garlic,onion,62,0.0062074489387264715
280,garlic | spring onions | vegetable oil,3,garlic,spring onions,vegetable oil,62,0.0062074489387264715
281,lemon | olive oil | red onion,3,lemon,olive oil,red onion,62,0.0062074489387264715
282,baking powder | plain flour | vegetable oil,3,baking powder,plain flour,vegetable oil,61,0.006107328794553464
283,butter | garlic | milk,3,butter,garlic,milk,61,0.006107328794553464
284,double cream | eggs | milk,3,double cream,eggs,milk,61,0.006107328794553464
285,egg | icing sugar | plain flour,3,egg,icing sugar,plain flour,61,0.006107328794553464
286,ginger | soy sauce | spring onions,3,ginger,soy sauce,spring onions,61,0.006107328794553464
287,golden caster sugar | unsalted butter | vanilla extract,3,golden caster sugar,unsalted butter,vanilla extract,61,0.006107328794553464
288,baking powder | golden caster sugar | milk,3,baking powder,golden caster sugar,milk,60,0.006007208650380457
289,cornflour | garlic | ginger,3,cornflour,garlic,ginger,60,0.006007208650380457
290,courgettes | garlic | olive oil,3,courgettes,garlic,olive oil,60,0.006007208650380457
291,dark chocolate | double cream | eggs,3,dark chocolate,double cream,eggs,60,0.006007208650380457
292,double cream | golden caster sugar | plain flour,3,double cream,golden caster sugar,plain flour,60,0.006007208650380457
293,garlic | ginger | red onion,3,garlic,ginger,red onion,60,0.006007208650380457
294,baking powder | caster sugar | icing sugar,3,baking powder,caster sugar,icing sugar,59,0.005907088506207449
295,baking powder | cocoa powder | icing sugar,3,baking powder,cocoa powder,icing sugar,59,0.005907088506207449
296,bicarbonate of soda | butter | plain flour,3,bicarbonate of soda,butter,plain flour,59,0.005907088506207449
297,butter | egg | milk,3,butter,egg,milk,59,0.005907088506207449
298,butter | lemon | plain flour,3,butter,lemon,plain flour,59,0.005907088506207449
299,caster sugar | milk | plain flour,3,caster sugar,milk,plain flour,59,0.005907088506207449
300,eggs | icing sugar | lemon,3,eggs,icing sugar,lemon,59,0.005907088506207449
301,garlic | ground cumin | tomato purée,3,garlic,ground cumin,tomato purée,59,0.005907088506207449
302,garlic | mozzarella | olive oil,3,garlic,mozzarella,olive oil,59,0.005907088506207449
303,garlic | plain flour | vegetable oil,3,garlic,plain flour,vegetable oil,59,0.005907088506207449
304,light brown soft sugar | plain flour | vanilla extract,3,light brown soft sugar,plain flour,vanilla extract,59,0.005907088506207449
305,bicarbonate of soda | eggs | icing sugar,3,bicarbonate of soda,eggs,icing sugar,58,0.0058069683620344415
306,butter | caster sugar | double cream,3,butter,caster sugar,double cream,58,0.0058069683620344415
307,butter | double cream | vanilla extract,3,butter,double cream,vanilla extract,58,0.0058069683620344415
308,butter | plain flour | whole milk,3,butter,plain flour,whole milk,58,0.0058069683620344415
309,caster sugar | double cream | plain flour,3,caster sugar,double cream,plain flour,58,0.0058069683620344415
310,chopped tomatoes | onion | tomato purée,3,chopped tomatoes,onion,tomato purée,58,0.0058069683620344415
311,coriander | ginger | red chilli,3,coriander,ginger,red chilli,58,0.0058069683620344415
312,golden caster sugar | icing sugar | unsalted butter,3,golden caster sugar,icing sugar,unsalted butter,58,0.0058069683620344415
313,baking powder | unsalted butter | vanilla extract,3,baking powder,unsalted butter,vanilla extract,57,0.005706848217861433
314,bay leaves | garlic | onions,3,bay leaves,garlic,onions,57,0.005706848217861433
315,bay leaves | garlic | tomato purée,3,bay leaves,garlic,tomato purée,57,0.005706848217861433
316,butter | double cream | milk,3,butter,double cream,milk,57,0.005706848217861433
317,celery | olive oil | tomato purée,3,celery,olive oil,tomato purée,57,0.005706848217861433
318,cocoa powder | eggs | unsalted butter,3,cocoa powder,eggs,unsalted butter,57,0.005706848217861433
319,cocoa powder | icing sugar | vanilla extract,3,cocoa powder,icing sugar,vanilla extract,57,0.005706848217861433
320,coriander leaves | garlic | ginger,3,coriander leaves,garlic,ginger,57,0.005706848217861433
321,coriander | ginger | onion,3,coriander,ginger,onion,57,0.005706848217861433
322,double cream | plain flour | unsalted butter,3,double cream,plain flour,unsalted butter,57,0.005706848217861433
323,garlic | ground cumin | smoked paprika,3,garlic,ground cumin,smoked paprika,57,0.005706848217861433
324,garlic | onions | rapeseed oil,3,garlic,onions,rapeseed oil,57,0.005706848217861433
325,milk | plain flour | vanilla extract,3,milk,plain flour,vanilla extract,57,0.005706848217861433
326,olive oil | onion | plain flour,3,olive oil,onion,plain flour,57,0.005706848217861433
327,baking powder | caster sugar | vanilla extract,3,baking powder,caster sugar,vanilla extract,56,0.005606728073688426
328,baking powder | cocoa powder | plain flour,3,baking powder,cocoa powder,plain flour,56,0.005606728073688426
329,butter | double cream | garlic,3,butter,double cream,garlic,56,0.005606728073688426
330,caster sugar | unsalted butter | vanilla extract,3,caster sugar,unsalted butter,vanilla extract,56,0.005606728073688426
331,chopped tomatoes | garlic | onions,3,chopped tomatoes,garlic,onions,56,0.005606728073688426
332,cocoa powder | icing sugar | plain flour,3,cocoa powder,icing sugar,plain flour,56,0.005606728073688426
333,cumin seeds | garlic | ground coriander,3,cumin seeds,garlic,ground coriander,56,0.005606728073688426
334,dark chocolate | eggs | golden caster sugar,3,dark chocolate,eggs,golden caster sugar,56,0.005606728073688426
335,dark chocolate | golden caster sugar | plain flour,3,dark chocolate,golden caster sugar,plain flour,56,0.005606728073688426
336,egg | garlic | olive oil,3,egg,garlic,olive oil,56,0.005606728073688426
337,feta | garlic | olive oil,3,feta,garlic,olive oil,56,0.005606728073688426
338,garlic | ginger | sesame seeds,3,garlic,ginger,sesame seeds,56,0.005606728073688426
339,garlic | ground coriander | rapeseed oil,3,garlic,ground coriander,rapeseed oil,56,0.005606728073688426
340,garlic | lime | red chilli,3,garlic,lime,red chilli,56,0.005606728073688426
341,baking powder | bicarbonate of soda | vanilla extract,3,baking powder,bicarbonate of soda,vanilla extract,55,0.005506607929515419
342,baking powder | cocoa powder | vanilla extract,3,baking powder,cocoa powder,vanilla extract,55,0.005506607929515419
343,baking powder | light brown soft sugar | plain flour,3,baking powder,light brown soft sugar,plain flour,55,0.005506607929515419
344,baking powder | self-raising flour | unsalted butter,3,baking powder,self-raising flour,unsalted butter,55,0.005506607929515419
345,carrot | celery | garlic,3,carrot,celery,garlic,55,0.005506607929515419
346,carrots | celery | onion,3,carrots,celery,onion,55,0.005506607929515419
347,carrots | celery | onions,3,carrots,celery,onions,55,0.005506607929515419
348,carrots | celery | tomato purée,3,carrots,celery,tomato purée,55,0.005506607929515419
349,coriander | ground coriander | ground cumin,3,coriander,ground coriander,ground cumin,55,0.005506607929515419
350,dark chocolate | eggs | unsalted butter,3,dark chocolate,eggs,unsalted butter,55,0.005506607929515419
351,dried oregano | garlic | onion,3,dried oregano,garlic,onion,55,0.005506607929515419
352,flat-leaf parsley | garlic | olive oil,3,flat-leaf parsley,garlic,olive oil,55,0.005506607929515419
353,garlic | lemon | red chilli,3,garlic,lemon,red chilli,55,0.005506607929515419
354,garlic | olive oil | pine nuts,3,garlic,olive oil,pine nuts,55,0.005506607929515419
355,garlic | sesame oil | soy sauce,3,garlic,sesame oil,soy sauce,55,0.005506607929515419
356,baking powder | caster sugar | milk,3,baking powder,caster sugar,milk,54,0.005406487785342411
357,baking powder | icing sugar | unsalted butter,3,baking powder,icing sugar,unsalted butter,54,0.005406487785342411
358,bicarbonate of soda | golden caster sugar | plain flour,3,bicarbonate of soda,golden caster sugar,plain flour,54,0.005406487785342411
359,butter | dark chocolate | plain flour,3,butter,dark chocolate,plain flour,54,0.005406487785342411
360,butter | lemon | olive oil,3,butter,lemon,olive oil,54,0.005406487785342411
361,chickpeas | garlic | olive oil,3,chickpeas,garlic,olive oil,54,0.005406487785342411
362,chopped tomatoes | garlic | ground cumin,3,chopped tomatoes,garlic,ground cumin,54,0.005406487785342411
363,egg | garlic | onion,3,egg,garlic,onion,54,0.005406487785342411
364,eggs | garlic | onion,3,eggs,garlic,onion,54,0.005406487785342411
365,eggs | light brown soft sugar | vanilla extract,3,eggs,light brown soft sugar,vanilla extract,54,0.005406487785342411
366,garlic | olive oil | spring onions,3,garlic,olive oil,spring onions,54,0.005406487785342411
367,garlic | rapeseed oil | red onion,3,garlic,rapeseed oil,red onion,54,0.005406487785342411
368,garlic | rapeseed oil | smoked paprika,3,garlic,rapeseed oil,smoked paprika,54,0.005406487785342411
369,ginger | ground coriander | onion,3,ginger,ground coriander,onion,54,0.005406487785342411
370,golden caster sugar | self-raising flour | unsalted butter,3,golden caster sugar,self-raising flour,unsalted butter,54,0.005406487785342411
371,baking powder | egg | plain flour,3,baking powder,egg,plain flour,53,0.005306367641169403
372,bicarbonate of soda | butter | eggs,3,bicarbonate of soda,butter,eggs,53,0.005306367641169403
373,bicarbonate of soda | egg | plain flour,3,bicarbonate of soda,egg,plain flour,53,0.005306367641169403
374,chilli flakes | lemon | olive oil,3,chilli flakes,lemon,olive oil,53,0.005306367641169403
375,cocoa powder | eggs | milk,3,cocoa powder,eggs,milk,53,0.005306367641169403
376,double cream | golden caster sugar | vanilla extract,3,double cream,golden caster sugar,vanilla extract,53,0.005306367641169403
377,egg | milk | plain flour,3,egg,milk,plain flour,53,0.005306367641169403
378,eggs | golden caster sugar | lemon,3,eggs,golden caster sugar,lemon,53,0.005306367641169403
379,eggs | icing sugar | light brown soft sugar,3,eggs,icing sugar,light brown soft sugar,53,0.005306367641169403
380,garlic | onion | red chilli,3,garlic,onion,red chilli,53,0.005306367641169403
381,garlic | onion | sunflower oil,3,garlic,onion,sunflower oil,53,0.005306367641169403
382,garlic | parmesan | plain flour,3,garlic,parmesan,plain flour,53,0.005306367641169403
383,garlic | red onion | tomatoes,3,garlic,red onion,tomatoes,53,0.005306367641169403
384,olive oil | parmesan | plain flour,3,olive oil,parmesan,plain flour,53,0.005306367641169403
385,baking powder | dark chocolate | eggs,3,baking powder,dark chocolate,eggs,52,0.005206247496996396
386,baking powder | eggs | vegetable oil,3,baking powder,eggs,vegetable oil,52,0.005206247496996396
387,bicarbonate of soda | eggs | self-raising flour,3,bicarbonate of soda,eggs,self-raising flour,52,0.005206247496996396
388,butter | cocoa powder | icing sugar,3,butter,cocoa powder,icing sugar,52,0.005206247496996396
389,butter | egg | golden caster sugar,3,butter,egg,golden caster sugar,52,0.005206247496996396
390,butter | parmesan | plain flour,3,butter,parmesan,plain flour,52,0.005206247496996396
391,caster sugar | cocoa powder | eggs,3,caster sugar,cocoa powder,eggs,52,0.005206247496996396
392,celery | garlic | onions,3,celery,garlic,onions,52,0.005206247496996396
393,cocoa powder | plain flour | vanilla extract,3,cocoa powder,plain flour,vanilla extract,52,0.005206247496996396
394,double cream | garlic | olive oil,3,double cream,garlic,olive oil,52,0.005206247496996396
395,dried oregano | garlic | tomato purée,3,dried oregano,garlic,tomato purée,52,0.005206247496996396
396,garlic | ground coriander | olive oil,3,garlic,ground coriander,olive oil,52,0.005206247496996396
397,garlic | ground coriander | turmeric,3,garlic,ground coriander,turmeric,52,0.005206247496996396
398,garlic | lemon | tahini,3,garlic,lemon,tahini,52,0.005206247496996396
399,garlic | sesame oil | sesame seeds,3,garlic,sesame oil,sesame seeds,52,0.005206247496996396
400,garlic | smoked paprika | tomato purée,3,garlic,smoked paprika,tomato purée,52,0.005206247496996396
401,icing sugar | milk | unsalted butter,3,icing sugar,milk,unsalted butter,52,0.005206247496996396
402,butter | eggs | light brown soft sugar,3,butter,eggs,light brown soft sugar,51,0.005106127352823388
403,carrot | celery | onion,3,carrot,celery,onion,51,0.005106127352823388
404,celery | onion | tomato purée,3,celery,onion,tomato purée,51,0.005106127352823388
405,chopped tomatoes | garlic | parmesan,3,chopped tomatoes,garlic,parmesan,51,0.005106127352823388
406,cinnamon | garlic | ginger,3,cinnamon,garlic,ginger,51,0.005106127352823388
407,garlic | lemon | smoked paprika,3,garlic,lemon,smoked paprika,51,0.005106127352823388
408,bay leaves | butter | plain flour,3,bay leaves,butter,plain flour,50,0.005006007208650381
409,butter | cocoa powder | plain flour,3,butter,cocoa powder,plain flour,50,0.005006007208650381
410,butter | dark chocolate | eggs,3,butter,dark chocolate,eggs,50,0.005006007208650381
411,butter | egg | vanilla extract,3,butter,egg,vanilla extract,50,0.005006007208650381
412,butter | eggs | ground almonds,3,butter,eggs,ground almonds,50,0.005006007208650381
413,carrot | garlic | olive oil,3,carrot,garlic,olive oil,50,0.005006007208650381
414,celery | chopped tomatoes | garlic,3,celery,chopped tomatoes,garlic,50,0.005006007208650381
415,cocoa powder | eggs | self-raising flour,3,cocoa powder,eggs,self-raising flour,50,0.005006007208650381
416,double cream | plain flour | vanilla extract,3,double cream,plain flour,vanilla extract,50,0.005006007208650381
417,eggs | garlic | lemon,3,eggs,garlic,lemon,50,0.005006007208650381
418,eggs | golden caster sugar | ground almonds,3,eggs,golden caster sugar,ground almonds,50,0.005006007208650381
419,garlic | ground coriander | tomato purée,3,garlic,ground coriander,tomato purée,50,0.005006007208650381
420,garlic | lime | red onion,3,garlic,lime,red onion,50,0.005006007208650381
421,garlic | milk | plain flour,3,garlic,milk,plain flour,50,0.005006007208650381
422,garlic | olive oil | red pepper,3,garlic,olive oil,red pepper,50,0.005006007208650381
423,garlic | olive oil | sugar,3,garlic,olive oil,sugar,50,0.005006007208650381
424,ginger | sesame oil | sesame seeds,3,ginger,sesame oil,sesame seeds,50,0.005006007208650381
425,golden caster sugar | milk | plain flour,3,golden caster sugar,milk,plain flour,50,0.005006007208650381
426,sesame oil | soy sauce | spring onions,3,sesame oil,soy sauce,spring onions,50,0.005006007208650381
427,baking powder | cocoa powder | dark chocolate,3,baking powder,cocoa powder,dark chocolate,49,0.0049058870644773725
428,butter | icing sugar | lemon,3,butter,icing sugar,lemon,49,0.0049058870644773725
429,butter | milk | olive oil,3,butter,milk,olive oil,49,0.0049058870644773725
430,butter | olive oil | parsley,3,butter,olive oil,parsley,49,0.0049058870644773725
431,carrots | celery | olive oil,3,carrots,celery,olive oil,49,0.0049058870644773725
432,caster sugar | self-raising flour | vanilla extract,3,caster sugar,self-raising flour,vanilla extract,49,0.0049058870644773725
433,chopped tomatoes | dried oregano | garlic,3,chopped tomatoes,dried oregano,garlic,49,0.0049058870644773725
434,cocoa powder | double cream | eggs,3,cocoa powder,double cream,eggs,49,0.0049058870644773725
435,eggs | light brown soft sugar | unsalted butter,3,eggs,light brown soft sugar,unsalted butter,49,0.0049058870644773725
436,garlic | olive oil | passata,3,garlic,olive oil,passata,49,0.0049058870644773725
437,garlic | olive oil | red onions,3,garlic,olive oil,red onions,49,0.0049058870644773725
438,garlic | parsley | tomato purée,3,garlic,parsley,tomato purée,49,0.0049058870644773725
439,garlic | red onion | tomato purée,3,garlic,red onion,tomato purée,49,0.0049058870644773725
440,ginger | sesame oil | soy sauce,3,ginger,sesame oil,soy sauce,49,0.0049058870644773725
441,baking powder | caster sugar | unsalted butter,3,baking powder,caster sugar,unsalted butter,48,0.004805766920304365
442,bay leaves | celery | garlic,3,bay leaves,celery,garlic,48,0.004805766920304365
443,bicarbonate of soda | cocoa powder | eggs,3,bicarbonate of soda,cocoa powder,eggs,48,0.004805766920304365
444,butter | golden caster sugar | lemon,3,butter,golden caster sugar,lemon,48,0.004805766920304365
445,butter | light brown soft sugar | plain flour,3,butter,light brown soft sugar,plain flour,48,0.004805766920304365
446,butter | olive oil | thyme,3,butter,olive oil,thyme,48,0.004805766920304365
447,carrot | olive oil | onion,3,carrot,olive oil,onion,48,0.004805766920304365
448,carrots | garlic | rapeseed oil,3,carrots,garlic,rapeseed oil,48,0.004805766920304365
449,caster sugar | double cream | vanilla extract,3,caster sugar,double cream,vanilla extract,48,0.004805766920304365
450,cocoa powder | dark chocolate | double cream,3,cocoa powder,dark chocolate,double cream,48,0.004805766920304365
451,coriander | garlic | tomatoes,3,coriander,garlic,tomatoes,48,0.004805766920304365
452,dark chocolate | double cream | icing sugar,3,dark chocolate,double cream,icing sugar,48,0.004805766920304365
453,double cream | icing sugar | unsalted butter,3,double cream,icing sugar,unsalted butter,48,0.004805766920304365
454,garlic | soy sauce | vegetable oil,3,garlic,soy sauce,vegetable oil,48,0.004805766920304365
455,baking powder | eggs | lemon,3,baking powder,eggs,lemon,47,0.004705646776131358
456,bay leaves | garlic | thyme,3,bay leaves,garlic,thyme,47,0.004705646776131358
457,bicarbonate of soda | light brown soft sugar | plain flour,3,bicarbonate of soda,light brown soft sugar,plain flour,47,0.004705646776131358
458,butter | dark chocolate | double cream,3,butter,dark chocolate,double cream,47,0.004705646776131358
459,butter | ground cinnamon | plain flour,3,butter,ground cinnamon,plain flour,47,0.004705646776131358
460,caster sugar | milk | vanilla extract,3,caster sugar,milk,vanilla extract,47,0.004705646776131358
461,cocoa powder | plain flour | unsalted butter,3,cocoa powder,plain flour,unsalted butter,47,0.004705646776131358
462,cumin seeds | garlic | lemon,3,cumin seeds,garlic,lemon,47,0.004705646776131358
463,cumin seeds | garlic | rapeseed oil,3,cumin seeds,garlic,rapeseed oil,47,0.004705646776131358
464,egg | golden caster sugar | vanilla extract,3,egg,golden caster sugar,vanilla extract,47,0.004705646776131358
465,egg | plain flour | vegetable oil,3,egg,plain flour,vegetable oil,47,0.004705646776131358
466,eggs | garlic | plain flour,3,eggs,garlic,plain flour,47,0.004705646776131358
467,feta | lemon | olive oil,3,feta,lemon,olive oil,47,0.004705646776131358
468,garlic | ground coriander | red onion,3,garlic,ground coriander,red onion,47,0.004705646776131358
469,garlic | ground cumin | red chilli,3,garlic,ground cumin,red chilli,47,0.004705646776131358
470,garlic | ground cumin | tomatoes,3,garlic,ground cumin,tomatoes,47,0.004705646776131358
471,garlic | olive oil | red wine,3,garlic,olive oil,red wine,47,0.004705646776131358
472,garlic | parmesan | tomato purée,3,garlic,parmesan,tomato purée,47,0.004705646776131358
473,garlic | parsley | rapeseed oil,3,garlic,parsley,rapeseed oil,47,0.004705646776131358
474,milk | self-raising flour | unsalted butter,3,milk,self-raising flour,unsalted butter,47,0.004705646776131358
475,bay leaves | garlic | plain flour,3,bay leaves,garlic,plain flour,46,0.00460552663195835
476,butter | dark chocolate | golden caster sugar,3,butter,dark chocolate,golden caster sugar,46,0.00460552663195835
477,butter | eggs | garlic,3,butter,eggs,garlic,46,0.00460552663195835
478,caster sugar | milk | unsalted butter,3,caster sugar,milk,unsalted butter,46,0.00460552663195835
479,chickpeas | garlic | lemon,3,chickpeas,garlic,lemon,46,0.00460552663195835
480,chopped tomatoes | coriander | garlic,3,chopped tomatoes,coriander,garlic,46,0.00460552663195835
481,cocoa powder | icing sugar | milk,3,cocoa powder,icing sugar,milk,46,0.00460552663195835
482,coriander | garlic | turmeric,3,coriander,garlic,turmeric,46,0.00460552663195835
483,cumin seeds | garlic | olive oil,3,cumin seeds,garlic,olive oil,46,0.00460552663195835
484,dark chocolate | eggs | vanilla extract,3,dark chocolate,eggs,vanilla extract,46,0.00460552663195835
485,egg | garlic | plain flour,3,egg,garlic,plain flour,46,0.00460552663195835
486,eggs | lemon | self-raising flour,3,eggs,lemon,self-raising flour,46,0.00460552663195835
487,garam masala | garlic | onion,3,garam masala,garlic,onion,46,0.00460552663195835
488,garlic | ginger | lemon,3,garlic,ginger,lemon,46,0.00460552663195835
489,garlic | ginger | olive oil,3,garlic,ginger,olive oil,46,0.00460552663195835
490,garlic | ginger | tomatoes,3,garlic,ginger,tomatoes,46,0.00460552663195835
491,garlic | ground coriander | onions,3,garlic,ground coriander,onions,46,0.00460552663195835
492,garlic | ground cumin | turmeric,3,garlic,ground cumin,turmeric,46,0.00460552663195835
493,milk | plain flour | unsalted butter,3,milk,plain flour,unsalted butter,46,0.00460552663195835
494,olive oil | onion | thyme,3,olive oil,onion,thyme,46,0.00460552663195835
495,baking powder | eggs | ground cinnamon,3,baking powder,eggs,ground cinnamon,45,0.0045054064877853425
496,baking powder | golden caster sugar | unsalted butter,3,baking powder,golden caster sugar,unsalted butter,45,0.0045054064877853425
497,bay leaves | butter | garlic,3,bay leaves,butter,garlic,45,0.0045054064877853425
498,bay leaves | carrots | celery,3,bay leaves,carrots,celery,45,0.0045054064877853425
499,bay leaves | plain flour | thyme,3,bay leaves,plain flour,thyme,45,0.0045054064877853425
500,bicarbonate of soda | icing sugar | plain flour,3,bicarbonate of soda,icing sugar,plain flour,45,0.0045054064877853425
501,bicarbonate of soda | plain flour | unsalted butter,3,bicarbonate of soda,plain flour,unsalted butter,45,0.0045054064877853425
502,coriander | garlic | limes,3,coriander,garlic,limes,45,0.0045054064877853425
503,dark chocolate | plain flour | vanilla extract,3,dark chocolate,plain flour,vanilla extract,45,0.0045054064877853425
504,extra virgin olive oil | garlic | parsley,3,extra virgin olive oil,garlic,parsley,45,0.0045054064877853425
505,garlic | ginger | green chilli,3,garlic,ginger,green chilli,45,0.0045054064877853425
506,garlic | ground coriander | red chilli,3,garlic,ground coriander,red chilli,45,0.0045054064877853425
507,garlic | lemon | thyme,3,garlic,lemon,thyme,45,0.0045054064877853425
508,garlic | lime | spring onions,3,garlic,lime,spring onions,45,0.0045054064877853425
509,garlic | plain flour | tomato purée,3,garlic,plain flour,tomato purée,45,0.0045054064877853425
510,garlic | sesame seeds | spring onions,3,garlic,sesame seeds,spring onions,45,0.0045054064877853425
511,golden caster sugar | milk | unsalted butter,3,golden caster sugar,milk,unsalted butter,45,0.0045054064877853425
512,ground coriander | ground cumin | olive oil,3,ground coriander,ground cumin,olive oil,45,0.0045054064877853425
513,icing sugar | lemon | plain flour,3,icing sugar,lemon,plain flour,45,0.0045054064877853425
514,bay leaves | carrots | garlic,3,bay leaves,carrots,garlic,44,0.004405286343612335
515,bay leaves | carrots | plain flour,3,bay leaves,carrots,plain flour,44,0.004405286343612335
516,bicarbonate of soda | eggs | golden caster sugar,3,bicarbonate of soda,eggs,golden caster sugar,44,0.004405286343612335
517,bicarbonate of soda | golden caster sugar | vanilla extract,3,bicarbonate of soda,golden caster sugar,vanilla extract,44,0.004405286343612335
518,bicarbonate of soda | light brown soft sugar | vanilla extract,3,bicarbonate of soda,light brown soft sugar,vanilla extract,44,0.004405286343612335
519,butter | cocoa powder | golden caster sugar,3,butter,cocoa powder,golden caster sugar,44,0.004405286343612335
520,butter | garlic | onions,3,butter,garlic,onions,44,0.004405286343612335
521,butter | milk | onion,3,butter,milk,onion,44,0.004405286343612335
522,carrots | garlic | ginger,3,carrots,garlic,ginger,44,0.004405286343612335
523,caster sugar | dark chocolate | double cream,3,caster sugar,dark chocolate,double cream,44,0.004405286343612335
524,chopped tomatoes | garlic | ground coriander,3,chopped tomatoes,garlic,ground coriander,44,0.004405286343612335
525,chopped tomatoes | olive oil | parmesan,3,chopped tomatoes,olive oil,parmesan,44,0.004405286343612335
526,cocoa powder | eggs | light brown soft sugar,3,cocoa powder,eggs,light brown soft sugar,44,0.004405286343612335
527,coriander | garlic | lemon,3,coriander,garlic,lemon,44,0.004405286343612335
528,coriander | ginger | ground coriander,3,coriander,ginger,ground coriander,44,0.004405286343612335
529,coriander | lime | red onion,3,coriander,lime,red onion,44,0.004405286343612335
530,cucumber | garlic | lemon,3,cucumber,garlic,lemon,44,0.004405286343612335
531,dark chocolate | double cream | plain flour,3,dark chocolate,double cream,plain flour,44,0.004405286343612335
532,dark chocolate | plain flour | unsalted butter,3,dark chocolate,plain flour,unsalted butter,44,0.004405286343612335
533,eggs | icing sugar | vegetable oil,3,eggs,icing sugar,vegetable oil,44,0.004405286343612335
534,eggs | light brown soft sugar | self-raising flour,3,eggs,light brown soft sugar,self-raising flour,44,0.004405286343612335
535,feta | garlic | lemon,3,feta,garlic,lemon,44,0.004405286343612335
536,garlic | ground coriander | tomatoes,3,garlic,ground coriander,tomatoes,44,0.004405286343612335
537,garlic | ground cumin | vegetable oil,3,garlic,ground cumin,vegetable oil,44,0.004405286343612335
538,garlic | lemon | tomatoes,3,garlic,lemon,tomatoes,44,0.004405286343612335
539,garlic | lime | olive oil,3,garlic,lime,olive oil,44,0.004405286343612335
540,garlic | milk | onion,3,garlic,milk,onion,44,0.004405286343612335
541,garlic | rapeseed oil | red pepper,3,garlic,rapeseed oil,red pepper,44,0.004405286343612335
542,garlic | rapeseed oil | spring onions,3,garlic,rapeseed oil,spring onions,44,0.004405286343612335
543,ginger | ground coriander | turmeric,3,ginger,ground coriander,turmeric,44,0.004405286343612335
544,golden caster sugar | icing sugar | lemon,3,golden caster sugar,icing sugar,lemon,44,0.004405286343612335
545,light brown soft sugar | plain flour | unsalted butter,3,light brown soft sugar,plain flour,unsalted butter,44,0.004405286343612335
546,baking powder | bicarbonate of soda | icing sugar,3,baking powder,bicarbonate of soda,icing sugar,43,0.004305166199439327
547,butter | chicken stock | garlic,3,butter,chicken stock,garlic,43,0.004305166199439327
548,butter | cocoa powder | dark chocolate,3,butter,cocoa powder,dark chocolate,43,0.004305166199439327
549,butter | nutmeg | plain flour,3,butter,nutmeg,plain flour,43,0.004305166199439327
550,caster sugar | cocoa powder | plain flour,3,caster sugar,cocoa powder,plain flour,43,0.004305166199439327
551,chicken stock | olive oil | onion,3,chicken stock,olive oil,onion,43,0.004305166199439327
552,chopped tomatoes | garlic | ginger,3,chopped tomatoes,garlic,ginger,43,0.004305166199439327
553,cocoa powder | dark chocolate | unsalted butter,3,cocoa powder,dark chocolate,unsalted butter,43,0.004305166199439327
554,cocoa powder | golden caster sugar | plain flour,3,cocoa powder,golden caster sugar,plain flour,43,0.004305166199439327
555,coriander | garlic | tomato purée,3,coriander,garlic,tomato purée,43,0.004305166199439327
556,cornflour | garlic | spring onions,3,cornflour,garlic,spring onions,43,0.004305166199439327
557,cumin seeds | garlic | turmeric,3,cumin seeds,garlic,turmeric,43,0.004305166199439327
558,dark chocolate | eggs | icing sugar,3,dark chocolate,eggs,icing sugar,43,0.004305166199439327
559,double cream | garlic | onion,3,double cream,garlic,onion,43,0.004305166199439327
560,eggs | plain flour | whole milk,3,eggs,plain flour,whole milk,43,0.004305166199439327
561,garlic | ground cinnamon | ground cumin,3,garlic,ground cinnamon,ground cumin,43,0.004305166199439327
562,garlic | ground cumin | lime,3,garlic,ground cumin,lime,43,0.004305166199439327
563,garlic | lemon | onions,3,garlic,lemon,onions,43,0.004305166199439327
564,garlic | onion | sugar,3,garlic,onion,sugar,43,0.004305166199439327
565,garlic | onions | vegetable oil,3,garlic,onions,vegetable oil,43,0.004305166199439327
566,garlic | red chilli | red onion,3,garlic,red chilli,red onion,43,0.004305166199439327
567,icing sugar | light brown soft sugar | plain flour,3,icing sugar,light brown soft sugar,plain flour,43,0.004305166199439327
568,milk | olive oil | parmesan,3,milk,olive oil,parmesan,43,0.004305166199439327
569,milk | olive oil | plain flour,3,milk,olive oil,plain flour,43,0.004305166199439327
570,olive oil | parmesan | tomato purée,3,olive oil,parmesan,tomato purée,43,0.004305166199439327
571,baking powder | ground cinnamon | plain flour,3,baking powder,ground cinnamon,plain flour,42,0.00420504605526632
572,baking powder | milk | unsalted butter,3,baking powder,milk,unsalted butter,42,0.00420504605526632
573,bicarbonate of soda | cocoa powder | icing sugar,3,bicarbonate of soda,cocoa powder,icing sugar,42,0.00420504605526632
574,bicarbonate of soda | double cream | eggs,3,bicarbonate of soda,double cream,eggs,42,0.00420504605526632
575,bicarbonate of soda | icing sugar | vanilla extract,3,bicarbonate of soda,icing sugar,vanilla extract,42,0.00420504605526632
576,butter | plain flour | thyme,3,butter,plain flour,thyme,42,0.00420504605526632
577,butter | plain flour | vegetable oil,3,butter,plain flour,vegetable oil,42,0.00420504605526632
578,butternut squash | garlic | olive oil,3,butternut squash,garlic,olive oil,42,0.00420504605526632
579,caster sugar | light brown soft sugar | plain flour,3,caster sugar,light brown soft sugar,plain flour,42,0.00420504605526632
580,celery | garlic | parsley,3,celery,garlic,parsley,42,0.00420504605526632
581,chilli flakes | olive oil | onion,3,chilli flakes,olive oil,onion,42,0.00420504605526632
582,cocoa powder | dark chocolate | golden caster sugar,3,cocoa powder,dark chocolate,golden caster sugar,42,0.00420504605526632
583,coriander | ginger | rapeseed oil,3,coriander,ginger,rapeseed oil,42,0.00420504605526632
584,coriander | ginger | spring onions,3,coriander,ginger,spring onions,42,0.00420504605526632
585,coriander | ground cumin | onion,3,coriander,ground cumin,onion,42,0.00420504605526632
586,dark chocolate | eggs | light brown soft sugar,3,dark chocolate,eggs,light brown soft sugar,42,0.00420504605526632
587,garlic | onions | plain flour,3,garlic,onions,plain flour,42,0.00420504605526632
588,garlic | rapeseed oil | tomatoes,3,garlic,rapeseed oil,tomatoes,42,0.00420504605526632
589,garlic | red chilli | vegetable oil,3,garlic,red chilli,vegetable oil,42,0.00420504605526632
590,ginger | onion | turmeric,3,ginger,onion,turmeric,42,0.00420504605526632
591,ginger | rapeseed oil | red chilli,3,ginger,rapeseed oil,red chilli,42,0.00420504605526632
592,sesame oil | sesame seeds | spring onions,3,sesame oil,sesame seeds,spring onions,42,0.00420504605526632
593,butter | egg | icing sugar,3,butter,egg,icing sugar,41,0.004104925911093312
594,carrot | celery | olive oil,3,carrot,celery,olive oil,41,0.004104925911093312
595,carrot | garlic | tomato purée,3,carrot,garlic,tomato purée,41,0.004104925911093312
596,caster sugar | dark chocolate | eggs,3,caster sugar,dark chocolate,eggs,41,0.004104925911093312
597,caster sugar | egg | unsalted butter,3,caster sugar,egg,unsalted butter,41,0.004104925911093312
598,caster sugar | self-raising flour | unsalted butter,3,caster sugar,self-raising flour,unsalted butter,41,0.004104925911093312
599,cocoa powder | dark chocolate | vanilla extract,3,cocoa powder,dark chocolate,vanilla extract,41,0.004104925911093312
600,cocoa powder | golden caster sugar | vanilla extract,3,cocoa powder,golden caster sugar,vanilla extract,41,0.004104925911093312
601,coriander seeds | cumin seeds | garlic,3,coriander seeds,cumin seeds,garlic,41,0.004104925911093312
602,coriander | garam masala | garlic,3,coriander,garam masala,garlic,41,0.004104925911093312
603,dark chocolate | double cream | golden caster sugar,3,dark chocolate,double cream,golden caster sugar,41,0.004104925911093312
604,double cream | milk | plain flour,3,double cream,milk,plain flour,41,0.004104925911093312
605,egg yolks | icing sugar | plain flour,3,egg yolks,icing sugar,plain flour,41,0.004104925911093312
606,egg | golden caster sugar | unsalted butter,3,egg,golden caster sugar,unsalted butter,41,0.004104925911093312
607,eggs | garlic | spring onions,3,eggs,garlic,spring onions,41,0.004104925911093312
608,eggs | icing sugar | orange,3,eggs,icing sugar,orange,41,0.004104925911093312
609,garam masala | garlic | turmeric,3,garam masala,garlic,turmeric,41,0.004104925911093312
610,garlic | ginger | honey,3,garlic,ginger,honey,41,0.004104925911093312
611,garlic | ground cumin | rapeseed oil,3,garlic,ground cumin,rapeseed oil,41,0.004104925911093312
612,garlic | lemon | pine nuts,3,garlic,lemon,pine nuts,41,0.004104925911093312
613,garlic | mint leaves | olive oil,3,garlic,mint leaves,olive oil,41,0.004104925911093312
614,garlic | plain flour | thyme,3,garlic,plain flour,thyme,41,0.004104925911093312
615,ground cinnamon | ground ginger | plain flour,3,ground cinnamon,ground ginger,plain flour,41,0.004104925911093312
616,mozzarella | olive oil | parmesan,3,mozzarella,olive oil,parmesan,41,0.004104925911093312
617,olive oil | onion | vegetable stock,3,olive oil,onion,vegetable stock,41,0.004104925911093312
618,self-raising flour | unsalted butter | vanilla extract,3,self-raising flour,unsalted butter,vanilla extract,41,0.004104925911093312
619,baking powder | cocoa powder | milk,3,baking powder,cocoa powder,milk,40,0.004004805766920304
620,baking powder | double cream | plain flour,3,baking powder,double cream,plain flour,40,0.004004805766920304
621,baking powder | eggs | ground almonds,3,baking powder,eggs,ground almonds,40,0.004004805766920304
622,baking powder | light brown soft sugar | vanilla extract,3,baking powder,light brown soft sugar,vanilla extract,40,0.004004805766920304
623,bicarbonate of soda | cocoa powder | vanilla extract,3,bicarbonate of soda,cocoa powder,vanilla extract,40,0.004004805766920304
624,bicarbonate of soda | eggs | light brown soft sugar,3,bicarbonate of soda,eggs,light brown soft sugar,40,0.004004805766920304
625,butter | garlic | tomato purée,3,butter,garlic,tomato purée,40,0.004004805766920304
626,butter | lemon | milk,3,butter,lemon,milk,40,0.004004805766920304
627,butter | onion | parmesan,3,butter,onion,parmesan,40,0.004004805766920304
628,capers | garlic | olive oil,3,capers,garlic,olive oil,40,0.004004805766920304
629,caster sugar | egg | vanilla extract,3,caster sugar,egg,vanilla extract,40,0.004004805766920304
630,caster sugar | garlic | olive oil,3,caster sugar,garlic,olive oil,40,0.004004805766920304
631,cherry tomatoes | garlic | lemon,3,cherry tomatoes,garlic,lemon,40,0.004004805766920304
632,chickpeas | garlic | ground coriander,3,chickpeas,garlic,ground coriander,40,0.004004805766920304
633,chilli flakes | chopped tomatoes | garlic,3,chilli flakes,chopped tomatoes,garlic,40,0.004004805766920304
634,chopped tomatoes | garlic | rapeseed oil,3,chopped tomatoes,garlic,rapeseed oil,40,0.004004805766920304
635,cocoa powder | icing sugar | self-raising flour,3,cocoa powder,icing sugar,self-raising flour,40,0.004004805766920304
636,cornflour | eggs | plain flour,3,cornflour,eggs,plain flour,40,0.004004805766920304
637,dijon mustard | garlic | olive oil,3,dijon mustard,garlic,olive oil,40,0.004004805766920304
638,dill | lemon | olive oil,3,dill,lemon,olive oil,40,0.004004805766920304
639,double cream | icing sugar | milk,3,double cream,icing sugar,milk,40,0.004004805766920304
640,dried oregano | olive oil | tomato purée,3,dried oregano,olive oil,tomato purée,40,0.004004805766920304
641,egg | unsalted butter | vanilla extract,3,egg,unsalted butter,vanilla extract,40,0.004004805766920304
642,eggs | ground cinnamon | plain flour,3,eggs,ground cinnamon,plain flour,40,0.004004805766920304
643,eggs | unsalted butter | whole milk,3,eggs,unsalted butter,whole milk,40,0.004004805766920304
644,extra virgin olive oil | lemon | olive oil,3,extra virgin olive oil,lemon,olive oil,40,0.004004805766920304
645,fennel seeds | lemon | olive oil,3,fennel seeds,lemon,olive oil,40,0.004004805766920304
646,garlic | ginger | light soy sauce,3,garlic,ginger,light soy sauce,40,0.004004805766920304
647,garlic | ground coriander | ground turmeric,3,garlic,ground coriander,ground turmeric,40,0.004004805766920304
648,garlic | lemon | plain flour,3,garlic,lemon,plain flour,40,0.004004805766920304
649,garlic | red onion | smoked paprika,3,garlic,red onion,smoked paprika,40,0.004004805766920304
650,garlic | tomato purée | tomatoes,3,garlic,tomato purée,tomatoes,40,0.004004805766920304
651,ginger | ground cumin | onion,3,ginger,ground cumin,onion,40,0.004004805766920304
652,ground cinnamon | icing sugar | plain flour,3,ground cinnamon,icing sugar,plain flour,40,0.004004805766920304
653,ground coriander | ground cumin | red onion,3,ground coriander,ground cumin,red onion,40,0.004004805766920304
654,ground cumin | olive oil | onion,3,ground cumin,olive oil,onion,40,0.004004805766920304
655,icing sugar | light brown soft sugar | vanilla extract,3,icing sugar,light brown soft sugar,vanilla extract,40,0.004004805766920304
656,baking powder | dark chocolate | plain flour,3,baking powder,dark chocolate,plain flour,39,0.0039046856227472966
657,baking powder | icing sugar | vegetable oil,3,baking powder,icing sugar,vegetable oil,39,0.0039046856227472966
658,bay leaves | carrots | thyme,3,bay leaves,carrots,thyme,39,0.0039046856227472966
659,bay leaves | olive oil | onions,3,bay leaves,olive oil,onions,39,0.0039046856227472966
660,bay leaves | onion | plain flour,3,bay leaves,onion,plain flour,39,0.0039046856227472966
661,bicarbonate of soda | cocoa powder | plain flour,3,bicarbonate of soda,cocoa powder,plain flour,39,0.0039046856227472966
662,bicarbonate of soda | eggs | milk,3,bicarbonate of soda,eggs,milk,39,0.0039046856227472966
663,bicarbonate of soda | eggs | unsalted butter,3,bicarbonate of soda,eggs,unsalted butter,39,0.0039046856227472966
664,butter | double cream | lemon,3,butter,double cream,lemon,39,0.0039046856227472966
665,butter | lemon | parsley,3,butter,lemon,parsley,39,0.0039046856227472966
666,carrots | onions | tomato purée,3,carrots,onions,tomato purée,39,0.0039046856227472966
667,caster sugar | cornflour | double cream,3,caster sugar,cornflour,double cream,39,0.0039046856227472966
668,caster sugar | cornflour | plain flour,3,caster sugar,cornflour,plain flour,39,0.0039046856227472966
669,caster sugar | dark chocolate | plain flour,3,caster sugar,dark chocolate,plain flour,39,0.0039046856227472966
670,chickpeas | garlic | ground cumin,3,chickpeas,garlic,ground cumin,39,0.0039046856227472966
671,chickpeas | garlic | onion,3,chickpeas,garlic,onion,39,0.0039046856227472966
672,chilli flakes | garlic | parmesan,3,chilli flakes,garlic,parmesan,39,0.0039046856227472966
673,cocoa powder | dark chocolate | icing sugar,3,cocoa powder,dark chocolate,icing sugar,39,0.0039046856227472966
674,coriander | ground coriander | onion,3,coriander,ground coriander,onion,39,0.0039046856227472966
675,coriander | ground cumin | red onion,3,coriander,ground cumin,red onion,39,0.0039046856227472966
676,double cream | eggs | light brown soft sugar,3,double cream,eggs,light brown soft sugar,39,0.0039046856227472966
677,double cream | golden caster sugar | unsalted butter,3,double cream,golden caster sugar,unsalted butter,39,0.0039046856227472966
678,dried oregano | olive oil | onion,3,dried oregano,olive oil,onion,39,0.0039046856227472966
679,eggs | ground cinnamon | vanilla extract,3,eggs,ground cinnamon,vanilla extract,39,0.0039046856227472966
680,eggs | olive oil | plain flour,3,eggs,olive oil,plain flour,39,0.0039046856227472966
681,eggs | orange | plain flour,3,eggs,orange,plain flour,39,0.0039046856227472966
682,eggs | plain flour | sunflower oil,3,eggs,plain flour,sunflower oil,39,0.0039046856227472966
683,garlic | lemon | mint leaves,3,garlic,lemon,mint leaves,39,0.0039046856227472966
684,garlic | lemon | tomato purée,3,garlic,lemon,tomato purée,39,0.0039046856227472966
685,garlic | lime | rapeseed oil,3,garlic,lime,rapeseed oil,39,0.0039046856227472966
686,garlic | nutmeg | olive oil,3,garlic,nutmeg,olive oil,39,0.0039046856227472966
687,garlic | onion | rosemary,3,garlic,onion,rosemary,39,0.0039046856227472966
688,garlic | onion | white wine,3,garlic,onion,white wine,39,0.0039046856227472966
689,milk | unsalted butter | vanilla extract,3,milk,unsalted butter,vanilla extract,39,0.0039046856227472966
690,baking powder | double cream | icing sugar,3,baking powder,double cream,icing sugar,38,0.0038045654785742893
691,baking powder | lemon | plain flour,3,baking powder,lemon,plain flour,38,0.0038045654785742893
692,bay leaf | garlic | olive oil,3,bay leaf,garlic,olive oil,38,0.0038045654785742893
693,bay leaves | butter | thyme,3,bay leaves,butter,thyme,38,0.0038045654785742893
694,bay leaves | carrots | onions,3,bay leaves,carrots,onions,38,0.0038045654785742893
695,bay leaves | carrots | tomato purée,3,bay leaves,carrots,tomato purée,38,0.0038045654785742893
696,bay leaves | olive oil | tomato purée,3,bay leaves,olive oil,tomato purée,38,0.0038045654785742893
697,bicarbonate of soda | butter | vanilla extract,3,bicarbonate of soda,butter,vanilla extract,38,0.0038045654785742893
698,butter | cocoa powder | vanilla extract,3,butter,cocoa powder,vanilla extract,38,0.0038045654785742893
699,butter | eggs | ground cinnamon,3,butter,eggs,ground cinnamon,38,0.0038045654785742893
700,butter | eggs | orange,3,butter,eggs,orange,38,0.0038045654785742893
701,butter | golden caster sugar | ground cinnamon,3,butter,golden caster sugar,ground cinnamon,38,0.0038045654785742893
702,capers | lemon | olive oil,3,capers,lemon,olive oil,38,0.0038045654785742893
703,carrots | olive oil | tomato purée,3,carrots,olive oil,tomato purée,38,0.0038045654785742893
704,carrots | plain flour | thyme,3,carrots,plain flour,thyme,38,0.0038045654785742893
705,caster sugar | cocoa powder | dark chocolate,3,caster sugar,cocoa powder,dark chocolate,38,0.0038045654785742893
706,caster sugar | cocoa powder | icing sugar,3,caster sugar,cocoa powder,icing sugar,38,0.0038045654785742893
707,caster sugar | eggs | lemon,3,caster sugar,eggs,lemon,38,0.0038045654785742893
708,chopped tomatoes | dried oregano | olive oil,3,chopped tomatoes,dried oregano,olive oil,38,0.0038045654785742893
709,cinnamon | garlic | onion,3,cinnamon,garlic,onion,38,0.0038045654785742893
710,cocoa powder | golden caster sugar | icing sugar,3,cocoa powder,golden caster sugar,icing sugar,38,0.0038045654785742893
711,coriander | ginger | ground cumin,3,coriander,ginger,ground cumin,38,0.0038045654785742893
712,coriander | lime | red chilli,3,coriander,lime,red chilli,38,0.0038045654785742893
713,coriander | olive oil | red onion,3,coriander,olive oil,red onion,38,0.0038045654785742893
714,cumin seeds | garlic | onions,3,cumin seeds,garlic,onions,38,0.0038045654785742893
715,curry powder | garlic | ginger,3,curry powder,garlic,ginger,38,0.0038045654785742893
716,egg | golden caster sugar | icing sugar,3,egg,golden caster sugar,icing sugar,38,0.0038045654785742893
717,egg | icing sugar | vanilla extract,3,egg,icing sugar,vanilla extract,38,0.0038045654785742893
718,egg | olive oil | plain flour,3,egg,olive oil,plain flour,38,0.0038045654785742893
719,eggs | ground almonds | plain flour,3,eggs,ground almonds,plain flour,38,0.0038045654785742893
720,eggs | milk | vegetable oil,3,eggs,milk,vegetable oil,38,0.0038045654785742893
721,fennel seeds | garlic | onion,3,fennel seeds,garlic,onion,38,0.0038045654785742893
722,garlic | ginger | rice,3,garlic,ginger,rice,38,0.0038045654785742893
723,garlic | ground coriander | lemon,3,garlic,ground coriander,lemon,38,0.0038045654785742893
724,garlic | lemon | mint,3,garlic,lemon,mint,38,0.0038045654785742893
725,garlic | olive oil | parsley leaves,3,garlic,olive oil,parsley leaves,38,0.0038045654785742893
726,garlic | onions | parsley,3,garlic,onions,parsley,38,0.0038045654785742893
727,garlic | parsley | plain flour,3,garlic,parsley,plain flour,38,0.0038045654785742893
728,garlic | parsley | red onion,3,garlic,parsley,red onion,38,0.0038045654785742893
729,garlic | parsley | smoked paprika,3,garlic,parsley,smoked paprika,38,0.0038045654785742893
730,garlic | red onion | vegetable oil,3,garlic,red onion,vegetable oil,38,0.0038045654785742893
731,garlic | tomato purée | vegetable oil,3,garlic,tomato purée,vegetable oil,38,0.0038045654785742893
732,ginger | red chilli | spring onions,3,ginger,red chilli,spring onions,38,0.0038045654785742893
733,ginger | sesame seeds | spring onions,3,ginger,sesame seeds,spring onions,38,0.0038045654785742893
734,ground cumin | onion | tomato purée,3,ground cumin,onion,tomato purée,38,0.0038045654785742893
735,lemon | mint leaves | olive oil,3,lemon,mint leaves,olive oil,38,0.0038045654785742893
736,lemon | olive oil | thyme,3,lemon,olive oil,thyme,38,0.0038045654785742893
737,olive oil | onions | tomato purée,3,olive oil,onions,tomato purée,38,0.0038045654785742893
738,olive oil | parsley | red onion,3,olive oil,parsley,red onion,38,0.0038045654785742893
739,baking powder | bicarbonate of soda | cocoa powder,3,baking powder,bicarbonate of soda,cocoa powder,37,0.0037044453344012816
740,baking powder | buttermilk | plain flour,3,baking powder,buttermilk,plain flour,37,0.0037044453344012816
741,basmati rice | garlic | ginger,3,basmati rice,garlic,ginger,37,0.0037044453344012816
742,bay leaves | onions | plain flour,3,bay leaves,onions,plain flour,37,0.0037044453344012816
743,butter | double cream | self-raising flour,3,butter,double cream,self-raising flour,37,0.0037044453344012816
744,butter | egg | self-raising flour,3,butter,egg,self-raising flour,37,0.0037044453344012816
745,butter | parsley | plain flour,3,butter,parsley,plain flour,37,0.0037044453344012816
746,carrots | celery | thyme,3,carrots,celery,thyme,37,0.0037044453344012816
747,caster sugar | plain flour | vegetable oil,3,caster sugar,plain flour,vegetable oil,37,0.0037044453344012816
748,celery | garlic | thyme,3,celery,garlic,thyme,37,0.0037044453344012816
749,cherry tomatoes | lemon | olive oil,3,cherry tomatoes,lemon,olive oil,37,0.0037044453344012816
750,chicken stock | garlic | lemon,3,chicken stock,garlic,lemon,37,0.0037044453344012816
751,chopped tomatoes | ground cumin | onion,3,chopped tomatoes,ground cumin,onion,37,0.0037044453344012816
752,coriander | ginger | vegetable oil,3,coriander,ginger,vegetable oil,37,0.0037044453344012816
753,dill | garlic | lemon,3,dill,garlic,lemon,37,0.0037044453344012816
754,double cream | golden caster sugar | self-raising flour,3,double cream,golden caster sugar,self-raising flour,37,0.0037044453344012816
755,eggs | lemon | milk,3,eggs,lemon,milk,37,0.0037044453344012816
756,extra virgin olive oil | lemon | parsley,3,extra virgin olive oil,lemon,parsley,37,0.0037044453344012816
757,fennel seeds | garlic | lemon,3,fennel seeds,garlic,lemon,37,0.0037044453344012816
758,garam masala | garlic | ground coriander,3,garam masala,garlic,ground coriander,37,0.0037044453344012816
759,garam masala | ginger | onion,3,garam masala,ginger,onion,37,0.0037044453344012816
760,garlic | ginger | red pepper,3,garlic,ginger,red pepper,37,0.0037044453344012816
761,garlic | lemon | spring onions,3,garlic,lemon,spring onions,37,0.0037044453344012816
762,garlic | lime | onion,3,garlic,lime,onion,37,0.0037044453344012816
763,garlic | milk | parmesan,3,garlic,milk,parmesan,37,0.0037044453344012816
764,garlic | onion | spring onions,3,garlic,onion,spring onions,37,0.0037044453344012816
765,garlic | onions | smoked paprika,3,garlic,onions,smoked paprika,37,0.0037044453344012816
766,garlic | parmesan | parsley,3,garlic,parmesan,parsley,37,0.0037044453344012816
767,ginger | onion | rapeseed oil,3,ginger,onion,rapeseed oil,37,0.0037044453344012816
768,ground coriander | ground cumin | lemon,3,ground coriander,ground cumin,lemon,37,0.0037044453344012816
769,ground cumin | lemon | olive oil,3,ground cumin,lemon,olive oil,37,0.0037044453344012816
770,olive oil | onion | tomatoes,3,olive oil,onion,tomatoes,37,0.0037044453344012816
771,olive oil | onion | white wine,3,olive oil,onion,white wine,37,0.0037044453344012816
772,olive oil | plain flour | thyme,3,olive oil,plain flour,thyme,37,0.0037044453344012816
773,plain flour | unsalted butter | whole milk,3,plain flour,unsalted butter,whole milk,37,0.0037044453344012816
774,baking powder | butter | cocoa powder,3,baking powder,butter,cocoa powder,36,0.003604325190228274
775,baking powder | dark chocolate | vanilla extract,3,baking powder,dark chocolate,vanilla extract,36,0.003604325190228274
776,baking powder | double cream | vanilla extract,3,baking powder,double cream,vanilla extract,36,0.003604325190228274
777,baking powder | eggs | orange,3,baking powder,eggs,orange,36,0.003604325190228274
778,bay leaf | garlic | onion,3,bay leaf,garlic,onion,36,0.003604325190228274
779,bay leaves | carrots | onion,3,bay leaves,carrots,onion,36,0.003604325190228274
780,bay leaves | celery | onion,3,bay leaves,celery,onion,36,0.003604325190228274
781,butter | dark chocolate | vanilla extract,3,butter,dark chocolate,vanilla extract,36,0.003604325190228274
782,butter | eggs | whole milk,3,butter,eggs,whole milk,36,0.003604325190228274
783,butter | golden caster sugar | ground almonds,3,butter,golden caster sugar,ground almonds,36,0.003604325190228274
784,butter | light brown soft sugar | vanilla extract,3,butter,light brown soft sugar,vanilla extract,36,0.003604325190228274
785,butter | olive oil | onions,3,butter,olive oil,onions,36,0.003604325190228274
786,butter | onions | plain flour,3,butter,onions,plain flour,36,0.003604325190228274
787,capers | garlic | lemon,3,capers,garlic,lemon,36,0.003604325190228274
788,carrots | onion | tomato purée,3,carrots,onion,tomato purée,36,0.003604325190228274
789,caster sugar | double cream | milk,3,caster sugar,double cream,milk,36,0.003604325190228274
790,caster sugar | egg | icing sugar,3,caster sugar,egg,icing sugar,36,0.003604325190228274
791,caster sugar | icing sugar | lemon,3,caster sugar,icing sugar,lemon,36,0.003604325190228274
792,caster sugar | plain flour | whole milk,3,caster sugar,plain flour,whole milk,36,0.003604325190228274
793,cayenne pepper | garlic | olive oil,3,cayenne pepper,garlic,olive oil,36,0.003604325190228274
794,celery | chopped tomatoes | olive oil,3,celery,chopped tomatoes,olive oil,36,0.003604325190228274
795,celery | garlic | rapeseed oil,3,celery,garlic,rapeseed oil,36,0.003604325190228274
796,chicken stock | garlic | ginger,3,chicken stock,garlic,ginger,36,0.003604325190228274
797,cocoa powder | icing sugar | unsalted butter,3,cocoa powder,icing sugar,unsalted butter,36,0.003604325190228274
798,cocoa powder | self-raising flour | vanilla extract,3,cocoa powder,self-raising flour,vanilla extract,36,0.003604325190228274
799,coconut milk | garlic | onion,3,coconut milk,garlic,onion,36,0.003604325190228274
800,coriander | ginger | turmeric,3,coriander,ginger,turmeric,36,0.003604325190228274
801,cornflour | ginger | spring onions,3,cornflour,ginger,spring onions,36,0.003604325190228274
802,cucumber | garlic | olive oil,3,cucumber,garlic,olive oil,36,0.003604325190228274
803,dark chocolate | double cream | vanilla extract,3,dark chocolate,double cream,vanilla extract,36,0.003604325190228274
804,double cream | golden caster sugar | milk,3,double cream,golden caster sugar,milk,36,0.003604325190228274
805,double cream | icing sugar | self-raising flour,3,double cream,icing sugar,self-raising flour,36,0.003604325190228274
806,dried oregano | garlic | ground cumin,3,dried oregano,garlic,ground cumin,36,0.003604325190228274
807,dried oregano | garlic | smoked paprika,3,dried oregano,garlic,smoked paprika,36,0.003604325190228274
808,eggs | ground almonds | self-raising flour,3,eggs,ground almonds,self-raising flour,36,0.003604325190228274
809,eggs | ground cinnamon | icing sugar,3,eggs,ground cinnamon,icing sugar,36,0.003604325190228274
810,eggs | ground cinnamon | self-raising flour,3,eggs,ground cinnamon,self-raising flour,36,0.003604325190228274
811,eggs | olive oil | onion,3,eggs,olive oil,onion,36,0.003604325190228274
812,eggs | plain flour | soured cream,3,eggs,plain flour,soured cream,36,0.003604325190228274
813,fast-action dried yeast | golden caster sugar | strong white bread flour,3,fast-action dried yeast,golden caster sugar,strong white bread flour,36,0.003604325190228274
814,frozen peas | garlic | lemon,3,frozen peas,garlic,lemon,36,0.003604325190228274
815,garam masala | garlic | ground cumin,3,garam masala,garlic,ground cumin,36,0.003604325190228274
816,garlic | ground coriander | vegetable oil,3,garlic,ground coriander,vegetable oil,36,0.003604325190228274
817,garlic | leeks | olive oil,3,garlic,leeks,olive oil,36,0.003604325190228274
818,garlic | lemon | white wine,3,garlic,lemon,white wine,36,0.003604325190228274
819,garlic | mozzarella | onion,3,garlic,mozzarella,onion,36,0.003604325190228274
820,garlic | olive oil | ricotta,3,garlic,olive oil,ricotta,36,0.003604325190228274
821,garlic | olive oil | shallots,3,garlic,olive oil,shallots,36,0.003604325190228274
822,garlic | olive oil | thyme leaves,3,garlic,olive oil,thyme leaves,36,0.003604325190228274
823,garlic | onions | tomatoes,3,garlic,onions,tomatoes,36,0.003604325190228274
824,garlic | red wine | tomato purée,3,garlic,red wine,tomato purée,36,0.003604325190228274
825,ground cinnamon | plain flour | vanilla extract,3,ground cinnamon,plain flour,vanilla extract,36,0.003604325190228274
826,ground cumin | olive oil | red onion,3,ground cumin,olive oil,red onion,36,0.003604325190228274
827,lemon | olive oil | red chilli,3,lemon,olive oil,red chilli,36,0.003604325190228274
828,lemon | olive oil | white wine,3,lemon,olive oil,white wine,36,0.003604325190228274
829,milk | plain flour | vegetable oil,3,milk,plain flour,vegetable oil,36,0.003604325190228274
830,sesame oil | sesame seeds | soy sauce,3,sesame oil,sesame seeds,soy sauce,36,0.003604325190228274
831,aubergines | garlic | olive oil,3,aubergines,garlic,olive oil,35,0.003504205046055266
832,baking powder | egg | milk,3,baking powder,egg,milk,35,0.003504205046055266
833,baking powder | egg | self-raising flour,3,baking powder,egg,self-raising flour,35,0.003504205046055266
834,baking powder | eggs | maple syrup,3,baking powder,eggs,maple syrup,35,0.003504205046055266
835,basil | garlic | parmesan,3,basil,garlic,parmesan,35,0.003504205046055266
836,bicarbonate of soda | dark chocolate | plain flour,3,bicarbonate of soda,dark chocolate,plain flour,35,0.003504205046055266
837,black beans | garlic | ground cumin,3,black beans,garlic,ground cumin,35,0.003504205046055266
838,butter | dark chocolate | icing sugar,3,butter,dark chocolate,icing sugar,35,0.003504205046055266
839,butter | dijon mustard | plain flour,3,butter,dijon mustard,plain flour,35,0.003504205046055266
840,butter | double cream | onion,3,butter,double cream,onion,35,0.003504205046055266
841,carrots | chopped tomatoes | garlic,3,carrots,chopped tomatoes,garlic,35,0.003504205046055266
842,carrots | olive oil | onions,3,carrots,olive oil,onions,35,0.003504205046055266
843,carrots | onion | plain flour,3,carrots,onion,plain flour,35,0.003504205046055266
844,caster sugar | eggs | light brown soft sugar,3,caster sugar,eggs,light brown soft sugar,35,0.003504205046055266
845,chopped tomatoes | garlic | smoked paprika,3,chopped tomatoes,garlic,smoked paprika,35,0.003504205046055266
846,coriander | garlic | onions,3,coriander,garlic,onions,35,0.003504205046055266
847,coriander | garlic | sunflower oil,3,coriander,garlic,sunflower oil,35,0.003504205046055266
848,crusty bread | garlic | olive oil,3,crusty bread,garlic,olive oil,35,0.003504205046055266
849,dark chocolate | light brown soft sugar | plain flour,3,dark chocolate,light brown soft sugar,plain flour,35,0.003504205046055266
850,dill | garlic | olive oil,3,dill,garlic,olive oil,35,0.003504205046055266
851,double cream | egg yolks | plain flour,3,double cream,egg yolks,plain flour,35,0.003504205046055266
852,double cream | milk | vanilla extract,3,double cream,milk,vanilla extract,35,0.003504205046055266
853,double cream | unsalted butter | vanilla extract,3,double cream,unsalted butter,vanilla extract,35,0.003504205046055266
854,eggs | garlic | rapeseed oil,3,eggs,garlic,rapeseed oil,35,0.003504205046055266
855,eggs | ground almonds | icing sugar,3,eggs,ground almonds,icing sugar,35,0.003504205046055266
856,eggs | lemon | unsalted butter,3,eggs,lemon,unsalted butter,35,0.003504205046055266
857,fast-action dried yeast | olive oil | strong white bread flour,3,fast-action dried yeast,olive oil,strong white bread flour,35,0.003504205046055266
858,frozen peas | garlic | olive oil,3,frozen peas,garlic,olive oil,35,0.003504205046055266
859,frozen peas | garlic | onion,3,frozen peas,garlic,onion,35,0.003504205046055266
860,garlic | ginger | green chillies,3,garlic,ginger,green chillies,35,0.003504205046055266
861,garlic | ground cumin | ground turmeric,3,garlic,ground cumin,ground turmeric,35,0.003504205046055266
862,garlic | ground turmeric | onion,3,garlic,ground turmeric,onion,35,0.003504205046055266
863,garlic | olive oil | spaghetti,3,garlic,olive oil,spaghetti,35,0.003504205046055266
864,garlic | olive oil | tahini,3,garlic,olive oil,tahini,35,0.003504205046055266
865,garlic | red wine vinegar | tomato purée,3,garlic,red wine vinegar,tomato purée,35,0.003504205046055266
866,golden caster sugar | ground cinnamon | plain flour,3,golden caster sugar,ground cinnamon,plain flour,35,0.003504205046055266
867,icing sugar | lemon | vanilla extract,3,icing sugar,lemon,vanilla extract,35,0.003504205046055266
868,olive oil | onion | smoked paprika,3,olive oil,onion,smoked paprika,35,0.003504205046055266
869,onion | plain flour | vegetable oil,3,onion,plain flour,vegetable oil,35,0.003504205046055266
870,baking powder | buttermilk | eggs,3,baking powder,buttermilk,eggs,34,0.003404084901882259
871,basil leaves | olive oil | parmesan,3,basil leaves,olive oil,parmesan,34,0.003404084901882259
872,bay leaves | olive oil | onion,3,bay leaves,olive oil,onion,34,0.003404084901882259
873,bay leaves | onion | tomato purée,3,bay leaves,onion,tomato purée,34,0.003404084901882259
874,bicarbonate of soda | buttermilk | plain flour,3,bicarbonate of soda,buttermilk,plain flour,34,0.003404084901882259
875,butter | cocoa powder | milk,3,butter,cocoa powder,milk,34,0.003404084901882259
876,butter | eggs | vegetable oil,3,butter,eggs,vegetable oil,34,0.003404084901882259
877,butter | icing sugar | orange,3,butter,icing sugar,orange,34,0.003404084901882259
878,carrot | onion | tomato purée,3,carrot,onion,tomato purée,34,0.003404084901882259
879,carrots | olive oil | onion,3,carrots,olive oil,onion,34,0.003404084901882259
880,caster sugar | cornflour | vanilla extract,3,caster sugar,cornflour,vanilla extract,34,0.003404084901882259
881,caster sugar | unsalted butter | whole milk,3,caster sugar,unsalted butter,whole milk,34,0.003404084901882259
882,chickpeas | garlic | ginger,3,chickpeas,garlic,ginger,34,0.003404084901882259
883,chickpeas | garlic | red onion,3,chickpeas,garlic,red onion,34,0.003404084901882259
884,chilli powder | garlic | ginger,3,chilli powder,garlic,ginger,34,0.003404084901882259
885,cocoa powder | milk | plain flour,3,cocoa powder,milk,plain flour,34,0.003404084901882259
886,cornflour | plain flour | unsalted butter,3,cornflour,plain flour,unsalted butter,34,0.003404084901882259
887,cucumber | garlic | spring onions,3,cucumber,garlic,spring onions,34,0.003404084901882259
888,dark chocolate | icing sugar | vanilla extract,3,dark chocolate,icing sugar,vanilla extract,34,0.003404084901882259
889,double cream | eggs | lemon,3,double cream,eggs,lemon,34,0.003404084901882259
890,double cream | garlic | parmesan,3,double cream,garlic,parmesan,34,0.003404084901882259
891,eggs | garlic | vegetable oil,3,eggs,garlic,vegetable oil,34,0.003404084901882259
892,eggs | golden caster sugar | orange,3,eggs,golden caster sugar,orange,34,0.003404084901882259
893,eggs | lemon | olive oil,3,eggs,lemon,olive oil,34,0.003404084901882259
894,eggs | light brown soft sugar | milk,3,eggs,light brown soft sugar,milk,34,0.003404084901882259
895,eggs | plain flour | salted butter,3,eggs,plain flour,salted butter,34,0.003404084901882259
896,eggs | plain flour | white chocolate,3,eggs,plain flour,white chocolate,34,0.003404084901882259
897,eggs | salted butter | self-raising flour,3,eggs,salted butter,self-raising flour,34,0.003404084901882259
898,extra virgin olive oil | garlic | onion,3,extra virgin olive oil,garlic,onion,34,0.003404084901882259
899,fennel | garlic | olive oil,3,fennel,garlic,olive oil,34,0.003404084901882259
900,garlic | ginger | vegetable stock,3,garlic,ginger,vegetable stock,34,0.003404084901882259
901,garlic | ground coriander | smoked paprika,3,garlic,ground coriander,smoked paprika,34,0.003404084901882259
902,garlic | ground cumin | onions,3,garlic,ground cumin,onions,34,0.003404084901882259
903,garlic | lemon | vegetable oil,3,garlic,lemon,vegetable oil,34,0.003404084901882259
904,garlic | mint | olive oil,3,garlic,mint,olive oil,34,0.003404084901882259
905,garlic | olive oil | unsalted butter,3,garlic,olive oil,unsalted butter,34,0.003404084901882259
906,garlic | tomato purée | vegetable bouillon powder,3,garlic,tomato purée,vegetable bouillon powder,34,0.003404084901882259
907,ginger | ground coriander | ground turmeric,3,ginger,ground coriander,ground turmeric,34,0.003404084901882259
908,ginger | ground cumin | turmeric,3,ginger,ground cumin,turmeric,34,0.003404084901882259
909,ground cinnamon | icing sugar | vanilla extract,3,ground cinnamon,icing sugar,vanilla extract,34,0.003404084901882259
910,ground coriander | ground cumin | rapeseed oil,3,ground coriander,ground cumin,rapeseed oil,34,0.003404084901882259
911,ground coriander | ground cumin | tomato purée,3,ground coriander,ground cumin,tomato purée,34,0.003404084901882259
912,ground coriander | ground cumin | turmeric,3,ground coriander,ground cumin,turmeric,34,0.003404084901882259
913,lemon | olive oil | pine nuts,3,lemon,olive oil,pine nuts,34,0.003404084901882259
914,lemon | plain flour | unsalted butter,3,lemon,plain flour,unsalted butter,34,0.003404084901882259
915,olive oil | onion | rosemary,3,olive oil,onion,rosemary,34,0.003404084901882259
916,olive oil | parmesan | parsley,3,olive oil,parmesan,parsley,34,0.003404084901882259
917,olive oil | parsley | tomato purée,3,olive oil,parsley,tomato purée,34,0.003404084901882259
918,baking powder | butter | double cream,3,baking powder,butter,double cream,33,0.003303964757709251
919,baking powder | cocoa powder | self-raising flour,3,baking powder,cocoa powder,self-raising flour,33,0.003303964757709251
920,baking powder | double cream | golden caster sugar,3,baking powder,double cream,golden caster sugar,33,0.003303964757709251
921,baking powder | double cream | self-raising flour,3,baking powder,double cream,self-raising flour,33,0.003303964757709251
922,basmati rice | garlic | onion,3,basmati rice,garlic,onion,33,0.003303964757709251
923,bay leaves | butter | onion,3,bay leaves,butter,onion,33,0.003303964757709251
924,bay leaves | garlic | red wine,3,bay leaves,garlic,red wine,33,0.003303964757709251
925,bicarbonate of soda | buttermilk | eggs,3,bicarbonate of soda,buttermilk,eggs,33,0.003303964757709251
926,bicarbonate of soda | dark chocolate | eggs,3,bicarbonate of soda,dark chocolate,eggs,33,0.003303964757709251
927,black beans | coriander | garlic,3,black beans,coriander,garlic,33,0.003303964757709251
928,butter | egg yolk | plain flour,3,butter,egg yolk,plain flour,33,0.003303964757709251
929,butter | egg yolks | plain flour,3,butter,egg yolks,plain flour,33,0.003303964757709251
930,butter | eggs | olive oil,3,butter,eggs,olive oil,33,0.003303964757709251
931,butter | ground almonds | plain flour,3,butter,ground almonds,plain flour,33,0.003303964757709251
932,buttermilk | eggs | plain flour,3,buttermilk,eggs,plain flour,33,0.003303964757709251
933,cardamom pods | garlic | ginger,3,cardamom pods,garlic,ginger,33,0.003303964757709251
934,carrots | garlic | lemon,3,carrots,garlic,lemon,33,0.003303964757709251
935,carrots | garlic | plain flour,3,carrots,garlic,plain flour,33,0.003303964757709251
936,caster sugar | double cream | whole milk,3,caster sugar,double cream,whole milk,33,0.003303964757709251
937,caster sugar | fast-action dried yeast | strong white bread flour,3,caster sugar,fast-action dried yeast,strong white bread flour,33,0.003303964757709251
938,chilli flakes | garlic | tomato purée,3,chilli flakes,garlic,tomato purée,33,0.003303964757709251
939,chopped tomatoes | onions | tomato purée,3,chopped tomatoes,onions,tomato purée,33,0.003303964757709251
940,cocoa powder | double cream | plain flour,3,cocoa powder,double cream,plain flour,33,0.003303964757709251
941,cocoa powder | light brown soft sugar | plain flour,3,cocoa powder,light brown soft sugar,plain flour,33,0.003303964757709251
942,cocoa powder | milk | vanilla extract,3,cocoa powder,milk,vanilla extract,33,0.003303964757709251
943,cocoa powder | unsalted butter | vanilla extract,3,cocoa powder,unsalted butter,vanilla extract,33,0.003303964757709251
944,coriander | garlic | smoked paprika,3,coriander,garlic,smoked paprika,33,0.003303964757709251
945,coriander | ginger | lime,3,coriander,ginger,lime,33,0.003303964757709251
946,coriander | onion | rapeseed oil,3,coriander,onion,rapeseed oil,33,0.003303964757709251
947,cornflour | golden caster sugar | plain flour,3,cornflour,golden caster sugar,plain flour,33,0.003303964757709251
948,cucumber | garlic | red onion,3,cucumber,garlic,red onion,33,0.003303964757709251
949,cumin seeds | garlic | tomato purée,3,cumin seeds,garlic,tomato purée,33,0.003303964757709251
950,cumin seeds | ginger | ground coriander,3,cumin seeds,ginger,ground coriander,33,0.003303964757709251
951,dark chocolate | eggs | milk,3,dark chocolate,eggs,milk,33,0.003303964757709251
952,dark chocolate | golden caster sugar | vanilla extract,3,dark chocolate,golden caster sugar,vanilla extract,33,0.003303964757709251
953,double cream | egg | plain flour,3,double cream,egg,plain flour,33,0.003303964757709251
954,double cream | icing sugar | lemon,3,double cream,icing sugar,lemon,33,0.003303964757709251
955,egg | ground cinnamon | plain flour,3,egg,ground cinnamon,plain flour,33,0.003303964757709251
956,egg | milk | self-raising flour,3,egg,milk,self-raising flour,33,0.003303964757709251
957,eggs | olive oil | parmesan,3,eggs,olive oil,parmesan,33,0.003303964757709251
958,eggs | orange | self-raising flour,3,eggs,orange,self-raising flour,33,0.003303964757709251
959,eggs | self-raising flour | vegetable oil,3,eggs,self-raising flour,vegetable oil,33,0.003303964757709251
960,eggs | vanilla extract | vegetable oil,3,eggs,vanilla extract,vegetable oil,33,0.003303964757709251
961,extra virgin olive oil | garlic | red onion,3,extra virgin olive oil,garlic,red onion,33,0.003303964757709251
962,garlic | greek yogurt | lemon,3,garlic,greek yogurt,lemon,33,0.003303964757709251
963,garlic | ground cinnamon | olive oil,3,garlic,ground cinnamon,olive oil,33,0.003303964757709251
964,garlic | mozzarella | parmesan,3,garlic,mozzarella,parmesan,33,0.003303964757709251
965,garlic | parsley | thyme,3,garlic,parsley,thyme,33,0.003303964757709251
966,garlic | parsley | tomatoes,3,garlic,parsley,tomatoes,33,0.003303964757709251
967,ginger | spring onions | vegetable oil,3,ginger,spring onions,vegetable oil,33,0.003303964757709251
968,lemon | olive oil | tahini,3,lemon,olive oil,tahini,33,0.003303964757709251
969,milk | olive oil | onion,3,milk,olive oil,onion,33,0.003303964757709251
970,mozzarella | olive oil | onion,3,mozzarella,olive oil,onion,33,0.003303964757709251
971,onion | plain flour | tomato purée,3,onion,plain flour,tomato purée,33,0.003303964757709251
972,baking powder | butter | ground cinnamon,3,baking powder,butter,ground cinnamon,32,0.0032038446135362435
973,baking powder | butter | light brown soft sugar,3,baking powder,butter,light brown soft sugar,32,0.0032038446135362435
974,baking powder | eggs | natural yogurt,3,baking powder,eggs,natural yogurt,32,0.0032038446135362435
975,baking powder | ground cinnamon | vanilla extract,3,baking powder,ground cinnamon,vanilla extract,32,0.0032038446135362435
976,balsamic vinegar | garlic | olive oil,3,balsamic vinegar,garlic,olive oil,32,0.0032038446135362435
977,balsamic vinegar | garlic | rapeseed oil,3,balsamic vinegar,garlic,rapeseed oil,32,0.0032038446135362435
978,butter | chicken stock | olive oil,3,butter,chicken stock,olive oil,32,0.0032038446135362435
979,butter | ground cinnamon | icing sugar,3,butter,ground cinnamon,icing sugar,32,0.0032038446135362435
980,butter | lemon | thyme,3,butter,lemon,thyme,32,0.0032038446135362435
981,butter | nutmeg | olive oil,3,butter,nutmeg,olive oil,32,0.0032038446135362435
982,butter | onion | thyme,3,butter,onion,thyme,32,0.0032038446135362435
983,caster sugar | cornflour | icing sugar,3,caster sugar,cornflour,icing sugar,32,0.0032038446135362435
984,caster sugar | double cream | egg yolks,3,caster sugar,double cream,egg yolks,32,0.0032038446135362435
985,caster sugar | double cream | unsalted butter,3,caster sugar,double cream,unsalted butter,32,0.0032038446135362435
986,cauliflower | garlic | olive oil,3,cauliflower,garlic,olive oil,32,0.0032038446135362435
987,celery | chopped tomatoes | tomato purée,3,celery,chopped tomatoes,tomato purée,32,0.0032038446135362435
988,celery | olive oil | parmesan,3,celery,olive oil,parmesan,32,0.0032038446135362435
989,chickpeas | ground coriander | ground cumin,3,chickpeas,ground coriander,ground cumin,32,0.0032038446135362435
990,chilli powder | garlic | ground cumin,3,chilli powder,garlic,ground cumin,32,0.0032038446135362435
991,cocoa powder | golden caster sugar | self-raising flour,3,cocoa powder,golden caster sugar,self-raising flour,32,0.0032038446135362435
992,coriander | cucumber | garlic,3,coriander,cucumber,garlic,32,0.0032038446135362435
993,coriander | eggs | garlic,3,coriander,eggs,garlic,32,0.0032038446135362435
994,coriander | garam masala | ginger,3,coriander,garam masala,ginger,32,0.0032038446135362435
995,coriander | ground coriander | rapeseed oil,3,coriander,ground coriander,rapeseed oil,32,0.0032038446135362435
996,coriander | onion | vegetable oil,3,coriander,onion,vegetable oil,32,0.0032038446135362435
997,coriander | red chilli | red onion,3,coriander,red chilli,red onion,32,0.0032038446135362435
998,cornflour | garlic | vegetable oil,3,cornflour,garlic,vegetable oil,32,0.0032038446135362435
999,cumin seeds | garlic | red chilli,3,cumin seeds,garlic,red chilli,32,0.0032038446135362435
1000,cumin seeds | garlic | vegetable oil,3,cumin seeds,garlic,vegetable oil,32,0.0032038446135362435
1001,cumin seeds | ginger | onion,3,cumin seeds,ginger,onion,32,0.0032038446135362435
1002,dark soy sauce | garlic | ginger,3,dark soy sauce,garlic,ginger,32,0.0032038446135362435
1003,dijon mustard | lemon | olive oil,3,dijon mustard,lemon,olive oil,32,0.0032038446135362435
1004,dill | lemon | parsley,3,dill,lemon,parsley,32,0.0032038446135362435
1005,egg yolk | icing sugar | plain flour,3,egg yolk,icing sugar,plain flour,32,0.0032038446135362435
1006,egg | light brown soft sugar | plain flour,3,egg,light brown soft sugar,plain flour,32,0.0032038446135362435
1007,egg | olive oil | onion,3,egg,olive oil,onion,32,0.0032038446135362435
1008,eggs | golden caster sugar | salted butter,3,eggs,golden caster sugar,salted butter,32,0.0032038446135362435
1009,eggs | olive oil | parsley,3,eggs,olive oil,parsley,32,0.0032038446135362435
1010,eggs | orange | vanilla extract,3,eggs,orange,vanilla extract,32,0.0032038446135362435
1011,garam masala | ginger | ground coriander,3,garam masala,ginger,ground coriander,32,0.0032038446135362435
1012,garam masala | ginger | ground cumin,3,garam masala,ginger,ground cumin,32,0.0032038446135362435
1013,garlic | golden caster sugar | olive oil,3,garlic,golden caster sugar,olive oil,32,0.0032038446135362435
1014,garlic | greek yogurt | olive oil,3,garlic,greek yogurt,olive oil,32,0.0032038446135362435
1015,garlic | ground coriander | lime,3,garlic,ground coriander,lime,32,0.0032038446135362435
1016,garlic | ground cumin | parsley,3,garlic,ground cumin,parsley,32,0.0032038446135362435
1017,garlic | ground cumin | sunflower oil,3,garlic,ground cumin,sunflower oil,32,0.0032038446135362435
1018,garlic | honey | olive oil,3,garlic,honey,olive oil,32,0.0032038446135362435
1019,garlic | olive oil | spinach,3,garlic,olive oil,spinach,32,0.0032038446135362435
1020,garlic | red chilli | sesame oil,3,garlic,red chilli,sesame oil,32,0.0032038446135362435
1021,garlic | sesame oil | vegetable oil,3,garlic,sesame oil,vegetable oil,32,0.0032038446135362435
1022,garlic | thyme | tomato purée,3,garlic,thyme,tomato purée,32,0.0032038446135362435
1023,ginger | sesame seeds | soy sauce,3,ginger,sesame seeds,soy sauce,32,0.0032038446135362435
1024,golden caster sugar | ground almonds | plain flour,3,golden caster sugar,ground almonds,plain flour,32,0.0032038446135362435
1025,ground coriander | ground cumin | red chilli,3,ground coriander,ground cumin,red chilli,32,0.0032038446135362435
1026,ground coriander | ground cumin | smoked paprika,3,ground coriander,ground cumin,smoked paprika,32,0.0032038446135362435
1027,icing sugar | vanilla extract | vegetable oil,3,icing sugar,vanilla extract,vegetable oil,32,0.0032038446135362435
1028,lemon | olive oil | plain flour,3,lemon,olive oil,plain flour,32,0.0032038446135362435
1029,nutmeg | olive oil | parmesan,3,nutmeg,olive oil,parmesan,32,0.0032038446135362435
1030,olive oil | red onion | tomatoes,3,olive oil,red onion,tomatoes,32,0.0032038446135362435
1031,soy sauce | spring onions | vegetable oil,3,soy sauce,spring onions,vegetable oil,32,0.0032038446135362435
1032,baking powder | bicarbonate of soda | buttermilk,3,baking powder,bicarbonate of soda,buttermilk,31,0.0031037244693632358
1033,bay leaf | butter | garlic,3,bay leaf,butter,garlic,31,0.0031037244693632358
1034,bay leaves | chopped tomatoes | garlic,3,bay leaves,chopped tomatoes,garlic,31,0.0031037244693632358
1035,beef mince | garlic | onion,3,beef mince,garlic,onion,31,0.0031037244693632358
1036,bicarbonate of soda | eggs | vegetable oil,3,bicarbonate of soda,eggs,vegetable oil,31,0.0031037244693632358
1037,bicarbonate of soda | unsalted butter | vanilla extract,3,bicarbonate of soda,unsalted butter,vanilla extract,31,0.0031037244693632358
1038,butter | egg | ground cinnamon,3,butter,egg,ground cinnamon,31,0.0031037244693632358
1039,butter | eggs | white chocolate,3,butter,eggs,white chocolate,31,0.0031037244693632358
1040,butter | garlic | ginger,3,butter,garlic,ginger,31,0.0031037244693632358
1041,butter | milk | parmesan,3,butter,milk,parmesan,31,0.0031037244693632358
1042,capers | extra virgin olive oil | garlic,3,capers,extra virgin olive oil,garlic,31,0.0031037244693632358
1043,carrots | garlic | thyme,3,carrots,garlic,thyme,31,0.0031037244693632358
1044,carrots | thyme | tomato purée,3,carrots,thyme,tomato purée,31,0.0031037244693632358
1045,caster sugar | eggs | whole milk,3,caster sugar,eggs,whole milk,31,0.0031037244693632358
1046,celery | onion | thyme,3,celery,onion,thyme,31,0.0031037244693632358
1047,cherry tomatoes | garlic | red onion,3,cherry tomatoes,garlic,red onion,31,0.0031037244693632358
1048,chestnut mushrooms | garlic | olive oil,3,chestnut mushrooms,garlic,olive oil,31,0.0031037244693632358
1049,chicken stock | garlic | onions,3,chicken stock,garlic,onions,31,0.0031037244693632358
1050,chilli flakes | garlic | ginger,3,chilli flakes,garlic,ginger,31,0.0031037244693632358
1051,chilli flakes | garlic | ground cumin,3,chilli flakes,garlic,ground cumin,31,0.0031037244693632358
1052,chopped tomatoes | garlic | parsley,3,chopped tomatoes,garlic,parsley,31,0.0031037244693632358
1053,chopped tomatoes | garlic | red chilli,3,chopped tomatoes,garlic,red chilli,31,0.0031037244693632358
1054,chopped tomatoes | ground coriander | ground cumin,3,chopped tomatoes,ground coriander,ground cumin,31,0.0031037244693632358
1055,cocoa powder | dark chocolate | light brown soft sugar,3,cocoa powder,dark chocolate,light brown soft sugar,31,0.0031037244693632358
1056,cold butter | egg | plain flour,3,cold butter,egg,plain flour,31,0.0031037244693632358
1057,coriander leaves | garlic | lime,3,coriander leaves,garlic,lime,31,0.0031037244693632358
1058,coriander | cumin seeds | ginger,3,coriander,cumin seeds,ginger,31,0.0031037244693632358
1059,coriander | cumin seeds | rapeseed oil,3,coriander,cumin seeds,rapeseed oil,31,0.0031037244693632358
1060,coriander | garlic | ground turmeric,3,coriander,garlic,ground turmeric,31,0.0031037244693632358
1061,coriander | ground cumin | olive oil,3,coriander,ground cumin,olive oil,31,0.0031037244693632358
1062,crème fraîche | garlic | olive oil,3,crème fraîche,garlic,olive oil,31,0.0031037244693632358
1063,dark chocolate | eggs | self-raising flour,3,dark chocolate,eggs,self-raising flour,31,0.0031037244693632358
1064,dark chocolate | icing sugar | plain flour,3,dark chocolate,icing sugar,plain flour,31,0.0031037244693632358
1065,double cream | eggs | whole milk,3,double cream,eggs,whole milk,31,0.0031037244693632358
1066,egg | garlic | vegetable oil,3,egg,garlic,vegetable oil,31,0.0031037244693632358
1067,egg | onion | plain flour,3,egg,onion,plain flour,31,0.0031037244693632358
1068,eggs | ground cinnamon | light brown soft sugar,3,eggs,ground cinnamon,light brown soft sugar,31,0.0031037244693632358
1069,eggs | ground cinnamon | unsalted butter,3,eggs,ground cinnamon,unsalted butter,31,0.0031037244693632358
1070,garam masala | ginger | turmeric,3,garam masala,ginger,turmeric,31,0.0031037244693632358
1071,garlic | ground cinnamon | ground coriander,3,garlic,ground cinnamon,ground coriander,31,0.0031037244693632358
1072,garlic | ground cinnamon | onion,3,garlic,ground cinnamon,onion,31,0.0031037244693632358
1073,garlic | light soy sauce | spring onions,3,garlic,light soy sauce,spring onions,31,0.0031037244693632358
1074,garlic | olive oil | red peppers,3,garlic,olive oil,red peppers,31,0.0031037244693632358
1075,garlic | olive oil | sage leaves,3,garlic,olive oil,sage leaves,31,0.0031037244693632358
1076,garlic | parmesan | thyme,3,garlic,parmesan,thyme,31,0.0031037244693632358
1077,garlic | red chilli | red pepper,3,garlic,red chilli,red pepper,31,0.0031037244693632358
1078,garlic | smoked paprika | vegetable bouillon powder,3,garlic,smoked paprika,vegetable bouillon powder,31,0.0031037244693632358
1079,ginger | ground coriander | tomato purée,3,ginger,ground coriander,tomato purée,31,0.0031037244693632358
1080,ground almonds | icing sugar | plain flour,3,ground almonds,icing sugar,plain flour,31,0.0031037244693632358
1081,ground cinnamon | light brown soft sugar | plain flour,3,ground cinnamon,light brown soft sugar,plain flour,31,0.0031037244693632358
1082,ground coriander | ground cumin | ground turmeric,3,ground coriander,ground cumin,ground turmeric,31,0.0031037244693632358
1083,ground coriander | ground cumin | tomatoes,3,ground coriander,ground cumin,tomatoes,31,0.0031037244693632358
1084,ground coriander | onion | turmeric,3,ground coriander,onion,turmeric,31,0.0031037244693632358
1085,lemon | olive oil | smoked paprika,3,lemon,olive oil,smoked paprika,31,0.0031037244693632358
1086,lemon | olive oil | spring onions,3,lemon,olive oil,spring onions,31,0.0031037244693632358
1087,aubergine | garlic | olive oil,3,aubergine,garlic,olive oil,30,0.0030036043251902285
1088,baking powder | butter | egg,3,baking powder,butter,egg,30,0.0030036043251902285
1089,baking powder | cocoa powder | golden caster sugar,3,baking powder,cocoa powder,golden caster sugar,30,0.0030036043251902285
1090,baking powder | dark chocolate | icing sugar,3,baking powder,dark chocolate,icing sugar,30,0.0030036043251902285
1091,baking powder | icing sugar | light brown soft sugar,3,baking powder,icing sugar,light brown soft sugar,30,0.0030036043251902285
1092,basil | garlic | lemon,3,basil,garlic,lemon,30,0.0030036043251902285
1093,bay leaves | butter | olive oil,3,bay leaves,butter,olive oil,30,0.0030036043251902285
1094,bay leaves | celery | onions,3,bay leaves,celery,onions,30,0.0030036043251902285
1095,bay leaves | celery | tomato purée,3,bay leaves,celery,tomato purée,30,0.0030036043251902285
1096,bay leaves | onions | tomato purée,3,bay leaves,onions,tomato purée,30,0.0030036043251902285
1097,beef mince | garlic | olive oil,3,beef mince,garlic,olive oil,30,0.0030036043251902285
1098,bicarbonate of soda | caster sugar | plain flour,3,bicarbonate of soda,caster sugar,plain flour,30,0.0030036043251902285
1099,bicarbonate of soda | cocoa powder | dark chocolate,3,bicarbonate of soda,cocoa powder,dark chocolate,30,0.0030036043251902285
1100,black beans | coriander | lime,3,black beans,coriander,lime,30,0.0030036043251902285
1101,butter beans | garlic | olive oil,3,butter beans,garlic,olive oil,30,0.0030036043251902285
1102,butter | caster sugar | egg,3,butter,caster sugar,egg,30,0.0030036043251902285
1103,butter | double cream | olive oil,3,butter,double cream,olive oil,30,0.0030036043251902285
1104,butter | fast-action dried yeast | strong white bread flour,3,butter,fast-action dried yeast,strong white bread flour,30,0.0030036043251902285
1105,butter | nutmeg | parmesan,3,butter,nutmeg,parmesan,30,0.0030036043251902285
1106,butter | plain flour | sunflower oil,3,butter,plain flour,sunflower oil,30,0.0030036043251902285
1107,butter | plain flour | tomato purée,3,butter,plain flour,tomato purée,30,0.0030036043251902285
1108,carrots | onions | plain flour,3,carrots,onions,plain flour,30,0.0030036043251902285
1109,caster sugar | egg yolks | plain flour,3,caster sugar,egg yolks,plain flour,30,0.0030036043251902285
1110,caster sugar | lemon | plain flour,3,caster sugar,lemon,plain flour,30,0.0030036043251902285
1111,caster sugar | vanilla extract | whole milk,3,caster sugar,vanilla extract,whole milk,30,0.0030036043251902285
1112,celery | garlic | parmesan,3,celery,garlic,parmesan,30,0.0030036043251902285
1113,cherry tomatoes | garlic | rapeseed oil,3,cherry tomatoes,garlic,rapeseed oil,30,0.0030036043251902285
1114,chickpeas | lemon | olive oil,3,chickpeas,lemon,olive oil,30,0.0030036043251902285
1115,chilli flakes | chopped tomatoes | olive oil,3,chilli flakes,chopped tomatoes,olive oil,30,0.0030036043251902285
1116,chilli flakes | chopped tomatoes | onion,3,chilli flakes,chopped tomatoes,onion,30,0.0030036043251902285
1117,chilli flakes | garlic | parsley,3,chilli flakes,garlic,parsley,30,0.0030036043251902285
1118,chilli flakes | olive oil | parmesan,3,chilli flakes,olive oil,parmesan,30,0.0030036043251902285
1119,coriander | garlic | green chilli,3,coriander,garlic,green chilli,30,0.0030036043251902285
1120,coriander | lime | olive oil,3,coriander,lime,olive oil,30,0.0030036043251902285
1121,coriander | lime | spring onions,3,coriander,lime,spring onions,30,0.0030036043251902285
1122,coriander | olive oil | red chilli,3,coriander,olive oil,red chilli,30,0.0030036043251902285
1123,coriander | red onion | tomatoes,3,coriander,red onion,tomatoes,30,0.0030036043251902285
1124,cucumber | garlic | ginger,3,cucumber,garlic,ginger,30,0.0030036043251902285
1125,cumin seeds | ginger | turmeric,3,cumin seeds,ginger,turmeric,30,0.0030036043251902285
1126,dark chocolate | unsalted butter | vanilla extract,3,dark chocolate,unsalted butter,vanilla extract,30,0.0030036043251902285
1127,dijon mustard | garlic | lemon,3,dijon mustard,garlic,lemon,30,0.0030036043251902285
1128,double cream | egg yolks | golden caster sugar,3,double cream,egg yolks,golden caster sugar,30,0.0030036043251902285
1129,eggs | golden caster sugar | light brown soft sugar,3,eggs,golden caster sugar,light brown soft sugar,30,0.0030036043251902285
1130,eggs | ground cinnamon | ground ginger,3,eggs,ground cinnamon,ground ginger,30,0.0030036043251902285
1131,eggs | natural yogurt | self-raising flour,3,eggs,natural yogurt,self-raising flour,30,0.0030036043251902285
1132,eggs | onion | plain flour,3,eggs,onion,plain flour,30,0.0030036043251902285
1133,garlic | ginger | mint leaves,3,garlic,ginger,mint leaves,30,0.0030036043251902285
1134,garlic | juice | olive oil,3,garlic,juice,olive oil,30,0.0030036043251902285
1135,garlic | lemons | olive oil,3,garlic,lemons,olive oil,30,0.0030036043251902285
1136,garlic | red onion | red pepper,3,garlic,red onion,red pepper,30,0.0030036043251902285
1137,garlic | sesame seeds | soy sauce,3,garlic,sesame seeds,soy sauce,30,0.0030036043251902285
1138,ginger | ground cumin | ground turmeric,3,ginger,ground cumin,ground turmeric,30,0.0030036043251902285
1139,ginger | lime | spring onions,3,ginger,lime,spring onions,30,0.0030036043251902285
1140,ginger | onion | red chilli,3,ginger,onion,red chilli,30,0.0030036043251902285
1141,ginger | red chilli | sesame oil,3,ginger,red chilli,sesame oil,30,0.0030036043251902285
1142,ginger | soy sauce | vegetable oil,3,ginger,soy sauce,vegetable oil,30,0.0030036043251902285
1143,golden caster sugar | ground almonds | icing sugar,3,golden caster sugar,ground almonds,icing sugar,30,0.0030036043251902285
1144,golden caster sugar | lemon | plain flour,3,golden caster sugar,lemon,plain flour,30,0.0030036043251902285
1145,ground coriander | ground cumin | onions,3,ground coriander,ground cumin,onions,30,0.0030036043251902285
1146,icing sugar | lemon | self-raising flour,3,icing sugar,lemon,self-raising flour,30,0.0030036043251902285
1147,icing sugar | plain flour | vegetable oil,3,icing sugar,plain flour,vegetable oil,30,0.0030036043251902285
1148,lime | olive oil | red onion,3,lime,olive oil,red onion,30,0.0030036043251902285
1149,olive oil | onions | parsley,3,olive oil,onions,parsley,30,0.0030036043251902285
1150,plain flour | vanilla extract | white chocolate,3,plain flour,vanilla extract,white chocolate,30,0.0030036043251902285
1151,baking powder | caster sugar | vegetable oil,3,baking powder,caster sugar,vegetable oil,29,0.0029034841810172208
1152,baking powder | cocoa powder | unsalted butter,3,baking powder,cocoa powder,unsalted butter,29,0.0029034841810172208
1153,baking powder | icing sugar | lemon,3,baking powder,icing sugar,lemon,29,0.0029034841810172208
1154,basil leaves | garlic | parmesan,3,basil leaves,garlic,parmesan,29,0.0029034841810172208
1155,basil | garlic | rapeseed oil,3,basil,garlic,rapeseed oil,29,0.0029034841810172208
1156,bay leaves | celery | olive oil,3,bay leaves,celery,olive oil,29,0.0029034841810172208
1157,bay leaves | olive oil | plain flour,3,bay leaves,olive oil,plain flour,29,0.0029034841810172208
1158,bay leaves | onion | thyme,3,bay leaves,onion,thyme,29,0.0029034841810172208
1159,beef stock | butter | plain flour,3,beef stock,butter,plain flour,29,0.0029034841810172208
1160,beef stock | garlic | onion,3,beef stock,garlic,onion,29,0.0029034841810172208
1161,bicarbonate of soda | butter | egg,3,bicarbonate of soda,butter,egg,29,0.0029034841810172208
1162,bicarbonate of soda | self-raising flour | vanilla extract,3,bicarbonate of soda,self-raising flour,vanilla extract,29,0.0029034841810172208
1163,butter | egg | garlic,3,butter,egg,garlic,29,0.0029034841810172208
1164,butter | garlic | nutmeg,3,butter,garlic,nutmeg,29,0.0029034841810172208
1165,butter | ground cinnamon | vanilla extract,3,butter,ground cinnamon,vanilla extract,29,0.0029034841810172208
1166,butter | mature cheddar | plain flour,3,butter,mature cheddar,plain flour,29,0.0029034841810172208
1167,carrot | garlic | vegetable oil,3,carrot,garlic,vegetable oil,29,0.0029034841810172208
1168,carrots | chopped tomatoes | tomato purée,3,carrots,chopped tomatoes,tomato purée,29,0.0029034841810172208
1169,carrots | garlic | vegetable stock,3,carrots,garlic,vegetable stock,29,0.0029034841810172208
1170,caster sugar | cocoa powder | unsalted butter,3,caster sugar,cocoa powder,unsalted butter,29,0.0029034841810172208
1171,caster sugar | double cream | egg whites,3,caster sugar,double cream,egg whites,29,0.0029034841810172208
1172,caster sugar | double cream | lemon,3,caster sugar,double cream,lemon,29,0.0029034841810172208
1173,caster sugar | ground cinnamon | plain flour,3,caster sugar,ground cinnamon,plain flour,29,0.0029034841810172208
1174,celery | chopped tomatoes | onion,3,celery,chopped tomatoes,onion,29,0.0029034841810172208
1175,cherry tomatoes | garlic | onion,3,cherry tomatoes,garlic,onion,29,0.0029034841810172208
1176,chicken stock | garlic | parsley,3,chicken stock,garlic,parsley,29,0.0029034841810172208
1177,chickpeas | coriander | garlic,3,chickpeas,coriander,garlic,29,0.0029034841810172208
1178,chopped tomatoes | garlic | sugar,3,chopped tomatoes,garlic,sugar,29,0.0029034841810172208
1179,chopped tomatoes | ginger | onion,3,chopped tomatoes,ginger,onion,29,0.0029034841810172208
1180,chopped tomatoes | ground coriander | onion,3,chopped tomatoes,ground coriander,onion,29,0.0029034841810172208
1181,chopped tomatoes | olive oil | onions,3,chopped tomatoes,olive oil,onions,29,0.0029034841810172208
1182,cocoa powder | icing sugar | light brown soft sugar,3,cocoa powder,icing sugar,light brown soft sugar,29,0.0029034841810172208
1183,cocoa powder | milk | self-raising flour,3,cocoa powder,milk,self-raising flour,29,0.0029034841810172208
1184,coriander | garlic | green chillies,3,coriander,garlic,green chillies,29,0.0029034841810172208
1185,coriander | ground cumin | lime,3,coriander,ground cumin,lime,29,0.0029034841810172208
1186,coriander | rapeseed oil | red chilli,3,coriander,rapeseed oil,red chilli,29,0.0029034841810172208
1187,cucumber | lemon | olive oil,3,cucumber,lemon,olive oil,29,0.0029034841810172208
1188,cumin seeds | garlic | ground turmeric,3,cumin seeds,garlic,ground turmeric,29,0.0029034841810172208
1189,dill | olive oil | parsley,3,dill,olive oil,parsley,29,0.0029034841810172208
1190,double cream | light brown soft sugar | plain flour,3,double cream,light brown soft sugar,plain flour,29,0.0029034841810172208
1191,double cream | milk | self-raising flour,3,double cream,milk,self-raising flour,29,0.0029034841810172208
1192,eggs | garlic | ginger,3,eggs,garlic,ginger,29,0.0029034841810172208
1193,eggs | ground almonds | vanilla extract,3,eggs,ground almonds,vanilla extract,29,0.0029034841810172208
1194,eggs | icing sugar | white chocolate,3,eggs,icing sugar,white chocolate,29,0.0029034841810172208
1195,eggs | lemon | vanilla extract,3,eggs,lemon,vanilla extract,29,0.0029034841810172208
1196,eggs | vanilla extract | whole milk,3,eggs,vanilla extract,whole milk,29,0.0029034841810172208
1197,garlic | ground coriander | sunflower oil,3,garlic,ground coriander,sunflower oil,29,0.0029034841810172208
1198,garlic | lemon | red pepper,3,garlic,lemon,red pepper,29,0.0029034841810172208
1199,garlic | mascarpone | olive oil,3,garlic,mascarpone,olive oil,29,0.0029034841810172208
1200,garlic | oil | onion,3,garlic,oil,onion,29,0.0029034841810172208
1201,garlic | onion | spinach,3,garlic,onion,spinach,29,0.0029034841810172208
1202,garlic | onions | thyme,3,garlic,onions,thyme,29,0.0029034841810172208
1203,garlic | onions | turmeric,3,garlic,onions,turmeric,29,0.0029034841810172208
1204,garlic | rapeseed oil | vegetable stock,3,garlic,rapeseed oil,vegetable stock,29,0.0029034841810172208
1205,ginger | onion | tomato purée,3,ginger,onion,tomato purée,29,0.0029034841810172208
1206,golden caster sugar | ground almonds | self-raising flour,3,golden caster sugar,ground almonds,self-raising flour,29,0.0029034841810172208
1207,ground coriander | onion | rapeseed oil,3,ground coriander,onion,rapeseed oil,29,0.0029034841810172208
1208,ground cumin | lemon | red onion,3,ground cumin,lemon,red onion,29,0.0029034841810172208
1209,milk | onion | plain flour,3,milk,onion,plain flour,29,0.0029034841810172208
1210,olive oil | parmesan | rosemary,3,olive oil,parmesan,rosemary,29,0.0029034841810172208
1211,onions | plain flour | thyme,3,onions,plain flour,thyme,29,0.0029034841810172208
1212,baking powder | bicarbonate of soda | golden caster sugar,3,baking powder,bicarbonate of soda,golden caster sugar,28,0.002803364036844213
1213,basil | garlic | onion,3,basil,garlic,onion,28,0.002803364036844213
1214,bay leaf | butter | olive oil,3,bay leaf,butter,olive oil,28,0.002803364036844213
1215,bay leaf | butter | onion,3,bay leaf,butter,onion,28,0.002803364036844213
1216,bay leaves | olive oil | thyme,3,bay leaves,olive oil,thyme,28,0.002803364036844213
1217,bicarbonate of soda | butter | golden caster sugar,3,bicarbonate of soda,butter,golden caster sugar,28,0.002803364036844213
1218,bicarbonate of soda | double cream | plain flour,3,bicarbonate of soda,double cream,plain flour,28,0.002803364036844213
1219,bicarbonate of soda | ground cinnamon | plain flour,3,bicarbonate of soda,ground cinnamon,plain flour,28,0.002803364036844213
1220,bicarbonate of soda | light brown soft sugar | unsalted butter,3,bicarbonate of soda,light brown soft sugar,unsalted butter,28,0.002803364036844213
1221,bicarbonate of soda | milk | plain flour,3,bicarbonate of soda,milk,plain flour,28,0.002803364036844213
1222,bicarbonate of soda | plain flour | vegetable oil,3,bicarbonate of soda,plain flour,vegetable oil,28,0.002803364036844213
1223,butter | carrots | plain flour,3,butter,carrots,plain flour,28,0.002803364036844213
1224,butter | celery | onion,3,butter,celery,onion,28,0.002803364036844213
1225,butter | double cream | whole milk,3,butter,double cream,whole milk,28,0.002803364036844213
1226,butter | egg | onion,3,butter,egg,onion,28,0.002803364036844213
1227,butter | eggs | natural yogurt,3,butter,eggs,natural yogurt,28,0.002803364036844213
1228,butter | eggs | unsalted butter,3,butter,eggs,unsalted butter,28,0.002803364036844213
1229,butter | garlic | white wine,3,butter,garlic,white wine,28,0.002803364036844213
1230,butter | lemon | onion,3,butter,lemon,onion,28,0.002803364036844213
1231,butter | milk | vegetable oil,3,butter,milk,vegetable oil,28,0.002803364036844213
1232,carrot | garlic | ginger,3,carrot,garlic,ginger,28,0.002803364036844213
1233,carrots | onion | thyme,3,carrots,onion,thyme,28,0.002803364036844213
1234,celery | olive oil | onions,3,celery,olive oil,onions,28,0.002803364036844213
1235,celery | onion | parsley,3,celery,onion,parsley,28,0.002803364036844213
1236,celery | onion | plain flour,3,celery,onion,plain flour,28,0.002803364036844213
1237,celery | onions | tomato purée,3,celery,onions,tomato purée,28,0.002803364036844213
1238,chickpeas | chopped tomatoes | garlic,3,chickpeas,chopped tomatoes,garlic,28,0.002803364036844213
1239,chickpeas | garlic | tomato purée,3,chickpeas,garlic,tomato purée,28,0.002803364036844213
1240,chilli flakes | extra virgin olive oil | garlic,3,chilli flakes,extra virgin olive oil,garlic,28,0.002803364036844213
1241,chopped tomatoes | garlic | red onion,3,chopped tomatoes,garlic,red onion,28,0.002803364036844213
1242,chopped tomatoes | garlic | red wine vinegar,3,chopped tomatoes,garlic,red wine vinegar,28,0.002803364036844213
1243,chopped tomatoes | garlic | vegetable oil,3,chopped tomatoes,garlic,vegetable oil,28,0.002803364036844213
1244,chopped tomatoes | onion | parmesan,3,chopped tomatoes,onion,parmesan,28,0.002803364036844213
1245,cocoa powder | egg | plain flour,3,cocoa powder,egg,plain flour,28,0.002803364036844213
1246,coconut milk | coriander | garlic,3,coconut milk,coriander,garlic,28,0.002803364036844213
1247,coconut milk | garlic | vegetable oil,3,coconut milk,garlic,vegetable oil,28,0.002803364036844213
1248,coriander leaves | garlic | olive oil,3,coriander leaves,garlic,olive oil,28,0.002803364036844213
1249,coriander leaves | garlic | vegetable oil,3,coriander leaves,garlic,vegetable oil,28,0.002803364036844213
1250,coriander | ginger | ground turmeric,3,coriander,ginger,ground turmeric,28,0.002803364036844213
1251,coriander | ground cumin | red chilli,3,coriander,ground cumin,red chilli,28,0.002803364036844213
1252,coriander | ground cumin | smoked paprika,3,coriander,ground cumin,smoked paprika,28,0.002803364036844213
1253,coriander | onion | turmeric,3,coriander,onion,turmeric,28,0.002803364036844213
1254,cornflour | garlic | soy sauce,3,cornflour,garlic,soy sauce,28,0.002803364036844213
1255,cornflour | icing sugar | plain flour,3,cornflour,icing sugar,plain flour,28,0.002803364036844213
1256,cumin seeds | garlic | tomatoes,3,cumin seeds,garlic,tomatoes,28,0.002803364036844213
1257,curry powder | garlic | onion,3,curry powder,garlic,onion,28,0.002803364036844213
1258,dark chocolate | double cream | unsalted butter,3,dark chocolate,double cream,unsalted butter,28,0.002803364036844213
1259,double cream | icing sugar | mascarpone,3,double cream,icing sugar,mascarpone,28,0.002803364036844213
1260,double cream | milk | unsalted butter,3,double cream,milk,unsalted butter,28,0.002803364036844213
1261,double cream | olive oil | parmesan,3,double cream,olive oil,parmesan,28,0.002803364036844213
1262,dried oregano | onion | tomato purée,3,dried oregano,onion,tomato purée,28,0.002803364036844213
1263,egg yolks | golden caster sugar | plain flour,3,egg yolks,golden caster sugar,plain flour,28,0.002803364036844213
1264,eggs | garlic | parsley,3,eggs,garlic,parsley,28,0.002803364036844213
1265,eggs | golden caster sugar | ground cinnamon,3,eggs,golden caster sugar,ground cinnamon,28,0.002803364036844213
1266,eggs | golden caster sugar | vegetable oil,3,eggs,golden caster sugar,vegetable oil,28,0.002803364036844213
1267,eggs | natural yogurt | vanilla extract,3,eggs,natural yogurt,vanilla extract,28,0.002803364036844213
1268,eggs | parmesan | plain flour,3,eggs,parmesan,plain flour,28,0.002803364036844213
1269,eggs | self-raising flour | whole milk,3,eggs,self-raising flour,whole milk,28,0.002803364036844213
1270,garlic | lemon | red onions,3,garlic,lemon,red onions,28,0.002803364036844213
1271,garlic | light soy sauce | sesame oil,3,garlic,light soy sauce,sesame oil,28,0.002803364036844213
1272,garlic | mature cheddar | olive oil,3,garlic,mature cheddar,olive oil,28,0.002803364036844213
1273,garlic | natural yogurt | olive oil,3,garlic,natural yogurt,olive oil,28,0.002803364036844213
1274,garlic | olive oil | plum tomatoes,3,garlic,olive oil,plum tomatoes,28,0.002803364036844213
1275,garlic | olive oil | rocket,3,garlic,olive oil,rocket,28,0.002803364036844213
1276,garlic | olive oil | sweet potatoes,3,garlic,olive oil,sweet potatoes,28,0.002803364036844213
1277,garlic | onion | red wine,3,garlic,onion,red wine,28,0.002803364036844213
1278,garlic | onion | red wine vinegar,3,garlic,onion,red wine vinegar,28,0.002803364036844213
1279,garlic | onion | vegetable bouillon powder,3,garlic,onion,vegetable bouillon powder,28,0.002803364036844213
1280,garlic | onions | vegetable bouillon powder,3,garlic,onions,vegetable bouillon powder,28,0.002803364036844213
1281,garlic | parmesan | rosemary,3,garlic,parmesan,rosemary,28,0.002803364036844213
1282,garlic | red pepper | tomato purée,3,garlic,red pepper,tomato purée,28,0.002803364036844213
1283,garlic | smoked paprika | tomatoes,3,garlic,smoked paprika,tomatoes,28,0.002803364036844213
1284,ginger | lime | red chilli,3,ginger,lime,red chilli,28,0.002803364036844213
1285,ginger | onion | vegetable oil,3,ginger,onion,vegetable oil,28,0.002803364036844213
1286,ginger | sesame oil | vegetable oil,3,ginger,sesame oil,vegetable oil,28,0.002803364036844213
1287,golden caster sugar | lemon | vanilla extract,3,golden caster sugar,lemon,vanilla extract,28,0.002803364036844213
1288,ground cinnamon | plain flour | unsalted butter,3,ground cinnamon,plain flour,unsalted butter,28,0.002803364036844213
1289,ground cumin | olive oil | smoked paprika,3,ground cumin,olive oil,smoked paprika,28,0.002803364036844213
1290,ground cumin | onion | vegetable oil,3,ground cumin,onion,vegetable oil,28,0.002803364036844213
1291,lemon | olive oil | tomatoes,3,lemon,olive oil,tomatoes,28,0.002803364036844213
1292,lemon | onion | parsley,3,lemon,onion,parsley,28,0.002803364036844213
1293,lemon | parsley | red onion,3,lemon,parsley,red onion,28,0.002803364036844213
1294,mascarpone | olive oil | parmesan,3,mascarpone,olive oil,parmesan,28,0.002803364036844213
1295,olive oil | parmesan | white wine,3,olive oil,parmesan,white wine,28,0.002803364036844213
1296,olive oil | red onion | smoked paprika,3,olive oil,red onion,smoked paprika,28,0.002803364036844213
1297,olive oil | red wine | tomato purée,3,olive oil,red wine,tomato purée,28,0.002803364036844213
1298,onion | plain flour | thyme,3,onion,plain flour,thyme,28,0.002803364036844213
1299,onions | rapeseed oil | vegetable bouillon powder,3,onions,rapeseed oil,vegetable bouillon powder,28,0.002803364036844213
1300,sesame oil | soy sauce | vegetable oil,3,sesame oil,soy sauce,vegetable oil,28,0.002803364036844213
1301,baking powder | bicarbonate of soda | light brown soft sugar,3,baking powder,bicarbonate of soda,light brown soft sugar,27,0.0027032438926712053
1302,baking powder | dark chocolate | double cream,3,baking powder,dark chocolate,double cream,27,0.0027032438926712053
1303,baking powder | egg | vanilla extract,3,baking powder,egg,vanilla extract,27,0.0027032438926712053
1304,bay leaf | butter | plain flour,3,bay leaf,butter,plain flour,27,0.0027032438926712053
1305,bay leaf | olive oil | onion,3,bay leaf,olive oil,onion,27,0.0027032438926712053
1306,bay leaves | plain flour | tomato purée,3,bay leaves,plain flour,tomato purée,27,0.0027032438926712053
1307,bicarbonate of soda | egg | vanilla extract,3,bicarbonate of soda,egg,vanilla extract,27,0.0027032438926712053
1308,bicarbonate of soda | ground cinnamon | ground ginger,3,bicarbonate of soda,ground cinnamon,ground ginger,27,0.0027032438926712053
1309,bicarbonate of soda | icing sugar | self-raising flour,3,bicarbonate of soda,icing sugar,self-raising flour,27,0.0027032438926712053
1310,black beans | garlic | lime,3,black beans,garlic,lime,27,0.0027032438926712053
1311,black beans | garlic | onion,3,black beans,garlic,onion,27,0.0027032438926712053
1312,butter | carrots | onion,3,butter,carrots,onion,27,0.0027032438926712053
1313,butter | caster sugar | lemon,3,butter,caster sugar,lemon,27,0.0027032438926712053
1314,butter | cold butter | plain flour,3,butter,cold butter,plain flour,27,0.0027032438926712053
1315,butter | crème fraîche | eggs,3,butter,crème fraîche,eggs,27,0.0027032438926712053
1316,butter | egg | olive oil,3,butter,egg,olive oil,27,0.0027032438926712053
1317,butter | icing sugar | light brown soft sugar,3,butter,icing sugar,light brown soft sugar,27,0.0027032438926712053
1318,butter | lemon | parmesan,3,butter,lemon,parmesan,27,0.0027032438926712053
1319,butter | lemon | self-raising flour,3,butter,lemon,self-raising flour,27,0.0027032438926712053
1320,butter | light brown soft sugar | milk,3,butter,light brown soft sugar,milk,27,0.0027032438926712053
1321,butter | onion | parsley,3,butter,onion,parsley,27,0.0027032438926712053
1322,carrot | celery | tomato purée,3,carrot,celery,tomato purée,27,0.0027032438926712053
1323,carrot | garlic | spring onions,3,carrot,garlic,spring onions,27,0.0027032438926712053
1324,carrots | celery | chopped tomatoes,3,carrots,celery,chopped tomatoes,27,0.0027032438926712053
1325,carrots | celery | plain flour,3,carrots,celery,plain flour,27,0.0027032438926712053
1326,carrots | lemon | olive oil,3,carrots,lemon,olive oil,27,0.0027032438926712053
1327,carrots | plain flour | tomato purée,3,carrots,plain flour,tomato purée,27,0.0027032438926712053
1328,caster sugar | cornflour | eggs,3,caster sugar,cornflour,eggs,27,0.0027032438926712053
1329,caster sugar | dark chocolate | vanilla extract,3,caster sugar,dark chocolate,vanilla extract,27,0.0027032438926712053
1330,celery | onion | parmesan,3,celery,onion,parmesan,27,0.0027032438926712053
1331,celery | thyme | tomato purée,3,celery,thyme,tomato purée,27,0.0027032438926712053
1332,chicken stock | garlic | parmesan,3,chicken stock,garlic,parmesan,27,0.0027032438926712053
1333,chicken stock | garlic | thyme,3,chicken stock,garlic,thyme,27,0.0027032438926712053
1334,chickpeas | cumin seeds | garlic,3,chickpeas,cumin seeds,garlic,27,0.0027032438926712053
1335,chopped tomatoes | coriander | onion,3,chopped tomatoes,coriander,onion,27,0.0027032438926712053
1336,chopped tomatoes | dried oregano | tomato purée,3,chopped tomatoes,dried oregano,tomato purée,27,0.0027032438926712053
1337,chopped tomatoes | olive oil | red wine vinegar,3,chopped tomatoes,olive oil,red wine vinegar,27,0.0027032438926712053
1338,cinnamon | garlic | ground coriander,3,cinnamon,garlic,ground coriander,27,0.0027032438926712053
1339,cinnamon | garlic | olive oil,3,cinnamon,garlic,olive oil,27,0.0027032438926712053
1340,cinnamon | garlic | onions,3,cinnamon,garlic,onions,27,0.0027032438926712053
1341,cocoa powder | dark chocolate | milk,3,cocoa powder,dark chocolate,milk,27,0.0027032438926712053
1342,cocoa powder | double cream | icing sugar,3,cocoa powder,double cream,icing sugar,27,0.0027032438926712053
1343,cold butter | eggs | plain flour,3,cold butter,eggs,plain flour,27,0.0027032438926712053
1344,coriander leaves | garlic | ground cumin,3,coriander leaves,garlic,ground cumin,27,0.0027032438926712053
1345,coriander leaves | garlic | onion,3,coriander leaves,garlic,onion,27,0.0027032438926712053
1346,coriander | olive oil | onion,3,coriander,olive oil,onion,27,0.0027032438926712053
1347,coriander | onion | red chilli,3,coriander,onion,red chilli,27,0.0027032438926712053
1348,coriander | red chilli | spring onions,3,coriander,red chilli,spring onions,27,0.0027032438926712053
1349,cornflour | double cream | egg yolks,3,cornflour,double cream,egg yolks,27,0.0027032438926712053
1350,cornflour | garlic | sesame oil,3,cornflour,garlic,sesame oil,27,0.0027032438926712053
1351,courgettes | garlic | lemon,3,courgettes,garlic,lemon,27,0.0027032438926712053
1352,cucumber | lemon | red onion,3,cucumber,lemon,red onion,27,0.0027032438926712053
1353,cumin seeds | ground coriander | onion,3,cumin seeds,ground coriander,onion,27,0.0027032438926712053
1354,dark chocolate | golden caster sugar | unsalted butter,3,dark chocolate,golden caster sugar,unsalted butter,27,0.0027032438926712053
1355,double cream | lemon | plain flour,3,double cream,lemon,plain flour,27,0.0027032438926712053
1356,double cream | self-raising flour | unsalted butter,3,double cream,self-raising flour,unsalted butter,27,0.0027032438926712053
1357,double cream | self-raising flour | vanilla extract,3,double cream,self-raising flour,vanilla extract,27,0.0027032438926712053
1358,dried oregano | garlic | onions,3,dried oregano,garlic,onions,27,0.0027032438926712053
1359,egg yolks | eggs | plain flour,3,egg yolks,eggs,plain flour,27,0.0027032438926712053
1360,egg | golden caster sugar | milk,3,egg,golden caster sugar,milk,27,0.0027032438926712053
1361,egg | lemon | plain flour,3,egg,lemon,plain flour,27,0.0027032438926712053
1362,eggs | flaked almonds | ground almonds,3,eggs,flaked almonds,ground almonds,27,0.0027032438926712053
1363,eggs | garlic | red onion,3,eggs,garlic,red onion,27,0.0027032438926712053
1364,eggs | garlic | tomatoes,3,eggs,garlic,tomatoes,27,0.0027032438926712053
1365,eggs | lemon | orange,3,eggs,lemon,orange,27,0.0027032438926712053
1366,eggs | panko breadcrumbs | plain flour,3,eggs,panko breadcrumbs,plain flour,27,0.0027032438926712053
1367,extra virgin olive oil | garlic | red chilli,3,extra virgin olive oil,garlic,red chilli,27,0.0027032438926712053
1368,feta | olive oil | parsley,3,feta,olive oil,parsley,27,0.0027032438926712053
1369,fresh breadcrumbs | garlic | olive oil,3,fresh breadcrumbs,garlic,olive oil,27,0.0027032438926712053
1370,garam masala | garlic | vegetable oil,3,garam masala,garlic,vegetable oil,27,0.0027032438926712053
1371,garlic | ginger | rice vinegar,3,garlic,ginger,rice vinegar,27,0.0027032438926712053
1372,garlic | honey | lemon,3,garlic,honey,lemon,27,0.0027032438926712053
1373,garlic | honey | soy sauce,3,garlic,honey,soy sauce,27,0.0027032438926712053
1374,garlic | lemon | rosemary,3,garlic,lemon,rosemary,27,0.0027032438926712053
1375,garlic | olive oil | white wine vinegar,3,garlic,olive oil,white wine vinegar,27,0.0027032438926712053
1376,garlic | onion | potatoes,3,garlic,onion,potatoes,27,0.0027032438926712053
1377,garlic | onions | red chilli,3,garlic,onions,red chilli,27,0.0027032438926712053
1378,garlic | onions | sunflower oil,3,garlic,onions,sunflower oil,27,0.0027032438926712053
1379,garlic | onions | vegetable stock,3,garlic,onions,vegetable stock,27,0.0027032438926712053
1380,garlic | plain flour | sunflower oil,3,garlic,plain flour,sunflower oil,27,0.0027032438926712053
1381,garlic | plain flour | unsalted butter,3,garlic,plain flour,unsalted butter,27,0.0027032438926712053
1382,garlic | rapeseed oil | turmeric,3,garlic,rapeseed oil,turmeric,27,0.0027032438926712053
1383,garlic | red pepper | spring onions,3,garlic,red pepper,spring onions,27,0.0027032438926712053
1384,garlic | rice vinegar | spring onions,3,garlic,rice vinegar,spring onions,27,0.0027032438926712053
1385,garlic | tomato purée | vegetable stock,3,garlic,tomato purée,vegetable stock,27,0.0027032438926712053
1386,ginger | ground turmeric | onion,3,ginger,ground turmeric,onion,27,0.0027032438926712053
1387,ginger | honey | soy sauce,3,ginger,honey,soy sauce,27,0.0027032438926712053
1388,golden caster sugar | light brown soft sugar | plain flour,3,golden caster sugar,light brown soft sugar,plain flour,27,0.0027032438926712053
1389,ground cinnamon | ground coriander | ground cumin,3,ground cinnamon,ground coriander,ground cumin,27,0.0027032438926712053
1390,ground cinnamon | ground ginger | icing sugar,3,ground cinnamon,ground ginger,icing sugar,27,0.0027032438926712053
1391,lemon | mint | olive oil,3,lemon,mint,olive oil,27,0.0027032438926712053
1392,lemon | olive oil | rosemary,3,lemon,olive oil,rosemary,27,0.0027032438926712053
1393,lime | red chilli | red onion,3,lime,red chilli,red onion,27,0.0027032438926712053
1394,milk | parmesan | plain flour,3,milk,parmesan,plain flour,27,0.0027032438926712053
1395,olive oil | onions | plain flour,3,olive oil,onions,plain flour,27,0.0027032438926712053
1396,olive oil | red wine vinegar | tomato purée,3,olive oil,red wine vinegar,tomato purée,27,0.0027032438926712053
1397,avocado | coriander | garlic,3,avocado,coriander,garlic,26,0.002603123748498198
1398,avocado | coriander | lime,3,avocado,coriander,lime,26,0.002603123748498198
1399,baby spinach | garlic | rapeseed oil,3,baby spinach,garlic,rapeseed oil,26,0.002603123748498198
1400,baking powder | caster sugar | double cream,3,baking powder,caster sugar,double cream,26,0.002603123748498198
1401,baking powder | cocoa powder | double cream,3,baking powder,cocoa powder,double cream,26,0.002603123748498198
1402,baking powder | cocoa powder | light brown soft sugar,3,baking powder,cocoa powder,light brown soft sugar,26,0.002603123748498198
1403,baking powder | double cream | milk,3,baking powder,double cream,milk,26,0.002603123748498198
1404,baking powder | eggs | light muscovado sugar,3,baking powder,eggs,light muscovado sugar,26,0.002603123748498198
1405,baking powder | vanilla extract | vegetable oil,3,baking powder,vanilla extract,vegetable oil,26,0.002603123748498198
1406,bay leaf | butter | thyme,3,bay leaf,butter,thyme,26,0.002603123748498198
1407,bay leaves | celery | plain flour,3,bay leaves,celery,plain flour,26,0.002603123748498198
1408,bay leaves | chicken stock | garlic,3,bay leaves,chicken stock,garlic,26,0.002603123748498198
1409,bay leaves | olive oil | red wine,3,bay leaves,olive oil,red wine,26,0.002603123748498198
1410,bay leaves | red wine | tomato purée,3,bay leaves,red wine,tomato purée,26,0.002603123748498198
1411,bicarbonate of soda | dark chocolate | vanilla extract,3,bicarbonate of soda,dark chocolate,vanilla extract,26,0.002603123748498198
1412,bicarbonate of soda | egg | golden caster sugar,3,bicarbonate of soda,egg,golden caster sugar,26,0.002603123748498198
1413,bicarbonate of soda | golden syrup | ground ginger,3,bicarbonate of soda,golden syrup,ground ginger,26,0.002603123748498198
1414,bicarbonate of soda | icing sugar | milk,3,bicarbonate of soda,icing sugar,milk,26,0.002603123748498198
1415,black beans | chopped tomatoes | garlic,3,black beans,chopped tomatoes,garlic,26,0.002603123748498198
1416,butter | carrots | garlic,3,butter,carrots,garlic,26,0.002603123748498198
1417,butter | caster sugar | dark chocolate,3,butter,caster sugar,dark chocolate,26,0.002603123748498198
1418,butter | chicken stock | onion,3,butter,chicken stock,onion,26,0.002603123748498198
1419,butter | cocoa powder | self-raising flour,3,butter,cocoa powder,self-raising flour,26,0.002603123748498198
1420,butter | dijon mustard | olive oil,3,butter,dijon mustard,olive oil,26,0.002603123748498198
1421,butter | double cream | egg yolks,3,butter,double cream,egg yolks,26,0.002603123748498198
1422,butter | eggs | maple syrup,3,butter,eggs,maple syrup,26,0.002603123748498198
1423,butter | garlic | rosemary,3,butter,garlic,rosemary,26,0.002603123748498198
1424,butter | garlic | vegetable oil,3,butter,garlic,vegetable oil,26,0.002603123748498198
1425,butter | golden caster sugar | orange,3,butter,golden caster sugar,orange,26,0.002603123748498198
1426,butter | ground almonds | icing sugar,3,butter,ground almonds,icing sugar,26,0.002603123748498198
1427,butter | ground cinnamon | light brown soft sugar,3,butter,ground cinnamon,light brown soft sugar,26,0.002603123748498198
1428,butter | ground cinnamon | milk,3,butter,ground cinnamon,milk,26,0.002603123748498198
1429,butter | onion | tomato purée,3,butter,onion,tomato purée,26,0.002603123748498198
1430,carrot | olive oil | tomato purée,3,carrot,olive oil,tomato purée,26,0.002603123748498198
1431,carrots | coriander | garlic,3,carrots,coriander,garlic,26,0.002603123748498198
1432,caster sugar | cornflour | egg whites,3,caster sugar,cornflour,egg whites,26,0.002603123748498198
1433,caster sugar | egg yolks | icing sugar,3,caster sugar,egg yolks,icing sugar,26,0.002603123748498198
1434,caster sugar | egg | milk,3,caster sugar,egg,milk,26,0.002603123748498198
1435,caster sugar | eggs | vegetable oil,3,caster sugar,eggs,vegetable oil,26,0.002603123748498198
1436,caster sugar | eggs | white chocolate,3,caster sugar,eggs,white chocolate,26,0.002603123748498198
1437,cherry tomatoes | olive oil | parmesan,3,cherry tomatoes,olive oil,parmesan,26,0.002603123748498198
1438,chicken stock | lemon | olive oil,3,chicken stock,lemon,olive oil,26,0.002603123748498198
1439,chicken stock | olive oil | parsley,3,chicken stock,olive oil,parsley,26,0.002603123748498198
1440,chilli flakes | olive oil | parsley,3,chilli flakes,olive oil,parsley,26,0.002603123748498198
1441,chilli powder | garlic | ground coriander,3,chilli powder,garlic,ground coriander,26,0.002603123748498198
1442,chilli powder | ground coriander | ground cumin,3,chilli powder,ground coriander,ground cumin,26,0.002603123748498198
1443,chopped tomatoes | cumin seeds | garlic,3,chopped tomatoes,cumin seeds,garlic,26,0.002603123748498198
1444,chopped tomatoes | garlic | red pepper,3,chopped tomatoes,garlic,red pepper,26,0.002603123748498198
1445,cinnamon | garlic | ground cumin,3,cinnamon,garlic,ground cumin,26,0.002603123748498198
1446,coconut milk | garlic | ground turmeric,3,coconut milk,garlic,ground turmeric,26,0.002603123748498198
1447,cold butter | double cream | plain flour,3,cold butter,double cream,plain flour,26,0.002603123748498198
1448,coriander seeds | garlic | ginger,3,coriander seeds,garlic,ginger,26,0.002603123748498198
1449,coriander | ginger | tomato purée,3,coriander,ginger,tomato purée,26,0.002603123748498198
1450,coriander | ground cumin | rapeseed oil,3,coriander,ground cumin,rapeseed oil,26,0.002603123748498198
1451,coriander | lime | rapeseed oil,3,coriander,lime,rapeseed oil,26,0.002603123748498198
1452,cornflour | double cream | icing sugar,3,cornflour,double cream,icing sugar,26,0.002603123748498198
1453,cornflour | sesame oil | spring onions,3,cornflour,sesame oil,spring onions,26,0.002603123748498198
1454,dark chocolate | egg | plain flour,3,dark chocolate,egg,plain flour,26,0.002603123748498198
1455,dark chocolate | golden caster sugar | icing sugar,3,dark chocolate,golden caster sugar,icing sugar,26,0.002603123748498198
1456,double cream | egg yolks | icing sugar,3,double cream,egg yolks,icing sugar,26,0.002603123748498198
1457,double cream | garlic | ginger,3,double cream,garlic,ginger,26,0.002603123748498198
1458,double cream | icing sugar | light brown soft sugar,3,double cream,icing sugar,light brown soft sugar,26,0.002603123748498198
1459,dried oregano | garlic | tomatoes,3,dried oregano,garlic,tomatoes,26,0.002603123748498198
1460,egg | garlic | lemon,3,egg,garlic,lemon,26,0.002603123748498198
1461,egg | garlic | parmesan,3,egg,garlic,parmesan,26,0.002603123748498198
1462,egg | garlic | rapeseed oil,3,egg,garlic,rapeseed oil,26,0.002603123748498198
1463,eggs | garlic | red chilli,3,eggs,garlic,red chilli,26,0.002603123748498198
1464,eggs | golden caster sugar | natural yogurt,3,eggs,golden caster sugar,natural yogurt,26,0.002603123748498198
1465,eggs | golden caster sugar | whole milk,3,eggs,golden caster sugar,whole milk,26,0.002603123748498198
1466,eggs | ground almonds | lemon,3,eggs,ground almonds,lemon,26,0.002603123748498198
1467,eggs | light muscovado sugar | self-raising flour,3,eggs,light muscovado sugar,self-raising flour,26,0.002603123748498198
1468,eggs | orange | unsalted butter,3,eggs,orange,unsalted butter,26,0.002603123748498198
1469,eggs | unsalted butter | vegetable oil,3,eggs,unsalted butter,vegetable oil,26,0.002603123748498198
1470,eggs | vanilla extract | white chocolate,3,eggs,vanilla extract,white chocolate,26,0.002603123748498198
1471,extra virgin olive oil | flat-leaf parsley | garlic,3,extra virgin olive oil,flat-leaf parsley,garlic,26,0.002603123748498198
1472,fast-action dried yeast | strong white bread flour | unsalted butter,3,fast-action dried yeast,strong white bread flour,unsalted butter,26,0.002603123748498198
1473,frozen peas | lemon | olive oil,3,frozen peas,lemon,olive oil,26,0.002603123748498198
1474,garlic | ginger | plain flour,3,garlic,ginger,plain flour,26,0.002603123748498198
1475,garlic | lemon | parsley leaves,3,garlic,lemon,parsley leaves,26,0.002603123748498198
1476,garlic | olive oil | potatoes,3,garlic,olive oil,potatoes,26,0.002603123748498198
1477,garlic | onion | passata,3,garlic,onion,passata,26,0.002603123748498198
1478,garlic | parsley | red chilli,3,garlic,parsley,red chilli,26,0.002603123748498198
1479,garlic | plain flour | red wine,3,garlic,plain flour,red wine,26,0.002603123748498198
1480,garlic | plain flour | spring onions,3,garlic,plain flour,spring onions,26,0.002603123748498198
1481,garlic | red onion | red wine vinegar,3,garlic,red onion,red wine vinegar,26,0.002603123748498198
1482,garlic | tomatoes | turmeric,3,garlic,tomatoes,turmeric,26,0.002603123748498198
1483,garlic | turmeric | vegetable oil,3,garlic,turmeric,vegetable oil,26,0.002603123748498198
1484,ginger | ground coriander | rapeseed oil,3,ginger,ground coriander,rapeseed oil,26,0.002603123748498198
1485,ginger | light soy sauce | spring onions,3,ginger,light soy sauce,spring onions,26,0.002603123748498198
1486,golden caster sugar | ground cinnamon | vanilla extract,3,golden caster sugar,ground cinnamon,vanilla extract,26,0.002603123748498198
1487,ground coriander | ground cumin | vegetable oil,3,ground coriander,ground cumin,vegetable oil,26,0.002603123748498198
1488,honey | lemon | olive oil,3,honey,lemon,olive oil,26,0.002603123748498198
1489,icing sugar | orange | plain flour,3,icing sugar,orange,plain flour,26,0.002603123748498198
1490,icing sugar | self-raising flour | vegetable oil,3,icing sugar,self-raising flour,vegetable oil,26,0.002603123748498198
1491,lemon | milk | plain flour,3,lemon,milk,plain flour,26,0.002603123748498198
1492,lemon | olive oil | ricotta,3,lemon,olive oil,ricotta,26,0.002603123748498198
1493,lemon | red onion | tomatoes,3,lemon,red onion,tomatoes,26,0.002603123748498198
1494,olive oil | onion | sugar,3,olive oil,onion,sugar,26,0.002603123748498198
1495,sesame oil | spring onions | vegetable oil,3,sesame oil,spring onions,vegetable oil,26,0.002603123748498198
1496,sesame seeds | soy sauce | spring onions,3,sesame seeds,soy sauce,spring onions,26,0.002603123748498198
1497,avocado | garlic | lime,3,avocado,garlic,lime,25,0.0025030036043251903
1498,baking powder | bicarbonate of soda | butter,3,baking powder,bicarbonate of soda,butter,25,0.0025030036043251903
1499,baking powder | butter | lemon,3,baking powder,butter,lemon,25,0.0025030036043251903
1500,baking powder | eggs | ground ginger,3,baking powder,eggs,ground ginger,25,0.0025030036043251903
1501,baking powder | eggs | whole milk,3,baking powder,eggs,whole milk,25,0.0025030036043251903
1502,baking powder | golden caster sugar | lemon,3,baking powder,golden caster sugar,lemon,25,0.0025030036043251903
1503,baking powder | golden caster sugar | vegetable oil,3,baking powder,golden caster sugar,vegetable oil,25,0.0025030036043251903
1504,baking powder | milk | vegetable oil,3,baking powder,milk,vegetable oil,25,0.0025030036043251903
1505,baking powder | orange | plain flour,3,baking powder,orange,plain flour,25,0.0025030036043251903
1506,baking powder | self-raising flour | vegetable oil,3,baking powder,self-raising flour,vegetable oil,25,0.0025030036043251903
1507,basil leaves | cherry tomatoes | garlic,3,basil leaves,cherry tomatoes,garlic,25,0.0025030036043251903
1508,basil leaves | garlic | onion,3,basil leaves,garlic,onion,25,0.0025030036043251903
1509,basmati rice | coriander | garlic,3,basmati rice,coriander,garlic,25,0.0025030036043251903
1510,bay leaf | garlic | thyme,3,bay leaf,garlic,thyme,25,0.0025030036043251903
1511,bay leaves | carrots | olive oil,3,bay leaves,carrots,olive oil,25,0.0025030036043251903
1512,bay leaves | chopped tomatoes | olive oil,3,bay leaves,chopped tomatoes,olive oil,25,0.0025030036043251903
1513,bay leaves | thyme | tomato purée,3,bay leaves,thyme,tomato purée,25,0.0025030036043251903
1514,beef mince | garlic | tomato purée,3,beef mince,garlic,tomato purée,25,0.0025030036043251903
1515,bicarbonate of soda | golden syrup | plain flour,3,bicarbonate of soda,golden syrup,plain flour,25,0.0025030036043251903
1516,bicarbonate of soda | ground ginger | plain flour,3,bicarbonate of soda,ground ginger,plain flour,25,0.0025030036043251903
1517,butter | ground cinnamon | self-raising flour,3,butter,ground cinnamon,self-raising flour,25,0.0025030036043251903
1518,butter | icing sugar | unsalted butter,3,butter,icing sugar,unsalted butter,25,0.0025030036043251903
1519,butter | nutmeg | whole milk,3,butter,nutmeg,whole milk,25,0.0025030036043251903
1520,cannellini beans | garlic | olive oil,3,cannellini beans,garlic,olive oil,25,0.0025030036043251903
1521,capers | garlic | parsley,3,capers,garlic,parsley,25,0.0025030036043251903
1522,carrots | celery | rapeseed oil,3,carrots,celery,rapeseed oil,25,0.0025030036043251903
1523,carrots | garlic | parsley,3,carrots,garlic,parsley,25,0.0025030036043251903
1524,carrots | garlic | vegetable oil,3,carrots,garlic,vegetable oil,25,0.0025030036043251903
1525,carrots | onions | thyme,3,carrots,onions,thyme,25,0.0025030036043251903
1526,caster sugar | cocoa powder | vanilla extract,3,caster sugar,cocoa powder,vanilla extract,25,0.0025030036043251903
1527,cherry tomatoes | garlic | parmesan,3,cherry tomatoes,garlic,parmesan,25,0.0025030036043251903
1528,cherry tomatoes | garlic | parsley,3,cherry tomatoes,garlic,parsley,25,0.0025030036043251903
1529,chicken stock | garlic | plain flour,3,chicken stock,garlic,plain flour,25,0.0025030036043251903
1530,chicken stock | olive oil | onions,3,chicken stock,olive oil,onions,25,0.0025030036043251903
1531,chilli flakes | garlic | spring onions,3,chilli flakes,garlic,spring onions,25,0.0025030036043251903
1532,chopped tomatoes | garlic | lemon,3,chopped tomatoes,garlic,lemon,25,0.0025030036043251903
1533,cinnamon | coriander | garlic,3,cinnamon,coriander,garlic,25,0.0025030036043251903
1534,cocoa powder | dark chocolate | self-raising flour,3,cocoa powder,dark chocolate,self-raising flour,25,0.0025030036043251903
1535,coconut milk | ginger | ground turmeric,3,coconut milk,ginger,ground turmeric,25,0.0025030036043251903
1536,coconut milk | ginger | onion,3,coconut milk,ginger,onion,25,0.0025030036043251903
1537,coriander | cumin seeds | ground coriander,3,coriander,cumin seeds,ground coriander,25,0.0025030036043251903
1538,coriander | garlic | red pepper,3,coriander,garlic,red pepper,25,0.0025030036043251903
1539,coriander | ginger | onions,3,coriander,ginger,onions,25,0.0025030036043251903
1540,coriander | ground coriander | red chilli,3,coriander,ground coriander,red chilli,25,0.0025030036043251903
1541,cornflour | icing sugar | vanilla extract,3,cornflour,icing sugar,vanilla extract,25,0.0025030036043251903
1542,cumin seeds | ginger | rapeseed oil,3,cumin seeds,ginger,rapeseed oil,25,0.0025030036043251903
1543,cumin seeds | lemon | olive oil,3,cumin seeds,lemon,olive oil,25,0.0025030036043251903
1544,dill | garlic | parsley,3,dill,garlic,parsley,25,0.0025030036043251903
1545,double cream | garlic | plain flour,3,double cream,garlic,plain flour,25,0.0025030036043251903
1546,egg | icing sugar | unsalted butter,3,egg,icing sugar,unsalted butter,25,0.0025030036043251903
1547,egg | light brown soft sugar | vanilla extract,3,egg,light brown soft sugar,vanilla extract,25,0.0025030036043251903
1548,eggs | fast-action dried yeast | strong white bread flour,3,eggs,fast-action dried yeast,strong white bread flour,25,0.0025030036043251903
1549,eggs | garlic | parmesan,3,eggs,garlic,parmesan,25,0.0025030036043251903
1550,eggs | ground cinnamon | milk,3,eggs,ground cinnamon,milk,25,0.0025030036043251903
1551,eggs | icing sugar | salted butter,3,eggs,icing sugar,salted butter,25,0.0025030036043251903
1552,eggs | light brown soft sugar | vegetable oil,3,eggs,light brown soft sugar,vegetable oil,25,0.0025030036043251903
1553,eggs | light muscovado sugar | plain flour,3,eggs,light muscovado sugar,plain flour,25,0.0025030036043251903
1554,eggs | mixed spice | plain flour,3,eggs,mixed spice,plain flour,25,0.0025030036043251903
1555,eggs | salted butter | vanilla extract,3,eggs,salted butter,vanilla extract,25,0.0025030036043251903
1556,flat-leaf parsley | garlic | onion,3,flat-leaf parsley,garlic,onion,25,0.0025030036043251903
1557,garlic | ginger | golden caster sugar,3,garlic,ginger,golden caster sugar,25,0.0025030036043251903
1558,garlic | ginger | lemongrass,3,garlic,ginger,lemongrass,25,0.0025030036043251903
1559,garlic | ginger | limes,3,garlic,ginger,limes,25,0.0025030036043251903
1560,garlic | green chilli | olive oil,3,garlic,green chilli,olive oil,25,0.0025030036043251903
1561,garlic | green chilli | onion,3,garlic,green chilli,onion,25,0.0025030036043251903
1562,garlic | ground cumin | red pepper,3,garlic,ground cumin,red pepper,25,0.0025030036043251903
1563,garlic | lime | smoked paprika,3,garlic,lime,smoked paprika,25,0.0025030036043251903
1564,garlic | lime | vegetable oil,3,garlic,lime,vegetable oil,25,0.0025030036043251903
1565,garlic | olive oil | paprika,3,garlic,olive oil,paprika,25,0.0025030036043251903
1566,garlic | olive oil | shallot,3,garlic,olive oil,shallot,25,0.0025030036043251903
1567,garlic | olive oil | sherry vinegar,3,garlic,olive oil,sherry vinegar,25,0.0025030036043251903
1568,garlic | onion | soy sauce,3,garlic,onion,soy sauce,25,0.0025030036043251903
1569,garlic | onion | sweet potatoes,3,garlic,onion,sweet potatoes,25,0.0025030036043251903
1570,garlic | onions | parmesan,3,garlic,onions,parmesan,25,0.0025030036043251903
1571,garlic | parmesan | ricotta,3,garlic,parmesan,ricotta,25,0.0025030036043251903
1572,garlic | parmesan | white wine,3,garlic,parmesan,white wine,25,0.0025030036043251903
1573,garlic | rapeseed oil | red onions,3,garlic,rapeseed oil,red onions,25,0.0025030036043251903
1574,ginger | ground coriander | red chilli,3,ginger,ground coriander,red chilli,25,0.0025030036043251903
1575,ginger | light soy sauce | sesame oil,3,ginger,light soy sauce,sesame oil,25,0.0025030036043251903
1576,golden caster sugar | plain flour | salted butter,3,golden caster sugar,plain flour,salted butter,25,0.0025030036043251903
1577,golden caster sugar | plain flour | white chocolate,3,golden caster sugar,plain flour,white chocolate,25,0.0025030036043251903
1578,golden syrup | ground ginger | plain flour,3,golden syrup,ground ginger,plain flour,25,0.0025030036043251903
1579,ground cinnamon | ground cumin | olive oil,3,ground cinnamon,ground cumin,olive oil,25,0.0025030036043251903
1580,ground cinnamon | icing sugar | light brown soft sugar,3,ground cinnamon,icing sugar,light brown soft sugar,25,0.0025030036043251903
1581,icing sugar | milk | vegetable oil,3,icing sugar,milk,vegetable oil,25,0.0025030036043251903
1582,lemon | parsley | rapeseed oil,3,lemon,parsley,rapeseed oil,25,0.0025030036043251903
1583,lemon | plain flour | vanilla extract,3,lemon,plain flour,vanilla extract,25,0.0025030036043251903
1584,milk | plain flour | sunflower oil,3,milk,plain flour,sunflower oil,25,0.0025030036043251903
1585,olive oil | onion | red wine vinegar,3,olive oil,onion,red wine vinegar,25,0.0025030036043251903
1586,olive oil | onions | parmesan,3,olive oil,onions,parmesan,25,0.0025030036043251903
1587,olive oil | parsley | plain flour,3,olive oil,parsley,plain flour,25,0.0025030036043251903
1588,olive oil | parsley | smoked paprika,3,olive oil,parsley,smoked paprika,25,0.0025030036043251903
1589,olive oil | smoked paprika | tomato purée,3,olive oil,smoked paprika,tomato purée,25,0.0025030036043251903
1590,onion | parmesan | tomato purée,3,onion,parmesan,tomato purée,25,0.0025030036043251903
1591,onion | parsley | tomato purée,3,onion,parsley,tomato purée,25,0.0025030036043251903
1592,plain flour | thyme | tomato purée,3,plain flour,thyme,tomato purée,25,0.0025030036043251903
1593,plain flour | vanilla extract | vegetable oil,3,plain flour,vanilla extract,vegetable oil,25,0.0025030036043251903
1594,baking powder | bicarbonate of soda | unsalted butter,3,baking powder,bicarbonate of soda,unsalted butter,24,0.0024028834601521826
1595,baking powder | butter | dark chocolate,3,baking powder,butter,dark chocolate,24,0.0024028834601521826
1596,baking powder | eggs | salted butter,3,baking powder,eggs,salted butter,24,0.0024028834601521826
1597,baking powder | eggs | vanilla bean paste,3,baking powder,eggs,vanilla bean paste,24,0.0024028834601521826
1598,baking powder | eggs | white chocolate,3,baking powder,eggs,white chocolate,24,0.0024028834601521826
1599,baking powder | golden caster sugar | ground almonds,3,baking powder,golden caster sugar,ground almonds,24,0.0024028834601521826
1600,baking powder | ground cinnamon | icing sugar,3,baking powder,ground cinnamon,icing sugar,24,0.0024028834601521826
1601,baking powder | lemon | self-raising flour,3,baking powder,lemon,self-raising flour,24,0.0024028834601521826
1602,baking powder | light brown soft sugar | milk,3,baking powder,light brown soft sugar,milk,24,0.0024028834601521826
1603,baking powder | light brown soft sugar | self-raising flour,3,baking powder,light brown soft sugar,self-raising flour,24,0.0024028834601521826
1604,basmati rice | garlic | vegetable oil,3,basmati rice,garlic,vegetable oil,24,0.0024028834601521826
1605,bay leaves | celery | thyme,3,bay leaves,celery,thyme,24,0.0024028834601521826
1606,bay leaves | chicken stock | plain flour,3,bay leaves,chicken stock,plain flour,24,0.0024028834601521826
1607,bay leaves | chopped tomatoes | tomato purée,3,bay leaves,chopped tomatoes,tomato purée,24,0.0024028834601521826
1608,bay leaves | dried oregano | garlic,3,bay leaves,dried oregano,garlic,24,0.0024028834601521826
1609,bay leaves | garlic | parmesan,3,bay leaves,garlic,parmesan,24,0.0024028834601521826
1610,bay leaves | olive oil | parmesan,3,bay leaves,olive oil,parmesan,24,0.0024028834601521826
1611,beef stock | garlic | tomato purée,3,beef stock,garlic,tomato purée,24,0.0024028834601521826
1612,bicarbonate of soda | butter | icing sugar,3,bicarbonate of soda,butter,icing sugar,24,0.0024028834601521826
1613,bicarbonate of soda | cocoa powder | light brown soft sugar,3,bicarbonate of soda,cocoa powder,light brown soft sugar,24,0.0024028834601521826
1614,bicarbonate of soda | icing sugar | light brown soft sugar,3,bicarbonate of soda,icing sugar,light brown soft sugar,24,0.0024028834601521826
1615,bicarbonate of soda | icing sugar | vegetable oil,3,bicarbonate of soda,icing sugar,vegetable oil,24,0.0024028834601521826
1616,black beans | garlic | smoked paprika,3,black beans,garlic,smoked paprika,24,0.0024028834601521826
1617,brown basmati rice | garlic | rapeseed oil,3,brown basmati rice,garlic,rapeseed oil,24,0.0024028834601521826
1618,butter | chicken stock | plain flour,3,butter,chicken stock,plain flour,24,0.0024028834601521826
1619,butter | coriander | garlic,3,butter,coriander,garlic,24,0.0024028834601521826
1620,butter | double cream | parmesan,3,butter,double cream,parmesan,24,0.0024028834601521826
1621,butter | eggs | mixed spice,3,butter,eggs,mixed spice,24,0.0024028834601521826
1622,butter | garlic | sunflower oil,3,butter,garlic,sunflower oil,24,0.0024028834601521826
1623,butter | ground cinnamon | ground ginger,3,butter,ground cinnamon,ground ginger,24,0.0024028834601521826
1624,butter | olive oil | rosemary,3,butter,olive oil,rosemary,24,0.0024028834601521826
1625,butter | olive oil | tomato purée,3,butter,olive oil,tomato purée,24,0.0024028834601521826
1626,butter | olive oil | white wine,3,butter,olive oil,white wine,24,0.0024028834601521826
1627,butter | plain flour | white chocolate,3,butter,plain flour,white chocolate,24,0.0024028834601521826
1628,carrots | celery | parsley,3,carrots,celery,parsley,24,0.0024028834601521826
1629,carrots | chopped tomatoes | olive oil,3,carrots,chopped tomatoes,olive oil,24,0.0024028834601521826
1630,carrots | onions | rapeseed oil,3,carrots,onions,rapeseed oil,24,0.0024028834601521826
1631,caster sugar | cocoa powder | milk,3,caster sugar,cocoa powder,milk,24,0.0024028834601521826
1632,caster sugar | egg whites | vanilla extract,3,caster sugar,egg whites,vanilla extract,24,0.0024028834601521826
1633,caster sugar | eggs | salted butter,3,caster sugar,eggs,salted butter,24,0.0024028834601521826
1634,caster sugar | garlic | ginger,3,caster sugar,garlic,ginger,24,0.0024028834601521826
1635,caster sugar | icing sugar | whole milk,3,caster sugar,icing sugar,whole milk,24,0.0024028834601521826
1636,caster sugar | light brown soft sugar | vanilla extract,3,caster sugar,light brown soft sugar,vanilla extract,24,0.0024028834601521826
1637,cherry tomatoes | garlic | tomato purée,3,cherry tomatoes,garlic,tomato purée,24,0.0024028834601521826
1638,chicken stock | garlic | tomato purée,3,chicken stock,garlic,tomato purée,24,0.0024028834601521826
1639,chicken stock | plain flour | thyme,3,chicken stock,plain flour,thyme,24,0.0024028834601521826
1640,chilli flakes | olive oil | tomato purée,3,chilli flakes,olive oil,tomato purée,24,0.0024028834601521826
1641,chilli powder | garlic | onion,3,chilli powder,garlic,onion,24,0.0024028834601521826
1642,chopped tomatoes | garlic | vegetable bouillon powder,3,chopped tomatoes,garlic,vegetable bouillon powder,24,0.0024028834601521826
1643,chopped tomatoes | ground cumin | tomato purée,3,chopped tomatoes,ground cumin,tomato purée,24,0.0024028834601521826
1644,chopped tomatoes | olive oil | parsley,3,chopped tomatoes,olive oil,parsley,24,0.0024028834601521826
1645,cocoa powder | double cream | golden caster sugar,3,cocoa powder,double cream,golden caster sugar,24,0.0024028834601521826
1646,cocoa powder | light brown soft sugar | vanilla extract,3,cocoa powder,light brown soft sugar,vanilla extract,24,0.0024028834601521826
1647,cocoa powder | milk | unsalted butter,3,cocoa powder,milk,unsalted butter,24,0.0024028834601521826
1648,coconut milk | garlic | lime,3,coconut milk,garlic,lime,24,0.0024028834601521826
1649,coconut milk | garlic | turmeric,3,coconut milk,garlic,turmeric,24,0.0024028834601521826
1650,coriander seeds | garlic | olive oil,3,coriander seeds,garlic,olive oil,24,0.0024028834601521826
1651,coriander | garlic | mint,3,coriander,garlic,mint,24,0.0024028834601521826
1652,coriander | ginger | lemon,3,coriander,ginger,lemon,24,0.0024028834601521826
1653,coriander | ground coriander | turmeric,3,coriander,ground coriander,turmeric,24,0.0024028834601521826
1654,coriander | lime | vegetable oil,3,coriander,lime,vegetable oil,24,0.0024028834601521826
1655,cornflour | double cream | plain flour,3,cornflour,double cream,plain flour,24,0.0024028834601521826
1656,cornflour | egg yolks | plain flour,3,cornflour,egg yolks,plain flour,24,0.0024028834601521826
1657,cornflour | ginger | sesame oil,3,cornflour,ginger,sesame oil,24,0.0024028834601521826
1658,cornflour | plain flour | vanilla extract,3,cornflour,plain flour,vanilla extract,24,0.0024028834601521826
1659,cornflour | plain flour | vegetable oil,3,cornflour,plain flour,vegetable oil,24,0.0024028834601521826
1660,courgettes | lemon | olive oil,3,courgettes,lemon,olive oil,24,0.0024028834601521826
1661,cucumber | garlic | mint,3,cucumber,garlic,mint,24,0.0024028834601521826
1662,cucumber | garlic | red chilli,3,cucumber,garlic,red chilli,24,0.0024028834601521826
1663,cucumber | garlic | tomatoes,3,cucumber,garlic,tomatoes,24,0.0024028834601521826
1664,cucumber | olive oil | red onion,3,cucumber,olive oil,red onion,24,0.0024028834601521826
1665,cumin seeds | garlic | red onion,3,cumin seeds,garlic,red onion,24,0.0024028834601521826
1666,cumin seeds | ground coriander | rapeseed oil,3,cumin seeds,ground coriander,rapeseed oil,24,0.0024028834601521826
1667,dark chocolate | icing sugar | unsalted butter,3,dark chocolate,icing sugar,unsalted butter,24,0.0024028834601521826
1668,dark soy sauce | garlic | spring onions,3,dark soy sauce,garlic,spring onions,24,0.0024028834601521826
1669,double cream | plain flour | whole milk,3,double cream,plain flour,whole milk,24,0.0024028834601521826
1670,dried oregano | garlic | lemon,3,dried oregano,garlic,lemon,24,0.0024028834601521826
1671,dried oregano | olive oil | parmesan,3,dried oregano,olive oil,parmesan,24,0.0024028834601521826
1672,egg yolks | plain flour | unsalted butter,3,egg yolks,plain flour,unsalted butter,24,0.0024028834601521826
1673,egg | golden caster sugar | self-raising flour,3,egg,golden caster sugar,self-raising flour,24,0.0024028834601521826
1674,egg | olive oil | parmesan,3,egg,olive oil,parmesan,24,0.0024028834601521826
1675,egg | parmesan | plain flour,3,egg,parmesan,plain flour,24,0.0024028834601521826
1676,eggs | golden caster sugar | soured cream,3,eggs,golden caster sugar,soured cream,24,0.0024028834601521826
1677,eggs | ground cinnamon | vegetable oil,3,eggs,ground cinnamon,vegetable oil,24,0.0024028834601521826
1678,eggs | icing sugar | natural yogurt,3,eggs,icing sugar,natural yogurt,24,0.0024028834601521826
1679,eggs | icing sugar | vanilla bean paste,3,eggs,icing sugar,vanilla bean paste,24,0.0024028834601521826
1680,eggs | icing sugar | whole milk,3,eggs,icing sugar,whole milk,24,0.0024028834601521826
1681,eggs | lemons | self-raising flour,3,eggs,lemons,self-raising flour,24,0.0024028834601521826
1682,eggs | light brown soft sugar | salted butter,3,eggs,light brown soft sugar,salted butter,24,0.0024028834601521826
1683,eggs | milk | salted butter,3,eggs,milk,salted butter,24,0.0024028834601521826
1684,eggs | mixed spice | orange,3,eggs,mixed spice,orange,24,0.0024028834601521826
1685,eggs | parsley | plain flour,3,eggs,parsley,plain flour,24,0.0024028834601521826
1686,eggs | self-raising flour | vanilla bean paste,3,eggs,self-raising flour,vanilla bean paste,24,0.0024028834601521826
1687,eggs | self-raising flour | white chocolate,3,eggs,self-raising flour,white chocolate,24,0.0024028834601521826
1688,extra virgin olive oil | garlic | red wine vinegar,3,extra virgin olive oil,garlic,red wine vinegar,24,0.0024028834601521826
1689,fennel seeds | olive oil | onion,3,fennel seeds,olive oil,onion,24,0.0024028834601521826
1690,fennel | lemon | olive oil,3,fennel,lemon,olive oil,24,0.0024028834601521826
1691,garam masala | ground coriander | ground cumin,3,garam masala,ground coriander,ground cumin,24,0.0024028834601521826
1692,garam masala | onion | turmeric,3,garam masala,onion,turmeric,24,0.0024028834601521826
1693,garlic | ginger | red chillies,3,garlic,ginger,red chillies,24,0.0024028834601521826
1694,garlic | ginger | star anise,3,garlic,ginger,star anise,24,0.0024028834601521826
1695,garlic | green chilli | lemon,3,garlic,green chilli,lemon,24,0.0024028834601521826
1696,garlic | ground coriander | vegetable bouillon powder,3,garlic,ground coriander,vegetable bouillon powder,24,0.0024028834601521826
1697,garlic | ground cumin | mint leaves,3,garlic,ground cumin,mint leaves,24,0.0024028834601521826
1698,garlic | mint leaves | red onion,3,garlic,mint leaves,red onion,24,0.0024028834601521826
1699,garlic | onion | paprika,3,garlic,onion,paprika,24,0.0024028834601521826
1700,garlic | onion | red onion,3,garlic,onion,red onion,24,0.0024028834601521826
1701,garlic | onion | rice,3,garlic,onion,rice,24,0.0024028834601521826
1702,garlic | onions | red wine vinegar,3,garlic,onions,red wine vinegar,24,0.0024028834601521826
1703,garlic | parmesan | pine nuts,3,garlic,parmesan,pine nuts,24,0.0024028834601521826
1704,garlic | parmesan | spaghetti,3,garlic,parmesan,spaghetti,24,0.0024028834601521826
1705,garlic | parsley | white wine,3,garlic,parsley,white wine,24,0.0024028834601521826
1706,garlic | red chilli | smoked paprika,3,garlic,red chilli,smoked paprika,24,0.0024028834601521826
1707,garlic | red chilli | soy sauce,3,garlic,red chilli,soy sauce,24,0.0024028834601521826
1708,garlic | red pepper | smoked paprika,3,garlic,red pepper,smoked paprika,24,0.0024028834601521826
1709,garlic | sesame seeds | vegetable oil,3,garlic,sesame seeds,vegetable oil,24,0.0024028834601521826
1710,garlic | smoked paprika | vegetable oil,3,garlic,smoked paprika,vegetable oil,24,0.0024028834601521826
1711,garlic | soy sauce | sunflower oil,3,garlic,soy sauce,sunflower oil,24,0.0024028834601521826
1712,garlic | sunflower oil | tomato purée,3,garlic,sunflower oil,tomato purée,24,0.0024028834601521826
1713,ginger | onions | turmeric,3,ginger,onions,turmeric,24,0.0024028834601521826
1714,golden caster sugar | icing sugar | orange,3,golden caster sugar,icing sugar,orange,24,0.0024028834601521826
1715,golden caster sugar | lemon | self-raising flour,3,golden caster sugar,lemon,self-raising flour,24,0.0024028834601521826
1716,ground coriander | ground cumin | lime,3,ground coriander,ground cumin,lime,24,0.0024028834601521826
1717,ground coriander | onion | tomato purée,3,ground coriander,onion,tomato purée,24,0.0024028834601521826
1718,ground cumin | olive oil | tomato purée,3,ground cumin,olive oil,tomato purée,24,0.0024028834601521826
1719,ground cumin | onion | turmeric,3,ground cumin,onion,turmeric,24,0.0024028834601521826
1720,ground cumin | red onion | smoked paprika,3,ground cumin,red onion,smoked paprika,24,0.0024028834601521826
1721,light brown soft sugar | milk | plain flour,3,light brown soft sugar,milk,plain flour,24,0.0024028834601521826
1722,nutmeg | olive oil | plain flour,3,nutmeg,olive oil,plain flour,24,0.0024028834601521826
1723,olive oil | parmesan | ricotta,3,olive oil,parmesan,ricotta,24,0.0024028834601521826
1724,olive oil | parmesan | thyme,3,olive oil,parmesan,thyme,24,0.0024028834601521826
1725,olive oil | parsley | tomatoes,3,olive oil,parsley,tomatoes,24,0.0024028834601521826
1726,olive oil | plain flour | tomato purée,3,olive oil,plain flour,tomato purée,24,0.0024028834601521826
1727,olive oil | red onion | red wine vinegar,3,olive oil,red onion,red wine vinegar,24,0.0024028834601521826
1728,baking powder | bicarbonate of soda | vegetable oil,3,baking powder,bicarbonate of soda,vegetable oil,23,0.002302763315979175
1729,baking powder | caster sugar | light brown soft sugar,3,baking powder,caster sugar,light brown soft sugar,23,0.002302763315979175
1730,baking powder | dark chocolate | golden caster sugar,3,baking powder,dark chocolate,golden caster sugar,23,0.002302763315979175
1731,baking powder | dark chocolate | self-raising flour,3,baking powder,dark chocolate,self-raising flour,23,0.002302763315979175
1732,baking powder | dark chocolate | unsalted butter,3,baking powder,dark chocolate,unsalted butter,23,0.002302763315979175
1733,baking powder | eggs | mixed spice,3,baking powder,eggs,mixed spice,23,0.002302763315979175
1734,basil leaves | cherry tomatoes | olive oil,3,basil leaves,cherry tomatoes,olive oil,23,0.002302763315979175
1735,basil leaves | garlic | tomato purée,3,basil leaves,garlic,tomato purée,23,0.002302763315979175
1736,basil | olive oil | parmesan,3,basil,olive oil,parmesan,23,0.002302763315979175
1737,bay leaves | chicken stock | thyme,3,bay leaves,chicken stock,thyme,23,0.002302763315979175
1738,bay leaves | onions | thyme,3,bay leaves,onions,thyme,23,0.002302763315979175
1739,beef stock | butter | garlic,3,beef stock,butter,garlic,23,0.002302763315979175
1740,beef stock | garlic | olive oil,3,beef stock,garlic,olive oil,23,0.002302763315979175
1741,beef stock | garlic | plain flour,3,beef stock,garlic,plain flour,23,0.002302763315979175
1742,bicarbonate of soda | double cream | vanilla extract,3,bicarbonate of soda,double cream,vanilla extract,23,0.002302763315979175
1743,black beans | garlic | olive oil,3,black beans,garlic,olive oil,23,0.002302763315979175
1744,butter | caster sugar | cocoa powder,3,butter,caster sugar,cocoa powder,23,0.002302763315979175
1745,butter | celery | garlic,3,butter,celery,garlic,23,0.002302763315979175
1746,butter | chicken stock | thyme,3,butter,chicken stock,thyme,23,0.002302763315979175
1747,butter | cornflour | plain flour,3,butter,cornflour,plain flour,23,0.002302763315979175
1748,butter | digestive biscuits | double cream,3,butter,digestive biscuits,double cream,23,0.002302763315979175
1749,butter | double cream | nutmeg,3,butter,double cream,nutmeg,23,0.002302763315979175
1750,butter | eggs | nutmeg,3,butter,eggs,nutmeg,23,0.002302763315979175
1751,butter | ground almonds | self-raising flour,3,butter,ground almonds,self-raising flour,23,0.002302763315979175
1752,butter | lemon | vanilla extract,3,butter,lemon,vanilla extract,23,0.002302763315979175
1753,butter | mature cheddar | milk,3,butter,mature cheddar,milk,23,0.002302763315979175
1754,butter | orange | plain flour,3,butter,orange,plain flour,23,0.002302763315979175
1755,capers | lemon | parsley,3,capers,lemon,parsley,23,0.002302763315979175
1756,caster sugar | cocoa powder | double cream,3,caster sugar,cocoa powder,double cream,23,0.002302763315979175
1757,caster sugar | egg whites | icing sugar,3,caster sugar,egg whites,icing sugar,23,0.002302763315979175
1758,caster sugar | eggs | vanilla bean paste,3,caster sugar,eggs,vanilla bean paste,23,0.002302763315979175
1759,caster sugar | icing sugar | vegetable oil,3,caster sugar,icing sugar,vegetable oil,23,0.002302763315979175
1760,celery | garlic | plain flour,3,celery,garlic,plain flour,23,0.002302763315979175
1761,celery | garlic | smoked paprika,3,celery,garlic,smoked paprika,23,0.002302763315979175
1762,cherry tomatoes | garlic | smoked paprika,3,cherry tomatoes,garlic,smoked paprika,23,0.002302763315979175
1763,cherry tomatoes | olive oil | onion,3,cherry tomatoes,olive oil,onion,23,0.002302763315979175
1764,chicken stock | garlic | white wine,3,chicken stock,garlic,white wine,23,0.002302763315979175
1765,chicken stock | olive oil | parmesan,3,chicken stock,olive oil,parmesan,23,0.002302763315979175
1766,chilli flakes | coriander | garlic,3,chilli flakes,coriander,garlic,23,0.002302763315979175
1767,chilli flakes | garlic | ground coriander,3,chilli flakes,garlic,ground coriander,23,0.002302763315979175
1768,chilli flakes | garlic | red onion,3,chilli flakes,garlic,red onion,23,0.002302763315979175
1769,chopped tomatoes | cinnamon | garlic,3,chopped tomatoes,cinnamon,garlic,23,0.002302763315979175
1770,chopped tomatoes | dried oregano | onion,3,chopped tomatoes,dried oregano,onion,23,0.002302763315979175
1771,chopped tomatoes | garlic | plain flour,3,chopped tomatoes,garlic,plain flour,23,0.002302763315979175
1772,chopped tomatoes | parmesan | tomato purée,3,chopped tomatoes,parmesan,tomato purée,23,0.002302763315979175
1773,coriander leaves | garlic | red chilli,3,coriander leaves,garlic,red chilli,23,0.002302763315979175
1774,coriander leaves | garlic | spring onions,3,coriander leaves,garlic,spring onions,23,0.002302763315979175
1775,coriander | cucumber | red chilli,3,coriander,cucumber,red chilli,23,0.002302763315979175
1776,cornflour | double cream | eggs,3,cornflour,double cream,eggs,23,0.002302763315979175
1777,cornflour | garlic | light soy sauce,3,cornflour,garlic,light soy sauce,23,0.002302763315979175
1778,cornflour | garlic | red chilli,3,cornflour,garlic,red chilli,23,0.002302763315979175
1779,crème fraîche | eggs | plain flour,3,crème fraîche,eggs,plain flour,23,0.002302763315979175
1780,cucumber | garlic | mint leaves,3,cucumber,garlic,mint leaves,23,0.002302763315979175
1781,cumin seeds | garlic | green chilli,3,cumin seeds,garlic,green chilli,23,0.002302763315979175
1782,cumin seeds | ginger | ground turmeric,3,cumin seeds,ginger,ground turmeric,23,0.002302763315979175
1783,cumin seeds | ginger | tomato purée,3,cumin seeds,ginger,tomato purée,23,0.002302763315979175
1784,dark chocolate | light brown soft sugar | vanilla extract,3,dark chocolate,light brown soft sugar,vanilla extract,23,0.002302763315979175
1785,double cream | golden caster sugar | lemon,3,double cream,golden caster sugar,lemon,23,0.002302763315979175
1786,double cream | golden caster sugar | vanilla bean paste,3,double cream,golden caster sugar,vanilla bean paste,23,0.002302763315979175
1787,dried oregano | garlic | red onion,3,dried oregano,garlic,red onion,23,0.002302763315979175
1788,dried oregano | garlic | red wine vinegar,3,dried oregano,garlic,red wine vinegar,23,0.002302763315979175
1789,egg yolk | plain flour | vanilla extract,3,egg yolk,plain flour,vanilla extract,23,0.002302763315979175
1790,egg | garlic | spring onions,3,egg,garlic,spring onions,23,0.002302763315979175
1791,egg | milk | vanilla extract,3,egg,milk,vanilla extract,23,0.002302763315979175
1792,eggs | golden caster sugar | white chocolate,3,eggs,golden caster sugar,white chocolate,23,0.002302763315979175
1793,eggs | golden syrup | plain flour,3,eggs,golden syrup,plain flour,23,0.002302763315979175
1794,eggs | maple syrup | vanilla extract,3,eggs,maple syrup,vanilla extract,23,0.002302763315979175
1795,eggs | milk | sunflower oil,3,eggs,milk,sunflower oil,23,0.002302763315979175
1796,eggs | mixed spice | self-raising flour,3,eggs,mixed spice,self-raising flour,23,0.002302763315979175
1797,feta | garlic | red onion,3,feta,garlic,red onion,23,0.002302763315979175
1798,fish sauce | garlic | vegetable oil,3,fish sauce,garlic,vegetable oil,23,0.002302763315979175
1799,flat-leaf parsley | garlic | lemon,3,flat-leaf parsley,garlic,lemon,23,0.002302763315979175
1800,fresh coriander | garlic | ginger,3,fresh coriander,garlic,ginger,23,0.002302763315979175
1801,garam masala | garlic | ground turmeric,3,garam masala,garlic,ground turmeric,23,0.002302763315979175
1802,garam masala | ginger | vegetable oil,3,garam masala,ginger,vegetable oil,23,0.002302763315979175
1803,garlic | ginger | sugar,3,garlic,ginger,sugar,23,0.002302763315979175
1804,garlic | ground cinnamon | tomato purée,3,garlic,ground cinnamon,tomato purée,23,0.002302763315979175
1805,garlic | ground turmeric | onions,3,garlic,ground turmeric,onions,23,0.002302763315979175
1806,garlic | lemon | natural yogurt,3,garlic,lemon,natural yogurt,23,0.002302763315979175
1807,garlic | mascarpone | parmesan,3,garlic,mascarpone,parmesan,23,0.002302763315979175
1808,garlic | mature cheddar | onion,3,garlic,mature cheddar,onion,23,0.002302763315979175
1809,garlic | mint leaves | red chilli,3,garlic,mint leaves,red chilli,23,0.002302763315979175
1810,garlic | mint | parsley,3,garlic,mint,parsley,23,0.002302763315979175
1811,garlic | nutmeg | onion,3,garlic,nutmeg,onion,23,0.002302763315979175
1812,garlic | nutmeg | parmesan,3,garlic,nutmeg,parmesan,23,0.002302763315979175
1813,garlic | olive oil | pomegranate seeds,3,garlic,olive oil,pomegranate seeds,23,0.002302763315979175
1814,garlic | olive oil | vegetable oil,3,garlic,olive oil,vegetable oil,23,0.002302763315979175
1815,garlic | parsley | vegetable oil,3,garlic,parsley,vegetable oil,23,0.002302763315979175
1816,garlic | potatoes | rapeseed oil,3,garlic,potatoes,rapeseed oil,23,0.002302763315979175
1817,garlic | rapeseed oil | thyme leaves,3,garlic,rapeseed oil,thyme leaves,23,0.002302763315979175
1818,garlic | spring onions | sunflower oil,3,garlic,spring onions,sunflower oil,23,0.002302763315979175
1819,garlic | tomatoes | vegetable oil,3,garlic,tomatoes,vegetable oil,23,0.002302763315979175
1820,ginger | ground coriander | onions,3,ginger,ground coriander,onions,23,0.002302763315979175
1821,ginger | ground cumin | tomato purée,3,ginger,ground cumin,tomato purée,23,0.002302763315979175
1822,ginger | red chilli | soy sauce,3,ginger,red chilli,soy sauce,23,0.002302763315979175
1823,golden caster sugar | ground cinnamon | icing sugar,3,golden caster sugar,ground cinnamon,icing sugar,23,0.002302763315979175
1824,golden caster sugar | light brown soft sugar | vanilla extract,3,golden caster sugar,light brown soft sugar,vanilla extract,23,0.002302763315979175
1825,golden caster sugar | plain flour | vegetable oil,3,golden caster sugar,plain flour,vegetable oil,23,0.002302763315979175
1826,ground cinnamon | light brown soft sugar | vanilla extract,3,ground cinnamon,light brown soft sugar,vanilla extract,23,0.002302763315979175
1827,ground coriander | rapeseed oil | red chilli,3,ground coriander,rapeseed oil,red chilli,23,0.002302763315979175
1828,icing sugar | orange | vanilla extract,3,icing sugar,orange,vanilla extract,23,0.002302763315979175
1829,lemon | new potatoes | olive oil,3,lemon,new potatoes,olive oil,23,0.002302763315979175
1830,lemon | olive oil | onions,3,lemon,olive oil,onions,23,0.002302763315979175
1831,lemon | olive oil | parsley leaves,3,lemon,olive oil,parsley leaves,23,0.002302763315979175
1832,light brown soft sugar | unsalted butter | vanilla extract,3,light brown soft sugar,unsalted butter,vanilla extract,23,0.002302763315979175
1833,lime | red chilli | spring onions,3,lime,red chilli,spring onions,23,0.002302763315979175
1834,mint | olive oil | parsley,3,mint,olive oil,parsley,23,0.002302763315979175
1835,mozzarella | parmesan | plain flour,3,mozzarella,parmesan,plain flour,23,0.002302763315979175
1836,olive oil | onion | red pepper,3,olive oil,onion,red pepper,23,0.002302763315979175
1837,olive oil | parmesan | spaghetti,3,olive oil,parmesan,spaghetti,23,0.002302763315979175
1838,onion | parmesan | plain flour,3,onion,parmesan,plain flour,23,0.002302763315979175
1839,onion | plain flour | sunflower oil,3,onion,plain flour,sunflower oil,23,0.002302763315979175
1840,onion | rapeseed oil | red chilli,3,onion,rapeseed oil,red chilli,23,0.002302763315979175
1841,onions | tomato purée | vegetable oil,3,onions,tomato purée,vegetable oil,23,0.002302763315979175
1842,parmesan | plain flour | whole milk,3,parmesan,plain flour,whole milk,23,0.002302763315979175
1843,plain flour | salted butter | vanilla extract,3,plain flour,salted butter,vanilla extract,23,0.002302763315979175
1844,rapeseed oil | tomato purée | vegetable bouillon powder,3,rapeseed oil,tomato purée,vegetable bouillon powder,23,0.002302763315979175
1845,sesame oil | sesame seeds | vegetable oil,3,sesame oil,sesame seeds,vegetable oil,23,0.002302763315979175
1846,baby spinach | garlic | olive oil,3,baby spinach,garlic,olive oil,22,0.0022026431718061676
1847,baking powder | bicarbonate of soda | dark chocolate,3,baking powder,bicarbonate of soda,dark chocolate,22,0.0022026431718061676
1848,baking powder | butter | ground almonds,3,baking powder,butter,ground almonds,22,0.0022026431718061676
1849,baking powder | butter | maple syrup,3,baking powder,butter,maple syrup,22,0.0022026431718061676
1850,baking powder | caster sugar | cocoa powder,3,baking powder,caster sugar,cocoa powder,22,0.0022026431718061676
1851,baking powder | cocoa powder | vegetable oil,3,baking powder,cocoa powder,vegetable oil,22,0.0022026431718061676
1852,baking powder | cornflour | plain flour,3,baking powder,cornflour,plain flour,22,0.0022026431718061676
1853,baking powder | dark chocolate | milk,3,baking powder,dark chocolate,milk,22,0.0022026431718061676
1854,baking powder | double cream | unsalted butter,3,baking powder,double cream,unsalted butter,22,0.0022026431718061676
1855,baking powder | egg | golden caster sugar,3,baking powder,egg,golden caster sugar,22,0.0022026431718061676
1856,baking powder | ground almonds | plain flour,3,baking powder,ground almonds,plain flour,22,0.0022026431718061676
1857,baking powder | mixed spice | plain flour,3,baking powder,mixed spice,plain flour,22,0.0022026431718061676
1858,baking powder | plain flour | white chocolate,3,baking powder,plain flour,white chocolate,22,0.0022026431718061676
1859,balsamic vinegar | garlic | red onion,3,balsamic vinegar,garlic,red onion,22,0.0022026431718061676
1860,bay leaves | butter | carrots,3,bay leaves,butter,carrots,22,0.0022026431718061676
1861,bay leaves | garlic | lemon,3,bay leaves,garlic,lemon,22,0.0022026431718061676
1862,bay leaves | garlic | rosemary,3,bay leaves,garlic,rosemary,22,0.0022026431718061676
1863,bay leaves | garlic | vegetable oil,3,bay leaves,garlic,vegetable oil,22,0.0022026431718061676
1864,bicarbonate of soda | butter | self-raising flour,3,bicarbonate of soda,butter,self-raising flour,22,0.0022026431718061676
1865,bicarbonate of soda | caster sugar | eggs,3,bicarbonate of soda,caster sugar,eggs,22,0.0022026431718061676
1866,bicarbonate of soda | dark chocolate | double cream,3,bicarbonate of soda,dark chocolate,double cream,22,0.0022026431718061676
1867,bicarbonate of soda | golden caster sugar | icing sugar,3,bicarbonate of soda,golden caster sugar,icing sugar,22,0.0022026431718061676
1868,black beans | coriander | red onion,3,black beans,coriander,red onion,22,0.0022026431718061676
1869,butter | cornflour | eggs,3,butter,cornflour,eggs,22,0.0022026431718061676
1870,butter | crème fraîche | plain flour,3,butter,crème fraîche,plain flour,22,0.0022026431718061676
1871,butter | dijon mustard | milk,3,butter,dijon mustard,milk,22,0.0022026431718061676
1872,butter | egg | lemon,3,butter,egg,lemon,22,0.0022026431718061676
1873,butter | flaked almonds | plain flour,3,butter,flaked almonds,plain flour,22,0.0022026431718061676
1874,butter | golden syrup | plain flour,3,butter,golden syrup,plain flour,22,0.0022026431718061676
1875,butter | leeks | plain flour,3,butter,leeks,plain flour,22,0.0022026431718061676
1876,butter | onion | white wine,3,butter,onion,white wine,22,0.0022026431718061676
1877,butter | plain flour | red wine,3,butter,plain flour,red wine,22,0.0022026431718061676
1878,butter | unsalted butter | vanilla extract,3,butter,unsalted butter,vanilla extract,22,0.0022026431718061676
1879,capers | olive oil | parsley,3,capers,olive oil,parsley,22,0.0022026431718061676
1880,carrots | garlic | potatoes,3,carrots,garlic,potatoes,22,0.0022026431718061676
1881,carrots | garlic | red wine,3,carrots,garlic,red wine,22,0.0022026431718061676
1882,caster sugar | dark chocolate | unsalted butter,3,caster sugar,dark chocolate,unsalted butter,22,0.0022026431718061676
1883,caster sugar | double cream | self-raising flour,3,caster sugar,double cream,self-raising flour,22,0.0022026431718061676
1884,caster sugar | garlic | vegetable oil,3,caster sugar,garlic,vegetable oil,22,0.0022026431718061676
1885,celery | garlic | lemon,3,celery,garlic,lemon,22,0.0022026431718061676
1886,celery | garlic | rosemary,3,celery,garlic,rosemary,22,0.0022026431718061676
1887,celery | olive oil | thyme,3,celery,olive oil,thyme,22,0.0022026431718061676
1888,celery | parmesan | tomato purée,3,celery,parmesan,tomato purée,22,0.0022026431718061676
1889,cherry tomatoes | olive oil | parsley,3,cherry tomatoes,olive oil,parsley,22,0.0022026431718061676
1890,chickpeas | garlic | rapeseed oil,3,chickpeas,garlic,rapeseed oil,22,0.0022026431718061676
1891,chopped tomatoes | garlic | red wine,3,chopped tomatoes,garlic,red wine,22,0.0022026431718061676
1892,chopped tomatoes | ground cumin | olive oil,3,chopped tomatoes,ground cumin,olive oil,22,0.0022026431718061676
1893,chopped tomatoes | mozzarella | olive oil,3,chopped tomatoes,mozzarella,olive oil,22,0.0022026431718061676
1894,chopped tomatoes | onion | rapeseed oil,3,chopped tomatoes,onion,rapeseed oil,22,0.0022026431718061676
1895,chopped tomatoes | onion | red pepper,3,chopped tomatoes,onion,red pepper,22,0.0022026431718061676
1896,cinnamon | cumin seeds | garlic,3,cinnamon,cumin seeds,garlic,22,0.0022026431718061676
1897,cinnamon | ginger | onion,3,cinnamon,ginger,onion,22,0.0022026431718061676
1898,cocoa powder | self-raising flour | unsalted butter,3,cocoa powder,self-raising flour,unsalted butter,22,0.0022026431718061676
1899,coconut milk | garlic | onions,3,coconut milk,garlic,onions,22,0.0022026431718061676
1900,cold butter | icing sugar | plain flour,3,cold butter,icing sugar,plain flour,22,0.0022026431718061676
1901,coriander leaves | garlic | red onion,3,coriander leaves,garlic,red onion,22,0.0022026431718061676
1902,coriander | ginger | green chillies,3,coriander,ginger,green chillies,22,0.0022026431718061676
1903,coriander | ginger | red onion,3,coriander,ginger,red onion,22,0.0022026431718061676
1904,coriander | ginger | sunflower oil,3,coriander,ginger,sunflower oil,22,0.0022026431718061676
1905,coriander | ground cumin | tomato purée,3,coriander,ground cumin,tomato purée,22,0.0022026431718061676
1906,coriander | lemon | olive oil,3,coriander,lemon,olive oil,22,0.0022026431718061676
1907,coriander | red chilli | vegetable oil,3,coriander,red chilli,vegetable oil,22,0.0022026431718061676
1908,cornflour | ginger | light soy sauce,3,cornflour,ginger,light soy sauce,22,0.0022026431718061676
1909,cumin seeds | garlic | lime,3,cumin seeds,garlic,lime,22,0.0022026431718061676
1910,cumin seeds | garlic | sunflower oil,3,cumin seeds,garlic,sunflower oil,22,0.0022026431718061676
1911,dark chocolate | double cream | milk,3,dark chocolate,double cream,milk,22,0.0022026431718061676
1912,dark chocolate | light brown soft sugar | unsalted butter,3,dark chocolate,light brown soft sugar,unsalted butter,22,0.0022026431718061676
1913,dijon mustard | olive oil | plain flour,3,dijon mustard,olive oil,plain flour,22,0.0022026431718061676
1914,dill | extra virgin olive oil | lemon,3,dill,extra virgin olive oil,lemon,22,0.0022026431718061676
1915,double cream | egg yolk | plain flour,3,double cream,egg yolk,plain flour,22,0.0022026431718061676
1916,double cream | garlic | thyme,3,double cream,garlic,thyme,22,0.0022026431718061676
1917,double cream | icing sugar | strawberries,3,double cream,icing sugar,strawberries,22,0.0022026431718061676
1918,double cream | olive oil | plain flour,3,double cream,olive oil,plain flour,22,0.0022026431718061676
1919,dried oregano | garlic | parmesan,3,dried oregano,garlic,parmesan,22,0.0022026431718061676
1920,egg yolk | golden caster sugar | plain flour,3,egg yolk,golden caster sugar,plain flour,22,0.0022026431718061676
1921,egg yolks | plain flour | vanilla extract,3,egg yolks,plain flour,vanilla extract,22,0.0022026431718061676
1922,egg | fast-action dried yeast | strong white bread flour,3,egg,fast-action dried yeast,strong white bread flour,22,0.0022026431718061676
1923,egg | garlic | parsley,3,egg,garlic,parsley,22,0.0022026431718061676
1924,egg | garlic | tomato purée,3,egg,garlic,tomato purée,22,0.0022026431718061676
1925,egg | golden caster sugar | ground cinnamon,3,egg,golden caster sugar,ground cinnamon,22,0.0022026431718061676
1926,egg | ground cinnamon | ground ginger,3,egg,ground cinnamon,ground ginger,22,0.0022026431718061676
1927,egg | plain flour | sunflower oil,3,egg,plain flour,sunflower oil,22,0.0022026431718061676
1928,egg | plain flour | thyme,3,egg,plain flour,thyme,22,0.0022026431718061676
1929,eggs | golden caster sugar | lemons,3,eggs,golden caster sugar,lemons,22,0.0022026431718061676
1930,eggs | ground almonds | orange,3,eggs,ground almonds,orange,22,0.0022026431718061676
1931,eggs | icing sugar | light muscovado sugar,3,eggs,icing sugar,light muscovado sugar,22,0.0022026431718061676
1932,eggs | light muscovado sugar | vanilla extract,3,eggs,light muscovado sugar,vanilla extract,22,0.0022026431718061676
1933,eggs | maple syrup | plain flour,3,eggs,maple syrup,plain flour,22,0.0022026431718061676
1934,eggs | soured cream | vanilla extract,3,eggs,soured cream,vanilla extract,22,0.0022026431718061676
1935,eggs | unsalted butter | vanilla bean paste,3,eggs,unsalted butter,vanilla bean paste,22,0.0022026431718061676
1936,eggs | unsalted butter | white chocolate,3,eggs,unsalted butter,white chocolate,22,0.0022026431718061676
1937,extra virgin olive oil | feta | olive oil,3,extra virgin olive oil,feta,olive oil,22,0.0022026431718061676
1938,extra virgin olive oil | garlic | tomatoes,3,extra virgin olive oil,garlic,tomatoes,22,0.0022026431718061676
1939,extra virgin olive oil | olive oil | parsley,3,extra virgin olive oil,olive oil,parsley,22,0.0022026431718061676
1940,fast-action dried yeast | milk | strong white bread flour,3,fast-action dried yeast,milk,strong white bread flour,22,0.0022026431718061676
1941,fennel | garlic | lemon,3,fennel,garlic,lemon,22,0.0022026431718061676
1942,feta | lemon | parsley,3,feta,lemon,parsley,22,0.0022026431718061676
1943,flat-leaf parsley | lemon | olive oil,3,flat-leaf parsley,lemon,olive oil,22,0.0022026431718061676
1944,flat-leaf parsley | olive oil | onion,3,flat-leaf parsley,olive oil,onion,22,0.0022026431718061676
1945,frozen peas | garlic | ginger,3,frozen peas,garlic,ginger,22,0.0022026431718061676
1946,garam masala | garlic | tomato purée,3,garam masala,garlic,tomato purée,22,0.0022026431718061676
1947,garlic | ginger | natural yogurt,3,garlic,ginger,natural yogurt,22,0.0022026431718061676
1948,garlic | ground cinnamon | lemon,3,garlic,ground cinnamon,lemon,22,0.0022026431718061676
1949,garlic | ground coriander | red pepper,3,garlic,ground coriander,red pepper,22,0.0022026431718061676
1950,garlic | ground cumin | spring onions,3,garlic,ground cumin,spring onions,22,0.0022026431718061676
1951,garlic | honey | red onion,3,garlic,honey,red onion,22,0.0022026431718061676
1952,garlic | lemon | ricotta,3,garlic,lemon,ricotta,22,0.0022026431718061676
1953,garlic | lemon | rocket,3,garlic,lemon,rocket,22,0.0022026431718061676
1954,garlic | lemongrass | vegetable oil,3,garlic,lemongrass,vegetable oil,22,0.0022026431718061676
1955,garlic | mint | rapeseed oil,3,garlic,mint,rapeseed oil,22,0.0022026431718061676
1956,garlic | mint | spring onions,3,garlic,mint,spring onions,22,0.0022026431718061676
1957,garlic | mozzarella | tomato purée,3,garlic,mozzarella,tomato purée,22,0.0022026431718061676
1958,garlic | olive oil | saffron,3,garlic,olive oil,saffron,22,0.0022026431718061676
1959,garlic | olive oil | sweet smoked paprika,3,garlic,olive oil,sweet smoked paprika,22,0.0022026431718061676
1960,garlic | olive oil | wholegrain mustard,3,garlic,olive oil,wholegrain mustard,22,0.0022026431718061676
1961,garlic | onion | risotto rice,3,garlic,onion,risotto rice,22,0.0022026431718061676
1962,garlic | onion | thyme leaves,3,garlic,onion,thyme leaves,22,0.0022026431718061676
1963,garlic | parmesan | tomatoes,3,garlic,parmesan,tomatoes,22,0.0022026431718061676
1964,garlic | parsley | red wine vinegar,3,garlic,parsley,red wine vinegar,22,0.0022026431718061676
1965,garlic | red chilli | tomato purée,3,garlic,red chilli,tomato purée,22,0.0022026431718061676
1966,garlic | rosemary | thyme,3,garlic,rosemary,thyme,22,0.0022026431718061676
1967,garlic | thyme | white wine,3,garlic,thyme,white wine,22,0.0022026431718061676
1968,garlic | tomato purée | turmeric,3,garlic,tomato purée,turmeric,22,0.0022026431718061676
1969,ginger | red chilli | vegetable oil,3,ginger,red chilli,vegetable oil,22,0.0022026431718061676
1970,ginger | spring onions | sunflower oil,3,ginger,spring onions,sunflower oil,22,0.0022026431718061676
1971,golden caster sugar | ground almonds | vanilla extract,3,golden caster sugar,ground almonds,vanilla extract,22,0.0022026431718061676
1972,golden caster sugar | icing sugar | vanilla bean paste,3,golden caster sugar,icing sugar,vanilla bean paste,22,0.0022026431718061676
1973,golden caster sugar | strong white bread flour | unsalted butter,3,golden caster sugar,strong white bread flour,unsalted butter,22,0.0022026431718061676
1974,golden caster sugar | unsalted butter | whole milk,3,golden caster sugar,unsalted butter,whole milk,22,0.0022026431718061676
1975,golden syrup | ground cinnamon | ground ginger,3,golden syrup,ground cinnamon,ground ginger,22,0.0022026431718061676
1976,ground cinnamon | icing sugar | unsalted butter,3,ground cinnamon,icing sugar,unsalted butter,22,0.0022026431718061676
1977,ground coriander | ground cumin | sunflower oil,3,ground coriander,ground cumin,sunflower oil,22,0.0022026431718061676
1978,icing sugar | light brown soft sugar | milk,3,icing sugar,light brown soft sugar,milk,22,0.0022026431718061676
1979,lemon | olive oil | rocket,3,lemon,olive oil,rocket,22,0.0022026431718061676
1980,lemon | parmesan | pine nuts,3,lemon,parmesan,pine nuts,22,0.0022026431718061676
1981,lemon | parsley | plain flour,3,lemon,parsley,plain flour,22,0.0022026431718061676
1982,olive oil | parmesan | pine nuts,3,olive oil,parmesan,pine nuts,22,0.0022026431718061676
1983,onion | parmesan | risotto rice,3,onion,parmesan,risotto rice,22,0.0022026431718061676
1984,plain flour | red wine | thyme,3,plain flour,red wine,thyme,22,0.0022026431718061676
1985,plain flour | vanilla extract | whole milk,3,plain flour,vanilla extract,whole milk,22,0.0022026431718061676
1986,red chilli | sesame oil | spring onions,3,red chilli,sesame oil,spring onions,22,0.0022026431718061676
1987,aubergine | garlic | rapeseed oil,3,aubergine,garlic,rapeseed oil,21,0.00210252302763316
1988,baking powder | bicarbonate of soda | double cream,3,baking powder,bicarbonate of soda,double cream,21,0.00210252302763316
1989,baking powder | buttermilk | icing sugar,3,baking powder,buttermilk,icing sugar,21,0.00210252302763316
1990,baking powder | buttermilk | vanilla extract,3,baking powder,buttermilk,vanilla extract,21,0.00210252302763316
1991,baking powder | eggs | soured cream,3,baking powder,eggs,soured cream,21,0.00210252302763316
1992,baking powder | ground almonds | self-raising flour,3,baking powder,ground almonds,self-raising flour,21,0.00210252302763316
1993,baking powder | light brown soft sugar | unsalted butter,3,baking powder,light brown soft sugar,unsalted butter,21,0.00210252302763316
1994,baking powder | light muscovado sugar | plain flour,3,baking powder,light muscovado sugar,plain flour,21,0.00210252302763316
1995,baking powder | natural yogurt | plain flour,3,baking powder,natural yogurt,plain flour,21,0.00210252302763316
1996,baking powder | plain flour | sunflower oil,3,baking powder,plain flour,sunflower oil,21,0.00210252302763316
1997,basil | lemon | olive oil,3,basil,lemon,olive oil,21,0.00210252302763316
1998,bay leaves | beef stock | plain flour,3,bay leaves,beef stock,plain flour,21,0.00210252302763316
1999,bay leaves | plain flour | red wine,3,bay leaves,plain flour,red wine,21,0.00210252302763316
2000,beef stock | plain flour | red wine,3,beef stock,plain flour,red wine,21,0.00210252302763316
2001,bicarbonate of soda | dark chocolate | golden caster sugar,3,bicarbonate of soda,dark chocolate,golden caster sugar,21,0.00210252302763316
2002,black beans | coriander | ground cumin,3,black beans,coriander,ground cumin,21,0.00210252302763316
2003,butter beans | garlic | lemon,3,butter beans,garlic,lemon,21,0.00210252302763316
2004,butter | carrot | onion,3,butter,carrot,onion,21,0.00210252302763316
2005,butter | caster sugar | ground cinnamon,3,butter,caster sugar,ground cinnamon,21,0.00210252302763316
2006,butter | caster sugar | light brown soft sugar,3,butter,caster sugar,light brown soft sugar,21,0.00210252302763316
2007,butter | caster sugar | white chocolate,3,butter,caster sugar,white chocolate,21,0.00210252302763316
2008,butter | chopped tomatoes | garlic,3,butter,chopped tomatoes,garlic,21,0.00210252302763316
2009,butter | cocoa powder | double cream,3,butter,cocoa powder,double cream,21,0.00210252302763316
2010,butter | double cream | egg,3,butter,double cream,egg,21,0.00210252302763316
2011,butter | double cream | thyme,3,butter,double cream,thyme,21,0.00210252302763316
2012,butter | eggs | light muscovado sugar,3,butter,eggs,light muscovado sugar,21,0.00210252302763316
2013,butter | eggs | onion,3,butter,eggs,onion,21,0.00210252302763316
2014,butter | eggs | soured cream,3,butter,eggs,soured cream,21,0.00210252302763316
2015,butter | fast-action dried yeast | golden caster sugar,3,butter,fast-action dried yeast,golden caster sugar,21,0.00210252302763316
2016,butter | garlic | thyme leaves,3,butter,garlic,thyme leaves,21,0.00210252302763316
2017,butter | garlic | vegetable stock,3,butter,garlic,vegetable stock,21,0.00210252302763316
2018,butter | ground almonds | lemon,3,butter,ground almonds,lemon,21,0.00210252302763316
2019,butter | ground almonds | vanilla extract,3,butter,ground almonds,vanilla extract,21,0.00210252302763316
2020,butter | ground cinnamon | lemon,3,butter,ground cinnamon,lemon,21,0.00210252302763316
2021,butter | light muscovado sugar | plain flour,3,butter,light muscovado sugar,plain flour,21,0.00210252302763316
2022,butter | milk | sunflower oil,3,butter,milk,sunflower oil,21,0.00210252302763316
2023,butter | mozzarella | olive oil,3,butter,mozzarella,olive oil,21,0.00210252302763316
2024,butter | nutmeg | onion,3,butter,nutmeg,onion,21,0.00210252302763316
2025,butter | onion | vegetable stock,3,butter,onion,vegetable stock,21,0.00210252302763316
2026,butter | orange | vanilla extract,3,butter,orange,vanilla extract,21,0.00210252302763316
2027,buttermilk | eggs | vanilla extract,3,buttermilk,eggs,vanilla extract,21,0.00210252302763316
2028,buttermilk | plain flour | vegetable oil,3,buttermilk,plain flour,vegetable oil,21,0.00210252302763316
2029,butternut squash | garlic | onion,3,butternut squash,garlic,onion,21,0.00210252302763316
2030,carrots | coriander | ginger,3,carrots,coriander,ginger,21,0.00210252302763316
2031,carrots | garlic | parsnips,3,carrots,garlic,parsnips,21,0.00210252302763316
2032,carrots | garlic | red onion,3,carrots,garlic,red onion,21,0.00210252302763316
2033,carrots | garlic | smoked paprika,3,carrots,garlic,smoked paprika,21,0.00210252302763316
2034,carrots | onions | vegetable oil,3,carrots,onions,vegetable oil,21,0.00210252302763316
2035,carrots | plain flour | vegetable oil,3,carrots,plain flour,vegetable oil,21,0.00210252302763316
2036,caster sugar | cocoa powder | self-raising flour,3,caster sugar,cocoa powder,self-raising flour,21,0.00210252302763316
2037,caster sugar | cornflour | egg yolks,3,caster sugar,cornflour,egg yolks,21,0.00210252302763316
2038,caster sugar | cornflour | lemon,3,caster sugar,cornflour,lemon,21,0.00210252302763316
2039,caster sugar | fast-action dried yeast | plain flour,3,caster sugar,fast-action dried yeast,plain flour,21,0.00210252302763316
2040,caster sugar | lemon | unsalted butter,3,caster sugar,lemon,unsalted butter,21,0.00210252302763316
2041,cayenne pepper | garlic | onion,3,cayenne pepper,garlic,onion,21,0.00210252302763316
2042,celery | garlic | red wine,3,celery,garlic,red wine,21,0.00210252302763316
2043,celery | garlic | vegetable stock,3,celery,garlic,vegetable stock,21,0.00210252302763316
2044,celery | plain flour | thyme,3,celery,plain flour,thyme,21,0.00210252302763316
2045,celery | red wine | tomato purée,3,celery,red wine,tomato purée,21,0.00210252302763316
2046,cheddar | garlic | onion,3,cheddar,garlic,onion,21,0.00210252302763316
2047,chestnut mushrooms | olive oil | onion,3,chestnut mushrooms,olive oil,onion,21,0.00210252302763316
2048,chicken stock | double cream | garlic,3,chicken stock,double cream,garlic,21,0.00210252302763316
2049,chicken stock | olive oil | thyme,3,chicken stock,olive oil,thyme,21,0.00210252302763316
2050,chickpeas | garlic | smoked paprika,3,chickpeas,garlic,smoked paprika,21,0.00210252302763316
2051,chickpeas | garlic | tahini,3,chickpeas,garlic,tahini,21,0.00210252302763316
2052,chickpeas | ground cumin | red onion,3,chickpeas,ground cumin,red onion,21,0.00210252302763316
2053,chilli flakes | eggs | garlic,3,chilli flakes,eggs,garlic,21,0.00210252302763316
2054,chilli flakes | garlic | vegetable oil,3,chilli flakes,garlic,vegetable oil,21,0.00210252302763316
2055,chipotle paste | garlic | olive oil,3,chipotle paste,garlic,olive oil,21,0.00210252302763316
2056,chives | garlic | olive oil,3,chives,garlic,olive oil,21,0.00210252302763316
2057,chopped tomatoes | garam masala | garlic,3,chopped tomatoes,garam masala,garlic,21,0.00210252302763316
2058,chopped tomatoes | garlic | mozzarella,3,chopped tomatoes,garlic,mozzarella,21,0.00210252302763316
2059,chopped tomatoes | olive oil | red wine,3,chopped tomatoes,olive oil,red wine,21,0.00210252302763316
2060,chopped tomatoes | olive oil | sugar,3,chopped tomatoes,olive oil,sugar,21,0.00210252302763316
2061,chopped tomatoes | onion | parsley,3,chopped tomatoes,onion,parsley,21,0.00210252302763316
2062,cocoa powder | double cream | vanilla extract,3,cocoa powder,double cream,vanilla extract,21,0.00210252302763316
2063,cocoa powder | eggs | vegetable oil,3,cocoa powder,eggs,vegetable oil,21,0.00210252302763316
2064,cocoa powder | golden caster sugar | unsalted butter,3,cocoa powder,golden caster sugar,unsalted butter,21,0.00210252302763316
2065,cold butter | golden caster sugar | plain flour,3,cold butter,golden caster sugar,plain flour,21,0.00210252302763316
2066,coriander leaves | cumin seeds | garlic,3,coriander leaves,cumin seeds,garlic,21,0.00210252302763316
2067,coriander | cucumber | spring onions,3,coriander,cucumber,spring onions,21,0.00210252302763316
2068,coriander | cumin seeds | onion,3,coriander,cumin seeds,onion,21,0.00210252302763316
2069,coriander | curry powder | garlic,3,coriander,curry powder,garlic,21,0.00210252302763316
2070,coriander | garlic | vegetable bouillon powder,3,coriander,garlic,vegetable bouillon powder,21,0.00210252302763316
2071,coriander | lime | onion,3,coriander,lime,onion,21,0.00210252302763316
2072,coriander | onion | tomato purée,3,coriander,onion,tomato purée,21,0.00210252302763316
2073,coriander | rapeseed oil | tomatoes,3,coriander,rapeseed oil,tomatoes,21,0.00210252302763316
2074,cornflour | ginger | soy sauce,3,cornflour,ginger,soy sauce,21,0.00210252302763316
2075,cucumber | garlic | ground cumin,3,cucumber,garlic,ground cumin,21,0.00210252302763316
2076,cumin seeds | ginger | onions,3,cumin seeds,ginger,onions,21,0.00210252302763316
2077,cumin seeds | rapeseed oil | red chilli,3,cumin seeds,rapeseed oil,red chilli,21,0.00210252302763316
2078,dark chocolate | icing sugar | milk,3,dark chocolate,icing sugar,milk,21,0.00210252302763316
2079,dijon mustard | extra virgin olive oil | garlic,3,dijon mustard,extra virgin olive oil,garlic,21,0.00210252302763316
2080,dijon mustard | garlic | plain flour,3,dijon mustard,garlic,plain flour,21,0.00210252302763316
2081,double cream | egg yolks | whole milk,3,double cream,egg yolks,whole milk,21,0.00210252302763316
2082,double cream | eggs | white chocolate,3,double cream,eggs,white chocolate,21,0.00210252302763316
2083,double cream | garlic | parsley,3,double cream,garlic,parsley,21,0.00210252302763316
2084,double cream | icing sugar | raspberries,3,double cream,icing sugar,raspberries,21,0.00210252302763316
2085,dried oregano | ground cumin | smoked paprika,3,dried oregano,ground cumin,smoked paprika,21,0.00210252302763316
2086,egg yolks | icing sugar | vanilla extract,3,egg yolks,icing sugar,vanilla extract,21,0.00210252302763316
2087,egg | ground cinnamon | icing sugar,3,egg,ground cinnamon,icing sugar,21,0.00210252302763316
2088,egg | plain flour | puff pastry,3,egg,plain flour,puff pastry,21,0.00210252302763316
2089,egg | self-raising flour | vanilla extract,3,egg,self-raising flour,vanilla extract,21,0.00210252302763316
2090,eggs | extra virgin olive oil | garlic,3,eggs,extra virgin olive oil,garlic,21,0.00210252302763316
2091,eggs | fast-action dried yeast | golden caster sugar,3,eggs,fast-action dried yeast,golden caster sugar,21,0.00210252302763316
2092,eggs | ground cinnamon | orange,3,eggs,ground cinnamon,orange,21,0.00210252302763316
2093,eggs | icing sugar | mixed spice,3,eggs,icing sugar,mixed spice,21,0.00210252302763316
2094,eggs | lemon | vegetable oil,3,eggs,lemon,vegetable oil,21,0.00210252302763316
2095,eggs | plain flour | vanilla bean paste,3,eggs,plain flour,vanilla bean paste,21,0.00210252302763316
2096,extra virgin olive oil | feta | lemon,3,extra virgin olive oil,feta,lemon,21,0.00210252302763316
2097,extra virgin olive oil | garlic | ground cumin,3,extra virgin olive oil,garlic,ground cumin,21,0.00210252302763316
2098,extra virgin olive oil | garlic | parmesan,3,extra virgin olive oil,garlic,parmesan,21,0.00210252302763316
2099,extra virgin olive oil | honey | lemon,3,extra virgin olive oil,honey,lemon,21,0.00210252302763316
2100,fennel seeds | garlic | parmesan,3,fennel seeds,garlic,parmesan,21,0.00210252302763316
2101,fennel seeds | olive oil | parmesan,3,fennel seeds,olive oil,parmesan,21,0.00210252302763316
2102,fennel | garlic | onion,3,fennel,garlic,onion,21,0.00210252302763316
2103,feta | olive oil | red onion,3,feta,olive oil,red onion,21,0.00210252302763316
2104,fish sauce | garlic | spring onions,3,fish sauce,garlic,spring onions,21,0.00210252302763316
2105,flaked almonds | golden caster sugar | ground almonds,3,flaked almonds,golden caster sugar,ground almonds,21,0.00210252302763316
2106,garlic | ginger | spring onion,3,garlic,ginger,spring onion,21,0.00210252302763316
2107,garlic | ground cumin | plain flour,3,garlic,ground cumin,plain flour,21,0.00210252302763316
2108,garlic | ground cumin | tahini,3,garlic,ground cumin,tahini,21,0.00210252302763316
2109,garlic | ground turmeric | red chilli,3,garlic,ground turmeric,red chilli,21,0.00210252302763316
2110,garlic | ground turmeric | red onion,3,garlic,ground turmeric,red onion,21,0.00210252302763316
2111,garlic | honey | vegetable oil,3,garlic,honey,vegetable oil,21,0.00210252302763316
2112,garlic | leeks | rapeseed oil,3,garlic,leeks,rapeseed oil,21,0.00210252302763316
2113,garlic | lemon | red wine vinegar,3,garlic,lemon,red wine vinegar,21,0.00210252302763316
2114,garlic | lemon | turmeric,3,garlic,lemon,turmeric,21,0.00210252302763316
2115,garlic | limes | spring onions,3,garlic,limes,spring onions,21,0.00210252302763316
2116,garlic | milk | tomato purée,3,garlic,milk,tomato purée,21,0.00210252302763316
2117,garlic | mozzarella | plain flour,3,garlic,mozzarella,plain flour,21,0.00210252302763316
2118,garlic | olive oil | red chillies,3,garlic,olive oil,red chillies,21,0.00210252302763316
2119,garlic | olive oil | whole milk,3,garlic,olive oil,whole milk,21,0.00210252302763316
2120,garlic | onion | tomato,3,garlic,onion,tomato,21,0.00210252302763316
2121,garlic | parmesan | red wine,3,garlic,parmesan,red wine,21,0.00210252302763316
2122,garlic | plain flour | rosemary,3,garlic,plain flour,rosemary,21,0.00210252302763316
2123,garlic | sugar | tomato purée,3,garlic,sugar,tomato purée,21,0.00210252302763316
2124,ginger | ground cumin | red onion,3,ginger,ground cumin,red onion,21,0.00210252302763316
2125,golden caster sugar | lemon | unsalted butter,3,golden caster sugar,lemon,unsalted butter,21,0.00210252302763316
2126,golden syrup | ground cinnamon | plain flour,3,golden syrup,ground cinnamon,plain flour,21,0.00210252302763316
2127,ground cinnamon | lemon | plain flour,3,ground cinnamon,lemon,plain flour,21,0.00210252302763316
2128,ground cumin | onion | smoked paprika,3,ground cumin,onion,smoked paprika,21,0.00210252302763316
2129,icing sugar | light brown soft sugar | vegetable oil,3,icing sugar,light brown soft sugar,vegetable oil,21,0.00210252302763316
2130,lemon | olive oil | tomato purée,3,lemon,olive oil,tomato purée,21,0.00210252302763316
2131,light soy sauce | sesame oil | spring onions,3,light soy sauce,sesame oil,spring onions,21,0.00210252302763316
2132,mozzarella | olive oil | plain flour,3,mozzarella,olive oil,plain flour,21,0.00210252302763316
2133,olive oil | onion | red wine,3,olive oil,onion,red wine,21,0.00210252302763316
2134,onion | rapeseed oil | red pepper,3,onion,rapeseed oil,red pepper,21,0.00210252302763316
2135,plain flour | unsalted butter | vanilla bean paste,3,plain flour,unsalted butter,vanilla bean paste,21,0.00210252302763316
2136,plain flour | unsalted butter | vegetable oil,3,plain flour,unsalted butter,vegetable oil,21,0.00210252302763316
2137,red chilli | soy sauce | spring onions,3,red chilli,soy sauce,spring onions,21,0.00210252302763316
2138,almond extract | eggs | icing sugar,3,almond extract,eggs,icing sugar,20,0.002002402883460152
2139,aubergines | garlic | onion,3,aubergines,garlic,onion,20,0.002002402883460152
2140,baby spinach | garlic | ginger,3,baby spinach,garlic,ginger,20,0.002002402883460152
2141,baking powder | caster sugar | egg,3,baking powder,caster sugar,egg,20,0.002002402883460152
2142,baking powder | cinnamon | eggs,3,baking powder,cinnamon,eggs,20,0.002002402883460152
2143,baking powder | dark chocolate | light brown soft sugar,3,baking powder,dark chocolate,light brown soft sugar,20,0.002002402883460152
2144,baking powder | golden caster sugar | ground cinnamon,3,baking powder,golden caster sugar,ground cinnamon,20,0.002002402883460152
2145,baking powder | ground cinnamon | self-raising flour,3,baking powder,ground cinnamon,self-raising flour,20,0.002002402883460152
2146,baking powder | icing sugar | orange,3,baking powder,icing sugar,orange,20,0.002002402883460152
2147,baking powder | plain flour | whole milk,3,baking powder,plain flour,whole milk,20,0.002002402883460152
2148,baking powder | self-raising flour | whole milk,3,baking powder,self-raising flour,whole milk,20,0.002002402883460152
2149,balsamic vinegar | garlic | tomato purée,3,balsamic vinegar,garlic,tomato purée,20,0.002002402883460152
2150,banana shallots | garlic | olive oil,3,banana shallots,garlic,olive oil,20,0.002002402883460152
2151,basil leaves | chopped tomatoes | garlic,3,basil leaves,chopped tomatoes,garlic,20,0.002002402883460152
2152,basil | chilli flakes | garlic,3,basil,chilli flakes,garlic,20,0.002002402883460152
2153,bay leaf | onion | thyme,3,bay leaf,onion,thyme,20,0.002002402883460152
2154,bay leaves | beef stock | carrots,3,bay leaves,beef stock,carrots,20,0.002002402883460152
2155,bay leaves | carrot | garlic,3,bay leaves,carrot,garlic,20,0.002002402883460152
2156,bay leaves | carrots | red wine,3,bay leaves,carrots,red wine,20,0.002002402883460152
2157,beef stock | carrots | tomato purée,3,beef stock,carrots,tomato purée,20,0.002002402883460152
2158,beef stock | garlic | red wine,3,beef stock,garlic,red wine,20,0.002002402883460152
2159,beef stock | plain flour | thyme,3,beef stock,plain flour,thyme,20,0.002002402883460152
2160,bicarbonate of soda | butter | milk,3,bicarbonate of soda,butter,milk,20,0.002002402883460152
2161,bicarbonate of soda | buttermilk | vanilla extract,3,bicarbonate of soda,buttermilk,vanilla extract,20,0.002002402883460152
2162,bicarbonate of soda | caster sugar | vanilla extract,3,bicarbonate of soda,caster sugar,vanilla extract,20,0.002002402883460152
2163,bicarbonate of soda | cocoa powder | double cream,3,bicarbonate of soda,cocoa powder,double cream,20,0.002002402883460152
2164,bicarbonate of soda | icing sugar | unsalted butter,3,bicarbonate of soda,icing sugar,unsalted butter,20,0.002002402883460152
2165,black beans | chopped tomatoes | ground cumin,3,black beans,chopped tomatoes,ground cumin,20,0.002002402883460152
2166,black beans | garlic | red onion,3,black beans,garlic,red onion,20,0.002002402883460152
2167,black beans | garlic | tomato purée,3,black beans,garlic,tomato purée,20,0.002002402883460152
2168,black beans | ground cumin | smoked paprika,3,black beans,ground cumin,smoked paprika,20,0.002002402883460152
2169,butter | carrots | thyme,3,butter,carrots,thyme,20,0.002002402883460152
2170,butter | carrots | tomato purée,3,butter,carrots,tomato purée,20,0.002002402883460152
2171,butter | caster sugar | whole milk,3,butter,caster sugar,whole milk,20,0.002002402883460152
2172,butter | celery | olive oil,3,butter,celery,olive oil,20,0.002002402883460152
2173,butter | chestnut mushrooms | garlic,3,butter,chestnut mushrooms,garlic,20,0.002002402883460152
2174,butter | chicken stock | double cream,3,butter,chicken stock,double cream,20,0.002002402883460152
2175,butter | chicken stock | white wine,3,butter,chicken stock,white wine,20,0.002002402883460152
2176,butter | cinnamon | eggs,3,butter,cinnamon,eggs,20,0.002002402883460152
2177,butter | cinnamon | plain flour,3,butter,cinnamon,plain flour,20,0.002002402883460152
2178,butter | cornflour | double cream,3,butter,cornflour,double cream,20,0.002002402883460152
2179,butter | egg yolks | golden caster sugar,3,butter,egg yolks,golden caster sugar,20,0.002002402883460152
2180,butter | egg | vegetable oil,3,butter,egg,vegetable oil,20,0.002002402883460152
2181,butter | eggs | lemons,3,butter,eggs,lemons,20,0.002002402883460152
2182,butter | eggs | sunflower oil,3,butter,eggs,sunflower oil,20,0.002002402883460152
2183,butter | english mustard powder | plain flour,3,butter,english mustard powder,plain flour,20,0.002002402883460152
2184,butter | garlic | potatoes,3,butter,garlic,potatoes,20,0.002002402883460152
2185,butter | garlic | shallots,3,butter,garlic,shallots,20,0.002002402883460152
2186,butter | garlic | whole milk,3,butter,garlic,whole milk,20,0.002002402883460152
2187,butter | gruyère | plain flour,3,butter,gruyère,plain flour,20,0.002002402883460152
2188,butter | icing sugar | vegetable oil,3,butter,icing sugar,vegetable oil,20,0.002002402883460152
2189,butter | light brown soft sugar | self-raising flour,3,butter,light brown soft sugar,self-raising flour,20,0.002002402883460152
2190,butter | milk | nutmeg,3,butter,milk,nutmeg,20,0.002002402883460152
2191,butter | milk | unsalted butter,3,butter,milk,unsalted butter,20,0.002002402883460152
2192,butter | orange | self-raising flour,3,butter,orange,self-raising flour,20,0.002002402883460152
2193,butter | plain flour | thyme leaves,3,butter,plain flour,thyme leaves,20,0.002002402883460152
2194,butter | plain flour | unsalted butter,3,butter,plain flour,unsalted butter,20,0.002002402883460152
2195,buttermilk | eggs | icing sugar,3,buttermilk,eggs,icing sugar,20,0.002002402883460152
2196,cardamom pods | garlic | onion,3,cardamom pods,garlic,onion,20,0.002002402883460152
2197,carrot | garlic | thyme,3,carrot,garlic,thyme,20,0.002002402883460152
2198,carrots | garlic | ground coriander,3,carrots,garlic,ground coriander,20,0.002002402883460152
2199,carrots | garlic | rosemary,3,carrots,garlic,rosemary,20,0.002002402883460152
2200,carrots | garlic | vegetable bouillon powder,3,carrots,garlic,vegetable bouillon powder,20,0.002002402883460152
2201,carrots | rapeseed oil | tomato purée,3,carrots,rapeseed oil,tomato purée,20,0.002002402883460152
2202,caster sugar | dark chocolate | icing sugar,3,caster sugar,dark chocolate,icing sugar,20,0.002002402883460152
2203,caster sugar | egg yolks | whole milk,3,caster sugar,egg yolks,whole milk,20,0.002002402883460152
2204,caster sugar | fast-action dried yeast | unsalted butter,3,caster sugar,fast-action dried yeast,unsalted butter,20,0.002002402883460152
2205,caster sugar | light brown soft sugar | unsalted butter,3,caster sugar,light brown soft sugar,unsalted butter,20,0.002002402883460152
2206,celery | garlic | vegetable bouillon powder,3,celery,garlic,vegetable bouillon powder,20,0.002002402883460152
2207,celery | olive oil | parsley,3,celery,olive oil,parsley,20,0.002002402883460152
2208,celery | parsley | tomato purée,3,celery,parsley,tomato purée,20,0.002002402883460152
2209,cherry tomatoes | olive oil | red onion,3,cherry tomatoes,olive oil,red onion,20,0.002002402883460152
2210,chicken stock | chopped tomatoes | garlic,3,chicken stock,chopped tomatoes,garlic,20,0.002002402883460152
2211,chicken stock | garlic | ground cumin,3,chicken stock,garlic,ground cumin,20,0.002002402883460152
2212,chicken stock | garlic | sunflower oil,3,chicken stock,garlic,sunflower oil,20,0.002002402883460152
2213,chicken stock | olive oil | plain flour,3,chicken stock,olive oil,plain flour,20,0.002002402883460152
2214,chilli flakes | fennel seeds | olive oil,3,chilli flakes,fennel seeds,olive oil,20,0.002002402883460152
2215,chilli flakes | ground coriander | ground cumin,3,chilli flakes,ground coriander,ground cumin,20,0.002002402883460152
2216,chilli flakes | olive oil | red wine vinegar,3,chilli flakes,olive oil,red wine vinegar,20,0.002002402883460152
2217,chipotle paste | coriander | garlic,3,chipotle paste,coriander,garlic,20,0.002002402883460152
2218,chipotle paste | garlic | onion,3,chipotle paste,garlic,onion,20,0.002002402883460152
2219,chives | lemon | olive oil,3,chives,lemon,olive oil,20,0.002002402883460152
2220,chopped tomatoes | coriander | ground coriander,3,chopped tomatoes,coriander,ground coriander,20,0.002002402883460152
2221,chopped tomatoes | egg | garlic,3,chopped tomatoes,egg,garlic,20,0.002002402883460152
2222,chopped tomatoes | ground coriander | tomato purée,3,chopped tomatoes,ground coriander,tomato purée,20,0.002002402883460152
2223,chopped tomatoes | onion | smoked paprika,3,chopped tomatoes,onion,smoked paprika,20,0.002002402883460152
2224,cinnamon | garlic | vegetable oil,3,cinnamon,garlic,vegetable oil,20,0.002002402883460152
2225,cocoa powder | golden caster sugar | milk,3,cocoa powder,golden caster sugar,milk,20,0.002002402883460152
2226,cocoa powder | icing sugar | vegetable oil,3,cocoa powder,icing sugar,vegetable oil,20,0.002002402883460152
2227,coconut milk | garlic | ground cumin,3,coconut milk,garlic,ground cumin,20,0.002002402883460152
2228,coriander seeds | garlic | lemon,3,coriander seeds,garlic,lemon,20,0.002002402883460152
2229,coriander | cucumber | red onion,3,coriander,cucumber,red onion,20,0.002002402883460152
2230,coriander | garam masala | onion,3,coriander,garam masala,onion,20,0.002002402883460152
2231,coriander | garlic | natural yogurt,3,coriander,garlic,natural yogurt,20,0.002002402883460152
2232,coriander | garlic | soy sauce,3,coriander,garlic,soy sauce,20,0.002002402883460152
2233,coriander | ground coriander | ground turmeric,3,coriander,ground coriander,ground turmeric,20,0.002002402883460152
2234,coriander | lemon | red onion,3,coriander,lemon,red onion,20,0.002002402883460152
2235,coriander | limes | spring onions,3,coriander,limes,spring onions,20,0.002002402883460152
2236,cornflour | double cream | egg whites,3,cornflour,double cream,egg whites,20,0.002002402883460152
2237,cornflour | light soy sauce | sesame oil,3,cornflour,light soy sauce,sesame oil,20,0.002002402883460152
2238,cornflour | light soy sauce | spring onions,3,cornflour,light soy sauce,spring onions,20,0.002002402883460152
2239,cornflour | soy sauce | spring onions,3,cornflour,soy sauce,spring onions,20,0.002002402883460152
2240,courgette | garlic | lemon,3,courgette,garlic,lemon,20,0.002002402883460152
2241,courgette | garlic | olive oil,3,courgette,garlic,olive oil,20,0.002002402883460152
2242,cumin seeds | garam masala | garlic,3,cumin seeds,garam masala,garlic,20,0.002002402883460152
2243,cumin seeds | garlic | mint,3,cumin seeds,garlic,mint,20,0.002002402883460152
2244,cumin seeds | garlic | smoked paprika,3,cumin seeds,garlic,smoked paprika,20,0.002002402883460152
2245,cumin seeds | ground coriander | turmeric,3,cumin seeds,ground coriander,turmeric,20,0.002002402883460152
2246,curry leaves | garlic | ginger,3,curry leaves,garlic,ginger,20,0.002002402883460152
2247,dark chocolate | double cream | light brown soft sugar,3,dark chocolate,double cream,light brown soft sugar,20,0.002002402883460152
2248,dark muscovado sugar | ground ginger | plain flour,3,dark muscovado sugar,ground ginger,plain flour,20,0.002002402883460152
2249,double cream | egg whites | icing sugar,3,double cream,egg whites,icing sugar,20,0.002002402883460152
2250,double cream | icing sugar | vanilla bean paste,3,double cream,icing sugar,vanilla bean paste,20,0.002002402883460152
2251,double cream | vanilla extract | whole milk,3,double cream,vanilla extract,whole milk,20,0.002002402883460152
2252,dried oregano | garlic | parsley,3,dried oregano,garlic,parsley,20,0.002002402883460152
2253,dried oregano | lemon | olive oil,3,dried oregano,lemon,olive oil,20,0.002002402883460152
2254,dried porcini mushrooms | garlic | olive oil,3,dried porcini mushrooms,garlic,olive oil,20,0.002002402883460152
2255,egg yolk | eggs | plain flour,3,egg yolk,eggs,plain flour,20,0.002002402883460152
2256,egg | ground ginger | plain flour,3,egg,ground ginger,plain flour,20,0.002002402883460152
2257,egg | lemon | olive oil,3,egg,lemon,olive oil,20,0.002002402883460152
2258,egg | plain flour | whole milk,3,egg,plain flour,whole milk,20,0.002002402883460152
2259,eggs | flaked almonds | golden caster sugar,3,eggs,flaked almonds,golden caster sugar,20,0.002002402883460152
2260,eggs | golden caster sugar | strong white bread flour,3,eggs,golden caster sugar,strong white bread flour,20,0.002002402883460152
2261,eggs | ground cinnamon | mixed spice,3,eggs,ground cinnamon,mixed spice,20,0.002002402883460152
2262,eggs | maple syrup | milk,3,eggs,maple syrup,milk,20,0.002002402883460152
2263,eggs | mixed spice | unsalted butter,3,eggs,mixed spice,unsalted butter,20,0.002002402883460152
2264,eggs | natural yogurt | plain flour,3,eggs,natural yogurt,plain flour,20,0.002002402883460152
2265,eggs | plain flour | self-raising flour,3,eggs,plain flour,self-raising flour,20,0.002002402883460152
2266,eggs | spring onions | vegetable oil,3,eggs,spring onions,vegetable oil,20,0.002002402883460152
2267,extra virgin olive oil | feta | garlic,3,extra virgin olive oil,feta,garlic,20,0.002002402883460152
2268,extra virgin olive oil | garlic | spring onions,3,extra virgin olive oil,garlic,spring onions,20,0.002002402883460152
2269,extra virgin olive oil | garlic | tahini,3,extra virgin olive oil,garlic,tahini,20,0.002002402883460152
2270,extra virgin olive oil | lemon | red onion,3,extra virgin olive oil,lemon,red onion,20,0.002002402883460152
2271,fast-action dried yeast | unsalted butter | whole milk,3,fast-action dried yeast,unsalted butter,whole milk,20,0.002002402883460152
2272,feta | garlic | onion,3,feta,garlic,onion,20,0.002002402883460152
2273,feta | garlic | parsley,3,feta,garlic,parsley,20,0.002002402883460152
2274,fish sauce | garlic | lemongrass,3,fish sauce,garlic,lemongrass,20,0.002002402883460152
2275,fresh coriander | garlic | ground coriander,3,fresh coriander,garlic,ground coriander,20,0.002002402883460152
2276,frozen peas | garlic | rapeseed oil,3,frozen peas,garlic,rapeseed oil,20,0.002002402883460152
2277,garam masala | garlic | onions,3,garam masala,garlic,onions,20,0.002002402883460152
2278,garam masala | ginger | tomato purée,3,garam masala,ginger,tomato purée,20,0.002002402883460152
2279,garam masala | ground coriander | onion,3,garam masala,ground coriander,onion,20,0.002002402883460152
2280,garam masala | ground coriander | turmeric,3,garam masala,ground coriander,turmeric,20,0.002002402883460152
2281,garlic | ginger | spinach,3,garlic,ginger,spinach,20,0.002002402883460152
2282,garlic | green chilli | ground cumin,3,garlic,green chilli,ground cumin,20,0.002002402883460152
2283,garlic | ground cumin | lamb mince,3,garlic,ground cumin,lamb mince,20,0.002002402883460152
2284,garlic | ground cumin | red onions,3,garlic,ground cumin,red onions,20,0.002002402883460152
2285,garlic | kale | olive oil,3,garlic,kale,olive oil,20,0.002002402883460152
2286,garlic | light soy sauce | vegetable oil,3,garlic,light soy sauce,vegetable oil,20,0.002002402883460152
2287,garlic | milk | thyme,3,garlic,milk,thyme,20,0.002002402883460152
2288,garlic | new potatoes | olive oil,3,garlic,new potatoes,olive oil,20,0.002002402883460152
2289,garlic | olive oil | soy sauce,3,garlic,olive oil,soy sauce,20,0.002002402883460152
2290,garlic | olive oil | tomato,3,garlic,olive oil,tomato,20,0.002002402883460152
2291,garlic | onion | unsalted butter,3,garlic,onion,unsalted butter,20,0.002002402883460152
2292,garlic | onions | red wine,3,garlic,onions,red wine,20,0.002002402883460152
2293,garlic | parmesan | risotto rice,3,garlic,parmesan,risotto rice,20,0.002002402883460152
2294,garlic | plain flour | whole milk,3,garlic,plain flour,whole milk,20,0.002002402883460152
2295,garlic | red chilli | sunflower oil,3,garlic,red chilli,sunflower oil,20,0.002002402883460152
2296,garlic | red chilli | tomatoes,3,garlic,red chilli,tomatoes,20,0.002002402883460152
2297,garlic | tomatoes | vegetable bouillon powder,3,garlic,tomatoes,vegetable bouillon powder,20,0.002002402883460152
2298,ginger | ground coriander | tomatoes,3,ginger,ground coriander,tomatoes,20,0.002002402883460152
2299,ginger | ground cumin | red chilli,3,ginger,ground cumin,red chilli,20,0.002002402883460152
2300,ginger | onion | sunflower oil,3,ginger,onion,sunflower oil,20,0.002002402883460152
2301,ginger | rapeseed oil | turmeric,3,ginger,rapeseed oil,turmeric,20,0.002002402883460152
2302,ginger | red chilli | red onion,3,ginger,red chilli,red onion,20,0.002002402883460152
2303,ginger | soy sauce | sunflower oil,3,ginger,soy sauce,sunflower oil,20,0.002002402883460152
2304,golden caster sugar | ground cinnamon | ground ginger,3,golden caster sugar,ground cinnamon,ground ginger,20,0.002002402883460152
2305,golden caster sugar | ground cinnamon | unsalted butter,3,golden caster sugar,ground cinnamon,unsalted butter,20,0.002002402883460152
2306,ground almonds | icing sugar | lemon,3,ground almonds,icing sugar,lemon,20,0.002002402883460152
2307,ground cinnamon | ground ginger | unsalted butter,3,ground cinnamon,ground ginger,unsalted butter,20,0.002002402883460152
2308,ground cinnamon | icing sugar | self-raising flour,3,ground cinnamon,icing sugar,self-raising flour,20,0.002002402883460152
2309,ground cinnamon | milk | plain flour,3,ground cinnamon,milk,plain flour,20,0.002002402883460152
2310,ground cinnamon | orange | plain flour,3,ground cinnamon,orange,plain flour,20,0.002002402883460152
2311,ground cinnamon | self-raising flour | vanilla extract,3,ground cinnamon,self-raising flour,vanilla extract,20,0.002002402883460152
2312,ground coriander | ground turmeric | onion,3,ground coriander,ground turmeric,onion,20,0.002002402883460152
2313,ground coriander | rapeseed oil | vegetable bouillon powder,3,ground coriander,rapeseed oil,vegetable bouillon powder,20,0.002002402883460152
2314,ground cumin | olive oil | parsley,3,ground cumin,olive oil,parsley,20,0.002002402883460152
2315,honey | sesame oil | sesame seeds,3,honey,sesame oil,sesame seeds,20,0.002002402883460152
2316,icing sugar | lemon | milk,3,icing sugar,lemon,milk,20,0.002002402883460152
2317,icing sugar | light brown soft sugar | unsalted butter,3,icing sugar,light brown soft sugar,unsalted butter,20,0.002002402883460152
2318,icing sugar | self-raising flour | vanilla bean paste,3,icing sugar,self-raising flour,vanilla bean paste,20,0.002002402883460152
2319,icing sugar | slightly salted butter | vanilla extract,3,icing sugar,slightly salted butter,vanilla extract,20,0.002002402883460152
2320,icing sugar | unsalted butter | whole milk,3,icing sugar,unsalted butter,whole milk,20,0.002002402883460152
2321,lemon | light brown soft sugar | plain flour,3,lemon,light brown soft sugar,plain flour,20,0.002002402883460152
2322,lemon | onion | tomato purée,3,lemon,onion,tomato purée,20,0.002002402883460152
2323,lemon | orange | plain flour,3,lemon,orange,plain flour,20,0.002002402883460152
2324,light brown soft sugar | plain flour | vegetable oil,3,light brown soft sugar,plain flour,vegetable oil,20,0.002002402883460152
2325,light brown soft sugar | self-raising flour | unsalted butter,3,light brown soft sugar,self-raising flour,unsalted butter,20,0.002002402883460152
2326,light brown soft sugar | vanilla extract | vegetable oil,3,light brown soft sugar,vanilla extract,vegetable oil,20,0.002002402883460152
2327,lime | olive oil | red chilli,3,lime,olive oil,red chilli,20,0.002002402883460152
2328,lime | olive oil | spring onions,3,lime,olive oil,spring onions,20,0.002002402883460152
2329,milk | onion | parmesan,3,milk,onion,parmesan,20,0.002002402883460152
2330,mozzarella | onion | parmesan,3,mozzarella,onion,parmesan,20,0.002002402883460152
2331,nutmeg | plain flour | whole milk,3,nutmeg,plain flour,whole milk,20,0.002002402883460152
2332,olive oil | onion | risotto rice,3,olive oil,onion,risotto rice,20,0.002002402883460152
2333,olive oil | parmesan | red wine,3,olive oil,parmesan,red wine,20,0.002002402883460152
2334,olive oil | parmesan | risotto rice,3,olive oil,parmesan,risotto rice,20,0.002002402883460152
2335,olive oil | parmesan | sugar,3,olive oil,parmesan,sugar,20,0.002002402883460152
2336,olive oil | parmesan | tomatoes,3,olive oil,parmesan,tomatoes,20,0.002002402883460152
2337,olive oil | parsley | white wine,3,olive oil,parsley,white wine,20,0.002002402883460152
2338,olive oil | red chilli | spring onions,3,olive oil,red chilli,spring onions,20,0.002002402883460152
2339,olive oil | thyme | tomato purée,3,olive oil,thyme,tomato purée,20,0.002002402883460152
2340,olive oil | tomato purée | tomatoes,3,olive oil,tomato purée,tomatoes,20,0.002002402883460152
2341,onion | parmesan | white wine,3,onion,parmesan,white wine,20,0.002002402883460152
2342,onion | thyme | tomato purée,3,onion,thyme,tomato purée,20,0.002002402883460152
2343,onion | tomato purée | vegetable oil,3,onion,tomato purée,vegetable oil,20,0.002002402883460152
2344,onions | plain flour | vegetable oil,3,onions,plain flour,vegetable oil,20,0.002002402883460152
2345,plain flour | thyme | vegetable oil,3,plain flour,thyme,vegetable oil,20,0.002002402883460152
2346,rapeseed oil | smoked paprika | vegetable bouillon powder,3,rapeseed oil,smoked paprika,vegetable bouillon powder,20,0.002002402883460152
2347,red chilli | sesame oil | soy sauce,3,red chilli,sesame oil,soy sauce,20,0.002002402883460152
2348,almond extract | butter | eggs,3,almond extract,butter,eggs,19,0.0019022827392871447
2349,almond extract | eggs | golden caster sugar,3,almond extract,eggs,golden caster sugar,19,0.0019022827392871447
2350,aubergine | garlic | red onion,3,aubergine,garlic,red onion,19,0.0019022827392871447
2351,avocado | garlic | red onion,3,avocado,garlic,red onion,19,0.0019022827392871447
2352,baking powder | bicarbonate of soda | milk,3,baking powder,bicarbonate of soda,milk,19,0.0019022827392871447
2353,baking powder | buttermilk | vegetable oil,3,baking powder,buttermilk,vegetable oil,19,0.0019022827392871447
2354,baking powder | eggs | granulated sugar,3,baking powder,eggs,granulated sugar,19,0.0019022827392871447
2355,baking powder | garlic | plain flour,3,baking powder,garlic,plain flour,19,0.0019022827392871447
2356,baking powder | light muscovado sugar | vanilla extract,3,baking powder,light muscovado sugar,vanilla extract,19,0.0019022827392871447
2357,baking powder | maple syrup | plain flour,3,baking powder,maple syrup,plain flour,19,0.0019022827392871447
2358,baking powder | self-raising flour | vanilla bean paste,3,baking powder,self-raising flour,vanilla bean paste,19,0.0019022827392871447
2359,baking powder | vanilla extract | white chocolate,3,baking powder,vanilla extract,white chocolate,19,0.0019022827392871447
2360,basil leaves | extra virgin olive oil | garlic,3,basil leaves,extra virgin olive oil,garlic,19,0.0019022827392871447
2361,basil leaves | olive oil | tomato purée,3,basil leaves,olive oil,tomato purée,19,0.0019022827392871447
2362,basil | olive oil | onion,3,basil,olive oil,onion,19,0.0019022827392871447
2363,basmati rice | garam masala | garlic,3,basmati rice,garam masala,garlic,19,0.0019022827392871447
2364,basmati rice | garlic | turmeric,3,basmati rice,garlic,turmeric,19,0.0019022827392871447
2365,bay leaf | carrot | onion,3,bay leaf,carrot,onion,19,0.0019022827392871447
2366,bay leaves | butter | onions,3,bay leaves,butter,onions,19,0.0019022827392871447
2367,bay leaves | onions | red wine,3,bay leaves,onions,red wine,19,0.0019022827392871447
2368,beef mince | chopped tomatoes | garlic,3,beef mince,chopped tomatoes,garlic,19,0.0019022827392871447
2369,beef stock | celery | red wine,3,beef stock,celery,red wine,19,0.0019022827392871447
2370,bicarbonate of soda | butter | double cream,3,bicarbonate of soda,butter,double cream,19,0.0019022827392871447
2371,bicarbonate of soda | cocoa powder | milk,3,bicarbonate of soda,cocoa powder,milk,19,0.0019022827392871447
2372,bicarbonate of soda | cocoa powder | self-raising flour,3,bicarbonate of soda,cocoa powder,self-raising flour,19,0.0019022827392871447
2373,bicarbonate of soda | dark chocolate | icing sugar,3,bicarbonate of soda,dark chocolate,icing sugar,19,0.0019022827392871447
2374,bicarbonate of soda | egg | light brown soft sugar,3,bicarbonate of soda,egg,light brown soft sugar,19,0.0019022827392871447
2375,bicarbonate of soda | eggs | ground cinnamon,3,bicarbonate of soda,eggs,ground cinnamon,19,0.0019022827392871447
2376,bicarbonate of soda | milk | self-raising flour,3,bicarbonate of soda,milk,self-raising flour,19,0.0019022827392871447
2377,bicarbonate of soda | vanilla extract | vegetable oil,3,bicarbonate of soda,vanilla extract,vegetable oil,19,0.0019022827392871447
2378,black beans | chipotle paste | garlic,3,black beans,chipotle paste,garlic,19,0.0019022827392871447
2379,black beans | coriander | rapeseed oil,3,black beans,coriander,rapeseed oil,19,0.0019022827392871447
2380,black beans | coriander | smoked paprika,3,black beans,coriander,smoked paprika,19,0.0019022827392871447
2381,black mustard seeds | garlic | ginger,3,black mustard seeds,garlic,ginger,19,0.0019022827392871447
2382,butter beans | lemon | olive oil,3,butter beans,lemon,olive oil,19,0.0019022827392871447
2383,butter | carrots | olive oil,3,butter,carrots,olive oil,19,0.0019022827392871447
2384,butter | celery | plain flour,3,butter,celery,plain flour,19,0.0019022827392871447
2385,butter | cinnamon | golden caster sugar,3,butter,cinnamon,golden caster sugar,19,0.0019022827392871447
2386,butter | dark chocolate | light brown soft sugar,3,butter,dark chocolate,light brown soft sugar,19,0.0019022827392871447
2387,butter | egg yolks | icing sugar,3,butter,egg yolks,icing sugar,19,0.0019022827392871447
2388,butter | extra virgin olive oil | garlic,3,butter,extra virgin olive oil,garlic,19,0.0019022827392871447
2389,butter | flaked almonds | golden caster sugar,3,butter,flaked almonds,golden caster sugar,19,0.0019022827392871447
2390,butter | garlic | ground cumin,3,butter,garlic,ground cumin,19,0.0019022827392871447
2391,butter | garlic | mozzarella,3,butter,garlic,mozzarella,19,0.0019022827392871447
2392,butter | garlic | red onion,3,butter,garlic,red onion,19,0.0019022827392871447
2393,butter | garlic | red wine,3,butter,garlic,red wine,19,0.0019022827392871447
2394,butter | garlic | red wine vinegar,3,butter,garlic,red wine vinegar,19,0.0019022827392871447
2395,butter | icing sugar | mixed spice,3,butter,icing sugar,mixed spice,19,0.0019022827392871447
2396,butter | lemon | orange,3,butter,lemon,orange,19,0.0019022827392871447
2397,butter | light muscovado sugar | self-raising flour,3,butter,light muscovado sugar,self-raising flour,19,0.0019022827392871447
2398,butter | milk | parsley,3,butter,milk,parsley,19,0.0019022827392871447
2399,butter | milk | thyme,3,butter,milk,thyme,19,0.0019022827392871447
2400,butter | mixed spice | orange,3,butter,mixed spice,orange,19,0.0019022827392871447
2401,butter | onions | thyme,3,butter,onions,thyme,19,0.0019022827392871447
2402,butter | onions | tomato purée,3,butter,onions,tomato purée,19,0.0019022827392871447
2403,butter | parmesan | whole milk,3,butter,parmesan,whole milk,19,0.0019022827392871447
2404,butter | plain flour | potatoes,3,butter,plain flour,potatoes,19,0.0019022827392871447
2405,butter | plain flour | soured cream,3,butter,plain flour,soured cream,19,0.0019022827392871447
2406,butter | plain flour | sugar,3,butter,plain flour,sugar,19,0.0019022827392871447
2407,butter | plain flour | white wine,3,butter,plain flour,white wine,19,0.0019022827392871447
2408,butter | self-raising flour | unsalted butter,3,butter,self-raising flour,unsalted butter,19,0.0019022827392871447
2409,butter | vanilla extract | vegetable oil,3,butter,vanilla extract,vegetable oil,19,0.0019022827392871447
2410,butter | vanilla extract | whole milk,3,butter,vanilla extract,whole milk,19,0.0019022827392871447
2411,buttermilk | plain flour | vanilla extract,3,buttermilk,plain flour,vanilla extract,19,0.0019022827392871447
2412,butternut squash | garlic | rapeseed oil,3,butternut squash,garlic,rapeseed oil,19,0.0019022827392871447
2413,carrot | celery | parmesan,3,carrot,celery,parmesan,19,0.0019022827392871447
2414,carrot | chopped tomatoes | garlic,3,carrot,chopped tomatoes,garlic,19,0.0019022827392871447
2415,carrot | garlic | parmesan,3,carrot,garlic,parmesan,19,0.0019022827392871447
2416,carrot | garlic | plain flour,3,carrot,garlic,plain flour,19,0.0019022827392871447
2417,carrot | garlic | rapeseed oil,3,carrot,garlic,rapeseed oil,19,0.0019022827392871447
2418,carrot | garlic | soy sauce,3,carrot,garlic,soy sauce,19,0.0019022827392871447
2419,carrot | olive oil | parmesan,3,carrot,olive oil,parmesan,19,0.0019022827392871447
2420,carrot | onion | parmesan,3,carrot,onion,parmesan,19,0.0019022827392871447
2421,carrot | onion | plain flour,3,carrot,onion,plain flour,19,0.0019022827392871447
2422,carrots | olive oil | thyme,3,carrots,olive oil,thyme,19,0.0019022827392871447
2423,caster sugar | double cream | light brown soft sugar,3,caster sugar,double cream,light brown soft sugar,19,0.0019022827392871447
2424,caster sugar | egg yolk | plain flour,3,caster sugar,egg yolk,plain flour,19,0.0019022827392871447
2425,caster sugar | egg | whole milk,3,caster sugar,egg,whole milk,19,0.0019022827392871447
2426,caster sugar | eggs | golden caster sugar,3,caster sugar,eggs,golden caster sugar,19,0.0019022827392871447
2427,caster sugar | ground cinnamon | milk,3,caster sugar,ground cinnamon,milk,19,0.0019022827392871447
2428,caster sugar | lemon | milk,3,caster sugar,lemon,milk,19,0.0019022827392871447
2429,caster sugar | lemon | self-raising flour,3,caster sugar,lemon,self-raising flour,19,0.0019022827392871447
2430,celery | chopped tomatoes | onions,3,celery,chopped tomatoes,onions,19,0.0019022827392871447
2431,celery | plain flour | tomato purée,3,celery,plain flour,tomato purée,19,0.0019022827392871447
2432,cheddar | garlic | olive oil,3,cheddar,garlic,olive oil,19,0.0019022827392871447
2433,chicken stock | garlic | vegetable oil,3,chicken stock,garlic,vegetable oil,19,0.0019022827392871447
2434,chicken stock | onion | plain flour,3,chicken stock,onion,plain flour,19,0.0019022827392871447
2435,chickpeas | chopped tomatoes | onion,3,chickpeas,chopped tomatoes,onion,19,0.0019022827392871447
2436,chickpeas | garlic | onions,3,chickpeas,garlic,onions,19,0.0019022827392871447
2437,chickpeas | garlic | red chilli,3,chickpeas,garlic,red chilli,19,0.0019022827392871447
2438,chickpeas | garlic | tomatoes,3,chickpeas,garlic,tomatoes,19,0.0019022827392871447
2439,chilli flakes | dried oregano | garlic,3,chilli flakes,dried oregano,garlic,19,0.0019022827392871447
2440,chilli flakes | garlic | rosemary,3,chilli flakes,garlic,rosemary,19,0.0019022827392871447
2441,chilli flakes | garlic | smoked paprika,3,chilli flakes,garlic,smoked paprika,19,0.0019022827392871447
2442,chilli flakes | onion | tomato purée,3,chilli flakes,onion,tomato purée,19,0.0019022827392871447
2443,chilli powder | coriander | garlic,3,chilli powder,coriander,garlic,19,0.0019022827392871447
2444,chilli powder | garlic | tomato purée,3,chilli powder,garlic,tomato purée,19,0.0019022827392871447
2445,chilli powder | ginger | ground coriander,3,chilli powder,ginger,ground coriander,19,0.0019022827392871447
2446,chipotle paste | garlic | lime,3,chipotle paste,garlic,lime,19,0.0019022827392871447
2447,chopped tomatoes | garlic | lime,3,chopped tomatoes,garlic,lime,19,0.0019022827392871447
2448,chopped tomatoes | onion | sugar,3,chopped tomatoes,onion,sugar,19,0.0019022827392871447
2449,cinnamon | ginger | star anise,3,cinnamon,ginger,star anise,19,0.0019022827392871447
2450,cinnamon | ground coriander | ground cumin,3,cinnamon,ground coriander,ground cumin,19,0.0019022827392871447
2451,cocoa powder | double cream | unsalted butter,3,cocoa powder,double cream,unsalted butter,19,0.0019022827392871447
2452,cocoa powder | egg | vanilla extract,3,cocoa powder,egg,vanilla extract,19,0.0019022827392871447
2453,cocoa powder | eggs | salted butter,3,cocoa powder,eggs,salted butter,19,0.0019022827392871447
2454,coconut milk | coriander | ginger,3,coconut milk,coriander,ginger,19,0.0019022827392871447
2455,coriander leaves | garlic | onions,3,coriander leaves,garlic,onions,19,0.0019022827392871447
2456,coriander | garlic | plain flour,3,coriander,garlic,plain flour,19,0.0019022827392871447
2457,coriander | garlic | sesame oil,3,coriander,garlic,sesame oil,19,0.0019022827392871447
2458,coriander | garlic | vegetable stock,3,coriander,garlic,vegetable stock,19,0.0019022827392871447
2459,coriander | ginger | green chilli,3,coriander,ginger,green chilli,19,0.0019022827392871447
2460,coriander | ginger | sesame oil,3,coriander,ginger,sesame oil,19,0.0019022827392871447
2461,coriander | ginger | tomatoes,3,coriander,ginger,tomatoes,19,0.0019022827392871447
2462,coriander | ground coriander | lime,3,coriander,ground coriander,lime,19,0.0019022827392871447
2463,coriander | ground cumin | lemon,3,coriander,ground cumin,lemon,19,0.0019022827392871447
2464,coriander | ground cumin | turmeric,3,coriander,ground cumin,turmeric,19,0.0019022827392871447
2465,coriander | lime | smoked paprika,3,coriander,lime,smoked paprika,19,0.0019022827392871447
2466,coriander | rapeseed oil | spring onions,3,coriander,rapeseed oil,spring onions,19,0.0019022827392871447
2467,coriander | rapeseed oil | vegetable bouillon powder,3,coriander,rapeseed oil,vegetable bouillon powder,19,0.0019022827392871447
2468,coriander | red onion | smoked paprika,3,coriander,red onion,smoked paprika,19,0.0019022827392871447
2469,coriander | sesame oil | spring onions,3,coriander,sesame oil,spring onions,19,0.0019022827392871447
2470,coriander | spring onions | vegetable oil,3,coriander,spring onions,vegetable oil,19,0.0019022827392871447
2471,cornflour | double cream | vanilla extract,3,cornflour,double cream,vanilla extract,19,0.0019022827392871447
2472,cornflour | egg whites | icing sugar,3,cornflour,egg whites,icing sugar,19,0.0019022827392871447
2473,cornflour | egg | plain flour,3,cornflour,egg,plain flour,19,0.0019022827392871447
2474,cornflour | eggs | unsalted butter,3,cornflour,eggs,unsalted butter,19,0.0019022827392871447
2475,cornflour | garlic | onion,3,cornflour,garlic,onion,19,0.0019022827392871447
2476,crème fraîche | eggs | golden caster sugar,3,crème fraîche,eggs,golden caster sugar,19,0.0019022827392871447
2477,cucumber | extra virgin olive oil | lemon,3,cucumber,extra virgin olive oil,lemon,19,0.0019022827392871447
2478,cucumber | garlic | rapeseed oil,3,cucumber,garlic,rapeseed oil,19,0.0019022827392871447
2479,cumin seeds | ground coriander | tomato purée,3,cumin seeds,ground coriander,tomato purée,19,0.0019022827392871447
2480,cumin seeds | onion | turmeric,3,cumin seeds,onion,turmeric,19,0.0019022827392871447
2481,dark chocolate | milk | vanilla extract,3,dark chocolate,milk,vanilla extract,19,0.0019022827392871447
2482,dark muscovado sugar | ground cinnamon | ground ginger,3,dark muscovado sugar,ground cinnamon,ground ginger,19,0.0019022827392871447
2483,dark soy sauce | ginger | spring onions,3,dark soy sauce,ginger,spring onions,19,0.0019022827392871447
2484,dijon mustard | extra virgin olive oil | lemon,3,dijon mustard,extra virgin olive oil,lemon,19,0.0019022827392871447
2485,dill | olive oil | red onion,3,dill,olive oil,red onion,19,0.0019022827392871447
2486,double cream | eggs | ground cinnamon,3,double cream,eggs,ground cinnamon,19,0.0019022827392871447
2487,double cream | eggs | salted butter,3,double cream,eggs,salted butter,19,0.0019022827392871447
2488,double cream | garlic | lemon,3,double cream,garlic,lemon,19,0.0019022827392871447
2489,double cream | lemon | vanilla extract,3,double cream,lemon,vanilla extract,19,0.0019022827392871447
2490,double cream | olive oil | onion,3,double cream,olive oil,onion,19,0.0019022827392871447
2491,dried oregano | ground coriander | ground cumin,3,dried oregano,ground coriander,ground cumin,19,0.0019022827392871447
2492,dried oregano | olive oil | onions,3,dried oregano,olive oil,onions,19,0.0019022827392871447
2493,dried oregano | olive oil | tomatoes,3,dried oregano,olive oil,tomatoes,19,0.0019022827392871447
2494,egg | eggs | plain flour,3,egg,eggs,plain flour,19,0.0019022827392871447
2495,egg | garlic | red onion,3,egg,garlic,red onion,19,0.0019022827392871447
2496,egg | onion | vegetable oil,3,egg,onion,vegetable oil,19,0.0019022827392871447
2497,eggs | garlic | milk,3,eggs,garlic,milk,19,0.0019022827392871447
2498,eggs | garlic | onions,3,eggs,garlic,onions,19,0.0019022827392871447
2499,eggs | garlic | smoked paprika,3,eggs,garlic,smoked paprika,19,0.0019022827392871447
2500,eggs | golden caster sugar | vanilla bean paste,3,eggs,golden caster sugar,vanilla bean paste,19,0.0019022827392871447
2501,eggs | ground ginger | plain flour,3,eggs,ground ginger,plain flour,19,0.0019022827392871447
2502,eggs | ground ginger | self-raising flour,3,eggs,ground ginger,self-raising flour,19,0.0019022827392871447
2503,eggs | ground ginger | unsalted butter,3,eggs,ground ginger,unsalted butter,19,0.0019022827392871447
2504,eggs | honey | plain flour,3,eggs,honey,plain flour,19,0.0019022827392871447
2505,eggs | icing sugar | mascarpone,3,eggs,icing sugar,mascarpone,19,0.0019022827392871447
2506,eggs | milk | natural yogurt,3,eggs,milk,natural yogurt,19,0.0019022827392871447
2507,eggs | milk | orange,3,eggs,milk,orange,19,0.0019022827392871447
2508,eggs | nutmeg | plain flour,3,eggs,nutmeg,plain flour,19,0.0019022827392871447
2509,eggs | plain flour | spring onions,3,eggs,plain flour,spring onions,19,0.0019022827392871447
2510,eggs | self-raising flour | vanilla paste,3,eggs,self-raising flour,vanilla paste,19,0.0019022827392871447
2511,extra virgin olive oil | garlic | honey,3,extra virgin olive oil,garlic,honey,19,0.0019022827392871447
2512,fast-action dried yeast | golden caster sugar | unsalted butter,3,fast-action dried yeast,golden caster sugar,unsalted butter,19,0.0019022827392871447
2513,fast-action dried yeast | icing sugar | strong white bread flour,3,fast-action dried yeast,icing sugar,strong white bread flour,19,0.0019022827392871447
2514,feta | olive oil | onion,3,feta,olive oil,onion,19,0.0019022827392871447
2515,fish sauce | garlic | ginger,3,fish sauce,garlic,ginger,19,0.0019022827392871447
2516,fish sauce | garlic | red chilli,3,fish sauce,garlic,red chilli,19,0.0019022827392871447
2517,garam masala | ground cumin | onion,3,garam masala,ground cumin,onion,19,0.0019022827392871447
2518,garlic | ginger | ground cinnamon,3,garlic,ginger,ground cinnamon,19,0.0019022827392871447
2519,garlic | ginger | groundnut oil,3,garlic,ginger,groundnut oil,19,0.0019022827392871447
2520,garlic | ginger | sweet potatoes,3,garlic,ginger,sweet potatoes,19,0.0019022827392871447
2521,garlic | ginger | tamarind paste,3,garlic,ginger,tamarind paste,19,0.0019022827392871447
2522,garlic | green chilli | lime,3,garlic,green chilli,lime,19,0.0019022827392871447
2523,garlic | green chilli | turmeric,3,garlic,green chilli,turmeric,19,0.0019022827392871447
2524,garlic | green salad | olive oil,3,garlic,green salad,olive oil,19,0.0019022827392871447
2525,garlic | ground cumin | juice,3,garlic,ground cumin,juice,19,0.0019022827392871447
2526,garlic | ground cumin | paprika,3,garlic,ground cumin,paprika,19,0.0019022827392871447
2527,garlic | ground turmeric | sunflower oil,3,garlic,ground turmeric,sunflower oil,19,0.0019022827392871447
2528,garlic | lamb mince | onion,3,garlic,lamb mince,onion,19,0.0019022827392871447
2529,garlic | leeks | lemon,3,garlic,leeks,lemon,19,0.0019022827392871447
2530,garlic | lemon juice | olive oil,3,garlic,lemon juice,olive oil,19,0.0019022827392871447
2531,garlic | lemon | milk,3,garlic,lemon,milk,19,0.0019022827392871447
2532,garlic | lemon | pomegranate seeds,3,garlic,lemon,pomegranate seeds,19,0.0019022827392871447
2533,garlic | lemon | spinach,3,garlic,lemon,spinach,19,0.0019022827392871447
2534,garlic | lime | soy sauce,3,garlic,lime,soy sauce,19,0.0019022827392871447
2535,garlic | lime | sunflower oil,3,garlic,lime,sunflower oil,19,0.0019022827392871447
2536,garlic | lime | tomato purée,3,garlic,lime,tomato purée,19,0.0019022827392871447
2537,garlic | olive oil | risotto rice,3,garlic,olive oil,risotto rice,19,0.0019022827392871447
2538,garlic | olive oil | strong white bread flour,3,garlic,olive oil,strong white bread flour,19,0.0019022827392871447
2539,garlic | olive oil | turmeric,3,garlic,olive oil,turmeric,19,0.0019022827392871447
2540,garlic | olive oil | walnuts,3,garlic,olive oil,walnuts,19,0.0019022827392871447
2541,garlic | parmesan | rapeseed oil,3,garlic,parmesan,rapeseed oil,19,0.0019022827392871447
2542,garlic | parmesan | sugar,3,garlic,parmesan,sugar,19,0.0019022827392871447
2543,garlic | parsley | rosemary,3,garlic,parsley,rosemary,19,0.0019022827392871447
2544,garlic | plain flour | red onion,3,garlic,plain flour,red onion,19,0.0019022827392871447
2545,garlic | plain flour | soy sauce,3,garlic,plain flour,soy sauce,19,0.0019022827392871447
2546,garlic | plain flour | tomatoes,3,garlic,plain flour,tomatoes,19,0.0019022827392871447
2547,garlic | rapeseed oil | thyme,3,garlic,rapeseed oil,thyme,19,0.0019022827392871447
2548,garlic | red pepper | vegetable oil,3,garlic,red pepper,vegetable oil,19,0.0019022827392871447
2549,garlic | red wine vinegar | tomatoes,3,garlic,red wine vinegar,tomatoes,19,0.0019022827392871447
2550,garlic | red wine | thyme,3,garlic,red wine,thyme,19,0.0019022827392871447
2551,garlic | rosemary | tomato purée,3,garlic,rosemary,tomato purée,19,0.0019022827392871447
2552,garlic | smoked paprika | vegetable stock,3,garlic,smoked paprika,vegetable stock,19,0.0019022827392871447
2553,garlic | sugar | vegetable oil,3,garlic,sugar,vegetable oil,19,0.0019022827392871447
2554,garlic | vegetable oil | vegetable stock,3,garlic,vegetable oil,vegetable stock,19,0.0019022827392871447
2555,ginger | ground coriander | vegetable oil,3,ginger,ground coriander,vegetable oil,19,0.0019022827392871447
2556,ginger | ground cumin | lemon,3,ginger,ground cumin,lemon,19,0.0019022827392871447
2557,ginger | ground turmeric | red chilli,3,ginger,ground turmeric,red chilli,19,0.0019022827392871447
2558,ginger | onions | vegetable oil,3,ginger,onions,vegetable oil,19,0.0019022827392871447
2559,ginger | rapeseed oil | tomato purée,3,ginger,rapeseed oil,tomato purée,19,0.0019022827392871447
2560,ginger | sesame seeds | vegetable oil,3,ginger,sesame seeds,vegetable oil,19,0.0019022827392871447
2561,ginger | tomato purée | turmeric,3,ginger,tomato purée,turmeric,19,0.0019022827392871447
2562,golden caster sugar | lemon | milk,3,golden caster sugar,lemon,milk,19,0.0019022827392871447
2563,golden caster sugar | orange | self-raising flour,3,golden caster sugar,orange,self-raising flour,19,0.0019022827392871447
2564,golden caster sugar | plain flour | soured cream,3,golden caster sugar,plain flour,soured cream,19,0.0019022827392871447
2565,golden caster sugar | plain flour | vanilla bean paste,3,golden caster sugar,plain flour,vanilla bean paste,19,0.0019022827392871447
2566,golden syrup | plain flour | unsalted butter,3,golden syrup,plain flour,unsalted butter,19,0.0019022827392871447
2567,greek yogurt | lemon | olive oil,3,greek yogurt,lemon,olive oil,19,0.0019022827392871447
2568,green chilli | ground coriander | ground cumin,3,green chilli,ground coriander,ground cumin,19,0.0019022827392871447
2569,ground almonds | lemon | plain flour,3,ground almonds,lemon,plain flour,19,0.0019022827392871447
2570,ground cinnamon | ground cloves | ground ginger,3,ground cinnamon,ground cloves,ground ginger,19,0.0019022827392871447
2571,ground cinnamon | light brown soft sugar | milk,3,ground cinnamon,light brown soft sugar,milk,19,0.0019022827392871447
2572,ground cinnamon | light brown soft sugar | unsalted butter,3,ground cinnamon,light brown soft sugar,unsalted butter,19,0.0019022827392871447
2573,ground cinnamon | milk | self-raising flour,3,ground cinnamon,milk,self-raising flour,19,0.0019022827392871447
2574,ground cinnamon | mixed spice | plain flour,3,ground cinnamon,mixed spice,plain flour,19,0.0019022827392871447
2575,ground coriander | lemon | olive oil,3,ground coriander,lemon,olive oil,19,0.0019022827392871447
2576,ground coriander | olive oil | onion,3,ground coriander,olive oil,onion,19,0.0019022827392871447
2577,ground coriander | olive oil | red onion,3,ground coriander,olive oil,red onion,19,0.0019022827392871447
2578,ground cumin | onion | red pepper,3,ground cumin,onion,red pepper,19,0.0019022827392871447
2579,ground cumin | red chilli | red onion,3,ground cumin,red chilli,red onion,19,0.0019022827392871447
2580,ground cumin | red onion | tomato purée,3,ground cumin,red onion,tomato purée,19,0.0019022827392871447
2581,ground cumin | smoked paprika | tomato purée,3,ground cumin,smoked paprika,tomato purée,19,0.0019022827392871447
2582,ground ginger | plain flour | unsalted butter,3,ground ginger,plain flour,unsalted butter,19,0.0019022827392871447
2583,icing sugar | orange | self-raising flour,3,icing sugar,orange,self-raising flour,19,0.0019022827392871447
2584,lemon | milk | self-raising flour,3,lemon,milk,self-raising flour,19,0.0019022827392871447
2585,lemon | natural yogurt | olive oil,3,lemon,natural yogurt,olive oil,19,0.0019022827392871447
2586,lemon | olive oil | red wine vinegar,3,lemon,olive oil,red wine vinegar,19,0.0019022827392871447
2587,lemon | parsley | tahini,3,lemon,parsley,tahini,19,0.0019022827392871447
2588,lemon | plain flour | vegetable oil,3,lemon,plain flour,vegetable oil,19,0.0019022827392871447
2589,light brown soft sugar | milk | self-raising flour,3,light brown soft sugar,milk,self-raising flour,19,0.0019022827392871447
2590,light brown soft sugar | milk | vanilla extract,3,light brown soft sugar,milk,vanilla extract,19,0.0019022827392871447
2591,light brown soft sugar | self-raising flour | vanilla extract,3,light brown soft sugar,self-raising flour,vanilla extract,19,0.0019022827392871447
2592,lime | sesame oil | soy sauce,3,lime,sesame oil,soy sauce,19,0.0019022827392871447
2593,mature cheddar | olive oil | onion,3,mature cheddar,olive oil,onion,19,0.0019022827392871447
2594,milk | vanilla extract | vegetable oil,3,milk,vanilla extract,vegetable oil,19,0.0019022827392871447
2595,olive oil | onions | thyme,3,olive oil,onions,thyme,19,0.0019022827392871447
2596,olive oil | onions | tomatoes,3,olive oil,onions,tomatoes,19,0.0019022827392871447
2597,olive oil | parsley | red chilli,3,olive oil,parsley,red chilli,19,0.0019022827392871447
2598,olive oil | parsley | red wine vinegar,3,olive oil,parsley,red wine vinegar,19,0.0019022827392871447
2599,olive oil | parsley | thyme,3,olive oil,parsley,thyme,19,0.0019022827392871447
2600,olive oil | plain flour | unsalted butter,3,olive oil,plain flour,unsalted butter,19,0.0019022827392871447
2601,olive oil | plain flour | whole milk,3,olive oil,plain flour,whole milk,19,0.0019022827392871447
2602,onions | plain flour | tomato purée,3,onions,plain flour,tomato purée,19,0.0019022827392871447
2603,panko breadcrumbs | plain flour | vegetable oil,3,panko breadcrumbs,plain flour,vegetable oil,19,0.0019022827392871447
2604,plain flour | soured cream | vanilla extract,3,plain flour,soured cream,vanilla extract,19,0.0019022827392871447
2605,plain flour | tomato purée | vegetable oil,3,plain flour,tomato purée,vegetable oil,19,0.0019022827392871447
2606,unsalted butter | vanilla extract | whole milk,3,unsalted butter,vanilla extract,whole milk,19,0.0019022827392871447
2607,almond extract | eggs | ground almonds,3,almond extract,eggs,ground almonds,18,0.001802162595114137
2608,avocado | garlic | rapeseed oil,3,avocado,garlic,rapeseed oil,18,0.001802162595114137
2609,baby spinach | garlic | onion,3,baby spinach,garlic,onion,18,0.001802162595114137
2610,baking powder | bicarbonate of soda | caster sugar,3,baking powder,bicarbonate of soda,caster sugar,18,0.001802162595114137
2611,baking powder | caster sugar | cornflour,3,baking powder,caster sugar,cornflour,18,0.001802162595114137
2612,baking powder | caster sugar | dark chocolate,3,baking powder,caster sugar,dark chocolate,18,0.001802162595114137
2613,baking powder | ground cinnamon | ground ginger,3,baking powder,ground cinnamon,ground ginger,18,0.001802162595114137
2614,baking powder | ground ginger | plain flour,3,baking powder,ground ginger,plain flour,18,0.001802162595114137
2615,baking powder | icing sugar | vanilla bean paste,3,baking powder,icing sugar,vanilla bean paste,18,0.001802162595114137
2616,baking powder | lemon | vanilla extract,3,baking powder,lemon,vanilla extract,18,0.001802162595114137
2617,baking powder | light brown soft sugar | vegetable oil,3,baking powder,light brown soft sugar,vegetable oil,18,0.001802162595114137
2618,baking powder | milk | natural yogurt,3,baking powder,milk,natural yogurt,18,0.001802162595114137
2619,baking powder | plain flour | soured cream,3,baking powder,plain flour,soured cream,18,0.001802162595114137
2620,basil | capers | garlic,3,basil,capers,garlic,18,0.001802162595114137
2621,basil | chopped tomatoes | garlic,3,basil,chopped tomatoes,garlic,18,0.001802162595114137
2622,basmati rice | coriander | ginger,3,basmati rice,coriander,ginger,18,0.001802162595114137
2623,basmati rice | garlic | olive oil,3,basmati rice,garlic,olive oil,18,0.001802162595114137
2624,basmati rice | garlic | red onion,3,basmati rice,garlic,red onion,18,0.001802162595114137
2625,bay leaf | olive oil | thyme,3,bay leaf,olive oil,thyme,18,0.001802162595114137
2626,bay leaves | beef stock | garlic,3,bay leaves,beef stock,garlic,18,0.001802162595114137
2627,bay leaves | black peppercorns | garlic,3,bay leaves,black peppercorns,garlic,18,0.001802162595114137
2628,bay leaves | butter | milk,3,bay leaves,butter,milk,18,0.001802162595114137
2629,bay leaves | carrot | onion,3,bay leaves,carrot,onion,18,0.001802162595114137
2630,bay leaves | carrots | vegetable oil,3,bay leaves,carrots,vegetable oil,18,0.001802162595114137
2631,bay leaves | garlic | red wine vinegar,3,bay leaves,garlic,red wine vinegar,18,0.001802162595114137
2632,bay leaves | garlic | white wine,3,bay leaves,garlic,white wine,18,0.001802162595114137
2633,beef mince | olive oil | onion,3,beef mince,olive oil,onion,18,0.001802162595114137
2634,beef stock | carrots | plain flour,3,beef stock,carrots,plain flour,18,0.001802162595114137
2635,beef stock | celery | garlic,3,beef stock,celery,garlic,18,0.001802162595114137
2636,beef stock | celery | tomato purée,3,beef stock,celery,tomato purée,18,0.001802162595114137
2637,beef stock | chopped tomatoes | garlic,3,beef stock,chopped tomatoes,garlic,18,0.001802162595114137
2638,beef stock | onions | plain flour,3,beef stock,onions,plain flour,18,0.001802162595114137
2639,beef stock | plain flour | tomato purée,3,beef stock,plain flour,tomato purée,18,0.001802162595114137
2640,beef stock | red wine | thyme,3,beef stock,red wine,thyme,18,0.001802162595114137
2641,beef stock | red wine | tomato purée,3,beef stock,red wine,tomato purée,18,0.001802162595114137
2642,bicarbonate of soda | butter | cocoa powder,3,bicarbonate of soda,butter,cocoa powder,18,0.001802162595114137
2643,bicarbonate of soda | butter | light brown soft sugar,3,bicarbonate of soda,butter,light brown soft sugar,18,0.001802162595114137
2644,bicarbonate of soda | buttermilk | icing sugar,3,bicarbonate of soda,buttermilk,icing sugar,18,0.001802162595114137
2645,bicarbonate of soda | caster sugar | icing sugar,3,bicarbonate of soda,caster sugar,icing sugar,18,0.001802162595114137
2646,bicarbonate of soda | cocoa powder | golden caster sugar,3,bicarbonate of soda,cocoa powder,golden caster sugar,18,0.001802162595114137
2647,bicarbonate of soda | cocoa powder | vegetable oil,3,bicarbonate of soda,cocoa powder,vegetable oil,18,0.001802162595114137
2648,bicarbonate of soda | golden caster sugar | unsalted butter,3,bicarbonate of soda,golden caster sugar,unsalted butter,18,0.001802162595114137
2649,bicarbonate of soda | milk | vanilla extract,3,bicarbonate of soda,milk,vanilla extract,18,0.001802162595114137
2650,bicarbonate of soda | self-raising flour | sunflower oil,3,bicarbonate of soda,self-raising flour,sunflower oil,18,0.001802162595114137
2651,black beans | ground cumin | onion,3,black beans,ground cumin,onion,18,0.001802162595114137
2652,black beans | lime | red onion,3,black beans,lime,red onion,18,0.001802162595114137
2653,brown basmati rice | garlic | ginger,3,brown basmati rice,garlic,ginger,18,0.001802162595114137
2654,butter | carrot | garlic,3,butter,carrot,garlic,18,0.001802162595114137
2655,butter | carrot | olive oil,3,butter,carrot,olive oil,18,0.001802162595114137
2656,butter | cayenne pepper | plain flour,3,butter,cayenne pepper,plain flour,18,0.001802162595114137
2657,butter | celery | milk,3,butter,celery,milk,18,0.001802162595114137
2658,butter | chicken stock | lemon,3,butter,chicken stock,lemon,18,0.001802162595114137
2659,butter | cinnamon | icing sugar,3,butter,cinnamon,icing sugar,18,0.001802162595114137
2660,butter | dark chocolate | milk,3,butter,dark chocolate,milk,18,0.001802162595114137
2661,butter | double cream | light brown soft sugar,3,butter,double cream,light brown soft sugar,18,0.001802162595114137
2662,butter | double cream | parsley,3,butter,double cream,parsley,18,0.001802162595114137
2663,butter | double cream | vanilla bean paste,3,butter,double cream,vanilla bean paste,18,0.001802162595114137
2664,butter | double cream | white chocolate,3,butter,double cream,white chocolate,18,0.001802162595114137
2665,butter | eggs | flaked almonds,3,butter,eggs,flaked almonds,18,0.001802162595114137
2666,butter | eggs | parmesan,3,butter,eggs,parmesan,18,0.001802162595114137
2667,butter | fast-action dried yeast | icing sugar,3,butter,fast-action dried yeast,icing sugar,18,0.001802162595114137
2668,butter | flaked almonds | ground almonds,3,butter,flaked almonds,ground almonds,18,0.001802162595114137
2669,butter | golden caster sugar | light brown soft sugar,3,butter,golden caster sugar,light brown soft sugar,18,0.001802162595114137
2670,butter | golden caster sugar | unsalted butter,3,butter,golden caster sugar,unsalted butter,18,0.001802162595114137
2671,butter | golden caster sugar | white chocolate,3,butter,golden caster sugar,white chocolate,18,0.001802162595114137
2672,butter | ground cinnamon | mixed spice,3,butter,ground cinnamon,mixed spice,18,0.001802162595114137
2673,butter | icing sugar | white chocolate,3,butter,icing sugar,white chocolate,18,0.001802162595114137
2674,butter | macaroni | plain flour,3,butter,macaroni,plain flour,18,0.001802162595114137
2675,butter | mature cheddar | olive oil,3,butter,mature cheddar,olive oil,18,0.001802162595114137
2676,butter | milk | tomato purée,3,butter,milk,tomato purée,18,0.001802162595114137
2677,butter | olive oil | red wine vinegar,3,butter,olive oil,red wine vinegar,18,0.001802162595114137
2678,butter | parmesan | parsley,3,butter,parmesan,parsley,18,0.001802162595114137
2679,buttermilk | eggs | vegetable oil,3,buttermilk,eggs,vegetable oil,18,0.001802162595114137
2680,buttermilk | icing sugar | plain flour,3,buttermilk,icing sugar,plain flour,18,0.001802162595114137
2681,carrots | chickpeas | garlic,3,carrots,chickpeas,garlic,18,0.001802162595114137
2682,carrots | garlic | spring onions,3,carrots,garlic,spring onions,18,0.001802162595114137
2683,carrots | garlic | thyme leaves,3,carrots,garlic,thyme leaves,18,0.001802162595114137
2684,carrots | olive oil | red onion,3,carrots,olive oil,red onion,18,0.001802162595114137
2685,carrots | plain flour | red wine,3,carrots,plain flour,red wine,18,0.001802162595114137
2686,carrots | red wine | tomato purée,3,carrots,red wine,tomato purée,18,0.001802162595114137
2687,caster sugar | double cream | mascarpone,3,caster sugar,double cream,mascarpone,18,0.001802162595114137
2688,caster sugar | garlic | spring onions,3,caster sugar,garlic,spring onions,18,0.001802162595114137
2689,caster sugar | golden caster sugar | plain flour,3,caster sugar,golden caster sugar,plain flour,18,0.001802162595114137
2690,caster sugar | icing sugar | light brown soft sugar,3,caster sugar,icing sugar,light brown soft sugar,18,0.001802162595114137
2691,cauliflower | garlic | lemon,3,cauliflower,garlic,lemon,18,0.001802162595114137
2692,cayenne pepper | garlic | ground cumin,3,cayenne pepper,garlic,ground cumin,18,0.001802162595114137
2693,celery | chicken stock | garlic,3,celery,chicken stock,garlic,18,0.001802162595114137
2694,celery | dried oregano | garlic,3,celery,dried oregano,garlic,18,0.001802162595114137
2695,celery | garlic | milk,3,celery,garlic,milk,18,0.001802162595114137
2696,celery | olive oil | vegetable stock,3,celery,olive oil,vegetable stock,18,0.001802162595114137
2697,cherry tomatoes | garlic | red chilli,3,cherry tomatoes,garlic,red chilli,18,0.001802162595114137
2698,chestnut mushrooms | garlic | onion,3,chestnut mushrooms,garlic,onion,18,0.001802162595114137
2699,chickpeas | garlic | parsley,3,chickpeas,garlic,parsley,18,0.001802162595114137
2700,chickpeas | ground coriander | red onion,3,chickpeas,ground coriander,red onion,18,0.001802162595114137
2701,chickpeas | ground cumin | olive oil,3,chickpeas,ground cumin,olive oil,18,0.001802162595114137
2702,chickpeas | olive oil | red onion,3,chickpeas,olive oil,red onion,18,0.001802162595114137
2703,chickpeas | onion | tomato purée,3,chickpeas,onion,tomato purée,18,0.001802162595114137
2704,chilli flakes | garlic | lime,3,chilli flakes,garlic,lime,18,0.001802162595114137
2705,chilli flakes | olive oil | red onion,3,chilli flakes,olive oil,red onion,18,0.001802162595114137
2706,chilli powder | ground cumin | onion,3,chilli powder,ground cumin,onion,18,0.001802162595114137
2707,chinese five-spice powder | garlic | spring onions,3,chinese five-spice powder,garlic,spring onions,18,0.001802162595114137
2708,chopped tomatoes | coriander | ground cumin,3,chopped tomatoes,coriander,ground cumin,18,0.001802162595114137
2709,chopped tomatoes | garlic | golden caster sugar,3,chopped tomatoes,garlic,golden caster sugar,18,0.001802162595114137
2710,chopped tomatoes | garlic | ground cinnamon,3,chopped tomatoes,garlic,ground cinnamon,18,0.001802162595114137
2711,chopped tomatoes | garlic | milk,3,chopped tomatoes,garlic,milk,18,0.001802162595114137
2712,chopped tomatoes | olive oil | smoked paprika,3,chopped tomatoes,olive oil,smoked paprika,18,0.001802162595114137
2713,chopped tomatoes | red wine | tomato purée,3,chopped tomatoes,red wine,tomato purée,18,0.001802162595114137
2714,cinnamon | cloves | star anise,3,cinnamon,cloves,star anise,18,0.001802162595114137
2715,cinnamon | eggs | plain flour,3,cinnamon,eggs,plain flour,18,0.001802162595114137
2716,cinnamon | garlic | turmeric,3,cinnamon,garlic,turmeric,18,0.001802162595114137
2717,cocoa powder | double cream | light brown soft sugar,3,cocoa powder,double cream,light brown soft sugar,18,0.001802162595114137
2718,cocoa powder | light brown soft sugar | milk,3,cocoa powder,light brown soft sugar,milk,18,0.001802162595114137
2719,cocoa powder | plain flour | vegetable oil,3,cocoa powder,plain flour,vegetable oil,18,0.001802162595114137
2720,coconut milk | garlic | ground coriander,3,coconut milk,garlic,ground coriander,18,0.001802162595114137
2721,coconut milk | garlic | lemongrass,3,coconut milk,garlic,lemongrass,18,0.001802162595114137
2722,coconut milk | ginger | vegetable oil,3,coconut milk,ginger,vegetable oil,18,0.001802162595114137
2723,coriander leaves | garlic | ground coriander,3,coriander leaves,garlic,ground coriander,18,0.001802162595114137
2724,coriander leaves | garlic | sunflower oil,3,coriander leaves,garlic,sunflower oil,18,0.001802162595114137
2725,coriander | cumin seeds | red onion,3,coriander,cumin seeds,red onion,18,0.001802162595114137
2726,coriander | extra virgin olive oil | garlic,3,coriander,extra virgin olive oil,garlic,18,0.001802162595114137
2727,coriander | garlic | greek yogurt,3,coriander,garlic,greek yogurt,18,0.001802162595114137
2728,coriander | garlic | juice,3,coriander,garlic,juice,18,0.001802162595114137
2729,coriander | garlic | oil,3,coriander,garlic,oil,18,0.001802162595114137
2730,coriander | garlic | parsley,3,coriander,garlic,parsley,18,0.001802162595114137
2731,coriander | ginger | limes,3,coriander,ginger,limes,18,0.001802162595114137
2732,coriander | ginger | soy sauce,3,coriander,ginger,soy sauce,18,0.001802162595114137
2733,coriander | ground coriander | red onion,3,coriander,ground coriander,red onion,18,0.001802162595114137
2734,coriander | ground coriander | tomatoes,3,coriander,ground coriander,tomatoes,18,0.001802162595114137
2735,coriander | ground cumin | ground turmeric,3,coriander,ground cumin,ground turmeric,18,0.001802162595114137
2736,coriander | ground cumin | tomatoes,3,coriander,ground cumin,tomatoes,18,0.001802162595114137
2737,coriander | ground turmeric | onion,3,coriander,ground turmeric,onion,18,0.001802162595114137
2738,coriander | olive oil | smoked paprika,3,coriander,olive oil,smoked paprika,18,0.001802162595114137
2739,coriander | olive oil | spring onions,3,coriander,olive oil,spring onions,18,0.001802162595114137
2740,coriander | rapeseed oil | red onion,3,coriander,rapeseed oil,red onion,18,0.001802162595114137
2741,cornflour | eggs | icing sugar,3,cornflour,eggs,icing sugar,18,0.001802162595114137
2742,cornflour | ginger | vegetable oil,3,cornflour,ginger,vegetable oil,18,0.001802162595114137
2743,cornflour | sesame oil | vegetable oil,3,cornflour,sesame oil,vegetable oil,18,0.001802162595114137
2744,cornflour | spring onions | vegetable oil,3,cornflour,spring onions,vegetable oil,18,0.001802162595114137
2745,courgettes | garlic | onion,3,courgettes,garlic,onion,18,0.001802162595114137
2746,courgettes | garlic | parmesan,3,courgettes,garlic,parmesan,18,0.001802162595114137
2747,crème fraîche | lemon | olive oil,3,crème fraîche,lemon,olive oil,18,0.001802162595114137
2748,cucumber | extra virgin olive oil | garlic,3,cucumber,extra virgin olive oil,garlic,18,0.001802162595114137
2749,cucumber | garlic | parsley,3,cucumber,garlic,parsley,18,0.001802162595114137
2750,cumin seeds | eggs | garlic,3,cumin seeds,eggs,garlic,18,0.001802162595114137
2751,cumin seeds | ginger | red chilli,3,cumin seeds,ginger,red chilli,18,0.001802162595114137
2752,dark chocolate | double cream | milk chocolate,3,dark chocolate,double cream,milk chocolate,18,0.001802162595114137
2753,dark chocolate | plain flour | salted butter,3,dark chocolate,plain flour,salted butter,18,0.001802162595114137
2754,dark chocolate | self-raising flour | vanilla extract,3,dark chocolate,self-raising flour,vanilla extract,18,0.001802162595114137
2755,dark muscovado sugar | ground cinnamon | plain flour,3,dark muscovado sugar,ground cinnamon,plain flour,18,0.001802162595114137
2756,dark soy sauce | garlic | light soy sauce,3,dark soy sauce,garlic,light soy sauce,18,0.001802162595114137
2757,desiccated coconut | eggs | self-raising flour,3,desiccated coconut,eggs,self-raising flour,18,0.001802162595114137
2758,digestive biscuits | double cream | icing sugar,3,digestive biscuits,double cream,icing sugar,18,0.001802162595114137
2759,dijon mustard | garlic | parmesan,3,dijon mustard,garlic,parmesan,18,0.001802162595114137
2760,double cream | egg yolks | vanilla extract,3,double cream,egg yolks,vanilla extract,18,0.001802162595114137
2761,double cream | eggs | mascarpone,3,double cream,eggs,mascarpone,18,0.001802162595114137
2762,double cream | garlic | ground coriander,3,double cream,garlic,ground coriander,18,0.001802162595114137
2763,double cream | lemon | milk,3,double cream,lemon,milk,18,0.001802162595114137
2764,dried oregano | garlic | ground coriander,3,dried oregano,garlic,ground coriander,18,0.001802162595114137
2765,dried oregano | ground cumin | olive oil,3,dried oregano,ground cumin,olive oil,18,0.001802162595114137
2766,dried oregano | olive oil | smoked paprika,3,dried oregano,olive oil,smoked paprika,18,0.001802162595114137
2767,egg | garlic | ground cumin,3,egg,garlic,ground cumin,18,0.001802162595114137
2768,egg | icing sugar | milk,3,egg,icing sugar,milk,18,0.001802162595114137
2769,egg | onion | tomato purée,3,egg,onion,tomato purée,18,0.001802162595114137
2770,egg | unsalted butter | whole milk,3,egg,unsalted butter,whole milk,18,0.001802162595114137
2771,eggs | golden caster sugar | light muscovado sugar,3,eggs,golden caster sugar,light muscovado sugar,18,0.001802162595114137
2772,eggs | golden syrup | self-raising flour,3,eggs,golden syrup,self-raising flour,18,0.001802162595114137
2773,eggs | ground ginger | icing sugar,3,eggs,ground ginger,icing sugar,18,0.001802162595114137
2774,eggs | icing sugar | lemons,3,eggs,icing sugar,lemons,18,0.001802162595114137
2775,eggs | icing sugar | maple syrup,3,eggs,icing sugar,maple syrup,18,0.001802162595114137
2776,eggs | icing sugar | raspberries,3,eggs,icing sugar,raspberries,18,0.001802162595114137
2777,eggs | lemon | mixed spice,3,eggs,lemon,mixed spice,18,0.001802162595114137
2778,eggs | light muscovado sugar | unsalted butter,3,eggs,light muscovado sugar,unsalted butter,18,0.001802162595114137
2779,eggs | self-raising flour | sunflower oil,3,eggs,self-raising flour,sunflower oil,18,0.001802162595114137
2780,extra virgin olive oil | garlic | mint leaves,3,extra virgin olive oil,garlic,mint leaves,18,0.001802162595114137
2781,extra virgin olive oil | garlic | pine nuts,3,extra virgin olive oil,garlic,pine nuts,18,0.001802162595114137
2782,extra virgin olive oil | garlic | tomato purée,3,extra virgin olive oil,garlic,tomato purée,18,0.001802162595114137
2783,extra virgin olive oil | lemon | mint leaves,3,extra virgin olive oil,lemon,mint leaves,18,0.001802162595114137
2784,fast-action dried yeast | garlic | olive oil,3,fast-action dried yeast,garlic,olive oil,18,0.001802162595114137
2785,fast-action dried yeast | garlic | strong white bread flour,3,fast-action dried yeast,garlic,strong white bread flour,18,0.001802162595114137
2786,feta | lemon | red onion,3,feta,lemon,red onion,18,0.001802162595114137
2787,flaked almonds | golden caster sugar | plain flour,3,flaked almonds,golden caster sugar,plain flour,18,0.001802162595114137
2788,flaked almonds | ground almonds | plain flour,3,flaked almonds,ground almonds,plain flour,18,0.001802162595114137
2789,fresh breadcrumbs | garlic | onion,3,fresh breadcrumbs,garlic,onion,18,0.001802162595114137
2790,frozen peas | garlic | spring onions,3,frozen peas,garlic,spring onions,18,0.001802162595114137
2791,frozen peas | garlic | vegetable oil,3,frozen peas,garlic,vegetable oil,18,0.001802162595114137
2792,garam masala | garlic | green chilli,3,garam masala,garlic,green chilli,18,0.001802162595114137
2793,garam masala | ginger | ground turmeric,3,garam masala,ginger,ground turmeric,18,0.001802162595114137
2794,garlic | ginger | oil,3,garlic,ginger,oil,18,0.001802162595114137
2795,garlic | ginger | raw king prawns,3,garlic,ginger,raw king prawns,18,0.001802162595114137
2796,garlic | ginger | shallots,3,garlic,ginger,shallots,18,0.001802162595114137
2797,garlic | ginger | vegetable bouillon powder,3,garlic,ginger,vegetable bouillon powder,18,0.001802162595114137
2798,garlic | green chilli | ground coriander,3,garlic,green chilli,ground coriander,18,0.001802162595114137
2799,garlic | green chilli | vegetable oil,3,garlic,green chilli,vegetable oil,18,0.001802162595114137
2800,garlic | ground cinnamon | onions,3,garlic,ground cinnamon,onions,18,0.001802162595114137
2801,garlic | ground coriander | mint leaves,3,garlic,ground coriander,mint leaves,18,0.001802162595114137
2802,garlic | ground turmeric | vegetable oil,3,garlic,ground turmeric,vegetable oil,18,0.001802162595114137
2803,garlic | lemon | vegetable stock,3,garlic,lemon,vegetable stock,18,0.001802162595114137
2804,garlic | milk | onions,3,garlic,milk,onions,18,0.001802162595114137
2805,garlic | olive oil | oregano,3,garlic,olive oil,oregano,18,0.001802162595114137
2806,garlic | olive oil | soured cream,3,garlic,olive oil,soured cream,18,0.001802162595114137
2807,garlic | onion | parsley leaves,3,garlic,onion,parsley leaves,18,0.001802162595114137
2808,garlic | onions | rosemary,3,garlic,onions,rosemary,18,0.001802162595114137
2809,garlic | onions | sugar,3,garlic,onions,sugar,18,0.001802162595114137
2810,garlic | parmesan | whole milk,3,garlic,parmesan,whole milk,18,0.001802162595114137
2811,garlic | parsley | spring onions,3,garlic,parsley,spring onions,18,0.001802162595114137
2812,garlic | parsley | tahini,3,garlic,parsley,tahini,18,0.001802162595114137
2813,garlic | plum tomatoes | tomato purée,3,garlic,plum tomatoes,tomato purée,18,0.001802162595114137
2814,garlic | potatoes | tomato purée,3,garlic,potatoes,tomato purée,18,0.001802162595114137
2815,garlic | red onions | smoked paprika,3,garlic,red onions,smoked paprika,18,0.001802162595114137
2816,garlic | rice vinegar | sesame oil,3,garlic,rice vinegar,sesame oil,18,0.001802162595114137
2817,garlic | rice vinegar | soy sauce,3,garlic,rice vinegar,soy sauce,18,0.001802162595114137
2818,garlic | rice vinegar | vegetable oil,3,garlic,rice vinegar,vegetable oil,18,0.001802162595114137
2819,gin | ice | lemon juice,3,gin,ice,lemon juice,18,0.001802162595114137
2820,ginger | ground coriander | sunflower oil,3,ginger,ground coriander,sunflower oil,18,0.001802162595114137
2821,ginger | ground cumin | vegetable oil,3,ginger,ground cumin,vegetable oil,18,0.001802162595114137
2822,ginger | ground turmeric | red onion,3,ginger,ground turmeric,red onion,18,0.001802162595114137
2823,ginger | onion | spring onions,3,ginger,onion,spring onions,18,0.001802162595114137
2824,ginger | rapeseed oil | spring onions,3,ginger,rapeseed oil,spring onions,18,0.001802162595114137
2825,ginger | rice vinegar | spring onions,3,ginger,rice vinegar,spring onions,18,0.001802162595114137
2826,ginger | turmeric | vegetable oil,3,ginger,turmeric,vegetable oil,18,0.001802162595114137
2827,golden caster sugar | milk | vegetable oil,3,golden caster sugar,milk,vegetable oil,18,0.001802162595114137
2828,golden caster sugar | orange | plain flour,3,golden caster sugar,orange,plain flour,18,0.001802162595114137
2829,golden caster sugar | salted butter | self-raising flour,3,golden caster sugar,salted butter,self-raising flour,18,0.001802162595114137
2830,golden caster sugar | salted butter | vanilla extract,3,golden caster sugar,salted butter,vanilla extract,18,0.001802162595114137
2831,golden caster sugar | self-raising flour | vegetable oil,3,golden caster sugar,self-raising flour,vegetable oil,18,0.001802162595114137
2832,ground almonds | icing sugar | self-raising flour,3,ground almonds,icing sugar,self-raising flour,18,0.001802162595114137
2833,ground cinnamon | ground cumin | onion,3,ground cinnamon,ground cumin,onion,18,0.001802162595114137
2834,ground cinnamon | ground ginger | light brown soft sugar,3,ground cinnamon,ground ginger,light brown soft sugar,18,0.001802162595114137
2835,ground cinnamon | ground ginger | vanilla extract,3,ground cinnamon,ground ginger,vanilla extract,18,0.001802162595114137
2836,ground cinnamon | lemon | orange,3,ground cinnamon,lemon,orange,18,0.001802162595114137
2837,ground cinnamon | mixed spice | orange,3,ground cinnamon,mixed spice,orange,18,0.001802162595114137
2838,ground coriander | onion | red chilli,3,ground coriander,onion,red chilli,18,0.001802162595114137
2839,ground coriander | onion | tomatoes,3,ground coriander,onion,tomatoes,18,0.001802162595114137
2840,ground cumin | lemon | parsley,3,ground cumin,lemon,parsley,18,0.001802162595114137
2841,ground cumin | lime | smoked paprika,3,ground cumin,lime,smoked paprika,18,0.001802162595114137
2842,ground cumin | onion | rapeseed oil,3,ground cumin,onion,rapeseed oil,18,0.001802162595114137
2843,ground cumin | onion | tomatoes,3,ground cumin,onion,tomatoes,18,0.001802162595114137
2844,ground ginger | icing sugar | plain flour,3,ground ginger,icing sugar,plain flour,18,0.001802162595114137
2845,icing sugar | lemon | orange,3,icing sugar,lemon,orange,18,0.001802162595114137
2846,icing sugar | orange | unsalted butter,3,icing sugar,orange,unsalted butter,18,0.001802162595114137
2847,icing sugar | plain flour | slightly salted butter,3,icing sugar,plain flour,slightly salted butter,18,0.001802162595114137
2848,icing sugar | plain flour | whole milk,3,icing sugar,plain flour,whole milk,18,0.001802162595114137
2849,icing sugar | raspberries | vanilla extract,3,icing sugar,raspberries,vanilla extract,18,0.001802162595114137
2850,icing sugar | unsalted butter | vanilla bean paste,3,icing sugar,unsalted butter,vanilla bean paste,18,0.001802162595114137
2851,icing sugar | vanilla extract | white chocolate,3,icing sugar,vanilla extract,white chocolate,18,0.001802162595114137
2852,lemon | mint | parsley,3,lemon,mint,parsley,18,0.001802162595114137
2853,lemon | mixed spice | orange,3,lemon,mixed spice,orange,18,0.001802162595114137
2854,lemon | olive oil | spinach,3,lemon,olive oil,spinach,18,0.001802162595114137
2855,lime | rapeseed oil | red chilli,3,lime,rapeseed oil,red chilli,18,0.001802162595114137
2856,milk | parsley | plain flour,3,milk,parsley,plain flour,18,0.001802162595114137
2857,milk | self-raising flour | vegetable oil,3,milk,self-raising flour,vegetable oil,18,0.001802162595114137
2858,mixed spice | orange | plain flour,3,mixed spice,orange,plain flour,18,0.001802162595114137
2859,mozzarella | olive oil | tomato purée,3,mozzarella,olive oil,tomato purée,18,0.001802162595114137
2860,olive oil | parmesan | vegetable stock,3,olive oil,parmesan,vegetable stock,18,0.001802162595114137
2861,olive oil | thyme | white wine,3,olive oil,thyme,white wine,18,0.001802162595114137
2862,onion | parsley | rapeseed oil,3,onion,parsley,rapeseed oil,18,0.001802162595114137
2863,onion | rapeseed oil | turmeric,3,onion,rapeseed oil,turmeric,18,0.001802162595114137
2864,onion | rapeseed oil | vegetable bouillon powder,3,onion,rapeseed oil,vegetable bouillon powder,18,0.001802162595114137
2865,onion | smoked paprika | tomato purée,3,onion,smoked paprika,tomato purée,18,0.001802162595114137
2866,onion | tomato purée | tomatoes,3,onion,tomato purée,tomatoes,18,0.001802162595114137
2867,onions | rapeseed oil | smoked paprika,3,onions,rapeseed oil,smoked paprika,18,0.001802162595114137
2868,onions | rapeseed oil | tomato purée,3,onions,rapeseed oil,tomato purée,18,0.001802162595114137
2869,onions | red wine | tomato purée,3,onions,red wine,tomato purée,18,0.001802162595114137
2870,orange | plain flour | unsalted butter,3,orange,plain flour,unsalted butter,18,0.001802162595114137
2871,orange | plain flour | vanilla extract,3,orange,plain flour,vanilla extract,18,0.001802162595114137
2872,plain flour | red wine | tomato purée,3,plain flour,red wine,tomato purée,18,0.001802162595114137
2873,plain flour | slightly salted butter | vanilla extract,3,plain flour,slightly salted butter,vanilla extract,18,0.001802162595114137
2874,plain flour | spring onions | vegetable oil,3,plain flour,spring onions,vegetable oil,18,0.001802162595114137
2875,plain flour | unsalted butter | white chocolate,3,plain flour,unsalted butter,white chocolate,18,0.001802162595114137
2876,sesame seeds | spring onions | vegetable oil,3,sesame seeds,spring onions,vegetable oil,18,0.001802162595114137
2877,almond extract | eggs | self-raising flour,3,almond extract,eggs,self-raising flour,17,0.0017020424509411295
2878,aubergine | chopped tomatoes | garlic,3,aubergine,chopped tomatoes,garlic,17,0.0017020424509411295
2879,avocado | garlic | olive oil,3,avocado,garlic,olive oil,17,0.0017020424509411295
2880,avocado | lime | red onion,3,avocado,lime,red onion,17,0.0017020424509411295
2881,baking powder | butter | orange,3,baking powder,butter,orange,17,0.0017020424509411295
2882,baking powder | double cream | light brown soft sugar,3,baking powder,double cream,light brown soft sugar,17,0.0017020424509411295
2883,baking powder | egg | vegetable oil,3,baking powder,egg,vegetable oil,17,0.0017020424509411295
2884,baking powder | eggs | greek yogurt,3,baking powder,eggs,greek yogurt,17,0.0017020424509411295
2885,baking powder | eggs | sunflower oil,3,baking powder,eggs,sunflower oil,17,0.0017020424509411295
2886,baking powder | ground cinnamon | light brown soft sugar,3,baking powder,ground cinnamon,light brown soft sugar,17,0.0017020424509411295
2887,baking powder | ground cinnamon | milk,3,baking powder,ground cinnamon,milk,17,0.0017020424509411295
2888,baking powder | lemon | unsalted butter,3,baking powder,lemon,unsalted butter,17,0.0017020424509411295
2889,baking powder | light muscovado sugar | self-raising flour,3,baking powder,light muscovado sugar,self-raising flour,17,0.0017020424509411295
2890,baking powder | maple syrup | vanilla extract,3,baking powder,maple syrup,vanilla extract,17,0.0017020424509411295
2891,baking powder | salted butter | self-raising flour,3,baking powder,salted butter,self-raising flour,17,0.0017020424509411295
2892,basil leaves | garlic | lemon,3,basil leaves,garlic,lemon,17,0.0017020424509411295
2893,basil leaves | olive oil | onion,3,basil leaves,olive oil,onion,17,0.0017020424509411295
2894,basil | cherry tomatoes | garlic,3,basil,cherry tomatoes,garlic,17,0.0017020424509411295
2895,basmati rice | coconut milk | garlic,3,basmati rice,coconut milk,garlic,17,0.0017020424509411295
2896,basmati rice | ginger | onion,3,basmati rice,ginger,onion,17,0.0017020424509411295
2897,bay leaves | beef stock | red wine,3,bay leaves,beef stock,red wine,17,0.0017020424509411295
2898,bay leaves | butter | tomato purée,3,bay leaves,butter,tomato purée,17,0.0017020424509411295
2899,bay leaves | carrot | celery,3,bay leaves,carrot,celery,17,0.0017020424509411295
2900,bay leaves | celery | chopped tomatoes,3,bay leaves,celery,chopped tomatoes,17,0.0017020424509411295
2901,bay leaves | celery | red wine,3,bay leaves,celery,red wine,17,0.0017020424509411295
2902,bay leaves | chopped tomatoes | onions,3,bay leaves,chopped tomatoes,onions,17,0.0017020424509411295
2903,bay leaves | chopped tomatoes | parmesan,3,bay leaves,chopped tomatoes,parmesan,17,0.0017020424509411295
2904,bay leaves | chopped tomatoes | red wine,3,bay leaves,chopped tomatoes,red wine,17,0.0017020424509411295
2905,bay leaves | garlic | milk,3,bay leaves,garlic,milk,17,0.0017020424509411295
2906,beef mince | olive oil | tomato purée,3,beef mince,olive oil,tomato purée,17,0.0017020424509411295
2907,beef stock | carrots | celery,3,beef stock,carrots,celery,17,0.0017020424509411295
2908,beef stock | onion | plain flour,3,beef stock,onion,plain flour,17,0.0017020424509411295
2909,beef stock | onions | tomato purée,3,beef stock,onions,tomato purée,17,0.0017020424509411295
2910,bicarbonate of soda | butter | buttermilk,3,bicarbonate of soda,butter,buttermilk,17,0.0017020424509411295
2911,bicarbonate of soda | cocoa powder | unsalted butter,3,bicarbonate of soda,cocoa powder,unsalted butter,17,0.0017020424509411295
2912,bicarbonate of soda | dark chocolate | light brown soft sugar,3,bicarbonate of soda,dark chocolate,light brown soft sugar,17,0.0017020424509411295
2913,bicarbonate of soda | dark muscovado sugar | ground ginger,3,bicarbonate of soda,dark muscovado sugar,ground ginger,17,0.0017020424509411295
2914,bicarbonate of soda | double cream | golden caster sugar,3,bicarbonate of soda,double cream,golden caster sugar,17,0.0017020424509411295
2915,bicarbonate of soda | double cream | light brown soft sugar,3,bicarbonate of soda,double cream,light brown soft sugar,17,0.0017020424509411295
2916,bicarbonate of soda | egg | ground ginger,3,bicarbonate of soda,egg,ground ginger,17,0.0017020424509411295
2917,bicarbonate of soda | eggs | natural yogurt,3,bicarbonate of soda,eggs,natural yogurt,17,0.0017020424509411295
2918,bicarbonate of soda | eggs | salted butter,3,bicarbonate of soda,eggs,salted butter,17,0.0017020424509411295
2919,bicarbonate of soda | golden caster sugar | self-raising flour,3,bicarbonate of soda,golden caster sugar,self-raising flour,17,0.0017020424509411295
2920,bicarbonate of soda | golden syrup | ground cinnamon,3,bicarbonate of soda,golden syrup,ground cinnamon,17,0.0017020424509411295
2921,bio yogurt | garlic | rapeseed oil,3,bio yogurt,garlic,rapeseed oil,17,0.0017020424509411295
2922,black beans | chopped tomatoes | onion,3,black beans,chopped tomatoes,onion,17,0.0017020424509411295
2923,black beans | ground cumin | tomato purée,3,black beans,ground cumin,tomato purée,17,0.0017020424509411295
2924,butter | buttermilk | eggs,3,butter,buttermilk,eggs,17,0.0017020424509411295
2925,butter | carrots | onions,3,butter,carrots,onions,17,0.0017020424509411295
2926,butter | caster sugar | cornflour,3,butter,caster sugar,cornflour,17,0.0017020424509411295
2927,butter | chives | plain flour,3,butter,chives,plain flour,17,0.0017020424509411295
2928,butter | dark chocolate | golden syrup,3,butter,dark chocolate,golden syrup,17,0.0017020424509411295
2929,butter | dijon mustard | garlic,3,butter,dijon mustard,garlic,17,0.0017020424509411295
2930,butter | egg | fast-action dried yeast,3,butter,egg,fast-action dried yeast,17,0.0017020424509411295
2931,butter | eggs | ground ginger,3,butter,eggs,ground ginger,17,0.0017020424509411295
2932,butter | eggs | strawberries,3,butter,eggs,strawberries,17,0.0017020424509411295
2933,butter | eggs | vanilla bean paste,3,butter,eggs,vanilla bean paste,17,0.0017020424509411295
2934,butter | golden caster sugar | whole milk,3,butter,golden caster sugar,whole milk,17,0.0017020424509411295
2935,butter | ground ginger | plain flour,3,butter,ground ginger,plain flour,17,0.0017020424509411295
2936,butter | lemon | nutmeg,3,butter,lemon,nutmeg,17,0.0017020424509411295
2937,butter | milk | onions,3,butter,milk,onions,17,0.0017020424509411295
2938,butter | milk | potatoes,3,butter,milk,potatoes,17,0.0017020424509411295
2939,butter | milk | strong white bread flour,3,butter,milk,strong white bread flour,17,0.0017020424509411295
2940,butter | mixed spice | self-raising flour,3,butter,mixed spice,self-raising flour,17,0.0017020424509411295
2941,butter | mozzarella | parmesan,3,butter,mozzarella,parmesan,17,0.0017020424509411295
2942,butter | natural yogurt | self-raising flour,3,butter,natural yogurt,self-raising flour,17,0.0017020424509411295
2943,butter | olive oil | thyme leaves,3,butter,olive oil,thyme leaves,17,0.0017020424509411295
2944,butter | onion | potatoes,3,butter,onion,potatoes,17,0.0017020424509411295
2945,butter | onion | vegetable oil,3,butter,onion,vegetable oil,17,0.0017020424509411295
2946,butter | parmesan | white wine,3,butter,parmesan,white wine,17,0.0017020424509411295
2947,butter | plain flour | wholegrain mustard,3,butter,plain flour,wholegrain mustard,17,0.0017020424509411295
2948,butter | vanilla extract | white chocolate,3,butter,vanilla extract,white chocolate,17,0.0017020424509411295
2949,buttermilk | icing sugar | vanilla extract,3,buttermilk,icing sugar,vanilla extract,17,0.0017020424509411295
2950,capers | extra virgin olive oil | lemon,3,capers,extra virgin olive oil,lemon,17,0.0017020424509411295
2951,cardamom pods | cinnamon | garlic,3,cardamom pods,cinnamon,garlic,17,0.0017020424509411295
2952,cardamom pods | garlic | turmeric,3,cardamom pods,garlic,turmeric,17,0.0017020424509411295
2953,cardamom pods | ginger | onion,3,cardamom pods,ginger,onion,17,0.0017020424509411295
2954,carrot | chopped tomatoes | olive oil,3,carrot,chopped tomatoes,olive oil,17,0.0017020424509411295
2955,carrot | chopped tomatoes | onion,3,carrot,chopped tomatoes,onion,17,0.0017020424509411295
2956,carrot | eggs | garlic,3,carrot,eggs,garlic,17,0.0017020424509411295
2957,carrot | garlic | parsley,3,carrot,garlic,parsley,17,0.0017020424509411295
2958,carrots | chicken stock | plain flour,3,carrots,chicken stock,plain flour,17,0.0017020424509411295
2959,carrots | chopped tomatoes | onions,3,carrots,chopped tomatoes,onions,17,0.0017020424509411295
2960,carrots | garlic | ground cumin,3,carrots,garlic,ground cumin,17,0.0017020424509411295
2961,carrots | garlic | parmesan,3,carrots,garlic,parmesan,17,0.0017020424509411295
2962,carrots | garlic | soy sauce,3,carrots,garlic,soy sauce,17,0.0017020424509411295
2963,carrots | olive oil | plain flour,3,carrots,olive oil,plain flour,17,0.0017020424509411295
2964,carrots | onion | vegetable oil,3,carrots,onion,vegetable oil,17,0.0017020424509411295
2965,carrots | onions | red wine,3,carrots,onions,red wine,17,0.0017020424509411295
2966,caster sugar | cold butter | plain flour,3,caster sugar,cold butter,plain flour,17,0.0017020424509411295
2967,caster sugar | dark chocolate | light brown soft sugar,3,caster sugar,dark chocolate,light brown soft sugar,17,0.0017020424509411295
2968,caster sugar | dark chocolate | salted butter,3,caster sugar,dark chocolate,salted butter,17,0.0017020424509411295
2969,caster sugar | double cream | vanilla bean paste,3,caster sugar,double cream,vanilla bean paste,17,0.0017020424509411295
2970,caster sugar | egg | vegetable oil,3,caster sugar,egg,vegetable oil,17,0.0017020424509411295
2971,caster sugar | eggs | mascarpone,3,caster sugar,eggs,mascarpone,17,0.0017020424509411295
2972,caster sugar | fast-action dried yeast | milk,3,caster sugar,fast-action dried yeast,milk,17,0.0017020424509411295
2973,caster sugar | lemon | vanilla extract,3,caster sugar,lemon,vanilla extract,17,0.0017020424509411295
2974,caster sugar | orange | plain flour,3,caster sugar,orange,plain flour,17,0.0017020424509411295
2975,caster sugar | plain flour | white chocolate,3,caster sugar,plain flour,white chocolate,17,0.0017020424509411295
2976,cauliflower | coriander | garlic,3,cauliflower,coriander,garlic,17,0.0017020424509411295
2977,celery | olive oil | rosemary,3,celery,olive oil,rosemary,17,0.0017020424509411295
2978,celery | rapeseed oil | tomato purée,3,celery,rapeseed oil,tomato purée,17,0.0017020424509411295
2979,cherry tomatoes | extra virgin olive oil | garlic,3,cherry tomatoes,extra virgin olive oil,garlic,17,0.0017020424509411295
2980,chicken breasts | garlic | olive oil,3,chicken breasts,garlic,olive oil,17,0.0017020424509411295
2981,chicken stock | garlic | soy sauce,3,chicken stock,garlic,soy sauce,17,0.0017020424509411295
2982,chicken stock | ginger | soy sauce,3,chicken stock,ginger,soy sauce,17,0.0017020424509411295
2983,chicken stock | lemon | onion,3,chicken stock,lemon,onion,17,0.0017020424509411295
2984,chickpeas | lemon | parsley,3,chickpeas,lemon,parsley,17,0.0017020424509411295
2985,chickpeas | lemon | red onion,3,chickpeas,lemon,red onion,17,0.0017020424509411295
2986,chickpeas | olive oil | onion,3,chickpeas,olive oil,onion,17,0.0017020424509411295
2987,chilli flakes | cumin seeds | garlic,3,chilli flakes,cumin seeds,garlic,17,0.0017020424509411295
2988,chilli flakes | dried oregano | olive oil,3,chilli flakes,dried oregano,olive oil,17,0.0017020424509411295
2989,chilli flakes | fennel seeds | garlic,3,chilli flakes,fennel seeds,garlic,17,0.0017020424509411295
2990,chilli flakes | garlic | red wine vinegar,3,chilli flakes,garlic,red wine vinegar,17,0.0017020424509411295
2991,chilli flakes | garlic | soy sauce,3,chilli flakes,garlic,soy sauce,17,0.0017020424509411295
2992,chilli flakes | lemon | parsley,3,chilli flakes,lemon,parsley,17,0.0017020424509411295
2993,chilli powder | ginger | ground cumin,3,chilli powder,ginger,ground cumin,17,0.0017020424509411295
2994,chilli powder | ginger | turmeric,3,chilli powder,ginger,turmeric,17,0.0017020424509411295
2995,chopped tomatoes | coriander leaves | garlic,3,chopped tomatoes,coriander leaves,garlic,17,0.0017020424509411295
2996,chopped tomatoes | cumin seeds | ground coriander,3,chopped tomatoes,cumin seeds,ground coriander,17,0.0017020424509411295
2997,chopped tomatoes | cumin seeds | onion,3,chopped tomatoes,cumin seeds,onion,17,0.0017020424509411295
2998,chopped tomatoes | garlic | vegetable stock,3,chopped tomatoes,garlic,vegetable stock,17,0.0017020424509411295
2999,chorizo | garlic | olive oil,3,chorizo,garlic,olive oil,17,0.0017020424509411295
3000,cider vinegar | garlic | olive oil,3,cider vinegar,garlic,olive oil,17,0.0017020424509411295
3001,cinnamon | coriander | ginger,3,cinnamon,coriander,ginger,17,0.0017020424509411295
3002,cinnamon | eggs | icing sugar,3,cinnamon,eggs,icing sugar,17,0.0017020424509411295
3003,cinnamon | garlic | tomatoes,3,cinnamon,garlic,tomatoes,17,0.0017020424509411295
3004,cinnamon | ginger | ground coriander,3,cinnamon,ginger,ground coriander,17,0.0017020424509411295
3005,cocoa powder | light brown soft sugar | unsalted butter,3,cocoa powder,light brown soft sugar,unsalted butter,17,0.0017020424509411295
3006,cocoa powder | milk | vegetable oil,3,cocoa powder,milk,vegetable oil,17,0.0017020424509411295
3007,cold butter | egg yolk | plain flour,3,cold butter,egg yolk,plain flour,17,0.0017020424509411295
3008,coriander leaves | garlic | tomato purée,3,coriander leaves,garlic,tomato purée,17,0.0017020424509411295
3009,coriander leaves | ginger | vegetable oil,3,coriander leaves,ginger,vegetable oil,17,0.0017020424509411295
3010,coriander leaves | ground coriander | ground cumin,3,coriander leaves,ground coriander,ground cumin,17,0.0017020424509411295
3011,coriander seeds | cumin seeds | ginger,3,coriander seeds,cumin seeds,ginger,17,0.0017020424509411295
3012,coriander seeds | cumin seeds | olive oil,3,coriander seeds,cumin seeds,olive oil,17,0.0017020424509411295
3013,coriander seeds | garlic | onion,3,coriander seeds,garlic,onion,17,0.0017020424509411295
3014,coriander | coriander seeds | cumin seeds,3,coriander,coriander seeds,cumin seeds,17,0.0017020424509411295
3015,coriander | cumin seeds | lemon,3,coriander,cumin seeds,lemon,17,0.0017020424509411295
3016,coriander | cumin seeds | tomatoes,3,coriander,cumin seeds,tomatoes,17,0.0017020424509411295
3017,coriander | garam masala | ground coriander,3,coriander,garam masala,ground coriander,17,0.0017020424509411295
3018,coriander | garam masala | turmeric,3,coriander,garam masala,turmeric,17,0.0017020424509411295
3019,coriander | garlic | honey,3,coriander,garlic,honey,17,0.0017020424509411295
3020,coriander | garlic | mint leaves,3,coriander,garlic,mint leaves,17,0.0017020424509411295
3021,coriander | garlic | sweet potatoes,3,coriander,garlic,sweet potatoes,17,0.0017020424509411295
3022,coriander | ground coriander | tomato purée,3,coriander,ground coriander,tomato purée,17,0.0017020424509411295
3023,coriander | lime | red pepper,3,coriander,lime,red pepper,17,0.0017020424509411295
3024,coriander | limes | red onion,3,coriander,limes,red onion,17,0.0017020424509411295
3025,coriander | olive oil | tomatoes,3,coriander,olive oil,tomatoes,17,0.0017020424509411295
3026,coriander | onion | tomatoes,3,coriander,onion,tomatoes,17,0.0017020424509411295
3027,coriander | rapeseed oil | tomato purée,3,coriander,rapeseed oil,tomato purée,17,0.0017020424509411295
3028,coriander | red chilli | red pepper,3,coriander,red chilli,red pepper,17,0.0017020424509411295
3029,coriander | red chilli | sesame oil,3,coriander,red chilli,sesame oil,17,0.0017020424509411295
3030,coriander | red onion | vegetable oil,3,coriander,red onion,vegetable oil,17,0.0017020424509411295
3031,cornflour | dark soy sauce | garlic,3,cornflour,dark soy sauce,garlic,17,0.0017020424509411295
3032,cornflour | double cream | whole milk,3,cornflour,double cream,whole milk,17,0.0017020424509411295
3033,cornflour | egg whites | vanilla extract,3,cornflour,egg whites,vanilla extract,17,0.0017020424509411295
3034,cornflour | egg yolks | whole milk,3,cornflour,egg yolks,whole milk,17,0.0017020424509411295
3035,cornflour | eggs | golden caster sugar,3,cornflour,eggs,golden caster sugar,17,0.0017020424509411295
3036,cornflour | garlic | plain flour,3,cornflour,garlic,plain flour,17,0.0017020424509411295
3037,cornflour | lemon | plain flour,3,cornflour,lemon,plain flour,17,0.0017020424509411295
3038,cornflour | milk | plain flour,3,cornflour,milk,plain flour,17,0.0017020424509411295
3039,courgettes | garlic | red onion,3,courgettes,garlic,red onion,17,0.0017020424509411295
3040,crusty bread | garlic | onion,3,crusty bread,garlic,onion,17,0.0017020424509411295
3041,cucumber | garlic | vegetable oil,3,cucumber,garlic,vegetable oil,17,0.0017020424509411295
3042,cucumber | lemon | parsley,3,cucumber,lemon,parsley,17,0.0017020424509411295
3043,cucumber | red onion | tomatoes,3,cucumber,red onion,tomatoes,17,0.0017020424509411295
3044,cumin seeds | garam masala | ginger,3,cumin seeds,garam masala,ginger,17,0.0017020424509411295
3045,cumin seeds | garlic | green chillies,3,cumin seeds,garlic,green chillies,17,0.0017020424509411295
3046,cumin seeds | garlic | vegetable stock,3,cumin seeds,garlic,vegetable stock,17,0.0017020424509411295
3047,cumin seeds | ginger | vegetable oil,3,cumin seeds,ginger,vegetable oil,17,0.0017020424509411295
3048,cumin seeds | onions | rapeseed oil,3,cumin seeds,onions,rapeseed oil,17,0.0017020424509411295
3049,curry powder | garlic | rapeseed oil,3,curry powder,garlic,rapeseed oil,17,0.0017020424509411295
3050,dark chocolate | double cream | egg yolks,3,dark chocolate,double cream,egg yolks,17,0.0017020424509411295
3051,dark chocolate | double cream | self-raising flour,3,dark chocolate,double cream,self-raising flour,17,0.0017020424509411295
3052,dark chocolate | egg | golden caster sugar,3,dark chocolate,egg,golden caster sugar,17,0.0017020424509411295
3053,dark chocolate | egg | vanilla extract,3,dark chocolate,egg,vanilla extract,17,0.0017020424509411295
3054,dark chocolate | eggs | milk chocolate,3,dark chocolate,eggs,milk chocolate,17,0.0017020424509411295
3055,dark chocolate | golden caster sugar | milk,3,dark chocolate,golden caster sugar,milk,17,0.0017020424509411295
3056,dark chocolate | golden caster sugar | self-raising flour,3,dark chocolate,golden caster sugar,self-raising flour,17,0.0017020424509411295
3057,dark chocolate | golden syrup | plain flour,3,dark chocolate,golden syrup,plain flour,17,0.0017020424509411295
3058,dark chocolate | milk | plain flour,3,dark chocolate,milk,plain flour,17,0.0017020424509411295
3059,dark chocolate | milk | self-raising flour,3,dark chocolate,milk,self-raising flour,17,0.0017020424509411295
3060,dark soy sauce | garlic | sesame oil,3,dark soy sauce,garlic,sesame oil,17,0.0017020424509411295
3061,dijon mustard | eggs | plain flour,3,dijon mustard,eggs,plain flour,17,0.0017020424509411295
3062,dijon mustard | olive oil | parsley,3,dijon mustard,olive oil,parsley,17,0.0017020424509411295
3063,double cream | egg yolks | milk,3,double cream,egg yolks,milk,17,0.0017020424509411295
3064,double cream | eggs | golden syrup,3,double cream,eggs,golden syrup,17,0.0017020424509411295
3065,double cream | eggs | vegetable oil,3,double cream,eggs,vegetable oil,17,0.0017020424509411295
3066,double cream | golden caster sugar | whole milk,3,double cream,golden caster sugar,whole milk,17,0.0017020424509411295
3067,dried oregano | egg | garlic,3,dried oregano,egg,garlic,17,0.0017020424509411295
3068,dried oregano | ground cumin | onion,3,dried oregano,ground cumin,onion,17,0.0017020424509411295
3069,dried oregano | olive oil | parsley,3,dried oregano,olive oil,parsley,17,0.0017020424509411295
3070,dried oregano | olive oil | red onion,3,dried oregano,olive oil,red onion,17,0.0017020424509411295
3071,egg yolk | garlic | olive oil,3,egg yolk,garlic,olive oil,17,0.0017020424509411295
3072,egg yolks | eggs | icing sugar,3,egg yolks,eggs,icing sugar,17,0.0017020424509411295
3073,egg yolks | golden caster sugar | icing sugar,3,egg yolks,golden caster sugar,icing sugar,17,0.0017020424509411295
3074,egg | fast-action dried yeast | golden caster sugar,3,egg,fast-action dried yeast,golden caster sugar,17,0.0017020424509411295
3075,egg | garlic | milk,3,egg,garlic,milk,17,0.0017020424509411295
3076,egg | ground cinnamon | milk,3,egg,ground cinnamon,milk,17,0.0017020424509411295
3077,egg | light brown soft sugar | unsalted butter,3,egg,light brown soft sugar,unsalted butter,17,0.0017020424509411295
3078,egg | milk | vegetable oil,3,egg,milk,vegetable oil,17,0.0017020424509411295
3079,egg | plain flour | spring onions,3,egg,plain flour,spring onions,17,0.0017020424509411295
3080,eggs | flaked almonds | plain flour,3,eggs,flaked almonds,plain flour,17,0.0017020424509411295
3081,eggs | frozen peas | garlic,3,eggs,frozen peas,garlic,17,0.0017020424509411295
3082,eggs | garlic | ground cumin,3,eggs,garlic,ground cumin,17,0.0017020424509411295
3083,eggs | golden caster sugar | milk chocolate,3,eggs,golden caster sugar,milk chocolate,17,0.0017020424509411295
3084,eggs | ground ginger | light brown soft sugar,3,eggs,ground ginger,light brown soft sugar,17,0.0017020424509411295
3085,eggs | icing sugar | slightly salted butter,3,eggs,icing sugar,slightly salted butter,17,0.0017020424509411295
3086,eggs | natural yogurt | unsalted butter,3,eggs,natural yogurt,unsalted butter,17,0.0017020424509411295
3087,eggs | pistachios | plain flour,3,eggs,pistachios,plain flour,17,0.0017020424509411295
3088,eggs | raspberries | self-raising flour,3,eggs,raspberries,self-raising flour,17,0.0017020424509411295
3089,eggs | strong white bread flour | unsalted butter,3,eggs,strong white bread flour,unsalted butter,17,0.0017020424509411295
3090,extra virgin olive oil | garlic | smoked paprika,3,extra virgin olive oil,garlic,smoked paprika,17,0.0017020424509411295
3091,extra virgin olive oil | lemon | tahini,3,extra virgin olive oil,lemon,tahini,17,0.0017020424509411295
3092,fast-action dried yeast | golden caster sugar | plain flour,3,fast-action dried yeast,golden caster sugar,plain flour,17,0.0017020424509411295
3093,fast-action dried yeast | strong white bread flour | whole milk,3,fast-action dried yeast,strong white bread flour,whole milk,17,0.0017020424509411295
3094,fennel seeds | garlic | parsley,3,fennel seeds,garlic,parsley,17,0.0017020424509411295
3095,fennel seeds | garlic | tomato purée,3,fennel seeds,garlic,tomato purée,17,0.0017020424509411295
3096,fennel seeds | garlic | white wine,3,fennel seeds,garlic,white wine,17,0.0017020424509411295
3097,feta | mint leaves | olive oil,3,feta,mint leaves,olive oil,17,0.0017020424509411295
3098,fresh thyme leaves | garlic | rapeseed oil,3,fresh thyme leaves,garlic,rapeseed oil,17,0.0017020424509411295
3099,garam masala | garlic | lemon,3,garam masala,garlic,lemon,17,0.0017020424509411295
3100,garam masala | garlic | rapeseed oil,3,garam masala,garlic,rapeseed oil,17,0.0017020424509411295
3101,garam masala | ginger | green chilli,3,garam masala,ginger,green chilli,17,0.0017020424509411295
3102,garam masala | ginger | rapeseed oil,3,garam masala,ginger,rapeseed oil,17,0.0017020424509411295
3103,garam masala | ground cumin | turmeric,3,garam masala,ground cumin,turmeric,17,0.0017020424509411295
3104,garlic | golden caster sugar | onion,3,garlic,golden caster sugar,onion,17,0.0017020424509411295
3105,garlic | green chilli | red onion,3,garlic,green chilli,red onion,17,0.0017020424509411295
3106,garlic | green chilli | tomato purée,3,garlic,green chilli,tomato purée,17,0.0017020424509411295
3107,garlic | ground coriander | vegetable stock,3,garlic,ground coriander,vegetable stock,17,0.0017020424509411295
3108,garlic | ground cumin | limes,3,garlic,ground cumin,limes,17,0.0017020424509411295
3109,garlic | ground cumin | mint,3,garlic,ground cumin,mint,17,0.0017020424509411295
3110,garlic | ground cumin | oil,3,garlic,ground cumin,oil,17,0.0017020424509411295
3111,garlic | ground cumin | pomegranate seeds,3,garlic,ground cumin,pomegranate seeds,17,0.0017020424509411295
3112,garlic | ground cumin | vegetable stock,3,garlic,ground cumin,vegetable stock,17,0.0017020424509411295
3113,garlic | honey | sesame oil,3,garlic,honey,sesame oil,17,0.0017020424509411295
3114,garlic | honey | spring onions,3,garlic,honey,spring onions,17,0.0017020424509411295
3115,garlic | juice | red chilli,3,garlic,juice,red chilli,17,0.0017020424509411295
3116,garlic | juice | red onion,3,garlic,juice,red onion,17,0.0017020424509411295
3117,garlic | juice | spring onions,3,garlic,juice,spring onions,17,0.0017020424509411295
3118,garlic | lamb mince | olive oil,3,garlic,lamb mince,olive oil,17,0.0017020424509411295
3119,garlic | lemon | red peppers,3,garlic,lemon,red peppers,17,0.0017020424509411295
3120,garlic | light brown soft sugar | olive oil,3,garlic,light brown soft sugar,olive oil,17,0.0017020424509411295
3121,garlic | lime | turmeric,3,garlic,lime,turmeric,17,0.0017020424509411295
3122,garlic | limes | red onion,3,garlic,limes,red onion,17,0.0017020424509411295
3123,garlic | mushrooms | olive oil,3,garlic,mushrooms,olive oil,17,0.0017020424509411295
3124,garlic | nutmeg | plain flour,3,garlic,nutmeg,plain flour,17,0.0017020424509411295
3125,garlic | olive oil | pork mince,3,garlic,olive oil,pork mince,17,0.0017020424509411295
3126,garlic | olive oil | sesame seeds,3,garlic,olive oil,sesame seeds,17,0.0017020424509411295
3127,garlic | onion | potato,3,garlic,onion,potato,17,0.0017020424509411295
3128,garlic | onion | saffron,3,garlic,onion,saffron,17,0.0017020424509411295
3129,garlic | onion | sweet smoked paprika,3,garlic,onion,sweet smoked paprika,17,0.0017020424509411295
3130,garlic | onion | whole milk,3,garlic,onion,whole milk,17,0.0017020424509411295
3131,garlic | onions | thyme leaves,3,garlic,onions,thyme leaves,17,0.0017020424509411295
3132,garlic | panko breadcrumbs | plain flour,3,garlic,panko breadcrumbs,plain flour,17,0.0017020424509411295
3133,garlic | parmesan | vegetable stock,3,garlic,parmesan,vegetable stock,17,0.0017020424509411295
3134,garlic | plain flour | white wine,3,garlic,plain flour,white wine,17,0.0017020424509411295
3135,garlic | rapeseed oil | rocket,3,garlic,rapeseed oil,rocket,17,0.0017020424509411295
3136,garlic | red chilli | turmeric,3,garlic,red chilli,turmeric,17,0.0017020424509411295
3137,garlic | red chilli | vegetable stock,3,garlic,red chilli,vegetable stock,17,0.0017020424509411295
3138,garlic | red onion | tahini,3,garlic,red onion,tahini,17,0.0017020424509411295
3139,garlic | red onion | tomato,3,garlic,red onion,tomato,17,0.0017020424509411295
3140,garlic | red onions | tomato purée,3,garlic,red onions,tomato purée,17,0.0017020424509411295
3141,garlic | red peppers | smoked paprika,3,garlic,red peppers,smoked paprika,17,0.0017020424509411295
3142,garlic | red wine vinegar | sugar,3,garlic,red wine vinegar,sugar,17,0.0017020424509411295
3143,garlic | rice wine vinegar | spring onions,3,garlic,rice wine vinegar,spring onions,17,0.0017020424509411295
3144,garlic | shallots | thyme,3,garlic,shallots,thyme,17,0.0017020424509411295
3145,garlic | shallots | vegetable oil,3,garlic,shallots,vegetable oil,17,0.0017020424509411295
3146,garlic | soy sauce | tomato purée,3,garlic,soy sauce,tomato purée,17,0.0017020424509411295
3147,garlic | spring onions | thyme,3,garlic,spring onions,thyme,17,0.0017020424509411295
3148,garlic | spring onions | tomatoes,3,garlic,spring onions,tomatoes,17,0.0017020424509411295
3149,ginger | golden caster sugar | spring onions,3,ginger,golden caster sugar,spring onions,17,0.0017020424509411295
3150,ginger | green chilli | ground coriander,3,ginger,green chilli,ground coriander,17,0.0017020424509411295
3151,ginger | ground cumin | onions,3,ginger,ground cumin,onions,17,0.0017020424509411295
3152,ginger | ground cumin | sunflower oil,3,ginger,ground cumin,sunflower oil,17,0.0017020424509411295
3153,ginger | lime | red onion,3,ginger,lime,red onion,17,0.0017020424509411295
3154,ginger | lime | soy sauce,3,ginger,lime,soy sauce,17,0.0017020424509411295
3155,ginger | onion | rice,3,ginger,onion,rice,17,0.0017020424509411295
3156,ginger | onions | rapeseed oil,3,ginger,onions,rapeseed oil,17,0.0017020424509411295
3157,ginger | onions | tomatoes,3,ginger,onions,tomatoes,17,0.0017020424509411295
3158,ginger | tomatoes | turmeric,3,ginger,tomatoes,turmeric,17,0.0017020424509411295
3159,golden caster sugar | lemons | self-raising flour,3,golden caster sugar,lemons,self-raising flour,17,0.0017020424509411295
3160,golden caster sugar | light muscovado sugar | plain flour,3,golden caster sugar,light muscovado sugar,plain flour,17,0.0017020424509411295
3161,golden caster sugar | natural yogurt | self-raising flour,3,golden caster sugar,natural yogurt,self-raising flour,17,0.0017020424509411295
3162,golden caster sugar | vanilla extract | white chocolate,3,golden caster sugar,vanilla extract,white chocolate,17,0.0017020424509411295
3163,ground almonds | plain flour | vanilla extract,3,ground almonds,plain flour,vanilla extract,17,0.0017020424509411295
3164,ground cinnamon | ground coriander | olive oil,3,ground cinnamon,ground coriander,olive oil,17,0.0017020424509411295
3165,ground cinnamon | ground ginger | lemon,3,ground cinnamon,ground ginger,lemon,17,0.0017020424509411295
3166,ground cinnamon | icing sugar | vegetable oil,3,ground cinnamon,icing sugar,vegetable oil,17,0.0017020424509411295
3167,ground cinnamon | milk | vanilla extract,3,ground cinnamon,milk,vanilla extract,17,0.0017020424509411295
3168,ground coriander | rapeseed oil | tomatoes,3,ground coriander,rapeseed oil,tomatoes,17,0.0017020424509411295
3169,ground cumin | lemon | onion,3,ground cumin,lemon,onion,17,0.0017020424509411295
3170,ground cumin | lime | red onion,3,ground cumin,lime,red onion,17,0.0017020424509411295
3171,ground cumin | mint leaves | olive oil,3,ground cumin,mint leaves,olive oil,17,0.0017020424509411295
3172,honey | olive oil | red onion,3,honey,olive oil,red onion,17,0.0017020424509411295
3173,icing sugar | lemon | unsalted butter,3,icing sugar,lemon,unsalted butter,17,0.0017020424509411295
3174,icing sugar | maple syrup | vanilla extract,3,icing sugar,maple syrup,vanilla extract,17,0.0017020424509411295
3175,icing sugar | natural yogurt | vanilla extract,3,icing sugar,natural yogurt,vanilla extract,17,0.0017020424509411295
3176,leeks | olive oil | plain flour,3,leeks,olive oil,plain flour,17,0.0017020424509411295
3177,lemon | mayonnaise | olive oil,3,lemon,mayonnaise,olive oil,17,0.0017020424509411295
3178,lemon | mint leaves | red onion,3,lemon,mint leaves,red onion,17,0.0017020424509411295
3179,lemon | olive oil | red onions,3,lemon,olive oil,red onions,17,0.0017020424509411295
3180,lemon | onion | white wine,3,lemon,onion,white wine,17,0.0017020424509411295
3181,lemon | parsley | smoked paprika,3,lemon,parsley,smoked paprika,17,0.0017020424509411295
3182,lemon | red onion | smoked paprika,3,lemon,red onion,smoked paprika,17,0.0017020424509411295
3183,light muscovado sugar | plain flour | vanilla extract,3,light muscovado sugar,plain flour,vanilla extract,17,0.0017020424509411295
3184,lime | red onion | smoked paprika,3,lime,red onion,smoked paprika,17,0.0017020424509411295
3185,mature cheddar | milk | plain flour,3,mature cheddar,milk,plain flour,17,0.0017020424509411295
3186,mature cheddar | olive oil | plain flour,3,mature cheddar,olive oil,plain flour,17,0.0017020424509411295
3187,milk | nutmeg | plain flour,3,milk,nutmeg,plain flour,17,0.0017020424509411295
3188,milk | salted butter | self-raising flour,3,milk,salted butter,self-raising flour,17,0.0017020424509411295
3189,mint leaves | olive oil | red onion,3,mint leaves,olive oil,red onion,17,0.0017020424509411295
3190,nutmeg | olive oil | onion,3,nutmeg,olive oil,onion,17,0.0017020424509411295
3191,nutmeg | parmesan | plain flour,3,nutmeg,parmesan,plain flour,17,0.0017020424509411295
3192,olive oil | onion | passata,3,olive oil,onion,passata,17,0.0017020424509411295
3193,olive oil | onions | red wine,3,olive oil,onions,red wine,17,0.0017020424509411295
3194,olive oil | plain flour | rosemary,3,olive oil,plain flour,rosemary,17,0.0017020424509411295
3195,olive oil | red wine vinegar | sugar,3,olive oil,red wine vinegar,sugar,17,0.0017020424509411295
3196,olive oil | rosemary | thyme,3,olive oil,rosemary,thyme,17,0.0017020424509411295
3197,onion | parsley | plain flour,3,onion,parsley,plain flour,17,0.0017020424509411295
3198,onion | rapeseed oil | smoked paprika,3,onion,rapeseed oil,smoked paprika,17,0.0017020424509411295
3199,onion | red wine | tomato purée,3,onion,red wine,tomato purée,17,0.0017020424509411295
3200,onion | tomato purée | vegetable stock,3,onion,tomato purée,vegetable stock,17,0.0017020424509411295
3201,onions | smoked paprika | tomato purée,3,onions,smoked paprika,tomato purée,17,0.0017020424509411295
3202,red chilli | spring onions | vegetable oil,3,red chilli,spring onions,vegetable oil,17,0.0017020424509411295
3203,unsalted butter | vanilla extract | white chocolate,3,unsalted butter,vanilla extract,white chocolate,17,0.0017020424509411295
3204,almond extract | baking powder | eggs,3,almond extract,baking powder,eggs,16,0.0016019223067681217
3205,almond extract | ground almonds | icing sugar,3,almond extract,ground almonds,icing sugar,16,0.0016019223067681217
3206,aubergines | chopped tomatoes | garlic,3,aubergines,chopped tomatoes,garlic,16,0.0016019223067681217
3207,baby spinach | eggs | garlic,3,baby spinach,eggs,garlic,16,0.0016019223067681217
3208,baking powder | butter | buttermilk,3,baking powder,butter,buttermilk,16,0.0016019223067681217
3209,baking powder | butter | vegetable oil,3,baking powder,butter,vegetable oil,16,0.0016019223067681217
3210,baking powder | butter | white chocolate,3,baking powder,butter,white chocolate,16,0.0016019223067681217
3211,baking powder | caster sugar | lemon,3,baking powder,caster sugar,lemon,16,0.0016019223067681217
3212,baking powder | caster sugar | whole milk,3,baking powder,caster sugar,whole milk,16,0.0016019223067681217
3213,baking powder | egg | icing sugar,3,baking powder,egg,icing sugar,16,0.0016019223067681217
3214,baking powder | eggs | honey,3,baking powder,eggs,honey,16,0.0016019223067681217
3215,baking powder | eggs | raspberries,3,baking powder,eggs,raspberries,16,0.0016019223067681217
3216,baking powder | golden caster sugar | light brown soft sugar,3,baking powder,golden caster sugar,light brown soft sugar,16,0.0016019223067681217
3217,baking powder | ground almonds | vanilla extract,3,baking powder,ground almonds,vanilla extract,16,0.0016019223067681217
3218,baking powder | lemon | orange,3,baking powder,lemon,orange,16,0.0016019223067681217
3219,baking powder | maple syrup | milk,3,baking powder,maple syrup,milk,16,0.0016019223067681217
3220,baking powder | maple syrup | self-raising flour,3,baking powder,maple syrup,self-raising flour,16,0.0016019223067681217
3221,baking powder | natural yogurt | vanilla extract,3,baking powder,natural yogurt,vanilla extract,16,0.0016019223067681217
3222,baking powder | orange | vanilla extract,3,baking powder,orange,vanilla extract,16,0.0016019223067681217
3223,basil leaves | chopped tomatoes | olive oil,3,basil leaves,chopped tomatoes,olive oil,16,0.0016019223067681217
3224,basil leaves | mozzarella | olive oil,3,basil leaves,mozzarella,olive oil,16,0.0016019223067681217
3225,basil | extra virgin olive oil | garlic,3,basil,extra virgin olive oil,garlic,16,0.0016019223067681217
3226,basil | garlic | pine nuts,3,basil,garlic,pine nuts,16,0.0016019223067681217
3227,basil | garlic | red onion,3,basil,garlic,red onion,16,0.0016019223067681217
3228,basmati rice | garam masala | ginger,3,basmati rice,garam masala,ginger,16,0.0016019223067681217
3229,basmati rice | garlic | ground cumin,3,basmati rice,garlic,ground cumin,16,0.0016019223067681217
3230,basmati rice | garlic | onions,3,basmati rice,garlic,onions,16,0.0016019223067681217
3231,basmati rice | ginger | vegetable oil,3,basmati rice,ginger,vegetable oil,16,0.0016019223067681217
3232,bay leaf | butter | milk,3,bay leaf,butter,milk,16,0.0016019223067681217
3233,bay leaf | butter | nutmeg,3,bay leaf,butter,nutmeg,16,0.0016019223067681217
3234,bay leaf | celery | garlic,3,bay leaf,celery,garlic,16,0.0016019223067681217
3235,bay leaf | onion | plain flour,3,bay leaf,onion,plain flour,16,0.0016019223067681217
3236,bay leaves | chicken stock | olive oil,3,bay leaves,chicken stock,olive oil,16,0.0016019223067681217
3237,bay leaves | dried oregano | olive oil,3,bay leaves,dried oregano,olive oil,16,0.0016019223067681217
3238,bay leaves | garlic | ground cumin,3,bay leaves,garlic,ground cumin,16,0.0016019223067681217
3239,bay leaves | milk | plain flour,3,bay leaves,milk,plain flour,16,0.0016019223067681217
3240,bay leaves | olive oil | red wine vinegar,3,bay leaves,olive oil,red wine vinegar,16,0.0016019223067681217
3241,bay leaves | olive oil | rosemary,3,bay leaves,olive oil,rosemary,16,0.0016019223067681217
3242,bay leaves | onion | vegetable oil,3,bay leaves,onion,vegetable oil,16,0.0016019223067681217
3243,bay leaves | parmesan | tomato purée,3,bay leaves,parmesan,tomato purée,16,0.0016019223067681217
3244,beef mince | olive oil | parmesan,3,beef mince,olive oil,parmesan,16,0.0016019223067681217
3245,beef stock | butter | onions,3,beef stock,butter,onions,16,0.0016019223067681217
3246,beef stock | carrots | garlic,3,beef stock,carrots,garlic,16,0.0016019223067681217
3247,beef stock | carrots | red wine,3,beef stock,carrots,red wine,16,0.0016019223067681217
3248,beef stock | garlic | onions,3,beef stock,garlic,onions,16,0.0016019223067681217
3249,beef stock | olive oil | tomato purée,3,beef stock,olive oil,tomato purée,16,0.0016019223067681217
3250,bicarbonate of soda | butter | dark chocolate,3,bicarbonate of soda,butter,dark chocolate,16,0.0016019223067681217
3251,bicarbonate of soda | buttermilk | cocoa powder,3,bicarbonate of soda,buttermilk,cocoa powder,16,0.0016019223067681217
3252,bicarbonate of soda | buttermilk | vegetable oil,3,bicarbonate of soda,buttermilk,vegetable oil,16,0.0016019223067681217
3253,bicarbonate of soda | caster sugar | unsalted butter,3,bicarbonate of soda,caster sugar,unsalted butter,16,0.0016019223067681217
3254,bicarbonate of soda | dark muscovado sugar | plain flour,3,bicarbonate of soda,dark muscovado sugar,plain flour,16,0.0016019223067681217
3255,bicarbonate of soda | double cream | self-raising flour,3,bicarbonate of soda,double cream,self-raising flour,16,0.0016019223067681217
3256,bicarbonate of soda | golden caster sugar | light brown soft sugar,3,bicarbonate of soda,golden caster sugar,light brown soft sugar,16,0.0016019223067681217
3257,bicarbonate of soda | plain flour | salted butter,3,bicarbonate of soda,plain flour,salted butter,16,0.0016019223067681217
3258,black beans | dried oregano | garlic,3,black beans,dried oregano,garlic,16,0.0016019223067681217
3259,black beans | garlic | rapeseed oil,3,black beans,garlic,rapeseed oil,16,0.0016019223067681217
3260,black beans | ground coriander | ground cumin,3,black beans,ground coriander,ground cumin,16,0.0016019223067681217
3261,black beans | ground cumin | lime,3,black beans,ground cumin,lime,16,0.0016019223067681217
3262,black beans | ground cumin | olive oil,3,black beans,ground cumin,olive oil,16,0.0016019223067681217
3263,black peppercorns | garlic | ginger,3,black peppercorns,garlic,ginger,16,0.0016019223067681217
3264,butter | buttermilk | plain flour,3,butter,buttermilk,plain flour,16,0.0016019223067681217
3265,butter | carrot | plain flour,3,butter,carrot,plain flour,16,0.0016019223067681217
3266,butter | caster sugar | golden caster sugar,3,butter,caster sugar,golden caster sugar,16,0.0016019223067681217
3267,butter | cheddar | milk,3,butter,cheddar,milk,16,0.0016019223067681217
3268,butter | cheddar | plain flour,3,butter,cheddar,plain flour,16,0.0016019223067681217
3269,butter | cocoa powder | light brown soft sugar,3,butter,cocoa powder,light brown soft sugar,16,0.0016019223067681217
3270,butter | dark chocolate | egg,3,butter,dark chocolate,egg,16,0.0016019223067681217
3271,butter | egg | light brown soft sugar,3,butter,egg,light brown soft sugar,16,0.0016019223067681217
3272,butter | egg | strong white bread flour,3,butter,egg,strong white bread flour,16,0.0016019223067681217
3273,butter | flour | milk,3,butter,flour,milk,16,0.0016019223067681217
3274,butter | garlic | gruyère,3,butter,garlic,gruyère,16,0.0016019223067681217
3275,butter | garlic | leeks,3,butter,garlic,leeks,16,0.0016019223067681217
3276,butter | garlic | spring onions,3,butter,garlic,spring onions,16,0.0016019223067681217
3277,butter | golden caster sugar | lemons,3,butter,golden caster sugar,lemons,16,0.0016019223067681217
3278,butter | ground ginger | icing sugar,3,butter,ground ginger,icing sugar,16,0.0016019223067681217
3279,butter | leeks | olive oil,3,butter,leeks,olive oil,16,0.0016019223067681217
3280,butter | lemon | white wine,3,butter,lemon,white wine,16,0.0016019223067681217
3281,butter | maple syrup | milk,3,butter,maple syrup,milk,16,0.0016019223067681217
3282,butter | mature cheddar | onion,3,butter,mature cheddar,onion,16,0.0016019223067681217
3283,butter | milk | sugar,3,butter,milk,sugar,16,0.0016019223067681217
3284,butter | mozzarella | plain flour,3,butter,mozzarella,plain flour,16,0.0016019223067681217
3285,butter | nutmeg | thyme,3,butter,nutmeg,thyme,16,0.0016019223067681217
3286,butter | olive oil | vegetable stock,3,butter,olive oil,vegetable stock,16,0.0016019223067681217
3287,butter | onion | rosemary,3,butter,onion,rosemary,16,0.0016019223067681217
3288,butter | onion | sunflower oil,3,butter,onion,sunflower oil,16,0.0016019223067681217
3289,butter | onion | whole milk,3,butter,onion,whole milk,16,0.0016019223067681217
3290,butter | parmesan | thyme,3,butter,parmesan,thyme,16,0.0016019223067681217
3291,butter | parsley | thyme,3,butter,parsley,thyme,16,0.0016019223067681217
3292,butter | plain flour | shallots,3,butter,plain flour,shallots,16,0.0016019223067681217
3293,butternut squash | coriander | garlic,3,butternut squash,coriander,garlic,16,0.0016019223067681217
3294,capers | dill | lemon,3,capers,dill,lemon,16,0.0016019223067681217
3295,cardamom pods | cinnamon | ginger,3,cardamom pods,cinnamon,ginger,16,0.0016019223067681217
3296,cardamom pods | ginger | turmeric,3,cardamom pods,ginger,turmeric,16,0.0016019223067681217
3297,carrot | celery | chopped tomatoes,3,carrot,celery,chopped tomatoes,16,0.0016019223067681217
3298,carrot | coriander | garlic,3,carrot,coriander,garlic,16,0.0016019223067681217
3299,carrot | egg | garlic,3,carrot,egg,garlic,16,0.0016019223067681217
3300,carrot | onion | vegetable oil,3,carrot,onion,vegetable oil,16,0.0016019223067681217
3301,carrot | sesame oil | sesame seeds,3,carrot,sesame oil,sesame seeds,16,0.0016019223067681217
3302,carrot | soy sauce | spring onions,3,carrot,soy sauce,spring onions,16,0.0016019223067681217
3303,carrots | celery | red wine,3,carrots,celery,red wine,16,0.0016019223067681217
3304,carrots | ginger | spring onions,3,carrots,ginger,spring onions,16,0.0016019223067681217
3305,carrots | ground coriander | ground cumin,3,carrots,ground coriander,ground cumin,16,0.0016019223067681217
3306,carrots | onion | sunflower oil,3,carrots,onion,sunflower oil,16,0.0016019223067681217
3307,carrots | onions | parsley,3,carrots,onions,parsley,16,0.0016019223067681217
3308,carrots | rapeseed oil | vegetable bouillon powder,3,carrots,rapeseed oil,vegetable bouillon powder,16,0.0016019223067681217
3309,caster sugar | cornflour | vegetable oil,3,caster sugar,cornflour,vegetable oil,16,0.0016019223067681217
3310,caster sugar | cornflour | whole milk,3,caster sugar,cornflour,whole milk,16,0.0016019223067681217
3311,caster sugar | double cream | pistachios,3,caster sugar,double cream,pistachios,16,0.0016019223067681217
3312,caster sugar | double cream | strawberries,3,caster sugar,double cream,strawberries,16,0.0016019223067681217
3313,caster sugar | egg yolks | milk,3,caster sugar,egg yolks,milk,16,0.0016019223067681217
3314,caster sugar | egg | self-raising flour,3,caster sugar,egg,self-raising flour,16,0.0016019223067681217
3315,caster sugar | eggs | ground cinnamon,3,caster sugar,eggs,ground cinnamon,16,0.0016019223067681217
3316,caster sugar | eggs | orange,3,caster sugar,eggs,orange,16,0.0016019223067681217
3317,caster sugar | garlic | red wine vinegar,3,caster sugar,garlic,red wine vinegar,16,0.0016019223067681217
3318,caster sugar | golden caster sugar | unsalted butter,3,caster sugar,golden caster sugar,unsalted butter,16,0.0016019223067681217
3319,caster sugar | ground cinnamon | unsalted butter,3,caster sugar,ground cinnamon,unsalted butter,16,0.0016019223067681217
3320,caster sugar | olive oil | strong white bread flour,3,caster sugar,olive oil,strong white bread flour,16,0.0016019223067681217
3321,caster sugar | plain flour | vanilla bean paste,3,caster sugar,plain flour,vanilla bean paste,16,0.0016019223067681217
3322,caster sugar | vanilla extract | vegetable oil,3,caster sugar,vanilla extract,vegetable oil,16,0.0016019223067681217
3323,cauliflower | garlic | ginger,3,cauliflower,garlic,ginger,16,0.0016019223067681217
3324,cayenne pepper | garlic | smoked paprika,3,cayenne pepper,garlic,smoked paprika,16,0.0016019223067681217
3325,celery | chopped tomatoes | parmesan,3,celery,chopped tomatoes,parmesan,16,0.0016019223067681217
3326,celery | garlic | red wine vinegar,3,celery,garlic,red wine vinegar,16,0.0016019223067681217
3327,celery | garlic | vegetable oil,3,celery,garlic,vegetable oil,16,0.0016019223067681217
3328,celery | milk | onion,3,celery,milk,onion,16,0.0016019223067681217
3329,celery | onion | rosemary,3,celery,onion,rosemary,16,0.0016019223067681217
3330,celery | onion | vegetable stock,3,celery,onion,vegetable stock,16,0.0016019223067681217
3331,cherry tomatoes | dried oregano | garlic,3,cherry tomatoes,dried oregano,garlic,16,0.0016019223067681217
3332,cherry tomatoes | feta | garlic,3,cherry tomatoes,feta,garlic,16,0.0016019223067681217
3333,cherry tomatoes | feta | olive oil,3,cherry tomatoes,feta,olive oil,16,0.0016019223067681217
3334,chestnut mushrooms | garlic | tomato purée,3,chestnut mushrooms,garlic,tomato purée,16,0.0016019223067681217
3335,chicken stock | garlic | red onion,3,chicken stock,garlic,red onion,16,0.0016019223067681217
3336,chicken stock | garlic | smoked paprika,3,chicken stock,garlic,smoked paprika,16,0.0016019223067681217
3337,chicken stock | garlic | spring onions,3,chicken stock,garlic,spring onions,16,0.0016019223067681217
3338,chicken stock | olive oil | white wine,3,chicken stock,olive oil,white wine,16,0.0016019223067681217
3339,chickpeas | coriander | red onion,3,chickpeas,coriander,red onion,16,0.0016019223067681217
3340,chickpeas | garlic | vegetable stock,3,chickpeas,garlic,vegetable stock,16,0.0016019223067681217
3341,chickpeas | ginger | ground coriander,3,chickpeas,ginger,ground coriander,16,0.0016019223067681217
3342,chickpeas | ground cumin | lemon,3,chickpeas,ground cumin,lemon,16,0.0016019223067681217
3343,chickpeas | lemon | tahini,3,chickpeas,lemon,tahini,16,0.0016019223067681217
3344,chickpeas | olive oil | tomato purée,3,chickpeas,olive oil,tomato purée,16,0.0016019223067681217
3345,chilli flakes | ground cumin | onion,3,chilli flakes,ground cumin,onion,16,0.0016019223067681217
3346,chilli flakes | mozzarella | olive oil,3,chilli flakes,mozzarella,olive oil,16,0.0016019223067681217
3347,chilli powder | garlic | turmeric,3,chilli powder,garlic,turmeric,16,0.0016019223067681217
3348,chilli powder | ground coriander | onion,3,chilli powder,ground coriander,onion,16,0.0016019223067681217
3349,chipotle paste | coriander | lime,3,chipotle paste,coriander,lime,16,0.0016019223067681217
3350,chives | eggs | plain flour,3,chives,eggs,plain flour,16,0.0016019223067681217
3351,chopped tomatoes | coriander | ginger,3,chopped tomatoes,coriander,ginger,16,0.0016019223067681217
3352,chopped tomatoes | ginger | ground coriander,3,chopped tomatoes,ginger,ground coriander,16,0.0016019223067681217
3353,chopped tomatoes | golden caster sugar | olive oil,3,chopped tomatoes,golden caster sugar,olive oil,16,0.0016019223067681217
3354,chopped tomatoes | onion | vegetable bouillon powder,3,chopped tomatoes,onion,vegetable bouillon powder,16,0.0016019223067681217
3355,chopped tomatoes | red wine vinegar | tomato purée,3,chopped tomatoes,red wine vinegar,tomato purée,16,0.0016019223067681217
3356,cinnamon | coriander | onion,3,cinnamon,coriander,onion,16,0.0016019223067681217
3357,cinnamon | garlic | tomato purée,3,cinnamon,garlic,tomato purée,16,0.0016019223067681217
3358,cinnamon | golden caster sugar | icing sugar,3,cinnamon,golden caster sugar,icing sugar,16,0.0016019223067681217
3359,cinnamon | ground coriander | onion,3,cinnamon,ground coriander,onion,16,0.0016019223067681217
3360,cloves | garlic | onion,3,cloves,garlic,onion,16,0.0016019223067681217
3361,cocoa powder | dark chocolate | salted butter,3,cocoa powder,dark chocolate,salted butter,16,0.0016019223067681217
3362,coconut milk | fish sauce | garlic,3,coconut milk,fish sauce,garlic,16,0.0016019223067681217
3363,coconut milk | ginger | lime,3,coconut milk,ginger,lime,16,0.0016019223067681217
3364,coconut milk | ginger | turmeric,3,coconut milk,ginger,turmeric,16,0.0016019223067681217
3365,cold butter | egg yolks | plain flour,3,cold butter,egg yolks,plain flour,16,0.0016019223067681217
3366,cold butter | plain flour | vanilla extract,3,cold butter,plain flour,vanilla extract,16,0.0016019223067681217
3367,cold unsalted butter | eggs | plain flour,3,cold unsalted butter,eggs,plain flour,16,0.0016019223067681217
3368,cold unsalted butter | icing sugar | plain flour,3,cold unsalted butter,icing sugar,plain flour,16,0.0016019223067681217
3369,coriander leaves | garlic | green chilli,3,coriander leaves,garlic,green chilli,16,0.0016019223067681217
3370,coriander seeds | cumin seeds | turmeric,3,coriander seeds,cumin seeds,turmeric,16,0.0016019223067681217
3371,coriander seeds | garlic | turmeric,3,coriander seeds,garlic,turmeric,16,0.0016019223067681217
3372,coriander seeds | garlic | vegetable oil,3,coriander seeds,garlic,vegetable oil,16,0.0016019223067681217
3373,coriander seeds | lemon | olive oil,3,coriander seeds,lemon,olive oil,16,0.0016019223067681217
3374,coriander | coriander seeds | garlic,3,coriander,coriander seeds,garlic,16,0.0016019223067681217
3375,coriander | cucumber | ginger,3,coriander,cucumber,ginger,16,0.0016019223067681217
3376,coriander | fish sauce | garlic,3,coriander,fish sauce,garlic,16,0.0016019223067681217
3377,coriander | garam masala | ground cumin,3,coriander,garam masala,ground cumin,16,0.0016019223067681217
3378,coriander | garlic | red chillies,3,coriander,garlic,red chillies,16,0.0016019223067681217
3379,coriander | ground cumin | vegetable oil,3,coriander,ground cumin,vegetable oil,16,0.0016019223067681217
3380,coriander | lemon | red chilli,3,coriander,lemon,red chilli,16,0.0016019223067681217
3381,coriander | rapeseed oil | turmeric,3,coriander,rapeseed oil,turmeric,16,0.0016019223067681217
3382,cornflour | egg yolks | icing sugar,3,cornflour,egg yolks,icing sugar,16,0.0016019223067681217
3383,cornflour | garlic | rice vinegar,3,cornflour,garlic,rice vinegar,16,0.0016019223067681217
3384,cornflour | ginger | red chilli,3,cornflour,ginger,red chilli,16,0.0016019223067681217
3385,cornflour | golden caster sugar | unsalted butter,3,cornflour,golden caster sugar,unsalted butter,16,0.0016019223067681217
3386,cornflour | red chilli | spring onions,3,cornflour,red chilli,spring onions,16,0.0016019223067681217
3387,courgettes | garlic | rapeseed oil,3,courgettes,garlic,rapeseed oil,16,0.0016019223067681217
3388,courgettes | olive oil | parmesan,3,courgettes,olive oil,parmesan,16,0.0016019223067681217
3389,crème fraîche | garlic | lemon,3,crème fraîche,garlic,lemon,16,0.0016019223067681217
3390,crème fraîche | garlic | onion,3,crème fraîche,garlic,onion,16,0.0016019223067681217
3391,crème fraîche | olive oil | onion,3,crème fraîche,olive oil,onion,16,0.0016019223067681217
3392,cucumber | mint leaves | red onion,3,cucumber,mint leaves,red onion,16,0.0016019223067681217
3393,cumin seeds | extra virgin olive oil | garlic,3,cumin seeds,extra virgin olive oil,garlic,16,0.0016019223067681217
3394,cumin seeds | ginger | tomatoes,3,cumin seeds,ginger,tomatoes,16,0.0016019223067681217
3395,cumin seeds | ground coriander | onions,3,cumin seeds,ground coriander,onions,16,0.0016019223067681217
3396,cumin seeds | ground coriander | red chilli,3,cumin seeds,ground coriander,red chilli,16,0.0016019223067681217
3397,cumin seeds | onion | rapeseed oil,3,cumin seeds,onion,rapeseed oil,16,0.0016019223067681217
3398,cumin seeds | onion | sunflower oil,3,cumin seeds,onion,sunflower oil,16,0.0016019223067681217
3399,curry powder | garlic | spring onions,3,curry powder,garlic,spring onions,16,0.0016019223067681217
3400,curry powder | garlic | vegetable oil,3,curry powder,garlic,vegetable oil,16,0.0016019223067681217
3401,dark chocolate | double cream | golden syrup,3,dark chocolate,double cream,golden syrup,16,0.0016019223067681217
3402,dark chocolate | eggs | salted butter,3,dark chocolate,eggs,salted butter,16,0.0016019223067681217
3403,dark chocolate | golden caster sugar | milk chocolate,3,dark chocolate,golden caster sugar,milk chocolate,16,0.0016019223067681217
3404,dark chocolate | milk | unsalted butter,3,dark chocolate,milk,unsalted butter,16,0.0016019223067681217
3405,dark chocolate | plain flour | white chocolate,3,dark chocolate,plain flour,white chocolate,16,0.0016019223067681217
3406,dark chocolate | unsalted butter | white chocolate,3,dark chocolate,unsalted butter,white chocolate,16,0.0016019223067681217
3407,dill | eggs | olive oil,3,dill,eggs,olive oil,16,0.0016019223067681217
3408,dill | feta | olive oil,3,dill,feta,olive oil,16,0.0016019223067681217
3409,double cream | egg | golden caster sugar,3,double cream,egg,golden caster sugar,16,0.0016019223067681217
3410,double cream | ground almonds | icing sugar,3,double cream,ground almonds,icing sugar,16,0.0016019223067681217
3411,dried oregano | garlic | mozzarella,3,dried oregano,garlic,mozzarella,16,0.0016019223067681217
3412,dried oregano | garlic | plain flour,3,dried oregano,garlic,plain flour,16,0.0016019223067681217
3413,dried oregano | garlic | rapeseed oil,3,dried oregano,garlic,rapeseed oil,16,0.0016019223067681217
3414,dried oregano | mozzarella | olive oil,3,dried oregano,mozzarella,olive oil,16,0.0016019223067681217
3415,dried oregano | olive oil | plain flour,3,dried oregano,olive oil,plain flour,16,0.0016019223067681217
3416,dried oregano | olive oil | red wine vinegar,3,dried oregano,olive oil,red wine vinegar,16,0.0016019223067681217
3417,dry white wine | garlic | olive oil,3,dry white wine,garlic,olive oil,16,0.0016019223067681217
3418,egg whites | icing sugar | vanilla extract,3,egg whites,icing sugar,vanilla extract,16,0.0016019223067681217
3419,egg | fast-action dried yeast | unsalted butter,3,egg,fast-action dried yeast,unsalted butter,16,0.0016019223067681217
3420,egg | golden caster sugar | lemon,3,egg,golden caster sugar,lemon,16,0.0016019223067681217
3421,egg | golden caster sugar | vegetable oil,3,egg,golden caster sugar,vegetable oil,16,0.0016019223067681217
3422,egg | golden syrup | plain flour,3,egg,golden syrup,plain flour,16,0.0016019223067681217
3423,egg | ground cinnamon | vanilla extract,3,egg,ground cinnamon,vanilla extract,16,0.0016019223067681217
3424,egg | icing sugar | self-raising flour,3,egg,icing sugar,self-raising flour,16,0.0016019223067681217
3425,egg | milk | unsalted butter,3,egg,milk,unsalted butter,16,0.0016019223067681217
3426,eggs | feta | olive oil,3,eggs,feta,olive oil,16,0.0016019223067681217
3427,eggs | full-fat cream cheese | golden caster sugar,3,eggs,full-fat cream cheese,golden caster sugar,16,0.0016019223067681217
3428,eggs | full-fat cream cheese | icing sugar,3,eggs,full-fat cream cheese,icing sugar,16,0.0016019223067681217
3429,eggs | garlic | soy sauce,3,eggs,garlic,soy sauce,16,0.0016019223067681217
3430,eggs | golden caster sugar | ground ginger,3,eggs,golden caster sugar,ground ginger,16,0.0016019223067681217
3431,eggs | golden caster sugar | lemon curd,3,eggs,golden caster sugar,lemon curd,16,0.0016019223067681217
3432,eggs | golden syrup | icing sugar,3,eggs,golden syrup,icing sugar,16,0.0016019223067681217
3433,eggs | golden syrup | milk,3,eggs,golden syrup,milk,16,0.0016019223067681217
3434,eggs | ground almonds | milk,3,eggs,ground almonds,milk,16,0.0016019223067681217
3435,eggs | ground cinnamon | lemon,3,eggs,ground cinnamon,lemon,16,0.0016019223067681217
3436,eggs | ground ginger | vanilla extract,3,eggs,ground ginger,vanilla extract,16,0.0016019223067681217
3437,eggs | light brown soft sugar | orange,3,eggs,light brown soft sugar,orange,16,0.0016019223067681217
3438,eggs | light brown soft sugar | white chocolate,3,eggs,light brown soft sugar,white chocolate,16,0.0016019223067681217
3439,eggs | light brown soft sugar | whole milk,3,eggs,light brown soft sugar,whole milk,16,0.0016019223067681217
3440,eggs | mature cheddar | plain flour,3,eggs,mature cheddar,plain flour,16,0.0016019223067681217
3441,eggs | mixed spice | vanilla extract,3,eggs,mixed spice,vanilla extract,16,0.0016019223067681217
3442,eggs | olive oil | spring onions,3,eggs,olive oil,spring onions,16,0.0016019223067681217
3443,eggs | pecans | vanilla extract,3,eggs,pecans,vanilla extract,16,0.0016019223067681217
3444,eggs | plain flour | sugar,3,eggs,plain flour,sugar,16,0.0016019223067681217
3445,extra virgin olive oil | flat-leaf parsley | lemon,3,extra virgin olive oil,flat-leaf parsley,lemon,16,0.0016019223067681217
3446,fennel | fennel seeds | garlic,3,fennel,fennel seeds,garlic,16,0.0016019223067681217
3447,feta | garlic | ground cumin,3,feta,garlic,ground cumin,16,0.0016019223067681217
3448,fish sauce | garlic | lime,3,fish sauce,garlic,lime,16,0.0016019223067681217
3449,flour | garlic | olive oil,3,flour,garlic,olive oil,16,0.0016019223067681217
3450,fresh coriander | garlic | ground cumin,3,fresh coriander,garlic,ground cumin,16,0.0016019223067681217
3451,fresh coriander | ginger | ground coriander,3,fresh coriander,ginger,ground coriander,16,0.0016019223067681217
3452,frozen peas | olive oil | parsley,3,frozen peas,olive oil,parsley,16,0.0016019223067681217
3453,garam masala | garlic | green chillies,3,garam masala,garlic,green chillies,16,0.0016019223067681217
3454,garam masala | garlic | red onion,3,garam masala,garlic,red onion,16,0.0016019223067681217
3455,garam masala | garlic | sunflower oil,3,garam masala,garlic,sunflower oil,16,0.0016019223067681217
3456,garam masala | ginger | lemon,3,garam masala,ginger,lemon,16,0.0016019223067681217
3457,garam masala | ginger | sunflower oil,3,garam masala,ginger,sunflower oil,16,0.0016019223067681217
3458,garlic | ginger | mango chutney,3,garlic,ginger,mango chutney,16,0.0016019223067681217
3459,garlic | ginger | red onions,3,garlic,ginger,red onions,16,0.0016019223067681217
3460,garlic | green chilli | spring onions,3,garlic,green chilli,spring onions,16,0.0016019223067681217
3461,garlic | green chillies | onion,3,garlic,green chillies,onion,16,0.0016019223067681217
3462,garlic | ground cinnamon | red onion,3,garlic,ground cinnamon,red onion,16,0.0016019223067681217
3463,garlic | ground coriander | parsley,3,garlic,ground coriander,parsley,16,0.0016019223067681217
3464,garlic | ground coriander | sugar,3,garlic,ground coriander,sugar,16,0.0016019223067681217
3465,garlic | ground cumin | sugar,3,garlic,ground cumin,sugar,16,0.0016019223067681217
3466,garlic | ground turmeric | tomato purée,3,garlic,ground turmeric,tomato purée,16,0.0016019223067681217
3467,garlic | honey | red chilli,3,garlic,honey,red chilli,16,0.0016019223067681217
3468,garlic | juice | onion,3,garlic,juice,onion,16,0.0016019223067681217
3469,garlic | juice | rapeseed oil,3,garlic,juice,rapeseed oil,16,0.0016019223067681217
3470,garlic | lemon | paprika,3,garlic,lemon,paprika,16,0.0016019223067681217
3471,garlic | lemon | sumac,3,garlic,lemon,sumac,16,0.0016019223067681217
3472,garlic | lemon | sweet potatoes,3,garlic,lemon,sweet potatoes,16,0.0016019223067681217
3473,garlic | lemon | thyme leaves,3,garlic,lemon,thyme leaves,16,0.0016019223067681217
3474,garlic | lemon | walnuts,3,garlic,lemon,walnuts,16,0.0016019223067681217
3475,garlic | lime | sesame oil,3,garlic,lime,sesame oil,16,0.0016019223067681217
3476,garlic | limes | red chilli,3,garlic,limes,red chilli,16,0.0016019223067681217
3477,garlic | mango chutney | onion,3,garlic,mango chutney,onion,16,0.0016019223067681217
3478,garlic | maple syrup | olive oil,3,garlic,maple syrup,olive oil,16,0.0016019223067681217
3479,garlic | milk | mozzarella,3,garlic,milk,mozzarella,16,0.0016019223067681217
3480,garlic | mint leaves | vegetable oil,3,garlic,mint leaves,vegetable oil,16,0.0016019223067681217
3481,garlic | olive oil | pitted green olives,3,garlic,olive oil,pitted green olives,16,0.0016019223067681217
3482,garlic | olive oil | sage,3,garlic,olive oil,sage,16,0.0016019223067681217
3483,garlic | olive oil | sumac,3,garlic,olive oil,sumac,16,0.0016019223067681217
3484,garlic | olive oil | worcestershire sauce,3,garlic,olive oil,worcestershire sauce,16,0.0016019223067681217
3485,garlic | onion | plum tomatoes,3,garlic,onion,plum tomatoes,16,0.0016019223067681217
3486,garlic | onion | red peppers,3,garlic,onion,red peppers,16,0.0016019223067681217
3487,garlic | onion | sesame seeds,3,garlic,onion,sesame seeds,16,0.0016019223067681217
3488,garlic | parmesan | red wine vinegar,3,garlic,parmesan,red wine vinegar,16,0.0016019223067681217
3489,garlic | passata | smoked paprika,3,garlic,passata,smoked paprika,16,0.0016019223067681217
3490,garlic | plain flour | sugar,3,garlic,plain flour,sugar,16,0.0016019223067681217
3491,garlic | rapeseed oil | red peppers,3,garlic,rapeseed oil,red peppers,16,0.0016019223067681217
3492,garlic | rapeseed oil | wholemeal penne,3,garlic,rapeseed oil,wholemeal penne,16,0.0016019223067681217
3493,garlic | red pepper | yellow pepper,3,garlic,red pepper,yellow pepper,16,0.0016019223067681217
3494,garlic | smoked paprika | spring onions,3,garlic,smoked paprika,spring onions,16,0.0016019223067681217
3495,garlic | smoked paprika | sunflower oil,3,garlic,smoked paprika,sunflower oil,16,0.0016019223067681217
3496,garlic | sunflower oil | tomatoes,3,garlic,sunflower oil,tomatoes,16,0.0016019223067681217
3497,garlic | sunflower oil | turmeric,3,garlic,sunflower oil,turmeric,16,0.0016019223067681217
3498,ginger | ground cumin | lime,3,ginger,ground cumin,lime,16,0.0016019223067681217
3499,ginger | ground turmeric | vegetable oil,3,ginger,ground turmeric,vegetable oil,16,0.0016019223067681217
3500,ginger | honey | red chilli,3,ginger,honey,red chilli,16,0.0016019223067681217
3501,ginger | lemon | onion,3,ginger,lemon,onion,16,0.0016019223067681217
3502,ginger | lime | vegetable oil,3,ginger,lime,vegetable oil,16,0.0016019223067681217
3503,ginger | olive oil | red onion,3,ginger,olive oil,red onion,16,0.0016019223067681217
3504,ginger | onion | tomatoes,3,ginger,onion,tomatoes,16,0.0016019223067681217
3505,ginger | red chilli | red pepper,3,ginger,red chilli,red pepper,16,0.0016019223067681217
3506,ginger | red chilli | sunflower oil,3,ginger,red chilli,sunflower oil,16,0.0016019223067681217
3507,ginger | rice wine vinegar | spring onions,3,ginger,rice wine vinegar,spring onions,16,0.0016019223067681217
3508,ginger | spring onions | star anise,3,ginger,spring onions,star anise,16,0.0016019223067681217
3509,ginger | sunflower oil | turmeric,3,ginger,sunflower oil,turmeric,16,0.0016019223067681217
3510,golden caster sugar | ground cinnamon | lemon,3,golden caster sugar,ground cinnamon,lemon,16,0.0016019223067681217
3511,golden caster sugar | ground cinnamon | strong white bread flour,3,golden caster sugar,ground cinnamon,strong white bread flour,16,0.0016019223067681217
3512,golden caster sugar | icing sugar | lemons,3,golden caster sugar,icing sugar,lemons,16,0.0016019223067681217
3513,golden caster sugar | icing sugar | salted butter,3,golden caster sugar,icing sugar,salted butter,16,0.0016019223067681217
3514,golden caster sugar | lemon | orange,3,golden caster sugar,lemon,orange,16,0.0016019223067681217
3515,golden caster sugar | light brown soft sugar | unsalted butter,3,golden caster sugar,light brown soft sugar,unsalted butter,16,0.0016019223067681217
3516,golden caster sugar | unsalted butter | vanilla bean paste,3,golden caster sugar,unsalted butter,vanilla bean paste,16,0.0016019223067681217
3517,ground almonds | icing sugar | vanilla extract,3,ground almonds,icing sugar,vanilla extract,16,0.0016019223067681217
3518,ground almonds | plain flour | unsalted butter,3,ground almonds,plain flour,unsalted butter,16,0.0016019223067681217
3519,ground cinnamon | ground ginger | milk,3,ground cinnamon,ground ginger,milk,16,0.0016019223067681217
3520,ground cinnamon | icing sugar | orange,3,ground cinnamon,icing sugar,orange,16,0.0016019223067681217
3521,ground cinnamon | lemon | mixed spice,3,ground cinnamon,lemon,mixed spice,16,0.0016019223067681217
3522,ground cinnamon | lemon | olive oil,3,ground cinnamon,lemon,olive oil,16,0.0016019223067681217
3523,ground cinnamon | olive oil | onion,3,ground cinnamon,olive oil,onion,16,0.0016019223067681217
3524,ground coriander | ground cumin | mint leaves,3,ground coriander,ground cumin,mint leaves,16,0.0016019223067681217
3525,ground coriander | ground cumin | parsley,3,ground coriander,ground cumin,parsley,16,0.0016019223067681217
3526,ground coriander | ground cumin | red pepper,3,ground coriander,ground cumin,red pepper,16,0.0016019223067681217
3527,ground coriander | ground turmeric | tomato purée,3,ground coriander,ground turmeric,tomato purée,16,0.0016019223067681217
3528,ground coriander | onion | vegetable oil,3,ground coriander,onion,vegetable oil,16,0.0016019223067681217
3529,ground cumin | lemon | mint leaves,3,ground cumin,lemon,mint leaves,16,0.0016019223067681217
3530,ground cumin | lemon | tahini,3,ground cumin,lemon,tahini,16,0.0016019223067681217
3531,ground cumin | lime | onion,3,ground cumin,lime,onion,16,0.0016019223067681217
3532,ground cumin | rapeseed oil | red chilli,3,ground cumin,rapeseed oil,red chilli,16,0.0016019223067681217
3533,ground cumin | smoked paprika | tomatoes,3,ground cumin,smoked paprika,tomatoes,16,0.0016019223067681217
3534,icing sugar | light brown soft sugar | self-raising flour,3,icing sugar,light brown soft sugar,self-raising flour,16,0.0016019223067681217
3535,icing sugar | light muscovado sugar | vanilla extract,3,icing sugar,light muscovado sugar,vanilla extract,16,0.0016019223067681217
3536,icing sugar | mascarpone | vanilla extract,3,icing sugar,mascarpone,vanilla extract,16,0.0016019223067681217
3537,icing sugar | plain flour | vanilla bean paste,3,icing sugar,plain flour,vanilla bean paste,16,0.0016019223067681217
3538,lemon | milk | olive oil,3,lemon,milk,olive oil,16,0.0016019223067681217
3539,lemon | olive oil | pomegranate seeds,3,lemon,olive oil,pomegranate seeds,16,0.0016019223067681217
3540,lemon | onion | parmesan,3,lemon,onion,parmesan,16,0.0016019223067681217
3541,lemon | rapeseed oil | red onion,3,lemon,rapeseed oil,red onion,16,0.0016019223067681217
3542,lemon | rapeseed oil | red pepper,3,lemon,rapeseed oil,red pepper,16,0.0016019223067681217
3543,lemon | rapeseed oil | smoked paprika,3,lemon,rapeseed oil,smoked paprika,16,0.0016019223067681217
3544,light brown soft sugar | milk | vegetable oil,3,light brown soft sugar,milk,vegetable oil,16,0.0016019223067681217
3545,light brown soft sugar | plain flour | salted butter,3,light brown soft sugar,plain flour,salted butter,16,0.0016019223067681217
3546,lime | soy sauce | spring onions,3,lime,soy sauce,spring onions,16,0.0016019223067681217
3547,milk | mozzarella | olive oil,3,milk,mozzarella,olive oil,16,0.0016019223067681217
3548,milk | onions | plain flour,3,milk,onions,plain flour,16,0.0016019223067681217
3549,olive oil | onion | parsley leaves,3,olive oil,onion,parsley leaves,16,0.0016019223067681217
3550,olive oil | onion | red chilli,3,olive oil,onion,red chilli,16,0.0016019223067681217
3551,olive oil | onion | red onion,3,olive oil,onion,red onion,16,0.0016019223067681217
3552,olive oil | onion | saffron,3,olive oil,onion,saffron,16,0.0016019223067681217
3553,olive oil | onions | sugar,3,olive oil,onions,sugar,16,0.0016019223067681217
3554,olive oil | parmesan | red wine vinegar,3,olive oil,parmesan,red wine vinegar,16,0.0016019223067681217
3555,olive oil | plain flour | red wine,3,olive oil,plain flour,red wine,16,0.0016019223067681217
3556,olive oil | plain flour | thyme leaves,3,olive oil,plain flour,thyme leaves,16,0.0016019223067681217
3557,olive oil | plain flour | white wine,3,olive oil,plain flour,white wine,16,0.0016019223067681217
3558,olive oil | tomato purée | vegetable stock,3,olive oil,tomato purée,vegetable stock,16,0.0016019223067681217
3559,onion | parmesan | parsley,3,onion,parmesan,parsley,16,0.0016019223067681217
3560,onion | parsley | smoked paprika,3,onion,parsley,smoked paprika,16,0.0016019223067681217
3561,onion | plain flour | red wine,3,onion,plain flour,red wine,16,0.0016019223067681217
3562,onion | rapeseed oil | tomato purée,3,onion,rapeseed oil,tomato purée,16,0.0016019223067681217
3563,onion | red pepper | tomato purée,3,onion,red pepper,tomato purée,16,0.0016019223067681217
3564,onions | parsley | tomato purée,3,onions,parsley,tomato purée,16,0.0016019223067681217
3565,rapeseed oil | red chilli | red pepper,3,rapeseed oil,red chilli,red pepper,16,0.0016019223067681217
3566,rapeseed oil | red onion | red pepper,3,rapeseed oil,red onion,red pepper,16,0.0016019223067681217
3567,rapeseed oil | red onion | tomatoes,3,rapeseed oil,red onion,tomatoes,16,0.0016019223067681217
3568,rice vinegar | sesame oil | spring onions,3,rice vinegar,sesame oil,spring onions,16,0.0016019223067681217
3569,sesame seeds | soy sauce | vegetable oil,3,sesame seeds,soy sauce,vegetable oil,16,0.0016019223067681217
3570,strong white bread flour | unsalted butter | whole milk,3,strong white bread flour,unsalted butter,whole milk,16,0.0016019223067681217
3571,apricot jam | orange | plain flour,3,apricot jam,orange,plain flour,15,0.0015018021625951142
3572,aubergine | garlic | red chilli,3,aubergine,garlic,red chilli,15,0.0015018021625951142
3573,avocado | black beans | garlic,3,avocado,black beans,garlic,15,0.0015018021625951142
3574,avocado | coriander | red onion,3,avocado,coriander,red onion,15,0.0015018021625951142
3575,baking powder | butter | light muscovado sugar,3,baking powder,butter,light muscovado sugar,15,0.0015018021625951142
3576,baking powder | butter | natural yogurt,3,baking powder,butter,natural yogurt,15,0.0015018021625951142
3577,baking powder | butter | unsalted butter,3,baking powder,butter,unsalted butter,15,0.0015018021625951142
3578,baking powder | caster sugar | ground cinnamon,3,baking powder,caster sugar,ground cinnamon,15,0.0015018021625951142
3579,baking powder | cinnamon | plain flour,3,baking powder,cinnamon,plain flour,15,0.0015018021625951142
3580,baking powder | cornflour | eggs,3,baking powder,cornflour,eggs,15,0.0015018021625951142
3581,baking powder | eggs | golden syrup,3,baking powder,eggs,golden syrup,15,0.0015018021625951142
3582,baking powder | eggs | pecans,3,baking powder,eggs,pecans,15,0.0015018021625951142
3583,baking powder | golden caster sugar | natural yogurt,3,baking powder,golden caster sugar,natural yogurt,15,0.0015018021625951142
3584,baking powder | ground almonds | lemon,3,baking powder,ground almonds,lemon,15,0.0015018021625951142
3585,baking powder | ground cinnamon | orange,3,baking powder,ground cinnamon,orange,15,0.0015018021625951142
3586,baking powder | icing sugar | light muscovado sugar,3,baking powder,icing sugar,light muscovado sugar,15,0.0015018021625951142
3587,baking powder | icing sugar | natural yogurt,3,baking powder,icing sugar,natural yogurt,15,0.0015018021625951142
3588,baking powder | lemon | milk,3,baking powder,lemon,milk,15,0.0015018021625951142
3589,baking powder | orange | self-raising flour,3,baking powder,orange,self-raising flour,15,0.0015018021625951142
3590,baking powder | self-raising flour | vanilla paste,3,baking powder,self-raising flour,vanilla paste,15,0.0015018021625951142
3591,baking powder | unsalted butter | whole milk,3,baking powder,unsalted butter,whole milk,15,0.0015018021625951142
3592,basil leaves | chilli flakes | garlic,3,basil leaves,chilli flakes,garlic,15,0.0015018021625951142
3593,basil leaves | garlic | red onion,3,basil leaves,garlic,red onion,15,0.0015018021625951142
3594,basil leaves | lemon | olive oil,3,basil leaves,lemon,olive oil,15,0.0015018021625951142
3595,basil | garlic | tomato purée,3,basil,garlic,tomato purée,15,0.0015018021625951142
3596,bay leaf | garlic | tomato purée,3,bay leaf,garlic,tomato purée,15,0.0015018021625951142
3597,bay leaves | butter | parmesan,3,bay leaves,butter,parmesan,15,0.0015018021625951142
3598,bay leaves | garlic | parsley,3,bay leaves,garlic,parsley,15,0.0015018021625951142
3599,bay leaves | onion | red wine,3,bay leaves,onion,red wine,15,0.0015018021625951142
3600,bay leaves | onions | vegetable oil,3,bay leaves,onions,vegetable oil,15,0.0015018021625951142
3601,bay leaves | parmesan | plain flour,3,bay leaves,parmesan,plain flour,15,0.0015018021625951142
3602,bay leaves | plain flour | vegetable oil,3,bay leaves,plain flour,vegetable oil,15,0.0015018021625951142
3603,bay leaves | red wine | thyme,3,bay leaves,red wine,thyme,15,0.0015018021625951142
3604,beef mince | garlic | parmesan,3,beef mince,garlic,parmesan,15,0.0015018021625951142
3605,beef mince | onion | tomato purée,3,beef mince,onion,tomato purée,15,0.0015018021625951142
3606,beef stock | butter | red wine,3,beef stock,butter,red wine,15,0.0015018021625951142
3607,beef stock | carrots | onions,3,beef stock,carrots,onions,15,0.0015018021625951142
3608,beef stock | celery | onion,3,beef stock,celery,onion,15,0.0015018021625951142
3609,beef stock | chopped tomatoes | onion,3,beef stock,chopped tomatoes,onion,15,0.0015018021625951142
3610,beef stock | olive oil | red wine,3,beef stock,olive oil,red wine,15,0.0015018021625951142
3611,bicarbonate of soda | caster sugar | cocoa powder,3,bicarbonate of soda,caster sugar,cocoa powder,15,0.0015018021625951142
3612,bicarbonate of soda | double cream | icing sugar,3,bicarbonate of soda,double cream,icing sugar,15,0.0015018021625951142
3613,bicarbonate of soda | egg | unsalted butter,3,bicarbonate of soda,egg,unsalted butter,15,0.0015018021625951142
3614,bicarbonate of soda | eggs | golden syrup,3,bicarbonate of soda,eggs,golden syrup,15,0.0015018021625951142
3615,bicarbonate of soda | eggs | ground ginger,3,bicarbonate of soda,eggs,ground ginger,15,0.0015018021625951142
3616,bicarbonate of soda | eggs | light muscovado sugar,3,bicarbonate of soda,eggs,light muscovado sugar,15,0.0015018021625951142
3617,bicarbonate of soda | eggs | sunflower oil,3,bicarbonate of soda,eggs,sunflower oil,15,0.0015018021625951142
3618,bicarbonate of soda | ground cinnamon | icing sugar,3,bicarbonate of soda,ground cinnamon,icing sugar,15,0.0015018021625951142
3619,bicarbonate of soda | light brown soft sugar | milk,3,bicarbonate of soda,light brown soft sugar,milk,15,0.0015018021625951142
3620,bicarbonate of soda | light brown soft sugar | vegetable oil,3,bicarbonate of soda,light brown soft sugar,vegetable oil,15,0.0015018021625951142
3621,bicarbonate of soda | milk | unsalted butter,3,bicarbonate of soda,milk,unsalted butter,15,0.0015018021625951142
3622,black beans | garlic | ground coriander,3,black beans,garlic,ground coriander,15,0.0015018021625951142
3623,black beans | garlic | vegetable oil,3,black beans,garlic,vegetable oil,15,0.0015018021625951142
3624,black peppercorns | coriander seeds | cumin seeds,3,black peppercorns,coriander seeds,cumin seeds,15,0.0015018021625951142
3625,black peppercorns | garlic | onion,3,black peppercorns,garlic,onion,15,0.0015018021625951142
3626,brown basmati rice | garlic | onion,3,brown basmati rice,garlic,onion,15,0.0015018021625951142
3627,brown basmati rice | ginger | rapeseed oil,3,brown basmati rice,ginger,rapeseed oil,15,0.0015018021625951142
3628,brown sugar | garlic | olive oil,3,brown sugar,garlic,olive oil,15,0.0015018021625951142
3629,butter | carrots | celery,3,butter,carrots,celery,15,0.0015018021625951142
3630,butter | caster sugar | egg yolks,3,butter,caster sugar,egg yolks,15,0.0015018021625951142
3631,butter | caster sugar | orange,3,butter,caster sugar,orange,15,0.0015018021625951142
3632,butter | caster sugar | unsalted butter,3,butter,caster sugar,unsalted butter,15,0.0015018021625951142
3633,butter | celery | tomato purée,3,butter,celery,tomato purée,15,0.0015018021625951142
3634,butter | chicken stock | onions,3,butter,chicken stock,onions,15,0.0015018021625951142
3635,butter | chicken stock | parsley,3,butter,chicken stock,parsley,15,0.0015018021625951142
3636,butter | chilli flakes | garlic,3,butter,chilli flakes,garlic,15,0.0015018021625951142
3637,butter | chives | eggs,3,butter,chives,eggs,15,0.0015018021625951142
3638,butter | cinnamon | garlic,3,butter,cinnamon,garlic,15,0.0015018021625951142
3639,butter | cinnamon | milk,3,butter,cinnamon,milk,15,0.0015018021625951142
3640,butter | cold butter | egg,3,butter,cold butter,egg,15,0.0015018021625951142
3641,butter | cornflour | milk,3,butter,cornflour,milk,15,0.0015018021625951142
3642,butter | dark chocolate | self-raising flour,3,butter,dark chocolate,self-raising flour,15,0.0015018021625951142
3643,butter | digestive biscuits | icing sugar,3,butter,digestive biscuits,icing sugar,15,0.0015018021625951142
3644,butter | double cream | leeks,3,butter,double cream,leeks,15,0.0015018021625951142
3645,butter | egg yolk | vanilla extract,3,butter,egg yolk,vanilla extract,15,0.0015018021625951142
3646,butter | egg | mixed spice,3,butter,egg,mixed spice,15,0.0015018021625951142
3647,butter | eggs | golden syrup,3,butter,eggs,golden syrup,15,0.0015018021625951142
3648,butter | eggs | lemon juice,3,butter,eggs,lemon juice,15,0.0015018021625951142
3649,butter | eggs | parsley,3,butter,eggs,parsley,15,0.0015018021625951142
3650,butter | fast-action dried yeast | milk,3,butter,fast-action dried yeast,milk,15,0.0015018021625951142
3651,butter | full-fat milk | plain flour,3,butter,full-fat milk,plain flour,15,0.0015018021625951142
3652,butter | garlic | ground coriander,3,butter,garlic,ground coriander,15,0.0015018021625951142
3653,butter | garlic | rapeseed oil,3,butter,garlic,rapeseed oil,15,0.0015018021625951142
3654,butter | garlic | red chilli,3,butter,garlic,red chilli,15,0.0015018021625951142
3655,butter | garlic | sage leaves,3,butter,garlic,sage leaves,15,0.0015018021625951142
3656,butter | garlic | smoked paprika,3,butter,garlic,smoked paprika,15,0.0015018021625951142
3657,butter | garlic | turmeric,3,butter,garlic,turmeric,15,0.0015018021625951142
3658,butter | ginger | onion,3,butter,ginger,onion,15,0.0015018021625951142
3659,butter | golden caster sugar | natural yogurt,3,butter,golden caster sugar,natural yogurt,15,0.0015018021625951142
3660,butter | golden syrup | ground cinnamon,3,butter,golden syrup,ground cinnamon,15,0.0015018021625951142
3661,butter | ground cinnamon | orange,3,butter,ground cinnamon,orange,15,0.0015018021625951142
3662,butter | ground cinnamon | vegetable oil,3,butter,ground cinnamon,vegetable oil,15,0.0015018021625951142
3663,butter | icing sugar | strong white bread flour,3,butter,icing sugar,strong white bread flour,15,0.0015018021625951142
3664,butter | lemon | onions,3,butter,lemon,onions,15,0.0015018021625951142
3665,butter | lemon | vegetable oil,3,butter,lemon,vegetable oil,15,0.0015018021625951142
3666,butter | light muscovado sugar | vanilla extract,3,butter,light muscovado sugar,vanilla extract,15,0.0015018021625951142
3667,butter | maple syrup | plain flour,3,butter,maple syrup,plain flour,15,0.0015018021625951142
3668,butter | natural yogurt | vanilla extract,3,butter,natural yogurt,vanilla extract,15,0.0015018021625951142
3669,butter | olive oil | red wine,3,butter,olive oil,red wine,15,0.0015018021625951142
3670,butter | onions | parsley,3,butter,onions,parsley,15,0.0015018021625951142
3671,butter | onions | vegetable oil,3,butter,onions,vegetable oil,15,0.0015018021625951142
3672,buttermilk | cocoa powder | eggs,3,buttermilk,cocoa powder,eggs,15,0.0015018021625951142
3673,butternut squash | garlic | ginger,3,butternut squash,garlic,ginger,15,0.0015018021625951142
3674,butternut squash | garlic | ground cumin,3,butternut squash,garlic,ground cumin,15,0.0015018021625951142
3675,cannellini beans | garlic | onion,3,cannellini beans,garlic,onion,15,0.0015018021625951142
3676,capers | garlic | onion,3,capers,garlic,onion,15,0.0015018021625951142
3677,capers | garlic | rapeseed oil,3,capers,garlic,rapeseed oil,15,0.0015018021625951142
3678,cardamom pods | cinnamon | cloves,3,cardamom pods,cinnamon,cloves,15,0.0015018021625951142
3679,cardamom pods | coriander | garlic,3,cardamom pods,coriander,garlic,15,0.0015018021625951142
3680,carrot | garlic | red chilli,3,carrot,garlic,red chilli,15,0.0015018021625951142
3681,carrot | garlic | red pepper,3,carrot,garlic,red pepper,15,0.0015018021625951142
3682,carrot | onion | thyme,3,carrot,onion,thyme,15,0.0015018021625951142
3683,carrot | parmesan | tomato purée,3,carrot,parmesan,tomato purée,15,0.0015018021625951142
3684,carrots | celery | parmesan,3,carrots,celery,parmesan,15,0.0015018021625951142
3685,carrots | cumin seeds | garlic,3,carrots,cumin seeds,garlic,15,0.0015018021625951142
3686,carrots | olive oil | parmesan,3,carrots,olive oil,parmesan,15,0.0015018021625951142
3687,carrots | onion | rapeseed oil,3,carrots,onion,rapeseed oil,15,0.0015018021625951142
3688,carrots | tomato purée | vegetable oil,3,carrots,tomato purée,vegetable oil,15,0.0015018021625951142
3689,caster sugar | chilli flakes | garlic,3,caster sugar,chilli flakes,garlic,15,0.0015018021625951142
3690,caster sugar | cocoa powder | egg,3,caster sugar,cocoa powder,egg,15,0.0015018021625951142
3691,caster sugar | cocoa powder | light brown soft sugar,3,caster sugar,cocoa powder,light brown soft sugar,15,0.0015018021625951142
3692,caster sugar | cornflour | milk,3,caster sugar,cornflour,milk,15,0.0015018021625951142
3693,caster sugar | cornflour | unsalted butter,3,caster sugar,cornflour,unsalted butter,15,0.0015018021625951142
3694,caster sugar | egg yolks | vanilla extract,3,caster sugar,egg yolks,vanilla extract,15,0.0015018021625951142
3695,caster sugar | egg | ground cinnamon,3,caster sugar,egg,ground cinnamon,15,0.0015018021625951142
3696,caster sugar | eggs | ground almonds,3,caster sugar,eggs,ground almonds,15,0.0015018021625951142
3697,caster sugar | fast-action dried yeast | whole milk,3,caster sugar,fast-action dried yeast,whole milk,15,0.0015018021625951142
3698,caster sugar | ground cinnamon | vanilla extract,3,caster sugar,ground cinnamon,vanilla extract,15,0.0015018021625951142
3699,caster sugar | icing sugar | vanilla bean paste,3,caster sugar,icing sugar,vanilla bean paste,15,0.0015018021625951142
3700,cauliflower | garlic | onion,3,cauliflower,garlic,onion,15,0.0015018021625951142
3701,cauliflower | garlic | red onion,3,cauliflower,garlic,red onion,15,0.0015018021625951142
3702,celery | extra virgin olive oil | garlic,3,celery,extra virgin olive oil,garlic,15,0.0015018021625951142
3703,celery | garlic | passata,3,celery,garlic,passata,15,0.0015018021625951142
3704,celery | garlic | white wine,3,celery,garlic,white wine,15,0.0015018021625951142
3705,celery | milk | olive oil,3,celery,milk,olive oil,15,0.0015018021625951142
3706,celery | olive oil | plain flour,3,celery,olive oil,plain flour,15,0.0015018021625951142
3707,celery | olive oil | smoked paprika,3,celery,olive oil,smoked paprika,15,0.0015018021625951142
3708,celery | onion | rapeseed oil,3,celery,onion,rapeseed oil,15,0.0015018021625951142
3709,celery | onions | parsley,3,celery,onions,parsley,15,0.0015018021625951142
3710,celery | onions | rapeseed oil,3,celery,onions,rapeseed oil,15,0.0015018021625951142
3711,celery | onions | thyme,3,celery,onions,thyme,15,0.0015018021625951142
3712,celery | rapeseed oil | vegetable bouillon powder,3,celery,rapeseed oil,vegetable bouillon powder,15,0.0015018021625951142
3713,chestnut mushrooms | dried porcini mushrooms | garlic,3,chestnut mushrooms,dried porcini mushrooms,garlic,15,0.0015018021625951142
3714,chestnut mushrooms | garlic | thyme,3,chestnut mushrooms,garlic,thyme,15,0.0015018021625951142
3715,chestnuts | garlic | olive oil,3,chestnuts,garlic,olive oil,15,0.0015018021625951142
3716,chicken stock | chopped tomatoes | olive oil,3,chicken stock,chopped tomatoes,olive oil,15,0.0015018021625951142
3717,chicken stock | garlic | rosemary,3,chicken stock,garlic,rosemary,15,0.0015018021625951142
3718,chickpeas | chopped tomatoes | olive oil,3,chickpeas,chopped tomatoes,olive oil,15,0.0015018021625951142
3719,chickpeas | chopped tomatoes | tomato purée,3,chickpeas,chopped tomatoes,tomato purée,15,0.0015018021625951142
3720,chickpeas | cumin seeds | ginger,3,chickpeas,cumin seeds,ginger,15,0.0015018021625951142
3721,chickpeas | cumin seeds | ground coriander,3,chickpeas,cumin seeds,ground coriander,15,0.0015018021625951142
3722,chickpeas | extra virgin olive oil | garlic,3,chickpeas,extra virgin olive oil,garlic,15,0.0015018021625951142
3723,chickpeas | garam masala | garlic,3,chickpeas,garam masala,garlic,15,0.0015018021625951142
3724,chickpeas | garlic | turmeric,3,chickpeas,garlic,turmeric,15,0.0015018021625951142
3725,chickpeas | ginger | onion,3,chickpeas,ginger,onion,15,0.0015018021625951142
3726,chickpeas | ground coriander | lemon,3,chickpeas,ground coriander,lemon,15,0.0015018021625951142
3727,chickpeas | olive oil | parsley,3,chickpeas,olive oil,parsley,15,0.0015018021625951142
3728,chilli flakes | feta | garlic,3,chilli flakes,feta,garlic,15,0.0015018021625951142
3729,chilli flakes | garlic | rapeseed oil,3,chilli flakes,garlic,rapeseed oil,15,0.0015018021625951142
3730,chilli flakes | ginger | spring onions,3,chilli flakes,ginger,spring onions,15,0.0015018021625951142
3731,chilli flakes | lemon | onion,3,chilli flakes,lemon,onion,15,0.0015018021625951142
3732,chilli flakes | olive oil | rosemary,3,chilli flakes,olive oil,rosemary,15,0.0015018021625951142
3733,chilli flakes | onion | parsley,3,chilli flakes,onion,parsley,15,0.0015018021625951142
3734,chilli flakes | spring onions | vegetable oil,3,chilli flakes,spring onions,vegetable oil,15,0.0015018021625951142
3735,chilli powder | garam masala | garlic,3,chilli powder,garam masala,garlic,15,0.0015018021625951142
3736,chilli powder | garlic | ground turmeric,3,chilli powder,garlic,ground turmeric,15,0.0015018021625951142
3737,chilli powder | garlic | olive oil,3,chilli powder,garlic,olive oil,15,0.0015018021625951142
3738,chilli powder | ground coriander | tomato purée,3,chilli powder,ground coriander,tomato purée,15,0.0015018021625951142
3739,chilli powder | ground cumin | tomato purée,3,chilli powder,ground cumin,tomato purée,15,0.0015018021625951142
3740,chinese five-spice powder | garlic | ginger,3,chinese five-spice powder,garlic,ginger,15,0.0015018021625951142
3741,chipotle paste | garlic | ground cumin,3,chipotle paste,garlic,ground cumin,15,0.0015018021625951142
3742,chopped tomatoes | fennel seeds | garlic,3,chopped tomatoes,fennel seeds,garlic,15,0.0015018021625951142
3743,chopped tomatoes | garlic | sunflower oil,3,chopped tomatoes,garlic,sunflower oil,15,0.0015018021625951142
3744,chopped tomatoes | ground coriander | rapeseed oil,3,chopped tomatoes,ground coriander,rapeseed oil,15,0.0015018021625951142
3745,chopped tomatoes | lemon | olive oil,3,chopped tomatoes,lemon,olive oil,15,0.0015018021625951142
3746,chopped tomatoes | mozzarella | onion,3,chopped tomatoes,mozzarella,onion,15,0.0015018021625951142
3747,chopped tomatoes | olive oil | red pepper,3,chopped tomatoes,olive oil,red pepper,15,0.0015018021625951142
3748,chopped tomatoes | onion | red chilli,3,chopped tomatoes,onion,red chilli,15,0.0015018021625951142
3749,chopped tomatoes | rapeseed oil | tomato purée,3,chopped tomatoes,rapeseed oil,tomato purée,15,0.0015018021625951142
3750,chopped tomatoes | rapeseed oil | vegetable bouillon powder,3,chopped tomatoes,rapeseed oil,vegetable bouillon powder,15,0.0015018021625951142
3751,chopped tomatoes | red pepper | tomato purée,3,chopped tomatoes,red pepper,tomato purée,15,0.0015018021625951142
3752,cider vinegar | garlic | red onion,3,cider vinegar,garlic,red onion,15,0.0015018021625951142
3753,cinnamon | cumin seeds | ginger,3,cinnamon,cumin seeds,ginger,15,0.0015018021625951142
3754,cinnamon | eggs | golden caster sugar,3,cinnamon,eggs,golden caster sugar,15,0.0015018021625951142
3755,cinnamon | garlic | rapeseed oil,3,cinnamon,garlic,rapeseed oil,15,0.0015018021625951142
3756,cinnamon | garlic | star anise,3,cinnamon,garlic,star anise,15,0.0015018021625951142
3757,cloves | garlic | ginger,3,cloves,garlic,ginger,15,0.0015018021625951142
3758,cocoa powder | dark chocolate | golden syrup,3,cocoa powder,dark chocolate,golden syrup,15,0.0015018021625951142
3759,cocoa powder | egg | unsalted butter,3,cocoa powder,egg,unsalted butter,15,0.0015018021625951142
3760,cocoa powder | vanilla extract | vegetable oil,3,cocoa powder,vanilla extract,vegetable oil,15,0.0015018021625951142
3761,coconut milk | coriander leaves | garlic,3,coconut milk,coriander leaves,garlic,15,0.0015018021625951142
3762,coconut milk | garam masala | garlic,3,coconut milk,garam masala,garlic,15,0.0015018021625951142
3763,coconut milk | ginger | ground cumin,3,coconut milk,ginger,ground cumin,15,0.0015018021625951142
3764,coriander leaves | cumin seeds | ginger,3,coriander leaves,cumin seeds,ginger,15,0.0015018021625951142
3765,coriander leaves | garam masala | garlic,3,coriander leaves,garam masala,garlic,15,0.0015018021625951142
3766,coriander leaves | garam masala | ginger,3,coriander leaves,garam masala,ginger,15,0.0015018021625951142
3767,coriander leaves | garlic | soy sauce,3,coriander leaves,garlic,soy sauce,15,0.0015018021625951142
3768,coriander leaves | garlic | turmeric,3,coriander leaves,garlic,turmeric,15,0.0015018021625951142
3769,coriander leaves | ginger | ground turmeric,3,coriander leaves,ginger,ground turmeric,15,0.0015018021625951142
3770,coriander leaves | ginger | onion,3,coriander leaves,ginger,onion,15,0.0015018021625951142
3771,coriander leaves | ginger | sunflower oil,3,coriander leaves,ginger,sunflower oil,15,0.0015018021625951142
3772,coriander leaves | lime | red chilli,3,coriander leaves,lime,red chilli,15,0.0015018021625951142
3773,coriander leaves | lime | spring onions,3,coriander leaves,lime,spring onions,15,0.0015018021625951142
3774,coriander seeds | cumin seeds | vegetable oil,3,coriander seeds,cumin seeds,vegetable oil,15,0.0015018021625951142
3775,coriander | cucumber | lime,3,coriander,cucumber,lime,15,0.0015018021625951142
3776,coriander | cucumber | mint,3,coriander,cucumber,mint,15,0.0015018021625951142
3777,coriander | dried oregano | garlic,3,coriander,dried oregano,garlic,15,0.0015018021625951142
3778,coriander | eggs | ginger,3,coriander,eggs,ginger,15,0.0015018021625951142
3779,coriander | eggs | spring onions,3,coriander,eggs,spring onions,15,0.0015018021625951142
3780,coriander | garlic | lemongrass,3,coriander,garlic,lemongrass,15,0.0015018021625951142
3781,coriander | garlic | red onions,3,coriander,garlic,red onions,15,0.0015018021625951142
3782,coriander | garlic | sugar,3,coriander,garlic,sugar,15,0.0015018021625951142
3783,coriander | ground coriander | olive oil,3,coriander,ground coriander,olive oil,15,0.0015018021625951142
3784,coriander | ground cumin | sunflower oil,3,coriander,ground cumin,sunflower oil,15,0.0015018021625951142
3785,coriander | lemon | mint,3,coriander,lemon,mint,15,0.0015018021625951142
3786,coriander | lemon | onion,3,coriander,lemon,onion,15,0.0015018021625951142
3787,coriander | lime | tomatoes,3,coriander,lime,tomatoes,15,0.0015018021625951142
3788,coriander | plain flour | vegetable oil,3,coriander,plain flour,vegetable oil,15,0.0015018021625951142
3789,coriander | rapeseed oil | smoked paprika,3,coriander,rapeseed oil,smoked paprika,15,0.0015018021625951142
3790,coriander | red chilli | tomatoes,3,coriander,red chilli,tomatoes,15,0.0015018021625951142
3791,cornflour | dark soy sauce | ginger,3,cornflour,dark soy sauce,ginger,15,0.0015018021625951142
3792,cornflour | eggs | vanilla extract,3,cornflour,eggs,vanilla extract,15,0.0015018021625951142
3793,cornflour | soy sauce | vegetable oil,3,cornflour,soy sauce,vegetable oil,15,0.0015018021625951142
3794,courgettes | olive oil | red onion,3,courgettes,olive oil,red onion,15,0.0015018021625951142
3795,crusty bread | garlic | lemon,3,crusty bread,garlic,lemon,15,0.0015018021625951142
3796,cucumber | garlic | greek yogurt,3,cucumber,garlic,greek yogurt,15,0.0015018021625951142
3797,cucumber | lemon | tomatoes,3,cucumber,lemon,tomatoes,15,0.0015018021625951142
3798,cumin seeds | curry powder | garlic,3,cumin seeds,curry powder,garlic,15,0.0015018021625951142
3799,cumin seeds | garlic | mint leaves,3,cumin seeds,garlic,mint leaves,15,0.0015018021625951142
3800,cumin seeds | garlic | tahini,3,cumin seeds,garlic,tahini,15,0.0015018021625951142
3801,cumin seeds | ginger | green chillies,3,cumin seeds,ginger,green chillies,15,0.0015018021625951142
3802,cumin seeds | ground coriander | ground turmeric,3,cumin seeds,ground coriander,ground turmeric,15,0.0015018021625951142
3803,cumin seeds | lemon | onion,3,cumin seeds,lemon,onion,15,0.0015018021625951142
3804,curry powder | garlic | red chilli,3,curry powder,garlic,red chilli,15,0.0015018021625951142
3805,dark chocolate | double cream | salted butter,3,dark chocolate,double cream,salted butter,15,0.0015018021625951142
3806,dark chocolate | icing sugar | self-raising flour,3,dark chocolate,icing sugar,self-raising flour,15,0.0015018021625951142
3807,dark muscovado sugar | golden syrup | ground ginger,3,dark muscovado sugar,golden syrup,ground ginger,15,0.0015018021625951142
3808,dark soy sauce | ginger | light soy sauce,3,dark soy sauce,ginger,light soy sauce,15,0.0015018021625951142
3809,dijon mustard | milk | plain flour,3,dijon mustard,milk,plain flour,15,0.0015018021625951142
3810,dill | extra virgin olive oil | garlic,3,dill,extra virgin olive oil,garlic,15,0.0015018021625951142
3811,dill | garlic | red onion,3,dill,garlic,red onion,15,0.0015018021625951142
3812,double cream | egg yolks | eggs,3,double cream,egg yolks,eggs,15,0.0015018021625951142
3813,double cream | egg yolks | unsalted butter,3,double cream,egg yolks,unsalted butter,15,0.0015018021625951142
3814,double cream | eggs | ground almonds,3,double cream,eggs,ground almonds,15,0.0015018021625951142
3815,double cream | eggs | vanilla bean paste,3,double cream,eggs,vanilla bean paste,15,0.0015018021625951142
3816,double cream | garam masala | garlic,3,double cream,garam masala,garlic,15,0.0015018021625951142
3817,double cream | garam masala | ginger,3,double cream,garam masala,ginger,15,0.0015018021625951142
3818,double cream | garlic | tomato purée,3,double cream,garlic,tomato purée,15,0.0015018021625951142
3819,double cream | golden caster sugar | orange,3,double cream,golden caster sugar,orange,15,0.0015018021625951142
3820,double cream | golden caster sugar | white chocolate,3,double cream,golden caster sugar,white chocolate,15,0.0015018021625951142
3821,double cream | icing sugar | white chocolate,3,double cream,icing sugar,white chocolate,15,0.0015018021625951142
3822,double cream | icing sugar | whole milk,3,double cream,icing sugar,whole milk,15,0.0015018021625951142
3823,double cream | light brown soft sugar | vanilla extract,3,double cream,light brown soft sugar,vanilla extract,15,0.0015018021625951142
3824,double cream | milk | onion,3,double cream,milk,onion,15,0.0015018021625951142
3825,dried oregano | garlic | ground cinnamon,3,dried oregano,garlic,ground cinnamon,15,0.0015018021625951142
3826,dried oregano | ground cumin | tomato purée,3,dried oregano,ground cumin,tomato purée,15,0.0015018021625951142
3827,dried porcini mushrooms | garlic | onion,3,dried porcini mushrooms,garlic,onion,15,0.0015018021625951142
3828,egg whites | plain flour | unsalted butter,3,egg whites,plain flour,unsalted butter,15,0.0015018021625951142
3829,egg yolk | golden caster sugar | icing sugar,3,egg yolk,golden caster sugar,icing sugar,15,0.0015018021625951142
3830,egg yolk | plain flour | unsalted butter,3,egg yolk,plain flour,unsalted butter,15,0.0015018021625951142
3831,egg yolks | milk | plain flour,3,egg yolks,milk,plain flour,15,0.0015018021625951142
3832,egg | golden caster sugar | strong white bread flour,3,egg,golden caster sugar,strong white bread flour,15,0.0015018021625951142
3833,egg | icing sugar | lemon,3,egg,icing sugar,lemon,15,0.0015018021625951142
3834,egg | mayonnaise | plain flour,3,egg,mayonnaise,plain flour,15,0.0015018021625951142
3835,egg | milk | olive oil,3,egg,milk,olive oil,15,0.0015018021625951142
3836,egg | plain flour | salted butter,3,egg,plain flour,salted butter,15,0.0015018021625951142
3837,eggs | full-fat cream cheese | vanilla extract,3,eggs,full-fat cream cheese,vanilla extract,15,0.0015018021625951142
3838,eggs | garlic | lime,3,eggs,garlic,lime,15,0.0015018021625951142
3839,eggs | garlic | tomato purée,3,eggs,garlic,tomato purée,15,0.0015018021625951142
3840,eggs | golden caster sugar | ground almond,3,eggs,golden caster sugar,ground almond,15,0.0015018021625951142
3841,eggs | golden caster sugar | mixed spice,3,eggs,golden caster sugar,mixed spice,15,0.0015018021625951142
3842,eggs | golden caster sugar | strawberries,3,eggs,golden caster sugar,strawberries,15,0.0015018021625951142
3843,eggs | ground cinnamon | pecans,3,eggs,ground cinnamon,pecans,15,0.0015018021625951142
3844,eggs | icing sugar sieved | self-raising flour,3,eggs,icing sugar sieved,self-raising flour,15,0.0015018021625951142
3845,eggs | icing sugar | pistachios,3,eggs,icing sugar,pistachios,15,0.0015018021625951142
3846,eggs | lemon | parsley,3,eggs,lemon,parsley,15,0.0015018021625951142
3847,eggs | lemons | plain flour,3,eggs,lemons,plain flour,15,0.0015018021625951142
3848,eggs | light brown soft sugar | mixed spice,3,eggs,light brown soft sugar,mixed spice,15,0.0015018021625951142
3849,eggs | mascarpone | plain flour,3,eggs,mascarpone,plain flour,15,0.0015018021625951142
3850,eggs | mixed dried fruit | orange,3,eggs,mixed dried fruit,orange,15,0.0015018021625951142
3851,eggs | olive oil | onions,3,eggs,olive oil,onions,15,0.0015018021625951142
3852,eggs | olive oil | red onion,3,eggs,olive oil,red onion,15,0.0015018021625951142
3853,eggs | olive oil | tomatoes,3,eggs,olive oil,tomatoes,15,0.0015018021625951142
3854,eggs | onion | rapeseed oil,3,eggs,onion,rapeseed oil,15,0.0015018021625951142
3855,eggs | onion | vegetable oil,3,eggs,onion,vegetable oil,15,0.0015018021625951142
3856,eggs | orange | sultanas,3,eggs,orange,sultanas,15,0.0015018021625951142
3857,eggs | panko breadcrumbs | vegetable oil,3,eggs,panko breadcrumbs,vegetable oil,15,0.0015018021625951142
3858,eggs | rapeseed oil | spring onions,3,eggs,rapeseed oil,spring onions,15,0.0015018021625951142
3859,eggs | rapeseed oil | tomatoes,3,eggs,rapeseed oil,tomatoes,15,0.0015018021625951142
3860,eggs | raspberries | vanilla extract,3,eggs,raspberries,vanilla extract,15,0.0015018021625951142
3861,eggs | slightly salted butter | vanilla extract,3,eggs,slightly salted butter,vanilla extract,15,0.0015018021625951142
3862,extra virgin olive oil | garlic | plain flour,3,extra virgin olive oil,garlic,plain flour,15,0.0015018021625951142
3863,extra virgin olive oil | garlic | red pepper,3,extra virgin olive oil,garlic,red pepper,15,0.0015018021625951142
3864,extra virgin olive oil | garlic | rosemary,3,extra virgin olive oil,garlic,rosemary,15,0.0015018021625951142
3865,extra virgin olive oil | lemon | parmesan,3,extra virgin olive oil,lemon,parmesan,15,0.0015018021625951142
3866,extra virgin olive oil | lemon | rocket,3,extra virgin olive oil,lemon,rocket,15,0.0015018021625951142
3867,fast-action dried yeast | golden caster sugar | ground cinnamon,3,fast-action dried yeast,golden caster sugar,ground cinnamon,15,0.0015018021625951142
3868,fast-action dried yeast | golden caster sugar | icing sugar,3,fast-action dried yeast,golden caster sugar,icing sugar,15,0.0015018021625951142
3869,fast-action dried yeast | golden caster sugar | milk,3,fast-action dried yeast,golden caster sugar,milk,15,0.0015018021625951142
3870,fast-action dried yeast | milk | plain flour,3,fast-action dried yeast,milk,plain flour,15,0.0015018021625951142
3871,fast-action dried yeast | plain flour | unsalted butter,3,fast-action dried yeast,plain flour,unsalted butter,15,0.0015018021625951142
3872,feta | garlic | rapeseed oil,3,feta,garlic,rapeseed oil,15,0.0015018021625951142
3873,fish sauce | ginger | spring onions,3,fish sauce,ginger,spring onions,15,0.0015018021625951142
3874,fish sauce | lemongrass | vegetable oil,3,fish sauce,lemongrass,vegetable oil,15,0.0015018021625951142
3875,flaked almonds | golden caster sugar | vanilla extract,3,flaked almonds,golden caster sugar,vanilla extract,15,0.0015018021625951142
3876,floury potatoes | garlic | olive oil,3,floury potatoes,garlic,olive oil,15,0.0015018021625951142
3877,fresh breadcrumbs | olive oil | onion,3,fresh breadcrumbs,olive oil,onion,15,0.0015018021625951142
3878,frozen peas | olive oil | onion,3,frozen peas,olive oil,onion,15,0.0015018021625951142
3879,garam masala | garlic | tomatoes,3,garam masala,garlic,tomatoes,15,0.0015018021625951142
3880,garam masala | ground cumin | vegetable oil,3,garam masala,ground cumin,vegetable oil,15,0.0015018021625951142
3881,garlic | ghee | ginger,3,garlic,ghee,ginger,15,0.0015018021625951142
3882,garlic | ginger | hot chilli powder,3,garlic,ginger,hot chilli powder,15,0.0015018021625951142
3883,garlic | ginger | juice,3,garlic,ginger,juice,15,0.0015018021625951142
3884,garlic | ginger | lemon juice,3,garlic,ginger,lemon juice,15,0.0015018021625951142
3885,garlic | ginger | nigella seeds,3,garlic,ginger,nigella seeds,15,0.0015018021625951142
3886,garlic | ginger | rice wine vinegar,3,garlic,ginger,rice wine vinegar,15,0.0015018021625951142
3887,garlic | golden caster sugar | spring onions,3,garlic,golden caster sugar,spring onions,15,0.0015018021625951142
3888,garlic | green chilli | onions,3,garlic,green chilli,onions,15,0.0015018021625951142
3889,garlic | green chilli | sunflower oil,3,garlic,green chilli,sunflower oil,15,0.0015018021625951142
3890,garlic | ground cumin | natural yogurt,3,garlic,ground cumin,natural yogurt,15,0.0015018021625951142
3891,garlic | ground cumin | soured cream,3,garlic,ground cumin,soured cream,15,0.0015018021625951142
3892,garlic | ground cumin | tomato,3,garlic,ground cumin,tomato,15,0.0015018021625951142
3893,garlic | hot vegetable stock | olive oil,3,garlic,hot vegetable stock,olive oil,15,0.0015018021625951142
3894,garlic | kalamata olives | rapeseed oil,3,garlic,kalamata olives,rapeseed oil,15,0.0015018021625951142
3895,garlic | kale | lemon,3,garlic,kale,lemon,15,0.0015018021625951142
3896,garlic | leek | onion,3,garlic,leek,onion,15,0.0015018021625951142
3897,garlic | lemon | new potatoes,3,garlic,lemon,new potatoes,15,0.0015018021625951142
3898,garlic | lemon | shallots,3,garlic,lemon,shallots,15,0.0015018021625951142
3899,garlic | light soy sauce | sesame seeds,3,garlic,light soy sauce,sesame seeds,15,0.0015018021625951142
3900,garlic | lime | tomatoes,3,garlic,lime,tomatoes,15,0.0015018021625951142
3901,garlic | mascarpone | onion,3,garlic,mascarpone,onion,15,0.0015018021625951142
3902,garlic | mature cheddar | tomato purée,3,garlic,mature cheddar,tomato purée,15,0.0015018021625951142
3903,garlic | mint leaves | spring onions,3,garlic,mint leaves,spring onions,15,0.0015018021625951142
3904,garlic | mozzarella | tomatoes,3,garlic,mozzarella,tomatoes,15,0.0015018021625951142
3905,garlic | olive oil | panko breadcrumbs,3,garlic,olive oil,panko breadcrumbs,15,0.0015018021625951142
3906,garlic | olive oil | pistachios,3,garlic,olive oil,pistachios,15,0.0015018021625951142
3907,garlic | olive oil | ras el hanout,3,garlic,olive oil,ras el hanout,15,0.0015018021625951142
3908,garlic | olive oil | vegetable bouillon powder,3,garlic,olive oil,vegetable bouillon powder,15,0.0015018021625951142
3909,garlic | onion | pine nuts,3,garlic,onion,pine nuts,15,0.0015018021625951142
3910,garlic | onion | worcestershire sauce,3,garlic,onion,worcestershire sauce,15,0.0015018021625951142
3911,garlic | parmesan | unsalted butter,3,garlic,parmesan,unsalted butter,15,0.0015018021625951142
3912,garlic | parsley | red onions,3,garlic,parsley,red onions,15,0.0015018021625951142
3913,garlic | radishes | spring onions,3,garlic,radishes,spring onions,15,0.0015018021625951142
3914,garlic | rapeseed oil | sesame oil,3,garlic,rapeseed oil,sesame oil,15,0.0015018021625951142
3915,garlic | rapeseed oil | vegetable bouillon,3,garlic,rapeseed oil,vegetable bouillon,15,0.0015018021625951142
3916,garlic | red onion | red peppers,3,garlic,red onion,red peppers,15,0.0015018021625951142
3917,garlic | red onion | sugar,3,garlic,red onion,sugar,15,0.0015018021625951142
3918,garlic | red onion | thyme,3,garlic,red onion,thyme,15,0.0015018021625951142
3919,garlic | red onions | tomatoes,3,garlic,red onions,tomatoes,15,0.0015018021625951142
3920,garlic | red pepper | sesame oil,3,garlic,red pepper,sesame oil,15,0.0015018021625951142
3921,garlic | red wine vinegar | smoked paprika,3,garlic,red wine vinegar,smoked paprika,15,0.0015018021625951142
3922,garlic | soured cream | tomato purée,3,garlic,soured cream,tomato purée,15,0.0015018021625951142
3923,garlic | spring onions | vegetable stock,3,garlic,spring onions,vegetable stock,15,0.0015018021625951142
3924,garlic | turmeric | vegetable stock,3,garlic,turmeric,vegetable stock,15,0.0015018021625951142
3925,ginger | green chilli | ground cumin,3,ginger,green chilli,ground cumin,15,0.0015018021625951142
3926,ginger | ground cumin | tomatoes,3,ginger,ground cumin,tomatoes,15,0.0015018021625951142
3927,ginger | ground turmeric | onions,3,ginger,ground turmeric,onions,15,0.0015018021625951142
3928,ginger | ground turmeric | sunflower oil,3,ginger,ground turmeric,sunflower oil,15,0.0015018021625951142
3929,ginger | honey | sesame oil,3,ginger,honey,sesame oil,15,0.0015018021625951142
3930,ginger | honey | spring onions,3,ginger,honey,spring onions,15,0.0015018021625951142
3931,ginger | lemongrass | vegetable oil,3,ginger,lemongrass,vegetable oil,15,0.0015018021625951142
3932,ginger | lime | onion,3,ginger,lime,onion,15,0.0015018021625951142
3933,ginger | olive oil | onion,3,ginger,olive oil,onion,15,0.0015018021625951142
3934,ginger | onion | vegetable stock,3,ginger,onion,vegetable stock,15,0.0015018021625951142
3935,ginger | rapeseed oil | sesame oil,3,ginger,rapeseed oil,sesame oil,15,0.0015018021625951142
3936,ginger | rapeseed oil | vegetable bouillon powder,3,ginger,rapeseed oil,vegetable bouillon powder,15,0.0015018021625951142
3937,ginger | rapeseed oil | vegetable stock,3,ginger,rapeseed oil,vegetable stock,15,0.0015018021625951142
3938,ginger | red pepper | sesame oil,3,ginger,red pepper,sesame oil,15,0.0015018021625951142
3939,ginger | red pepper | spring onions,3,ginger,red pepper,spring onions,15,0.0015018021625951142
3940,golden caster sugar | icing sugar | light brown soft sugar,3,golden caster sugar,icing sugar,light brown soft sugar,15,0.0015018021625951142
3941,golden caster sugar | natural yogurt | vanilla extract,3,golden caster sugar,natural yogurt,vanilla extract,15,0.0015018021625951142
3942,golden caster sugar | vanilla extract | vegetable oil,3,golden caster sugar,vanilla extract,vegetable oil,15,0.0015018021625951142
3943,golden syrup | icing sugar | plain flour,3,golden syrup,icing sugar,plain flour,15,0.0015018021625951142
3944,green chilli | lemon | olive oil,3,green chilli,lemon,olive oil,15,0.0015018021625951142
3945,ground almonds | lemon | orange,3,ground almonds,lemon,orange,15,0.0015018021625951142
3946,ground cinnamon | ground cumin | red onion,3,ground cinnamon,ground cumin,red onion,15,0.0015018021625951142
3947,ground cinnamon | ground ginger | self-raising flour,3,ground cinnamon,ground ginger,self-raising flour,15,0.0015018021625951142
3948,ground cinnamon | icing sugar | milk,3,ground cinnamon,icing sugar,milk,15,0.0015018021625951142
3949,ground cinnamon | light brown soft sugar | self-raising flour,3,ground cinnamon,light brown soft sugar,self-raising flour,15,0.0015018021625951142
3950,ground cinnamon | light brown soft sugar | vegetable oil,3,ground cinnamon,light brown soft sugar,vegetable oil,15,0.0015018021625951142
3951,ground cinnamon | unsalted butter | vanilla extract,3,ground cinnamon,unsalted butter,vanilla extract,15,0.0015018021625951142
3952,ground cinnamon | vanilla extract | vegetable oil,3,ground cinnamon,vanilla extract,vegetable oil,15,0.0015018021625951142
3953,ground coriander | onion | sunflower oil,3,ground coriander,onion,sunflower oil,15,0.0015018021625951142
3954,ground coriander | onions | turmeric,3,ground coriander,onions,turmeric,15,0.0015018021625951142
3955,ground cumin | onion | red chilli,3,ground cumin,onion,red chilli,15,0.0015018021625951142
3956,ground cumin | red onion | tomatoes,3,ground cumin,red onion,tomatoes,15,0.0015018021625951142
3957,ground cumin | tomato purée | vegetable oil,3,ground cumin,tomato purée,vegetable oil,15,0.0015018021625951142
3958,honey | soy sauce | spring onions,3,honey,soy sauce,spring onions,15,0.0015018021625951142
3959,icing sugar | lemons | self-raising flour,3,icing sugar,lemons,self-raising flour,15,0.0015018021625951142
3960,icing sugar | light muscovado sugar | self-raising flour,3,icing sugar,light muscovado sugar,self-raising flour,15,0.0015018021625951142
3961,icing sugar | milk | salted butter,3,icing sugar,milk,salted butter,15,0.0015018021625951142
3962,icing sugar | mixed spice | orange,3,icing sugar,mixed spice,orange,15,0.0015018021625951142
3963,icing sugar | mixed spice | plain flour,3,icing sugar,mixed spice,plain flour,15,0.0015018021625951142
3964,icing sugar | natural yogurt | self-raising flour,3,icing sugar,natural yogurt,self-raising flour,15,0.0015018021625951142
3965,icing sugar | plain flour | salted butter,3,icing sugar,plain flour,salted butter,15,0.0015018021625951142
3966,icing sugar | self-raising flour | white chocolate,3,icing sugar,self-raising flour,white chocolate,15,0.0015018021625951142
3967,icing sugar | strawberries | vanilla extract,3,icing sugar,strawberries,vanilla extract,15,0.0015018021625951142
3968,lemon | onion | plain flour,3,lemon,onion,plain flour,15,0.0015018021625951142
3969,lemon | onion | tomatoes,3,lemon,onion,tomatoes,15,0.0015018021625951142
3970,lemon | parmesan | parsley,3,lemon,parmesan,parsley,15,0.0015018021625951142
3971,lemon | parsley | red chilli,3,lemon,parsley,red chilli,15,0.0015018021625951142
3972,lemon | parsley | tomato purée,3,lemon,parsley,tomato purée,15,0.0015018021625951142
3973,lemon | self-raising flour | vanilla extract,3,lemon,self-raising flour,vanilla extract,15,0.0015018021625951142
3974,light brown soft sugar | plain flour | white chocolate,3,light brown soft sugar,plain flour,white chocolate,15,0.0015018021625951142
3975,light muscovado sugar | plain flour | unsalted butter,3,light muscovado sugar,plain flour,unsalted butter,15,0.0015018021625951142
3976,lime | olive oil | onion,3,lime,olive oil,onion,15,0.0015018021625951142
3977,lime | red chilli | sesame oil,3,lime,red chilli,sesame oil,15,0.0015018021625951142
3978,mascarpone | olive oil | onion,3,mascarpone,olive oil,onion,15,0.0015018021625951142
3979,mayonnaise | plain flour | vegetable oil,3,mayonnaise,plain flour,vegetable oil,15,0.0015018021625951142
3980,milk | olive oil | tomato purée,3,milk,olive oil,tomato purée,15,0.0015018021625951142
3981,natural yogurt | self-raising flour | vanilla extract,3,natural yogurt,self-raising flour,vanilla extract,15,0.0015018021625951142
3982,nutmeg | onion | plain flour,3,nutmeg,onion,plain flour,15,0.0015018021625951142
3983,olive oil | onion | pine nuts,3,olive oil,onion,pine nuts,15,0.0015018021625951142
3984,olive oil | onions | red wine vinegar,3,olive oil,onions,red wine vinegar,15,0.0015018021625951142
3985,olive oil | pomegranate seeds | red onion,3,olive oil,pomegranate seeds,red onion,15,0.0015018021625951142
3986,olive oil | red onion | tomato purée,3,olive oil,red onion,tomato purée,15,0.0015018021625951142
3987,olive oil | red pepper | tomato purée,3,olive oil,red pepper,tomato purée,15,0.0015018021625951142
3988,olive oil | rosemary | tomato purée,3,olive oil,rosemary,tomato purée,15,0.0015018021625951142
3989,olive oil | smoked paprika | tomatoes,3,olive oil,smoked paprika,tomatoes,15,0.0015018021625951142
3990,onion | parmesan | thyme,3,onion,parmesan,thyme,15,0.0015018021625951142
3991,onion | plain flour | whole milk,3,onion,plain flour,whole milk,15,0.0015018021625951142
3992,onion | rosemary | tomato purée,3,onion,rosemary,tomato purée,15,0.0015018021625951142
3993,onion | sugar | tomato purée,3,onion,sugar,tomato purée,15,0.0015018021625951142
3994,rapeseed oil | red chilli | red onion,3,rapeseed oil,red chilli,red onion,15,0.0015018021625951142
3995,rapeseed oil | smoked paprika | tomato purée,3,rapeseed oil,smoked paprika,tomato purée,15,0.0015018021625951142
3996,self-raising flour | vanilla extract | vegetable oil,3,self-raising flour,vanilla extract,vegetable oil,15,0.0015018021625951142
3997,soy sauce | spring onions | sunflower oil,3,soy sauce,spring onions,sunflower oil,15,0.0015018021625951142
3998,almond extract | eggs | plain flour,3,almond extract,eggs,plain flour,14,0.0014016820184221065
3999,almond extract | golden caster sugar | ground almonds,3,almond extract,golden caster sugar,ground almonds,14,0.0014016820184221065
4000,almond extract | golden caster sugar | icing sugar,3,almond extract,golden caster sugar,icing sugar,14,0.0014016820184221065
4001,aubergine | courgettes | garlic,3,aubergine,courgettes,garlic,14,0.0014016820184221065
4002,aubergines | olive oil | onion,3,aubergines,olive oil,onion,14,0.0014016820184221065
4003,avocado | black beans | lime,3,avocado,black beans,lime,14,0.0014016820184221065
4004,avocado | coriander | olive oil,3,avocado,coriander,olive oil,14,0.0014016820184221065
4005,baking powder | buttermilk | golden caster sugar,3,baking powder,buttermilk,golden caster sugar,14,0.0014016820184221065
4006,baking powder | caster sugar | white chocolate,3,baking powder,caster sugar,white chocolate,14,0.0014016820184221065
4007,baking powder | eggs | lemon curd,3,baking powder,eggs,lemon curd,14,0.0014016820184221065
4008,baking powder | eggs | lemons,3,baking powder,eggs,lemons,14,0.0014016820184221065
4009,baking powder | golden caster sugar | maple syrup,3,baking powder,golden caster sugar,maple syrup,14,0.0014016820184221065
4010,baking powder | golden caster sugar | soured cream,3,baking powder,golden caster sugar,soured cream,14,0.0014016820184221065
4011,baking powder | ground almonds | icing sugar,3,baking powder,ground almonds,icing sugar,14,0.0014016820184221065
4012,baking powder | natural yogurt | self-raising flour,3,baking powder,natural yogurt,self-raising flour,14,0.0014016820184221065
4013,baking powder | plain flour | salted butter,3,baking powder,plain flour,salted butter,14,0.0014016820184221065
4014,baking powder | plain flour | vanilla bean paste,3,baking powder,plain flour,vanilla bean paste,14,0.0014016820184221065
4015,baking powder | self-raising flour | sunflower oil,3,baking powder,self-raising flour,sunflower oil,14,0.0014016820184221065
4016,baking powder | unsalted butter | vanilla bean paste,3,baking powder,unsalted butter,vanilla bean paste,14,0.0014016820184221065
4017,basil leaves | garlic | mozzarella,3,basil leaves,garlic,mozzarella,14,0.0014016820184221065
4018,basil leaves | garlic | rapeseed oil,3,basil leaves,garlic,rapeseed oil,14,0.0014016820184221065
4019,basil | celery | garlic,3,basil,celery,garlic,14,0.0014016820184221065
4020,basil | cherry tomatoes | olive oil,3,basil,cherry tomatoes,olive oil,14,0.0014016820184221065
4021,basil | garlic | tomatoes,3,basil,garlic,tomatoes,14,0.0014016820184221065
4022,basmati rice | cumin seeds | garlic,3,basmati rice,cumin seeds,garlic,14,0.0014016820184221065
4023,basmati rice | garlic | tomato purée,3,basmati rice,garlic,tomato purée,14,0.0014016820184221065
4024,basmati rice | ginger | turmeric,3,basmati rice,ginger,turmeric,14,0.0014016820184221065
4025,bay leaf | carrots | celery,3,bay leaf,carrots,celery,14,0.0014016820184221065
4026,bay leaf | celery | onion,3,bay leaf,celery,onion,14,0.0014016820184221065
4027,bay leaves | butter | lemon,3,bay leaves,butter,lemon,14,0.0014016820184221065
4028,bay leaves | celery | parmesan,3,bay leaves,celery,parmesan,14,0.0014016820184221065
4029,bay leaves | chicken stock | onion,3,bay leaves,chicken stock,onion,14,0.0014016820184221065
4030,bay leaves | chopped tomatoes | onion,3,bay leaves,chopped tomatoes,onion,14,0.0014016820184221065
4031,bay leaves | cinnamon | garlic,3,bay leaves,cinnamon,garlic,14,0.0014016820184221065
4032,bay leaves | coriander | garlic,3,bay leaves,coriander,garlic,14,0.0014016820184221065
4033,bay leaves | garlic | ginger,3,bay leaves,garlic,ginger,14,0.0014016820184221065
4034,bay leaves | garlic | sunflower oil,3,bay leaves,garlic,sunflower oil,14,0.0014016820184221065
4035,bay leaves | lemon | olive oil,3,bay leaves,lemon,olive oil,14,0.0014016820184221065
4036,beef mince | beef stock | garlic,3,beef mince,beef stock,garlic,14,0.0014016820184221065
4037,beef mince | chopped tomatoes | onion,3,beef mince,chopped tomatoes,onion,14,0.0014016820184221065
4038,beef mince | dried oregano | garlic,3,beef mince,dried oregano,garlic,14,0.0014016820184221065
4039,beef stock | butter | onion,3,beef stock,butter,onion,14,0.0014016820184221065
4040,beef stock | butter | tomato purée,3,beef stock,butter,tomato purée,14,0.0014016820184221065
4041,beef stock | garlic | thyme,3,beef stock,garlic,thyme,14,0.0014016820184221065
4042,beef stock | onion | tomato purée,3,beef stock,onion,tomato purée,14,0.0014016820184221065
4043,beef stock | onions | red wine,3,beef stock,onions,red wine,14,0.0014016820184221065
4044,bicarbonate of soda | butter | ground cinnamon,3,bicarbonate of soda,butter,ground cinnamon,14,0.0014016820184221065
4045,bicarbonate of soda | butter | vegetable oil,3,bicarbonate of soda,butter,vegetable oil,14,0.0014016820184221065
4046,bicarbonate of soda | caster sugar | light brown soft sugar,3,bicarbonate of soda,caster sugar,light brown soft sugar,14,0.0014016820184221065
4047,bicarbonate of soda | dark chocolate | egg,3,bicarbonate of soda,dark chocolate,egg,14,0.0014016820184221065
4048,bicarbonate of soda | dark muscovado sugar | golden syrup,3,bicarbonate of soda,dark muscovado sugar,golden syrup,14,0.0014016820184221065
4049,bicarbonate of soda | dark muscovado sugar | ground cinnamon,3,bicarbonate of soda,dark muscovado sugar,ground cinnamon,14,0.0014016820184221065
4050,bicarbonate of soda | egg | golden syrup,3,bicarbonate of soda,egg,golden syrup,14,0.0014016820184221065
4051,bicarbonate of soda | egg | ground cinnamon,3,bicarbonate of soda,egg,ground cinnamon,14,0.0014016820184221065
4052,bicarbonate of soda | golden syrup | icing sugar,3,bicarbonate of soda,golden syrup,icing sugar,14,0.0014016820184221065
4053,bicarbonate of soda | ground cinnamon | light brown soft sugar,3,bicarbonate of soda,ground cinnamon,light brown soft sugar,14,0.0014016820184221065
4054,bicarbonate of soda | ground ginger | unsalted butter,3,bicarbonate of soda,ground ginger,unsalted butter,14,0.0014016820184221065
4055,bicarbonate of soda | light brown soft sugar | self-raising flour,3,bicarbonate of soda,light brown soft sugar,self-raising flour,14,0.0014016820184221065
4056,bicarbonate of soda | milk | vegetable oil,3,bicarbonate of soda,milk,vegetable oil,14,0.0014016820184221065
4057,bicarbonate of soda | natural yogurt | plain flour,3,bicarbonate of soda,natural yogurt,plain flour,14,0.0014016820184221065
4058,bicarbonate of soda | natural yogurt | vanilla extract,3,bicarbonate of soda,natural yogurt,vanilla extract,14,0.0014016820184221065
4059,bicarbonate of soda | plain flour | white chocolate,3,bicarbonate of soda,plain flour,white chocolate,14,0.0014016820184221065
4060,bicarbonate of soda | self-raising flour | unsalted butter,3,bicarbonate of soda,self-raising flour,unsalted butter,14,0.0014016820184221065
4061,bicarbonate of soda | vanilla extract | white chocolate,3,bicarbonate of soda,vanilla extract,white chocolate,14,0.0014016820184221065
4062,black beans | chopped tomatoes | tomato purée,3,black beans,chopped tomatoes,tomato purée,14,0.0014016820184221065
4063,black beans | coriander | onion,3,black beans,coriander,onion,14,0.0014016820184221065
4064,black beans | garlic | tomatoes,3,black beans,garlic,tomatoes,14,0.0014016820184221065
4065,black beans | red onion | smoked paprika,3,black beans,red onion,smoked paprika,14,0.0014016820184221065
4066,black peppercorns | coriander seeds | garlic,3,black peppercorns,coriander seeds,garlic,14,0.0014016820184221065
4067,butter beans | garlic | onion,3,butter beans,garlic,onion,14,0.0014016820184221065
4068,butter | butternut squash | olive oil,3,butter,butternut squash,olive oil,14,0.0014016820184221065
4069,butter | carrots | vegetable oil,3,butter,carrots,vegetable oil,14,0.0014016820184221065
4070,butter | chestnut mushrooms | olive oil,3,butter,chestnut mushrooms,olive oil,14,0.0014016820184221065
4071,butter | chicken stock | parmesan,3,butter,chicken stock,parmesan,14,0.0014016820184221065
4072,butter | cornflour | vanilla extract,3,butter,cornflour,vanilla extract,14,0.0014016820184221065
4073,butter | crème fraîche | garlic,3,butter,crème fraîche,garlic,14,0.0014016820184221065
4074,butter | crème fraîche | golden caster sugar,3,butter,crème fraîche,golden caster sugar,14,0.0014016820184221065
4075,butter | double cream | onions,3,butter,double cream,onions,14,0.0014016820184221065
4076,butter | double cream | orange,3,butter,double cream,orange,14,0.0014016820184221065
4077,butter | egg yolk | eggs,3,butter,egg yolk,eggs,14,0.0014016820184221065
4078,butter | egg yolk | golden caster sugar,3,butter,egg yolk,golden caster sugar,14,0.0014016820184221065
4079,butter | eggs | granulated sugar,3,butter,eggs,granulated sugar,14,0.0014016820184221065
4080,butter | eggs | ground almond,3,butter,eggs,ground almond,14,0.0014016820184221065
4081,butter | eggs | mature cheddar,3,butter,eggs,mature cheddar,14,0.0014016820184221065
4082,butter | eggs | pecans,3,butter,eggs,pecans,14,0.0014016820184221065
4083,butter | eggs | raspberries,3,butter,eggs,raspberries,14,0.0014016820184221065
4084,butter | eggs | salt,3,butter,eggs,salt,14,0.0014016820184221065
4085,butter | extra virgin olive oil | lemon,3,butter,extra virgin olive oil,lemon,14,0.0014016820184221065
4086,butter | flaked almonds | vanilla extract,3,butter,flaked almonds,vanilla extract,14,0.0014016820184221065
4087,butter | flat-leaf parsley | garlic,3,butter,flat-leaf parsley,garlic,14,0.0014016820184221065
4088,butter | garlic | mature cheddar,3,butter,garlic,mature cheddar,14,0.0014016820184221065
4089,butter | golden caster sugar | light muscovado sugar,3,butter,golden caster sugar,light muscovado sugar,14,0.0014016820184221065
4090,butter | golden caster sugar | vegetable oil,3,butter,golden caster sugar,vegetable oil,14,0.0014016820184221065
4091,butter | icing sugar | lemon curd,3,butter,icing sugar,lemon curd,14,0.0014016820184221065
4092,butter | icing sugar | mascarpone,3,butter,icing sugar,mascarpone,14,0.0014016820184221065
4093,butter | olive oil | red onion,3,butter,olive oil,red onion,14,0.0014016820184221065
4094,butter | olive oil | whole milk,3,butter,olive oil,whole milk,14,0.0014016820184221065
4095,butter | plain flour | worcestershire sauce,3,butter,plain flour,worcestershire sauce,14,0.0014016820184221065
4096,butter | red wine | thyme,3,butter,red wine,thyme,14,0.0014016820184221065
4097,butter | self-raising flour | white chocolate,3,butter,self-raising flour,white chocolate,14,0.0014016820184221065
4098,butter | self-raising flour | whole milk,3,butter,self-raising flour,whole milk,14,0.0014016820184221065
4099,butter | shallots | thyme,3,butter,shallots,thyme,14,0.0014016820184221065
4100,butter | thyme | white wine,3,butter,thyme,white wine,14,0.0014016820184221065
4101,buttermilk | eggs | light brown soft sugar,3,buttermilk,eggs,light brown soft sugar,14,0.0014016820184221065
4102,butternut squash | garlic | lemon,3,butternut squash,garlic,lemon,14,0.0014016820184221065
4103,butternut squash | olive oil | onion,3,butternut squash,olive oil,onion,14,0.0014016820184221065
4104,butternut squash | olive oil | parmesan,3,butternut squash,olive oil,parmesan,14,0.0014016820184221065
4105,cannellini beans | garlic | lemon,3,cannellini beans,garlic,lemon,14,0.0014016820184221065
4106,cannellini beans | lemon | olive oil,3,cannellini beans,lemon,olive oil,14,0.0014016820184221065
4107,carrot | celery | thyme,3,carrot,celery,thyme,14,0.0014016820184221065
4108,carrot | garlic | sesame oil,3,carrot,garlic,sesame oil,14,0.0014016820184221065
4109,carrot | onion | rosemary,3,carrot,onion,rosemary,14,0.0014016820184221065
4110,carrots | celery | vegetable oil,3,carrots,celery,vegetable oil,14,0.0014016820184221065
4111,carrots | chicken stock | olive oil,3,carrots,chicken stock,olive oil,14,0.0014016820184221065
4112,carrots | chicken stock | onion,3,carrots,chicken stock,onion,14,0.0014016820184221065
4113,carrots | garlic | red chilli,3,carrots,garlic,red chilli,14,0.0014016820184221065
4114,carrots | garlic | sunflower oil,3,carrots,garlic,sunflower oil,14,0.0014016820184221065
4115,carrots | ginger | red chilli,3,carrots,ginger,red chilli,14,0.0014016820184221065
4116,carrots | potatoes | tomato purée,3,carrots,potatoes,tomato purée,14,0.0014016820184221065
4117,carrots | tomato purée | vegetable stock,3,carrots,tomato purée,vegetable stock,14,0.0014016820184221065
4118,carrots | tomato purée | worcestershire sauce,3,carrots,tomato purée,worcestershire sauce,14,0.0014016820184221065
4119,caster sugar | chilli flakes | olive oil,3,caster sugar,chilli flakes,olive oil,14,0.0014016820184221065
4120,caster sugar | cinnamon | icing sugar,3,caster sugar,cinnamon,icing sugar,14,0.0014016820184221065
4121,caster sugar | cocoa powder | salted butter,3,caster sugar,cocoa powder,salted butter,14,0.0014016820184221065
4122,caster sugar | coriander | garlic,3,caster sugar,coriander,garlic,14,0.0014016820184221065
4123,caster sugar | dark chocolate | egg whites,3,caster sugar,dark chocolate,egg whites,14,0.0014016820184221065
4124,caster sugar | egg | fast-action dried yeast,3,caster sugar,egg,fast-action dried yeast,14,0.0014016820184221065
4125,caster sugar | egg | light brown soft sugar,3,caster sugar,egg,light brown soft sugar,14,0.0014016820184221065
4126,caster sugar | eggs | soured cream,3,caster sugar,eggs,soured cream,14,0.0014016820184221065
4127,caster sugar | fast-action dried yeast | olive oil,3,caster sugar,fast-action dried yeast,olive oil,14,0.0014016820184221065
4128,caster sugar | garlic | onion,3,caster sugar,garlic,onion,14,0.0014016820184221065
4129,caster sugar | golden caster sugar | milk,3,caster sugar,golden caster sugar,milk,14,0.0014016820184221065
4130,caster sugar | ground cinnamon | icing sugar,3,caster sugar,ground cinnamon,icing sugar,14,0.0014016820184221065
4131,caster sugar | ground cinnamon | light brown soft sugar,3,caster sugar,ground cinnamon,light brown soft sugar,14,0.0014016820184221065
4132,caster sugar | icing sugar | mascarpone,3,caster sugar,icing sugar,mascarpone,14,0.0014016820184221065
4133,caster sugar | icing sugar | orange,3,caster sugar,icing sugar,orange,14,0.0014016820184221065
4134,caster sugar | lemon | vanilla bean paste,3,caster sugar,lemon,vanilla bean paste,14,0.0014016820184221065
4135,caster sugar | milk | vegetable oil,3,caster sugar,milk,vegetable oil,14,0.0014016820184221065
4136,caster sugar | strong white bread flour | unsalted butter,3,caster sugar,strong white bread flour,unsalted butter,14,0.0014016820184221065
4137,caster sugar | vanilla extract | white chocolate,3,caster sugar,vanilla extract,white chocolate,14,0.0014016820184221065
4138,cauliflower | garlic | ground cumin,3,cauliflower,garlic,ground cumin,14,0.0014016820184221065
4139,cauliflower | lemon | olive oil,3,cauliflower,lemon,olive oil,14,0.0014016820184221065
4140,cauliflower | olive oil | red onion,3,cauliflower,olive oil,red onion,14,0.0014016820184221065
4141,cayenne pepper | garlic | lemon,3,cayenne pepper,garlic,lemon,14,0.0014016820184221065
4142,cayenne pepper | ground coriander | ground cumin,3,cayenne pepper,ground coriander,ground cumin,14,0.0014016820184221065
4143,cayenne pepper | lemon | olive oil,3,cayenne pepper,lemon,olive oil,14,0.0014016820184221065
4144,celeriac | garlic | olive oil,3,celeriac,garlic,olive oil,14,0.0014016820184221065
4145,celery | cherry tomatoes | garlic,3,celery,cherry tomatoes,garlic,14,0.0014016820184221065
4146,celery | chicken stock | onion,3,celery,chicken stock,onion,14,0.0014016820184221065
4147,celery | lemon | olive oil,3,celery,lemon,olive oil,14,0.0014016820184221065
4148,celery | olive oil | red wine,3,celery,olive oil,red wine,14,0.0014016820184221065
4149,celery | onion | red wine,3,celery,onion,red wine,14,0.0014016820184221065
4150,celery | parsley | thyme,3,celery,parsley,thyme,14,0.0014016820184221065
4151,cherry tomatoes | coriander | garlic,3,cherry tomatoes,coriander,garlic,14,0.0014016820184221065
4152,cherry tomatoes | dried oregano | olive oil,3,cherry tomatoes,dried oregano,olive oil,14,0.0014016820184221065
4153,cherry tomatoes | olive oil | red chilli,3,cherry tomatoes,olive oil,red chilli,14,0.0014016820184221065
4154,cherry tomatoes | olive oil | tomato purée,3,cherry tomatoes,olive oil,tomato purée,14,0.0014016820184221065
4155,chicken breasts | garlic | onion,3,chicken breasts,garlic,onion,14,0.0014016820184221065
4156,chicken stock | chopped tomatoes | onion,3,chicken stock,chopped tomatoes,onion,14,0.0014016820184221065
4157,chicken stock | onions | plain flour,3,chicken stock,onions,plain flour,14,0.0014016820184221065
4158,chickpeas | coriander leaves | garlic,3,chickpeas,coriander leaves,garlic,14,0.0014016820184221065
4159,chickpeas | ground cumin | onion,3,chickpeas,ground cumin,onion,14,0.0014016820184221065
4160,chickpeas | olive oil | smoked paprika,3,chickpeas,olive oil,smoked paprika,14,0.0014016820184221065
4161,chilli flakes | coriander leaves | garlic,3,chilli flakes,coriander leaves,garlic,14,0.0014016820184221065
4162,chilli flakes | eggs | olive oil,3,chilli flakes,eggs,olive oil,14,0.0014016820184221065
4163,chilli flakes | garlic | honey,3,chilli flakes,garlic,honey,14,0.0014016820184221065
4164,chilli flakes | garlic | mozzarella,3,chilli flakes,garlic,mozzarella,14,0.0014016820184221065
4165,chilli flakes | garlic | onions,3,chilli flakes,garlic,onions,14,0.0014016820184221065
4166,chilli flakes | garlic | sugar,3,chilli flakes,garlic,sugar,14,0.0014016820184221065
4167,chilli flakes | garlic | tahini,3,chilli flakes,garlic,tahini,14,0.0014016820184221065
4168,chilli flakes | garlic | thyme,3,chilli flakes,garlic,thyme,14,0.0014016820184221065
4169,chilli flakes | ground cumin | olive oil,3,chilli flakes,ground cumin,olive oil,14,0.0014016820184221065
4170,chilli flakes | onion | parmesan,3,chilli flakes,onion,parmesan,14,0.0014016820184221065
4171,chilli powder | chopped tomatoes | garlic,3,chilli powder,chopped tomatoes,garlic,14,0.0014016820184221065
4172,chilli powder | garam masala | ginger,3,chilli powder,garam masala,ginger,14,0.0014016820184221065
4173,chilli powder | onion | tomato purée,3,chilli powder,onion,tomato purée,14,0.0014016820184221065
4174,chipotle paste | coriander | red onion,3,chipotle paste,coriander,red onion,14,0.0014016820184221065
4175,chipotle paste | garlic | red onion,3,chipotle paste,garlic,red onion,14,0.0014016820184221065
4176,chives | eggs | olive oil,3,chives,eggs,olive oil,14,0.0014016820184221065
4177,chives | garlic | onion,3,chives,garlic,onion,14,0.0014016820184221065
4178,chopped tomatoes | coriander | olive oil,3,chopped tomatoes,coriander,olive oil,14,0.0014016820184221065
4179,chopped tomatoes | coriander | rapeseed oil,3,chopped tomatoes,coriander,rapeseed oil,14,0.0014016820184221065
4180,chopped tomatoes | extra virgin olive oil | garlic,3,chopped tomatoes,extra virgin olive oil,garlic,14,0.0014016820184221065
4181,chopped tomatoes | garam masala | ginger,3,chopped tomatoes,garam masala,ginger,14,0.0014016820184221065
4182,chopped tomatoes | garlic | turmeric,3,chopped tomatoes,garlic,turmeric,14,0.0014016820184221065
4183,chopped tomatoes | ginger | tomato purée,3,chopped tomatoes,ginger,tomato purée,14,0.0014016820184221065
4184,chopped tomatoes | onion | plain flour,3,chopped tomatoes,onion,plain flour,14,0.0014016820184221065
4185,chopped tomatoes | onion | vegetable oil,3,chopped tomatoes,onion,vegetable oil,14,0.0014016820184221065
4186,chopped tomatoes | smoked paprika | tomato purée,3,chopped tomatoes,smoked paprika,tomato purée,14,0.0014016820184221065
4187,cinnamon | cloves | ginger,3,cinnamon,cloves,ginger,14,0.0014016820184221065
4188,cinnamon | egg | plain flour,3,cinnamon,egg,plain flour,14,0.0014016820184221065
4189,cinnamon | eggs | self-raising flour,3,cinnamon,eggs,self-raising flour,14,0.0014016820184221065
4190,cinnamon | garlic | ground turmeric,3,cinnamon,garlic,ground turmeric,14,0.0014016820184221065
4191,cinnamon | golden caster sugar | plain flour,3,cinnamon,golden caster sugar,plain flour,14,0.0014016820184221065
4192,cinnamon | icing sugar | plain flour,3,cinnamon,icing sugar,plain flour,14,0.0014016820184221065
4193,cinnamon | icing sugar | vanilla extract,3,cinnamon,icing sugar,vanilla extract,14,0.0014016820184221065
4194,cocoa powder | dark chocolate | egg,3,cocoa powder,dark chocolate,egg,14,0.0014016820184221065
4195,cocoa powder | double cream | self-raising flour,3,cocoa powder,double cream,self-raising flour,14,0.0014016820184221065
4196,cocoa powder | egg | golden caster sugar,3,cocoa powder,egg,golden caster sugar,14,0.0014016820184221065
4197,cocoa powder | egg | icing sugar,3,cocoa powder,egg,icing sugar,14,0.0014016820184221065
4198,coconut milk | garlic | rice,3,coconut milk,garlic,rice,14,0.0014016820184221065
4199,coconut milk | ginger | lemongrass,3,coconut milk,ginger,lemongrass,14,0.0014016820184221065
4200,coconut milk | ground coriander | ground cumin,3,coconut milk,ground coriander,ground cumin,14,0.0014016820184221065
4201,coriander leaves | eggs | garlic,3,coriander leaves,eggs,garlic,14,0.0014016820184221065
4202,coriander leaves | fish sauce | garlic,3,coriander leaves,fish sauce,garlic,14,0.0014016820184221065
4203,coriander leaves | garlic | ground turmeric,3,coriander leaves,garlic,ground turmeric,14,0.0014016820184221065
4204,coriander leaves | garlic | mint leaves,3,coriander leaves,garlic,mint leaves,14,0.0014016820184221065
4205,coriander leaves | ginger | green chilli,3,coriander leaves,ginger,green chilli,14,0.0014016820184221065
4206,coriander leaves | lime | red onion,3,coriander leaves,lime,red onion,14,0.0014016820184221065
4207,coriander seeds | fennel seeds | garlic,3,coriander seeds,fennel seeds,garlic,14,0.0014016820184221065
4208,coriander | cumin seeds | ground turmeric,3,coriander,cumin seeds,ground turmeric,14,0.0014016820184221065
4209,coriander | cumin seeds | red chilli,3,coriander,cumin seeds,red chilli,14,0.0014016820184221065
4210,coriander | cumin seeds | tomato purée,3,coriander,cumin seeds,tomato purée,14,0.0014016820184221065
4211,coriander | cumin seeds | turmeric,3,coriander,cumin seeds,turmeric,14,0.0014016820184221065
4212,coriander | cumin seeds | vegetable bouillon powder,3,coriander,cumin seeds,vegetable bouillon powder,14,0.0014016820184221065
4213,coriander | curry powder | ginger,3,coriander,curry powder,ginger,14,0.0014016820184221065
4214,coriander | eggs | lime,3,coriander,eggs,lime,14,0.0014016820184221065
4215,coriander | fish sauce | spring onions,3,coriander,fish sauce,spring onions,14,0.0014016820184221065
4216,coriander | frozen peas | garlic,3,coriander,frozen peas,garlic,14,0.0014016820184221065
4217,coriander | garlic | ground cinnamon,3,coriander,garlic,ground cinnamon,14,0.0014016820184221065
4218,coriander | ginger | olive oil,3,coriander,ginger,olive oil,14,0.0014016820184221065
4219,coriander | ginger | red pepper,3,coriander,ginger,red pepper,14,0.0014016820184221065
4220,coriander | ground coriander | onions,3,coriander,ground coriander,onions,14,0.0014016820184221065
4221,coriander | ground coriander | vegetable bouillon powder,3,coriander,ground coriander,vegetable bouillon powder,14,0.0014016820184221065
4222,coriander | ground cumin | juice,3,coriander,ground cumin,juice,14,0.0014016820184221065
4223,coriander | ground cumin | mint,3,coriander,ground cumin,mint,14,0.0014016820184221065
4224,coriander | ground cumin | spring onions,3,coriander,ground cumin,spring onions,14,0.0014016820184221065
4225,coriander | ground turmeric | red chilli,3,coriander,ground turmeric,red chilli,14,0.0014016820184221065
4226,coriander | juice | olive oil,3,coriander,juice,olive oil,14,0.0014016820184221065
4227,coriander | juice | red chilli,3,coriander,juice,red chilli,14,0.0014016820184221065
4228,coriander | juice | red onion,3,coriander,juice,red onion,14,0.0014016820184221065
4229,coriander | lemon | rapeseed oil,3,coriander,lemon,rapeseed oil,14,0.0014016820184221065
4230,coriander | limes | red chilli,3,coriander,limes,red chilli,14,0.0014016820184221065
4231,coriander | olive oil | onions,3,coriander,olive oil,onions,14,0.0014016820184221065
4232,coriander | onion | sunflower oil,3,coriander,onion,sunflower oil,14,0.0014016820184221065
4233,coriander | red onion | red pepper,3,coriander,red onion,red pepper,14,0.0014016820184221065
4234,coriander | red onion | sugar,3,coriander,red onion,sugar,14,0.0014016820184221065
4235,coriander | soy sauce | spring onions,3,coriander,soy sauce,spring onions,14,0.0014016820184221065
4236,coriander | tomatoes | turmeric,3,coriander,tomatoes,turmeric,14,0.0014016820184221065
4237,cornflour | dark chocolate | double cream,3,cornflour,dark chocolate,double cream,14,0.0014016820184221065
4238,cornflour | dark soy sauce | spring onions,3,cornflour,dark soy sauce,spring onions,14,0.0014016820184221065
4239,cornflour | double cream | milk,3,cornflour,double cream,milk,14,0.0014016820184221065
4240,cornflour | egg yolks | golden caster sugar,3,cornflour,egg yolks,golden caster sugar,14,0.0014016820184221065
4241,cornflour | egg yolks | milk,3,cornflour,egg yolks,milk,14,0.0014016820184221065
4242,cornflour | eggs | milk,3,cornflour,eggs,milk,14,0.0014016820184221065
4243,cornflour | garlic | rapeseed oil,3,cornflour,garlic,rapeseed oil,14,0.0014016820184221065
4244,cornflour | garlic | sesame seeds,3,cornflour,garlic,sesame seeds,14,0.0014016820184221065
4245,cornflour | plain flour | spring onions,3,cornflour,plain flour,spring onions,14,0.0014016820184221065
4246,cornflour | sesame oil | soy sauce,3,cornflour,sesame oil,soy sauce,14,0.0014016820184221065
4247,courgette | garlic | onion,3,courgette,garlic,onion,14,0.0014016820184221065
4248,courgette | garlic | red pepper,3,courgette,garlic,red pepper,14,0.0014016820184221065
4249,courgette | lemon | olive oil,3,courgette,lemon,olive oil,14,0.0014016820184221065
4250,courgettes | olive oil | onion,3,courgettes,olive oil,onion,14,0.0014016820184221065
4251,couscous | garlic | olive oil,3,couscous,garlic,olive oil,14,0.0014016820184221065
4252,crusty bread | lemon | olive oil,3,crusty bread,lemon,olive oil,14,0.0014016820184221065
4253,crusty bread | olive oil | onion,3,crusty bread,olive oil,onion,14,0.0014016820184221065
4254,crème fraîche | double cream | eggs,3,crème fraîche,double cream,eggs,14,0.0014016820184221065
4255,cucumber | ground cumin | lemon,3,cucumber,ground cumin,lemon,14,0.0014016820184221065
4256,cucumber | mint leaves | olive oil,3,cucumber,mint leaves,olive oil,14,0.0014016820184221065
4257,cucumber | olive oil | parsley,3,cucumber,olive oil,parsley,14,0.0014016820184221065
4258,cumin seeds | extra virgin olive oil | lemon,3,cumin seeds,extra virgin olive oil,lemon,14,0.0014016820184221065
4259,cumin seeds | garlic | red onions,3,cumin seeds,garlic,red onions,14,0.0014016820184221065
4260,cumin seeds | garlic | vegetable bouillon powder,3,cumin seeds,garlic,vegetable bouillon powder,14,0.0014016820184221065
4261,cumin seeds | ginger | lemon,3,cumin seeds,ginger,lemon,14,0.0014016820184221065
4262,cumin seeds | ground coriander | sunflower oil,3,cumin seeds,ground coriander,sunflower oil,14,0.0014016820184221065
4263,cumin seeds | olive oil | onion,3,cumin seeds,olive oil,onion,14,0.0014016820184221065
4264,dark chocolate | double cream | whole milk,3,dark chocolate,double cream,whole milk,14,0.0014016820184221065
4265,dark chocolate | eggs | golden syrup,3,dark chocolate,eggs,golden syrup,14,0.0014016820184221065
4266,dark chocolate | eggs | white chocolate,3,dark chocolate,eggs,white chocolate,14,0.0014016820184221065
4267,dark chocolate | golden syrup | unsalted butter,3,dark chocolate,golden syrup,unsalted butter,14,0.0014016820184221065
4268,dark chocolate | icing sugar | light brown soft sugar,3,dark chocolate,icing sugar,light brown soft sugar,14,0.0014016820184221065
4269,dark chocolate | milk chocolate | unsalted butter,3,dark chocolate,milk chocolate,unsalted butter,14,0.0014016820184221065
4270,dark muscovado sugar | golden syrup | ground cinnamon,3,dark muscovado sugar,golden syrup,ground cinnamon,14,0.0014016820184221065
4271,dark muscovado sugar | golden syrup | plain flour,3,dark muscovado sugar,golden syrup,plain flour,14,0.0014016820184221065
4272,dark soy sauce | ginger | sesame oil,3,dark soy sauce,ginger,sesame oil,14,0.0014016820184221065
4273,desiccated coconut | eggs | icing sugar,3,desiccated coconut,eggs,icing sugar,14,0.0014016820184221065
4274,dijon mustard | garlic | onion,3,dijon mustard,garlic,onion,14,0.0014016820184221065
4275,dijon mustard | garlic | parsley,3,dijon mustard,garlic,parsley,14,0.0014016820184221065
4276,dijon mustard | olive oil | parmesan,3,dijon mustard,olive oil,parmesan,14,0.0014016820184221065
4277,dijon mustard | parmesan | plain flour,3,dijon mustard,parmesan,plain flour,14,0.0014016820184221065
4278,dill | eggs | lemon,3,dill,eggs,lemon,14,0.0014016820184221065
4279,dill | garlic | onion,3,dill,garlic,onion,14,0.0014016820184221065
4280,double cream | egg whites | vanilla extract,3,double cream,egg whites,vanilla extract,14,0.0014016820184221065
4281,double cream | eggs | olive oil,3,double cream,eggs,olive oil,14,0.0014016820184221065
4282,double cream | garlic | ground cumin,3,double cream,garlic,ground cumin,14,0.0014016820184221065
4283,double cream | garlic | onions,3,double cream,garlic,onions,14,0.0014016820184221065
4284,double cream | gelatine | golden caster sugar,3,double cream,gelatine,golden caster sugar,14,0.0014016820184221065
4285,double cream | icing sugar | orange,3,double cream,icing sugar,orange,14,0.0014016820184221065
4286,double cream | icing sugar | pistachios,3,double cream,icing sugar,pistachios,14,0.0014016820184221065
4287,double cream | light brown soft sugar | unsalted butter,3,double cream,light brown soft sugar,unsalted butter,14,0.0014016820184221065
4288,double cream | mascarpone | plain flour,3,double cream,mascarpone,plain flour,14,0.0014016820184221065
4289,double cream | olive oil | parsley,3,double cream,olive oil,parsley,14,0.0014016820184221065
4290,double cream | onion | plain flour,3,double cream,onion,plain flour,14,0.0014016820184221065
4291,double cream | plain flour | vanilla bean paste,3,double cream,plain flour,vanilla bean paste,14,0.0014016820184221065
4292,double cream | raspberries | vanilla extract,3,double cream,raspberries,vanilla extract,14,0.0014016820184221065
4293,dried oregano | garlic | red wine,3,dried oregano,garlic,red wine,14,0.0014016820184221065
4294,egg yolks | icing sugar | lemon,3,egg yolks,icing sugar,lemon,14,0.0014016820184221065
4295,egg yolks | icing sugar | unsalted butter,3,egg yolks,icing sugar,unsalted butter,14,0.0014016820184221065
4296,egg | extra virgin olive oil | garlic,3,egg,extra virgin olive oil,garlic,14,0.0014016820184221065
4297,egg | garlic | onions,3,egg,garlic,onions,14,0.0014016820184221065
4298,egg | golden caster sugar | light brown soft sugar,3,egg,golden caster sugar,light brown soft sugar,14,0.0014016820184221065
4299,egg | lemon | parmesan,3,egg,lemon,parmesan,14,0.0014016820184221065
4300,egg | oil | plain flour,3,egg,oil,plain flour,14,0.0014016820184221065
4301,egg | plain flour | wholegrain mustard,3,egg,plain flour,wholegrain mustard,14,0.0014016820184221065
4302,eggs | fast-action dried yeast | unsalted butter,3,eggs,fast-action dried yeast,unsalted butter,14,0.0014016820184221065
4303,eggs | garlic | ground coriander,3,eggs,garlic,ground coriander,14,0.0014016820184221065
4304,eggs | garlic | spinach,3,eggs,garlic,spinach,14,0.0014016820184221065
4305,eggs | ginger | spring onions,3,eggs,ginger,spring onions,14,0.0014016820184221065
4306,eggs | glacé cherries | orange,3,eggs,glacé cherries,orange,14,0.0014016820184221065
4307,eggs | golden caster sugar | sunflower oil,3,eggs,golden caster sugar,sunflower oil,14,0.0014016820184221065
4308,eggs | greek yogurt | self-raising flour,3,eggs,greek yogurt,self-raising flour,14,0.0014016820184221065
4309,eggs | ground almonds | unsalted butter,3,eggs,ground almonds,unsalted butter,14,0.0014016820184221065
4310,eggs | ground coriander | ground cumin,3,eggs,ground coriander,ground cumin,14,0.0014016820184221065
4311,eggs | ground ginger | mixed spice,3,eggs,ground ginger,mixed spice,14,0.0014016820184221065
4312,eggs | lemon curd | self-raising flour,3,eggs,lemon curd,self-raising flour,14,0.0014016820184221065
4313,eggs | lemon | onion,3,eggs,lemon,onion,14,0.0014016820184221065
4314,eggs | lemon | parmesan,3,eggs,lemon,parmesan,14,0.0014016820184221065
4315,eggs | maple syrup | unsalted butter,3,eggs,maple syrup,unsalted butter,14,0.0014016820184221065
4316,eggs | milk | spring onions,3,eggs,milk,spring onions,14,0.0014016820184221065
4317,eggs | mixed dried fruit | plain flour,3,eggs,mixed dried fruit,plain flour,14,0.0014016820184221065
4318,eggs | olive oil | ricotta,3,eggs,olive oil,ricotta,14,0.0014016820184221065
4319,eggs | onions | plain flour,3,eggs,onions,plain flour,14,0.0014016820184221065
4320,eggs | plain flour | slightly salted butter,3,eggs,plain flour,slightly salted butter,14,0.0014016820184221065
4321,eggs | plain flour | thyme leaves,3,eggs,plain flour,thyme leaves,14,0.0014016820184221065
4322,eggs | raisins | sultanas,3,eggs,raisins,sultanas,14,0.0014016820184221065
4323,eggs | rapeseed oil | red chilli,3,eggs,rapeseed oil,red chilli,14,0.0014016820184221065
4324,eggs | raspberry jam | self-raising flour,3,eggs,raspberry jam,self-raising flour,14,0.0014016820184221065
4325,eggs | unsalted butter | vanilla paste,3,eggs,unsalted butter,vanilla paste,14,0.0014016820184221065
4326,eggs | vegetable oil | whole milk,3,eggs,vegetable oil,whole milk,14,0.0014016820184221065
4327,extra virgin olive oil | feta | honey,3,extra virgin olive oil,feta,honey,14,0.0014016820184221065
4328,extra virgin olive oil | garlic | lemon juice,3,extra virgin olive oil,garlic,lemon juice,14,0.0014016820184221065
4329,extra virgin olive oil | garlic | mint,3,extra virgin olive oil,garlic,mint,14,0.0014016820184221065
4330,extra virgin olive oil | mint leaves | olive oil,3,extra virgin olive oil,mint leaves,olive oil,14,0.0014016820184221065
4331,extra virgin olive oil | olive oil | red onion,3,extra virgin olive oil,olive oil,red onion,14,0.0014016820184221065
4332,fast-action dried yeast | ground cinnamon | strong white bread flour,3,fast-action dried yeast,ground cinnamon,strong white bread flour,14,0.0014016820184221065
4333,fast-action dried yeast | plain flour | strong white bread flour,3,fast-action dried yeast,plain flour,strong white bread flour,14,0.0014016820184221065
4334,fast-action dried yeast | strong white bread flour | vanilla extract,3,fast-action dried yeast,strong white bread flour,vanilla extract,14,0.0014016820184221065
4335,fennel seeds | garlic | ginger,3,fennel seeds,garlic,ginger,14,0.0014016820184221065
4336,fennel seeds | lemon | onion,3,fennel seeds,lemon,onion,14,0.0014016820184221065
4337,fennel | fennel seeds | olive oil,3,fennel,fennel seeds,olive oil,14,0.0014016820184221065
4338,fish sauce | garlic | limes,3,fish sauce,garlic,limes,14,0.0014016820184221065
4339,fish sauce | garlic | soy sauce,3,fish sauce,garlic,soy sauce,14,0.0014016820184221065
4340,fish sauce | ginger | soy sauce,3,fish sauce,ginger,soy sauce,14,0.0014016820184221065
4341,fish sauce | spring onions | vegetable oil,3,fish sauce,spring onions,vegetable oil,14,0.0014016820184221065
4342,flaked almonds | icing sugar | plain flour,3,flaked almonds,icing sugar,plain flour,14,0.0014016820184221065
4343,flat-leaf parsley | garlic | onions,3,flat-leaf parsley,garlic,onions,14,0.0014016820184221065
4344,garam masala | ginger | onions,3,garam masala,ginger,onions,14,0.0014016820184221065
4345,garam masala | ginger | red onion,3,garam masala,ginger,red onion,14,0.0014016820184221065
4346,garam masala | ground coriander | tomato purée,3,garam masala,ground coriander,tomato purée,14,0.0014016820184221065
4347,garlic | ginger | lime wedges,3,garlic,ginger,lime wedges,14,0.0014016820184221065
4348,garlic | ginger | paprika,3,garlic,ginger,paprika,14,0.0014016820184221065
4349,garlic | golden caster sugar | vegetable oil,3,garlic,golden caster sugar,vegetable oil,14,0.0014016820184221065
4350,garlic | greek yogurt | ground cumin,3,garlic,greek yogurt,ground cumin,14,0.0014016820184221065
4351,garlic | greek yogurt | mint leaves,3,garlic,greek yogurt,mint leaves,14,0.0014016820184221065
4352,garlic | green chilli | rapeseed oil,3,garlic,green chilli,rapeseed oil,14,0.0014016820184221065
4353,garlic | green chillies | ground coriander,3,garlic,green chillies,ground coriander,14,0.0014016820184221065
4354,garlic | green chillies | turmeric,3,garlic,green chillies,turmeric,14,0.0014016820184221065
4355,garlic | green salad | onion,3,garlic,green salad,onion,14,0.0014016820184221065
4356,garlic | ground cinnamon | parsley,3,garlic,ground cinnamon,parsley,14,0.0014016820184221065
4357,garlic | ground coriander | tahini,3,garlic,ground coriander,tahini,14,0.0014016820184221065
4358,garlic | ground cumin | vegetable bouillon powder,3,garlic,ground cumin,vegetable bouillon powder,14,0.0014016820184221065
4359,garlic | ground turmeric | tomatoes,3,garlic,ground turmeric,tomatoes,14,0.0014016820184221065
4360,garlic | halloumi | olive oil,3,garlic,halloumi,olive oil,14,0.0014016820184221065
4361,garlic | lamb mince | tomato purée,3,garlic,lamb mince,tomato purée,14,0.0014016820184221065
4362,garlic | leek | olive oil,3,garlic,leek,olive oil,14,0.0014016820184221065
4363,garlic | lemon | unsalted butter,3,garlic,lemon,unsalted butter,14,0.0014016820184221065
4364,garlic | lemongrass | lime,3,garlic,lemongrass,lime,14,0.0014016820184221065
4365,garlic | lemongrass | red chilli,3,garlic,lemongrass,red chilli,14,0.0014016820184221065
4366,garlic | lime | mint leaves,3,garlic,lime,mint leaves,14,0.0014016820184221065
4367,garlic | limes | olive oil,3,garlic,limes,olive oil,14,0.0014016820184221065
4368,garlic | limes | vegetable oil,3,garlic,limes,vegetable oil,14,0.0014016820184221065
4369,garlic | mature cheddar | plain flour,3,garlic,mature cheddar,plain flour,14,0.0014016820184221065
4370,garlic | milk | potatoes,3,garlic,milk,potatoes,14,0.0014016820184221065
4371,garlic | mint leaves | onion,3,garlic,mint leaves,onion,14,0.0014016820184221065
4372,garlic | mint | red onion,3,garlic,mint,red onion,14,0.0014016820184221065
4373,garlic | natural yogurt | onion,3,garlic,natural yogurt,onion,14,0.0014016820184221065
4374,garlic | natural yogurt | red onion,3,garlic,natural yogurt,red onion,14,0.0014016820184221065
4375,garlic | olive oil | orzo,3,garlic,olive oil,orzo,14,0.0014016820184221065
4376,garlic | onion | parsnips,3,garlic,onion,parsnips,14,0.0014016820184221065
4377,garlic | onion | sweet potato,3,garlic,onion,sweet potato,14,0.0014016820184221065
4378,garlic | onions | white wine,3,garlic,onions,white wine,14,0.0014016820184221065
4379,garlic | paprika | tomato purée,3,garlic,paprika,tomato purée,14,0.0014016820184221065
4380,garlic | parmesan | vegetable oil,3,garlic,parmesan,vegetable oil,14,0.0014016820184221065
4381,garlic | parsley | shallots,3,garlic,parsley,shallots,14,0.0014016820184221065
4382,garlic | parsley | vegetable bouillon powder,3,garlic,parsley,vegetable bouillon powder,14,0.0014016820184221065
4383,garlic | parsley | vegetable stock,3,garlic,parsley,vegetable stock,14,0.0014016820184221065
4384,garlic | plain flour | vegetable stock,3,garlic,plain flour,vegetable stock,14,0.0014016820184221065
4385,garlic | rapeseed oil | tahini,3,garlic,rapeseed oil,tahini,14,0.0014016820184221065
4386,garlic | red pepper | tomatoes,3,garlic,red pepper,tomatoes,14,0.0014016820184221065
4387,garlic | red wine | rosemary,3,garlic,red wine,rosemary,14,0.0014016820184221065
4388,garlic | rice | vegetable oil,3,garlic,rice,vegetable oil,14,0.0014016820184221065
4389,garlic | smoked paprika | sweet potatoes,3,garlic,smoked paprika,sweet potatoes,14,0.0014016820184221065
4390,garlic | smoked paprika | tahini,3,garlic,smoked paprika,tahini,14,0.0014016820184221065
4391,garlic | smoked paprika | thyme leaves,3,garlic,smoked paprika,thyme leaves,14,0.0014016820184221065
4392,garlic | spring onions | tomato purée,3,garlic,spring onions,tomato purée,14,0.0014016820184221065
4393,garlic | thyme | unsalted butter,3,garlic,thyme,unsalted butter,14,0.0014016820184221065
4394,garlic | thyme | vegetable oil,3,garlic,thyme,vegetable oil,14,0.0014016820184221065
4395,garlic | tomato purée | white wine,3,garlic,tomato purée,white wine,14,0.0014016820184221065
4396,ginger | golden caster sugar | sesame oil,3,ginger,golden caster sugar,sesame oil,14,0.0014016820184221065
4397,ginger | green chilli | onion,3,ginger,green chilli,onion,14,0.0014016820184221065
4398,ginger | green chilli | tomato purée,3,ginger,green chilli,tomato purée,14,0.0014016820184221065
4399,ginger | green chilli | turmeric,3,ginger,green chilli,turmeric,14,0.0014016820184221065
4400,ginger | green chillies | onion,3,ginger,green chillies,onion,14,0.0014016820184221065
4401,ginger | green chillies | turmeric,3,ginger,green chillies,turmeric,14,0.0014016820184221065
4402,ginger | ground coriander | red onion,3,ginger,ground coriander,red onion,14,0.0014016820184221065
4403,ginger | ground cumin | rapeseed oil,3,ginger,ground cumin,rapeseed oil,14,0.0014016820184221065
4404,ginger | ground turmeric | rapeseed oil,3,ginger,ground turmeric,rapeseed oil,14,0.0014016820184221065
4405,ginger | ground turmeric | tomato purée,3,ginger,ground turmeric,tomato purée,14,0.0014016820184221065
4406,ginger | honey | sesame seeds,3,ginger,honey,sesame seeds,14,0.0014016820184221065
4407,ginger | light soy sauce | sesame seeds,3,ginger,light soy sauce,sesame seeds,14,0.0014016820184221065
4408,ginger | light soy sauce | vegetable oil,3,ginger,light soy sauce,vegetable oil,14,0.0014016820184221065
4409,ginger | lime | sesame oil,3,ginger,lime,sesame oil,14,0.0014016820184221065
4410,ginger | limes | spring onions,3,ginger,limes,spring onions,14,0.0014016820184221065
4411,ginger | mirin | spring onions,3,ginger,mirin,spring onions,14,0.0014016820184221065
4412,ginger | onions | red chilli,3,ginger,onions,red chilli,14,0.0014016820184221065
4413,golden caster sugar | ground ginger | unsalted butter,3,golden caster sugar,ground ginger,unsalted butter,14,0.0014016820184221065
4414,golden caster sugar | icing sugar | natural yogurt,3,golden caster sugar,icing sugar,natural yogurt,14,0.0014016820184221065
4415,golden caster sugar | icing sugar | strawberries,3,golden caster sugar,icing sugar,strawberries,14,0.0014016820184221065
4416,golden caster sugar | icing sugar | vegetable oil,3,golden caster sugar,icing sugar,vegetable oil,14,0.0014016820184221065
4417,golden caster sugar | icing sugar | whole milk,3,golden caster sugar,icing sugar,whole milk,14,0.0014016820184221065
4418,golden caster sugar | milk chocolate | plain flour,3,golden caster sugar,milk chocolate,plain flour,14,0.0014016820184221065
4419,golden caster sugar | milk | strong white bread flour,3,golden caster sugar,milk,strong white bread flour,14,0.0014016820184221065
4420,golden caster sugar | orange | unsalted butter,3,golden caster sugar,orange,unsalted butter,14,0.0014016820184221065
4421,golden caster sugar | strawberries | vanilla extract,3,golden caster sugar,strawberries,vanilla extract,14,0.0014016820184221065
4422,golden caster sugar | unsalted butter | vegetable oil,3,golden caster sugar,unsalted butter,vegetable oil,14,0.0014016820184221065
4423,green salad | olive oil | onion,3,green salad,olive oil,onion,14,0.0014016820184221065
4424,ground cinnamon | ground cloves | plain flour,3,ground cinnamon,ground cloves,plain flour,14,0.0014016820184221065
4425,ground cinnamon | ground cloves | vanilla extract,3,ground cinnamon,ground cloves,vanilla extract,14,0.0014016820184221065
4426,ground cinnamon | ground cumin | lemon,3,ground cinnamon,ground cumin,lemon,14,0.0014016820184221065
4427,ground cinnamon | ground ginger | mixed spice,3,ground cinnamon,ground ginger,mixed spice,14,0.0014016820184221065
4428,ground cinnamon | maple syrup | vanilla extract,3,ground cinnamon,maple syrup,vanilla extract,14,0.0014016820184221065
4429,ground coriander | ground cumin | vegetable bouillon powder,3,ground coriander,ground cumin,vegetable bouillon powder,14,0.0014016820184221065
4430,ground coriander | ground turmeric | red chilli,3,ground coriander,ground turmeric,red chilli,14,0.0014016820184221065
4431,ground coriander | lemon | red onion,3,ground coriander,lemon,red onion,14,0.0014016820184221065
4432,ground coriander | onions | rapeseed oil,3,ground coriander,onions,rapeseed oil,14,0.0014016820184221065
4433,ground coriander | rapeseed oil | tomato purée,3,ground coriander,rapeseed oil,tomato purée,14,0.0014016820184221065
4434,ground coriander | rapeseed oil | turmeric,3,ground coriander,rapeseed oil,turmeric,14,0.0014016820184221065
4435,ground coriander | red chilli | red onion,3,ground coriander,red chilli,red onion,14,0.0014016820184221065
4436,ground coriander | tomatoes | turmeric,3,ground coriander,tomatoes,turmeric,14,0.0014016820184221065
4437,ground cumin | lime | red chilli,3,ground cumin,lime,red chilli,14,0.0014016820184221065
4438,ground cumin | rapeseed oil | smoked paprika,3,ground cumin,rapeseed oil,smoked paprika,14,0.0014016820184221065
4439,ground cumin | rapeseed oil | tomatoes,3,ground cumin,rapeseed oil,tomatoes,14,0.0014016820184221065
4440,ground ginger | light brown soft sugar | vanilla extract,3,ground ginger,light brown soft sugar,vanilla extract,14,0.0014016820184221065
4441,honey | olive oil | parsley,3,honey,olive oil,parsley,14,0.0014016820184221065
4442,honey | sesame oil | soy sauce,3,honey,sesame oil,soy sauce,14,0.0014016820184221065
4443,honey | sesame seeds | soy sauce,3,honey,sesame seeds,soy sauce,14,0.0014016820184221065
4444,honey | soy sauce | vegetable oil,3,honey,soy sauce,vegetable oil,14,0.0014016820184221065
4445,icing sugar | maple syrup | plain flour,3,icing sugar,maple syrup,plain flour,14,0.0014016820184221065
4446,icing sugar | marzipan | plain flour,3,icing sugar,marzipan,plain flour,14,0.0014016820184221065
4447,icing sugar | salted butter | self-raising flour,3,icing sugar,salted butter,self-raising flour,14,0.0014016820184221065
4448,icing sugar | vanilla extract | white caster sugar,3,icing sugar,vanilla extract,white caster sugar,14,0.0014016820184221065
4449,icing sugar | vanilla extract | whole milk,3,icing sugar,vanilla extract,whole milk,14,0.0014016820184221065
4450,leeks | olive oil | parmesan,3,leeks,olive oil,parmesan,14,0.0014016820184221065
4451,lemon | mixed spice | plain flour,3,lemon,mixed spice,plain flour,14,0.0014016820184221065
4452,lemon | olive oil | shallots,3,lemon,olive oil,shallots,14,0.0014016820184221065
4453,lemon | olive oil | sumac,3,lemon,olive oil,sumac,14,0.0014016820184221065
4454,lemon | olive oil | unsalted butter,3,lemon,olive oil,unsalted butter,14,0.0014016820184221065
4455,lemon | panko breadcrumbs | plain flour,3,lemon,panko breadcrumbs,plain flour,14,0.0014016820184221065
4456,lemon | parsley | pomegranate seeds,3,lemon,parsley,pomegranate seeds,14,0.0014016820184221065
4457,lemon | parsley | tomatoes,3,lemon,parsley,tomatoes,14,0.0014016820184221065
4458,lemon | rapeseed oil | tomatoes,3,lemon,rapeseed oil,tomatoes,14,0.0014016820184221065
4459,lemon | unsalted butter | vanilla extract,3,lemon,unsalted butter,vanilla extract,14,0.0014016820184221065
4460,light brown soft sugar | unsalted butter | white chocolate,3,light brown soft sugar,unsalted butter,white chocolate,14,0.0014016820184221065
4461,lime | olive oil | smoked paprika,3,lime,olive oil,smoked paprika,14,0.0014016820184221065
4462,lime | rapeseed oil | red onion,3,lime,rapeseed oil,red onion,14,0.0014016820184221065
4463,lime | rapeseed oil | spring onions,3,lime,rapeseed oil,spring onions,14,0.0014016820184221065
4464,mascarpone | onion | parmesan,3,mascarpone,onion,parmesan,14,0.0014016820184221065
4465,mature cheddar | onion | plain flour,3,mature cheddar,onion,plain flour,14,0.0014016820184221065
4466,milk | natural yogurt | self-raising flour,3,milk,natural yogurt,self-raising flour,14,0.0014016820184221065
4467,mixed dried fruit | mixed spice | orange,3,mixed dried fruit,mixed spice,orange,14,0.0014016820184221065
4468,mixed dried fruit | orange | plain flour,3,mixed dried fruit,orange,plain flour,14,0.0014016820184221065
4469,natural yogurt | plain flour | vanilla extract,3,natural yogurt,plain flour,vanilla extract,14,0.0014016820184221065
4470,olive oil | onions | vegetable stock,3,olive oil,onions,vegetable stock,14,0.0014016820184221065
4471,olive oil | panko breadcrumbs | plain flour,3,olive oil,panko breadcrumbs,plain flour,14,0.0014016820184221065
4472,olive oil | parmesan | sage leaves,3,olive oil,parmesan,sage leaves,14,0.0014016820184221065
4473,olive oil | parmesan | unsalted butter,3,olive oil,parmesan,unsalted butter,14,0.0014016820184221065
4474,olive oil | parsley | pomegranate seeds,3,olive oil,parsley,pomegranate seeds,14,0.0014016820184221065
4475,olive oil | red chilli | red onion,3,olive oil,red chilli,red onion,14,0.0014016820184221065
4476,olive oil | sugar | tomato purée,3,olive oil,sugar,tomato purée,14,0.0014016820184221065
4477,onion | parmesan | vegetable stock,3,onion,parmesan,vegetable stock,14,0.0014016820184221065
4478,onion | parsley | thyme,3,onion,parsley,thyme,14,0.0014016820184221065
4479,onion | plain flour | white wine,3,onion,plain flour,white wine,14,0.0014016820184221065
4480,onion | red chilli | turmeric,3,onion,red chilli,turmeric,14,0.0014016820184221065
4481,onion | red chilli | vegetable oil,3,onion,red chilli,vegetable oil,14,0.0014016820184221065
4482,onion | red pepper | smoked paprika,3,onion,red pepper,smoked paprika,14,0.0014016820184221065
4483,onion | spring onions | vegetable oil,3,onion,spring onions,vegetable oil,14,0.0014016820184221065
4484,onion | turmeric | vegetable oil,3,onion,turmeric,vegetable oil,14,0.0014016820184221065
4485,onion | vegetable oil | vegetable stock,3,onion,vegetable oil,vegetable stock,14,0.0014016820184221065
4486,onions | plain flour | red wine,3,onions,plain flour,red wine,14,0.0014016820184221065
4487,onions | thyme | tomato purée,3,onions,thyme,tomato purée,14,0.0014016820184221065
4488,onions | tomato purée | vegetable bouillon powder,3,onions,tomato purée,vegetable bouillon powder,14,0.0014016820184221065
4489,parmesan | red wine | tomato purée,3,parmesan,red wine,tomato purée,14,0.0014016820184221065
4490,plain flour | soured cream | unsalted butter,3,plain flour,soured cream,unsalted butter,14,0.0014016820184221065
4491,plain flour | vegetable oil | whole milk,3,plain flour,vegetable oil,whole milk,14,0.0014016820184221065
4492,rapeseed oil | red chilli | spring onions,3,rapeseed oil,red chilli,spring onions,14,0.0014016820184221065
4493,rapeseed oil | tomato purée | tomatoes,3,rapeseed oil,tomato purée,tomatoes,14,0.0014016820184221065
4494,red chilli | sesame oil | sesame seeds,3,red chilli,sesame oil,sesame seeds,14,0.0014016820184221065
4495,red onion | smoked paprika | tomatoes,3,red onion,smoked paprika,tomatoes,14,0.0014016820184221065
4496,rice vinegar | soy sauce | vegetable oil,3,rice vinegar,soy sauce,vegetable oil,14,0.0014016820184221065
4497,almond extract | butter | golden caster sugar,3,almond extract,butter,golden caster sugar,13,0.001301561874249099
4498,almond extract | caster sugar | eggs,3,almond extract,caster sugar,eggs,13,0.001301561874249099
4499,almond extract | golden caster sugar | plain flour,3,almond extract,golden caster sugar,plain flour,13,0.001301561874249099
4500,almond extract | icing sugar | self-raising flour,3,almond extract,icing sugar,self-raising flour,13,0.001301561874249099
4501,anchovies | garlic | olive oil,3,anchovies,garlic,olive oil,13,0.001301561874249099
4502,apricot jam | eggs | plain flour,3,apricot jam,eggs,plain flour,13,0.001301561874249099
4503,apricot jam | icing sugar | plain flour,3,apricot jam,icing sugar,plain flour,13,0.001301561874249099
4504,aubergine | garlic | lemon,3,aubergine,garlic,lemon,13,0.001301561874249099
4505,aubergine | garlic | tomato purée,3,aubergine,garlic,tomato purée,13,0.001301561874249099
4506,aubergine | olive oil | red onion,3,aubergine,olive oil,red onion,13,0.001301561874249099
4507,aubergines | garlic | lemon,3,aubergines,garlic,lemon,13,0.001301561874249099
4508,avocado | lime | rapeseed oil,3,avocado,lime,rapeseed oil,13,0.001301561874249099
4509,avocados | black beans | coriander,3,avocados,black beans,coriander,13,0.001301561874249099
4510,avocados | coriander | red onion,3,avocados,coriander,red onion,13,0.001301561874249099
4511,baby spinach | garlic | red chilli,3,baby spinach,garlic,red chilli,13,0.001301561874249099
4512,baking powder | bicarbonate of soda | self-raising flour,3,baking powder,bicarbonate of soda,self-raising flour,13,0.001301561874249099
4513,baking powder | butter | ground ginger,3,baking powder,butter,ground ginger,13,0.001301561874249099
4514,baking powder | butter | mixed spice,3,baking powder,butter,mixed spice,13,0.001301561874249099
4515,baking powder | butter | whole milk,3,baking powder,butter,whole milk,13,0.001301561874249099
4516,baking powder | caster sugar | vanilla bean paste,3,baking powder,caster sugar,vanilla bean paste,13,0.001301561874249099
4517,baking powder | cornflour | vanilla extract,3,baking powder,cornflour,vanilla extract,13,0.001301561874249099
4518,baking powder | double cream | lemon,3,baking powder,double cream,lemon,13,0.001301561874249099
4519,baking powder | eggs | vanilla paste,3,baking powder,eggs,vanilla paste,13,0.001301561874249099
4520,baking powder | garlic | olive oil,3,baking powder,garlic,olive oil,13,0.001301561874249099
4521,baking powder | golden caster sugar | lemon curd,3,baking powder,golden caster sugar,lemon curd,13,0.001301561874249099
4522,baking powder | golden caster sugar | lemons,3,baking powder,golden caster sugar,lemons,13,0.001301561874249099
4523,baking powder | granulated sugar | plain flour,3,baking powder,granulated sugar,plain flour,13,0.001301561874249099
4524,baking powder | ground almonds | milk,3,baking powder,ground almonds,milk,13,0.001301561874249099
4525,baking powder | ground almonds | orange,3,baking powder,ground almonds,orange,13,0.001301561874249099
4526,baking powder | ground cinnamon | unsalted butter,3,baking powder,ground cinnamon,unsalted butter,13,0.001301561874249099
4527,baking powder | icing sugar | slightly salted butter,3,baking powder,icing sugar,slightly salted butter,13,0.001301561874249099
4528,baking powder | icing sugar | white chocolate,3,baking powder,icing sugar,white chocolate,13,0.001301561874249099
4529,baking powder | lemons | self-raising flour,3,baking powder,lemons,self-raising flour,13,0.001301561874249099
4530,baking powder | light muscovado sugar | unsalted butter,3,baking powder,light muscovado sugar,unsalted butter,13,0.001301561874249099
4531,baking powder | milk | salted butter,3,baking powder,milk,salted butter,13,0.001301561874249099
4532,baking powder | mixed spice | vanilla extract,3,baking powder,mixed spice,vanilla extract,13,0.001301561874249099
4533,baking powder | plain flour | slightly salted butter,3,baking powder,plain flour,slightly salted butter,13,0.001301561874249099
4534,baking powder | plain flour | spring onions,3,baking powder,plain flour,spring onions,13,0.001301561874249099
4535,balsamic vinegar | celery | garlic,3,balsamic vinegar,celery,garlic,13,0.001301561874249099
4536,balsamic vinegar | garlic | onion,3,balsamic vinegar,garlic,onion,13,0.001301561874249099
4537,basil | garlic | red wine vinegar,3,basil,garlic,red wine vinegar,13,0.001301561874249099
4538,basil | olive oil | red wine vinegar,3,basil,olive oil,red wine vinegar,13,0.001301561874249099
4539,basil | olive oil | tomatoes,3,basil,olive oil,tomatoes,13,0.001301561874249099
4540,basil | onion | parmesan,3,basil,onion,parmesan,13,0.001301561874249099
4541,basmati rice | butter | garlic,3,basmati rice,butter,garlic,13,0.001301561874249099
4542,basmati rice | coriander | onion,3,basmati rice,coriander,onion,13,0.001301561874249099
4543,basmati rice | ginger | ground cumin,3,basmati rice,ginger,ground cumin,13,0.001301561874249099
4544,bay leaf | celery | olive oil,3,bay leaf,celery,olive oil,13,0.001301561874249099
4545,bay leaf | olive oil | plain flour,3,bay leaf,olive oil,plain flour,13,0.001301561874249099
4546,bay leaves | beef stock | onions,3,bay leaves,beef stock,onions,13,0.001301561874249099
4547,bay leaves | beef stock | thyme,3,bay leaves,beef stock,thyme,13,0.001301561874249099
4548,bay leaves | beef stock | tomato purée,3,bay leaves,beef stock,tomato purée,13,0.001301561874249099
4549,bay leaves | beef stock | vegetable oil,3,bay leaves,beef stock,vegetable oil,13,0.001301561874249099
4550,bay leaves | butter | chicken stock,3,bay leaves,butter,chicken stock,13,0.001301561874249099
4551,bay leaves | butter | double cream,3,bay leaves,butter,double cream,13,0.001301561874249099
4552,bay leaves | carrot | olive oil,3,bay leaves,carrot,olive oil,13,0.001301561874249099
4553,bay leaves | carrot | tomato purée,3,bay leaves,carrot,tomato purée,13,0.001301561874249099
4554,bay leaves | dried oregano | tomato purée,3,bay leaves,dried oregano,tomato purée,13,0.001301561874249099
4555,bay leaves | garlic | smoked paprika,3,bay leaves,garlic,smoked paprika,13,0.001301561874249099
4556,bay leaves | olive oil | white wine,3,bay leaves,olive oil,white wine,13,0.001301561874249099
4557,bay leaves | onion | parmesan,3,bay leaves,onion,parmesan,13,0.001301561874249099
4558,bay leaves | onions | parmesan,3,bay leaves,onions,parmesan,13,0.001301561874249099
4559,bay leaves | parmesan | red wine,3,bay leaves,parmesan,red wine,13,0.001301561874249099
4560,bay leaves | plain flour | sunflower oil,3,bay leaves,plain flour,sunflower oil,13,0.001301561874249099
4561,bay leaves | thyme | vegetable oil,3,bay leaves,thyme,vegetable oil,13,0.001301561874249099
4562,beansprouts | garlic | red chilli,3,beansprouts,garlic,red chilli,13,0.001301561874249099
4563,beansprouts | garlic | spring onions,3,beansprouts,garlic,spring onions,13,0.001301561874249099
4564,beef mince | chopped tomatoes | olive oil,3,beef mince,chopped tomatoes,olive oil,13,0.001301561874249099
4565,beef mince | chopped tomatoes | tomato purée,3,beef mince,chopped tomatoes,tomato purée,13,0.001301561874249099
4566,beef stock | butter | olive oil,3,beef stock,butter,olive oil,13,0.001301561874249099
4567,beef stock | carrots | thyme,3,beef stock,carrots,thyme,13,0.001301561874249099
4568,beef stock | garlic | vegetable oil,3,beef stock,garlic,vegetable oil,13,0.001301561874249099
4569,beef stock | plain flour | sunflower oil,3,beef stock,plain flour,sunflower oil,13,0.001301561874249099
4570,bicarbonate of soda | butter | caster sugar,3,bicarbonate of soda,butter,caster sugar,13,0.001301561874249099
4571,bicarbonate of soda | butter | golden syrup,3,bicarbonate of soda,butter,golden syrup,13,0.001301561874249099
4572,bicarbonate of soda | caster sugar | milk,3,bicarbonate of soda,caster sugar,milk,13,0.001301561874249099
4573,bicarbonate of soda | caster sugar | self-raising flour,3,bicarbonate of soda,caster sugar,self-raising flour,13,0.001301561874249099
4574,bicarbonate of soda | eggs | mixed spice,3,bicarbonate of soda,eggs,mixed spice,13,0.001301561874249099
4575,bicarbonate of soda | eggs | soured cream,3,bicarbonate of soda,eggs,soured cream,13,0.001301561874249099
4576,bicarbonate of soda | ground cinnamon | self-raising flour,3,bicarbonate of soda,ground cinnamon,self-raising flour,13,0.001301561874249099
4577,bicarbonate of soda | plain flour | soured cream,3,bicarbonate of soda,plain flour,soured cream,13,0.001301561874249099
4578,black beans | coriander leaves | garlic,3,black beans,coriander leaves,garlic,13,0.001301561874249099
4579,black beans | coriander | olive oil,3,black beans,coriander,olive oil,13,0.001301561874249099
4580,black beans | garlic | red chilli,3,black beans,garlic,red chilli,13,0.001301561874249099
4581,black beans | lime | rapeseed oil,3,black beans,lime,rapeseed oil,13,0.001301561874249099
4582,brown basmati rice | garlic | vegetable bouillon powder,3,brown basmati rice,garlic,vegetable bouillon powder,13,0.001301561874249099
4583,butter beans | garlic | smoked paprika,3,butter beans,garlic,smoked paprika,13,0.001301561874249099
4584,butter | carrot | celery,3,butter,carrot,celery,13,0.001301561874249099
4585,butter | caster sugar | digestive biscuits,3,butter,caster sugar,digestive biscuits,13,0.001301561874249099
4586,butter | caster sugar | ground almonds,3,butter,caster sugar,ground almonds,13,0.001301561874249099
4587,butter | caster sugar | strong white bread flour,3,butter,caster sugar,strong white bread flour,13,0.001301561874249099
4588,butter | caster sugar | vanilla bean paste,3,butter,caster sugar,vanilla bean paste,13,0.001301561874249099
4589,butter | chestnut mushrooms | onion,3,butter,chestnut mushrooms,onion,13,0.001301561874249099
4590,butter | chives | milk,3,butter,chives,milk,13,0.001301561874249099
4591,butter | cinnamon | egg,3,butter,cinnamon,egg,13,0.001301561874249099
4592,butter | cinnamon | vanilla extract,3,butter,cinnamon,vanilla extract,13,0.001301561874249099
4593,butter | cocoa | eggs,3,butter,cocoa,eggs,13,0.001301561874249099
4594,butter | cold butter | golden caster sugar,3,butter,cold butter,golden caster sugar,13,0.001301561874249099
4595,butter | coriander | onion,3,butter,coriander,onion,13,0.001301561874249099
4596,butter | cream cheese | icing sugar,3,butter,cream cheese,icing sugar,13,0.001301561874249099
4597,butter | crème fraîche | olive oil,3,butter,crème fraîche,olive oil,13,0.001301561874249099
4598,butter | crème fraîche | onion,3,butter,crème fraîche,onion,13,0.001301561874249099
4599,butter | cumin seeds | garlic,3,butter,cumin seeds,garlic,13,0.001301561874249099
4600,butter | dijon mustard | eggs,3,butter,dijon mustard,eggs,13,0.001301561874249099
4601,butter | dijon mustard | lemon,3,butter,dijon mustard,lemon,13,0.001301561874249099
4602,butter | dijon mustard | parmesan,3,butter,dijon mustard,parmesan,13,0.001301561874249099
4603,butter | dill | garlic,3,butter,dill,garlic,13,0.001301561874249099
4604,butter | double cream | unsalted butter,3,butter,double cream,unsalted butter,13,0.001301561874249099
4605,butter | dried breadcrumbs | plain flour,3,butter,dried breadcrumbs,plain flour,13,0.001301561874249099
4606,butter | egg yolk | icing sugar,3,butter,egg yolk,icing sugar,13,0.001301561874249099
4607,butter | egg yolks | eggs,3,butter,egg yolks,eggs,13,0.001301561874249099
4608,butter | egg yolks | milk,3,butter,egg yolks,milk,13,0.001301561874249099
4609,butter | egg yolks | vanilla extract,3,butter,egg yolks,vanilla extract,13,0.001301561874249099
4610,butter | egg | ground ginger,3,butter,egg,ground ginger,13,0.001301561874249099
4611,butter | egg | oil,3,butter,egg,oil,13,0.001301561874249099
4612,butter | eggs | greek yogurt,3,butter,eggs,greek yogurt,13,0.001301561874249099
4613,butter | eggs | lemon curd,3,butter,eggs,lemon curd,13,0.001301561874249099
4614,butter | eggs | marzipan,3,butter,eggs,marzipan,13,0.001301561874249099
4615,butter | eggs | spring onions,3,butter,eggs,spring onions,13,0.001301561874249099
4616,butter | eggs | thyme,3,butter,eggs,thyme,13,0.001301561874249099
4617,butter | english mustard | plain flour,3,butter,english mustard,plain flour,13,0.001301561874249099
4618,butter | garlic | ground cinnamon,3,butter,garlic,ground cinnamon,13,0.001301561874249099
4619,butter | garlic | maris piper potatoes,3,butter,garlic,maris piper potatoes,13,0.001301561874249099
4620,butter | garlic | mushrooms,3,butter,garlic,mushrooms,13,0.001301561874249099
4621,butter | garlic | sugar,3,butter,garlic,sugar,13,0.001301561874249099
4622,butter | golden caster sugar | golden syrup,3,butter,golden caster sugar,golden syrup,13,0.001301561874249099
4623,butter | golden caster sugar | marzipan,3,butter,golden caster sugar,marzipan,13,0.001301561874249099
4624,butter | golden caster sugar | strong white bread flour,3,butter,golden caster sugar,strong white bread flour,13,0.001301561874249099
4625,butter | golden syrup | icing sugar,3,butter,golden syrup,icing sugar,13,0.001301561874249099
4626,butter | ground coriander | ground cumin,3,butter,ground coriander,ground cumin,13,0.001301561874249099
4627,butter | ground ginger | self-raising flour,3,butter,ground ginger,self-raising flour,13,0.001301561874249099
4628,butter | icing sugar | lemons,3,butter,icing sugar,lemons,13,0.001301561874249099
4629,butter | icing sugar | vanilla bean paste,3,butter,icing sugar,vanilla bean paste,13,0.001301561874249099
4630,butter | icing sugar | whole milk,3,butter,icing sugar,whole milk,13,0.001301561874249099
4631,butter | lemon juice | plain flour,3,butter,lemon juice,plain flour,13,0.001301561874249099
4632,butter | lemon | mixed spice,3,butter,lemon,mixed spice,13,0.001301561874249099
4633,butter | light brown soft sugar | vegetable oil,3,butter,light brown soft sugar,vegetable oil,13,0.001301561874249099
4634,butter | milk | salt,3,butter,milk,salt,13,0.001301561874249099
4635,butter | mustard powder | plain flour,3,butter,mustard powder,plain flour,13,0.001301561874249099
4636,butter | olive oil | sage leaves,3,butter,olive oil,sage leaves,13,0.001301561874249099
4637,butter | olive oil | shallots,3,butter,olive oil,shallots,13,0.001301561874249099
4638,butter | olive oil | wholegrain mustard,3,butter,olive oil,wholegrain mustard,13,0.001301561874249099
4639,butter | panko breadcrumbs | plain flour,3,butter,panko breadcrumbs,plain flour,13,0.001301561874249099
4640,butter | parmesan | risotto rice,3,butter,parmesan,risotto rice,13,0.001301561874249099
4641,butter | soured cream | vanilla extract,3,butter,soured cream,vanilla extract,13,0.001301561874249099
4642,butter | thyme | whole milk,3,butter,thyme,whole milk,13,0.001301561874249099
4643,butternut squash | garlic | ground coriander,3,butternut squash,garlic,ground coriander,13,0.001301561874249099
4644,butternut squash | garlic | vegetable stock,3,butternut squash,garlic,vegetable stock,13,0.001301561874249099
4645,butternut squash | olive oil | sage leaves,3,butternut squash,olive oil,sage leaves,13,0.001301561874249099
4646,cannellini beans | olive oil | onion,3,cannellini beans,olive oil,onion,13,0.001301561874249099
4647,capers | dijon mustard | lemon,3,capers,dijon mustard,lemon,13,0.001301561874249099
4648,cardamom pods | coriander | ginger,3,cardamom pods,coriander,ginger,13,0.001301561874249099
4649,cardamom pods | garam masala | garlic,3,cardamom pods,garam masala,garlic,13,0.001301561874249099
4650,cardamom pods | garam masala | ginger,3,cardamom pods,garam masala,ginger,13,0.001301561874249099
4651,cardamom pods | garlic | ground coriander,3,cardamom pods,garlic,ground coriander,13,0.001301561874249099
4652,cardamom pods | ginger | ground coriander,3,cardamom pods,ginger,ground coriander,13,0.001301561874249099
4653,carrot | celery | rosemary,3,carrot,celery,rosemary,13,0.001301561874249099
4654,carrot | cucumber | soy sauce,3,carrot,cucumber,soy sauce,13,0.001301561874249099
4655,carrot | garlic | rosemary,3,carrot,garlic,rosemary,13,0.001301561874249099
4656,carrot | olive oil | plain flour,3,carrot,olive oil,plain flour,13,0.001301561874249099
4657,carrot | sesame oil | soy sauce,3,carrot,sesame oil,soy sauce,13,0.001301561874249099
4658,carrots | chicken stock | garlic,3,carrots,chicken stock,garlic,13,0.001301561874249099
4659,carrots | chicken stock | onions,3,carrots,chicken stock,onions,13,0.001301561874249099
4660,carrots | chicken stock | thyme,3,carrots,chicken stock,thyme,13,0.001301561874249099
4661,carrots | garlic | milk,3,carrots,garlic,milk,13,0.001301561874249099
4662,carrots | garlic | red onions,3,carrots,garlic,red onions,13,0.001301561874249099
4663,carrots | ginger | onions,3,carrots,ginger,onions,13,0.001301561874249099
4664,carrots | olive oil | parsley,3,carrots,olive oil,parsley,13,0.001301561874249099
4665,carrots | olive oil | red wine,3,carrots,olive oil,red wine,13,0.001301561874249099
4666,carrots | olive oil | rosemary,3,carrots,olive oil,rosemary,13,0.001301561874249099
4667,carrots | onion | parsley,3,carrots,onion,parsley,13,0.001301561874249099
4668,carrots | onion | vegetable stock,3,carrots,onion,vegetable stock,13,0.001301561874249099
4669,carrots | onions | vegetable stock,3,carrots,onions,vegetable stock,13,0.001301561874249099
4670,carrots | parsley | thyme,3,carrots,parsley,thyme,13,0.001301561874249099
4671,carrots | plain flour | sunflower oil,3,carrots,plain flour,sunflower oil,13,0.001301561874249099
4672,caster sugar | cinnamon | eggs,3,caster sugar,cinnamon,eggs,13,0.001301561874249099
4673,caster sugar | cinnamon | plain flour,3,caster sugar,cinnamon,plain flour,13,0.001301561874249099
4674,caster sugar | cocoa powder | vegetable oil,3,caster sugar,cocoa powder,vegetable oil,13,0.001301561874249099
4675,caster sugar | desiccated coconut | icing sugar,3,caster sugar,desiccated coconut,icing sugar,13,0.001301561874249099
4676,caster sugar | digestive biscuits | double cream,3,caster sugar,digestive biscuits,double cream,13,0.001301561874249099
4677,caster sugar | egg yolks | unsalted butter,3,caster sugar,egg yolks,unsalted butter,13,0.001301561874249099
4678,caster sugar | eggs | pistachios,3,caster sugar,eggs,pistachios,13,0.001301561874249099
4679,caster sugar | eggs | raspberries,3,caster sugar,eggs,raspberries,13,0.001301561874249099
4680,caster sugar | eggs | strawberries,3,caster sugar,eggs,strawberries,13,0.001301561874249099
4681,caster sugar | eggs | sunflower oil,3,caster sugar,eggs,sunflower oil,13,0.001301561874249099
4682,caster sugar | eggs | vanilla paste,3,caster sugar,eggs,vanilla paste,13,0.001301561874249099
4683,caster sugar | garlic | plain flour,3,caster sugar,garlic,plain flour,13,0.001301561874249099
4684,caster sugar | ground almonds | icing sugar,3,caster sugar,ground almonds,icing sugar,13,0.001301561874249099
4685,caster sugar | ground almonds | plain flour,3,caster sugar,ground almonds,plain flour,13,0.001301561874249099
4686,caster sugar | icing sugar | raspberries,3,caster sugar,icing sugar,raspberries,13,0.001301561874249099
4687,caster sugar | icing sugar | salted butter,3,caster sugar,icing sugar,salted butter,13,0.001301561874249099
4688,caster sugar | lemon | pistachios,3,caster sugar,lemon,pistachios,13,0.001301561874249099
4689,caster sugar | light brown soft sugar | milk,3,caster sugar,light brown soft sugar,milk,13,0.001301561874249099
4690,caster sugar | light brown soft sugar | self-raising flour,3,caster sugar,light brown soft sugar,self-raising flour,13,0.001301561874249099
4691,caster sugar | milk | strong white bread flour,3,caster sugar,milk,strong white bread flour,13,0.001301561874249099
4692,caster sugar | plain flour | salted butter,3,caster sugar,plain flour,salted butter,13,0.001301561874249099
4693,caster sugar | self-raising flour | vanilla bean paste,3,caster sugar,self-raising flour,vanilla bean paste,13,0.001301561874249099
4694,caster sugar | self-raising flour | vanilla paste,3,caster sugar,self-raising flour,vanilla paste,13,0.001301561874249099
4695,caster sugar | unsalted butter | vanilla bean paste,3,caster sugar,unsalted butter,vanilla bean paste,13,0.001301561874249099
4696,caster sugar | unsalted butter | vanilla paste,3,caster sugar,unsalted butter,vanilla paste,13,0.001301561874249099
4697,cauliflower | chickpeas | garlic,3,cauliflower,chickpeas,garlic,13,0.001301561874249099
4698,cauliflower | garlic | red chilli,3,cauliflower,garlic,red chilli,13,0.001301561874249099
4699,cayenne pepper | garlic | ground coriander,3,cayenne pepper,garlic,ground coriander,13,0.001301561874249099
4700,cayenne pepper | olive oil | onion,3,cayenne pepper,olive oil,onion,13,0.001301561874249099
4701,celery | chilli flakes | garlic,3,celery,chilli flakes,garlic,13,0.001301561874249099
4702,celery | dried oregano | olive oil,3,celery,dried oregano,olive oil,13,0.001301561874249099
4703,celery | egg | onion,3,celery,egg,onion,13,0.001301561874249099
4704,celery | fennel seeds | garlic,3,celery,fennel seeds,garlic,13,0.001301561874249099
4705,celery | garlic | red onion,3,celery,garlic,red onion,13,0.001301561874249099
4706,celery | olive oil | red wine vinegar,3,celery,olive oil,red wine vinegar,13,0.001301561874249099
4707,celery | onions | plain flour,3,celery,onions,plain flour,13,0.001301561874249099
4708,celery | onions | red wine,3,celery,onions,red wine,13,0.001301561874249099
4709,celery | onions | red wine vinegar,3,celery,onions,red wine vinegar,13,0.001301561874249099
4710,cherry tomatoes | chilli flakes | garlic,3,cherry tomatoes,chilli flakes,garlic,13,0.001301561874249099
4711,cherry tomatoes | cucumber | lemon,3,cherry tomatoes,cucumber,lemon,13,0.001301561874249099
4712,cherry tomatoes | garlic | spring onions,3,cherry tomatoes,garlic,spring onions,13,0.001301561874249099
4713,cherry tomatoes | lemon | red onion,3,cherry tomatoes,lemon,red onion,13,0.001301561874249099
4714,chestnut mushrooms | garlic | plain flour,3,chestnut mushrooms,garlic,plain flour,13,0.001301561874249099
4715,chicken breasts | chicken stock | garlic,3,chicken breasts,chicken stock,garlic,13,0.001301561874249099
4716,chicken breasts | garlic | ginger,3,chicken breasts,garlic,ginger,13,0.001301561874249099
4717,chicken stock | double cream | olive oil,3,chicken stock,double cream,olive oil,13,0.001301561874249099
4718,chicken stock | olive oil | tomato purée,3,chicken stock,olive oil,tomato purée,13,0.001301561874249099
4719,chicken stock | onion | white wine,3,chicken stock,onion,white wine,13,0.001301561874249099
4720,chickpeas | coriander | ginger,3,chickpeas,coriander,ginger,13,0.001301561874249099
4721,chickpeas | coriander | ground cumin,3,chickpeas,coriander,ground cumin,13,0.001301561874249099
4722,chickpeas | coriander | lemon,3,chickpeas,coriander,lemon,13,0.001301561874249099
4723,chickpeas | coriander | tomatoes,3,chickpeas,coriander,tomatoes,13,0.001301561874249099
4724,chickpeas | cumin seeds | lemon,3,chickpeas,cumin seeds,lemon,13,0.001301561874249099
4725,chickpeas | cumin seeds | rapeseed oil,3,chickpeas,cumin seeds,rapeseed oil,13,0.001301561874249099
4726,chickpeas | extra virgin olive oil | lemon,3,chickpeas,extra virgin olive oil,lemon,13,0.001301561874249099
4727,chickpeas | garlic | ground turmeric,3,chickpeas,garlic,ground turmeric,13,0.001301561874249099
4728,chickpeas | ground coriander | olive oil,3,chickpeas,ground coriander,olive oil,13,0.001301561874249099
4729,chickpeas | ground coriander | onion,3,chickpeas,ground coriander,onion,13,0.001301561874249099
4730,chickpeas | ground coriander | rapeseed oil,3,chickpeas,ground coriander,rapeseed oil,13,0.001301561874249099
4731,chickpeas | red onion | tomatoes,3,chickpeas,red onion,tomatoes,13,0.001301561874249099
4732,chilli flakes | chopped tomatoes | tomato purée,3,chilli flakes,chopped tomatoes,tomato purée,13,0.001301561874249099
4733,chilli flakes | coriander seeds | garlic,3,chilli flakes,coriander seeds,garlic,13,0.001301561874249099
4734,chilli flakes | extra virgin olive oil | lemon,3,chilli flakes,extra virgin olive oil,lemon,13,0.001301561874249099
4735,chilli flakes | garlic | tomatoes,3,chilli flakes,garlic,tomatoes,13,0.001301561874249099
4736,chilli flakes | ginger | vegetable oil,3,chilli flakes,ginger,vegetable oil,13,0.001301561874249099
4737,chilli powder | chopped tomatoes | tomato purée,3,chilli powder,chopped tomatoes,tomato purée,13,0.001301561874249099
4738,chilli powder | coriander | ground cumin,3,chilli powder,coriander,ground cumin,13,0.001301561874249099
4739,chilli powder | garlic | onions,3,chilli powder,garlic,onions,13,0.001301561874249099
4740,chilli powder | ginger | onion,3,chilli powder,ginger,onion,13,0.001301561874249099
4741,chinese five-spice powder | ginger | spring onions,3,chinese five-spice powder,ginger,spring onions,13,0.001301561874249099
4742,chipotle paste | chopped tomatoes | garlic,3,chipotle paste,chopped tomatoes,garlic,13,0.001301561874249099
4743,chipotle paste | lime | red onion,3,chipotle paste,lime,red onion,13,0.001301561874249099
4744,chives | garlic | lemon,3,chives,garlic,lemon,13,0.001301561874249099
4745,chives | olive oil | plain flour,3,chives,olive oil,plain flour,13,0.001301561874249099
4746,chopped tomatoes | coriander | tomato purée,3,chopped tomatoes,coriander,tomato purée,13,0.001301561874249099
4747,chopped tomatoes | cumin seeds | ginger,3,chopped tomatoes,cumin seeds,ginger,13,0.001301561874249099
4748,chopped tomatoes | dried oregano | onions,3,chopped tomatoes,dried oregano,onions,13,0.001301561874249099
4749,chopped tomatoes | eggs | garlic,3,chopped tomatoes,eggs,garlic,13,0.001301561874249099
4750,chopped tomatoes | garam masala | onion,3,chopped tomatoes,garam masala,onion,13,0.001301561874249099
4751,chopped tomatoes | garlic | rosemary,3,chopped tomatoes,garlic,rosemary,13,0.001301561874249099
4752,chopped tomatoes | garlic | spaghetti,3,chopped tomatoes,garlic,spaghetti,13,0.001301561874249099
4753,chopped tomatoes | ground coriander | vegetable bouillon powder,3,chopped tomatoes,ground coriander,vegetable bouillon powder,13,0.001301561874249099
4754,chopped tomatoes | olive oil | plain flour,3,chopped tomatoes,olive oil,plain flour,13,0.001301561874249099
4755,chopped tomatoes | olive oil | red chilli,3,chopped tomatoes,olive oil,red chilli,13,0.001301561874249099
4756,chopped tomatoes | olive oil | red onion,3,chopped tomatoes,olive oil,red onion,13,0.001301561874249099
4757,chopped tomatoes | onion | red wine vinegar,3,chopped tomatoes,onion,red wine vinegar,13,0.001301561874249099
4758,chopped tomatoes | onions | rapeseed oil,3,chopped tomatoes,onions,rapeseed oil,13,0.001301561874249099
4759,chopped tomatoes | parmesan | red wine,3,chopped tomatoes,parmesan,red wine,13,0.001301561874249099
4760,chorizo | garlic | onion,3,chorizo,garlic,onion,13,0.001301561874249099
4761,cinnamon | garam masala | garlic,3,cinnamon,garam masala,garlic,13,0.001301561874249099
4762,cinnamon | garlic | red chilli,3,cinnamon,garlic,red chilli,13,0.001301561874249099
4763,cinnamon | ginger | ground turmeric,3,cinnamon,ginger,ground turmeric,13,0.001301561874249099
4764,cinnamon | ginger | onions,3,cinnamon,ginger,onions,13,0.001301561874249099
4765,cinnamon | ginger | tomatoes,3,cinnamon,ginger,tomatoes,13,0.001301561874249099
4766,cinnamon | ground cumin | onion,3,cinnamon,ground cumin,onion,13,0.001301561874249099
4767,cinnamon | olive oil | onion,3,cinnamon,olive oil,onion,13,0.001301561874249099
4768,cocoa powder | dark chocolate | milk chocolate,3,cocoa powder,dark chocolate,milk chocolate,13,0.001301561874249099
4769,cocoa powder | eggs | golden syrup,3,cocoa powder,eggs,golden syrup,13,0.001301561874249099
4770,cocoa powder | eggs | milk chocolate,3,cocoa powder,eggs,milk chocolate,13,0.001301561874249099
4771,cocoa powder | plain flour | salted butter,3,cocoa powder,plain flour,salted butter,13,0.001301561874249099
4772,coconut milk | coriander leaves | ginger,3,coconut milk,coriander leaves,ginger,13,0.001301561874249099
4773,coconut milk | garlic | red chilli,3,coconut milk,garlic,red chilli,13,0.001301561874249099
4774,coconut milk | garlic | red onion,3,coconut milk,garlic,red onion,13,0.001301561874249099
4775,coconut milk | ginger | ground coriander,3,coconut milk,ginger,ground coriander,13,0.001301561874249099
4776,coconut milk | lemongrass | vegetable oil,3,coconut milk,lemongrass,vegetable oil,13,0.001301561874249099
4777,cold butter | lemon | plain flour,3,cold butter,lemon,plain flour,13,0.001301561874249099
4778,cold butter | light brown soft sugar | plain flour,3,cold butter,light brown soft sugar,plain flour,13,0.001301561874249099
4779,cold unsalted butter | egg yolk | plain flour,3,cold unsalted butter,egg yolk,plain flour,13,0.001301561874249099
4780,cold unsalted butter | golden caster sugar | plain flour,3,cold unsalted butter,golden caster sugar,plain flour,13,0.001301561874249099
4781,coriander leaves | garlic | lemon,3,coriander leaves,garlic,lemon,13,0.001301561874249099
4782,coriander leaves | ginger | lime,3,coriander leaves,ginger,lime,13,0.001301561874249099
4783,coriander leaves | ginger | red onion,3,coriander leaves,ginger,red onion,13,0.001301561874249099
4784,coriander leaves | ginger | sesame oil,3,coriander leaves,ginger,sesame oil,13,0.001301561874249099
4785,coriander leaves | ginger | turmeric,3,coriander leaves,ginger,turmeric,13,0.001301561874249099
4786,coriander seeds | cumin seeds | lemon,3,coriander seeds,cumin seeds,lemon,13,0.001301561874249099
4787,coriander seeds | cumin seeds | onions,3,coriander seeds,cumin seeds,onions,13,0.001301561874249099
4788,coriander | cumin seeds | green chilli,3,coriander,cumin seeds,green chilli,13,0.001301561874249099
4789,coriander | cumin seeds | olive oil,3,coriander,cumin seeds,olive oil,13,0.001301561874249099
4790,coriander | eggs | rapeseed oil,3,coriander,eggs,rapeseed oil,13,0.001301561874249099
4791,coriander | extra virgin olive oil | red onion,3,coriander,extra virgin olive oil,red onion,13,0.001301561874249099
4792,coriander | garlic | passata,3,coriander,garlic,passata,13,0.001301561874249099
4793,coriander | garlic | soured cream,3,coriander,garlic,soured cream,13,0.001301561874249099
4794,coriander | green chilli | ground cumin,3,coriander,green chilli,ground cumin,13,0.001301561874249099
4795,coriander | ground coriander | smoked paprika,3,coriander,ground coriander,smoked paprika,13,0.001301561874249099
4796,coriander | ground coriander | vegetable oil,3,coriander,ground coriander,vegetable oil,13,0.001301561874249099
4797,coriander | lime | sunflower oil,3,coriander,lime,sunflower oil,13,0.001301561874249099
4798,coriander | mint | red onion,3,coriander,mint,red onion,13,0.001301561874249099
4799,coriander | mint | spring onions,3,coriander,mint,spring onions,13,0.001301561874249099
4800,coriander | onions | rapeseed oil,3,coriander,onions,rapeseed oil,13,0.001301561874249099
4801,coriander | red chilli | sunflower oil,3,coriander,red chilli,sunflower oil,13,0.001301561874249099
4802,cornflour | double cream | light brown soft sugar,3,cornflour,double cream,light brown soft sugar,13,0.001301561874249099
4803,cornflour | egg yolks | vanilla extract,3,cornflour,egg yolks,vanilla extract,13,0.001301561874249099
4804,cornflour | ginger | sesame seeds,3,cornflour,ginger,sesame seeds,13,0.001301561874249099
4805,cornflour | golden caster sugar | vanilla extract,3,cornflour,golden caster sugar,vanilla extract,13,0.001301561874249099
4806,cornflour | icing sugar | lemon,3,cornflour,icing sugar,lemon,13,0.001301561874249099
4807,cornflour | light brown soft sugar | plain flour,3,cornflour,light brown soft sugar,plain flour,13,0.001301561874249099
4808,cream cheese | double cream | icing sugar,3,cream cheese,double cream,icing sugar,13,0.001301561874249099
4809,cream cheese | icing sugar | vanilla extract,3,cream cheese,icing sugar,vanilla extract,13,0.001301561874249099
4810,crème fraîche | golden caster sugar | icing sugar,3,crème fraîche,golden caster sugar,icing sugar,13,0.001301561874249099
4811,cucumber | dried oregano | garlic,3,cucumber,dried oregano,garlic,13,0.001301561874249099
4812,cucumber | extra virgin olive oil | red onion,3,cucumber,extra virgin olive oil,red onion,13,0.001301561874249099
4813,cucumber | garlic | ground coriander,3,cucumber,garlic,ground coriander,13,0.001301561874249099
4814,cucumber | ginger | red chilli,3,cucumber,ginger,red chilli,13,0.001301561874249099
4815,cucumber | lime | red chilli,3,cucumber,lime,red chilli,13,0.001301561874249099
4816,cucumber | mint | spring onions,3,cucumber,mint,spring onions,13,0.001301561874249099
4817,cucumber | olive oil | tomatoes,3,cucumber,olive oil,tomatoes,13,0.001301561874249099
4818,cucumber | red chilli | spring onions,3,cucumber,red chilli,spring onions,13,0.001301561874249099
4819,cumin seeds | curry leaves | garlic,3,cumin seeds,curry leaves,garlic,13,0.001301561874249099
4820,cumin seeds | fennel seeds | garlic,3,cumin seeds,fennel seeds,garlic,13,0.001301561874249099
4821,cumin seeds | garlic | natural yogurt,3,cumin seeds,garlic,natural yogurt,13,0.001301561874249099
4822,cumin seeds | ginger | sunflower oil,3,cumin seeds,ginger,sunflower oil,13,0.001301561874249099
4823,cumin seeds | ground coriander | vegetable bouillon powder,3,cumin seeds,ground coriander,vegetable bouillon powder,13,0.001301561874249099
4824,cumin seeds | ground turmeric | onion,3,cumin seeds,ground turmeric,onion,13,0.001301561874249099
4825,cumin seeds | lemon | rapeseed oil,3,cumin seeds,lemon,rapeseed oil,13,0.001301561874249099
4826,cumin seeds | lemon | tomatoes,3,cumin seeds,lemon,tomatoes,13,0.001301561874249099
4827,cumin seeds | onion | red chilli,3,cumin seeds,onion,red chilli,13,0.001301561874249099
4828,cumin seeds | onion | tomato purée,3,cumin seeds,onion,tomato purée,13,0.001301561874249099
4829,cumin seeds | rapeseed oil | red onion,3,cumin seeds,rapeseed oil,red onion,13,0.001301561874249099
4830,cumin seeds | rapeseed oil | vegetable bouillon powder,3,cumin seeds,rapeseed oil,vegetable bouillon powder,13,0.001301561874249099
4831,cumin seeds | tomatoes | turmeric,3,cumin seeds,tomatoes,turmeric,13,0.001301561874249099
4832,curry powder | garlic | lemon,3,curry powder,garlic,lemon,13,0.001301561874249099
4833,curry powder | ginger | onion,3,curry powder,ginger,onion,13,0.001301561874249099
4834,curry powder | onion | vegetable oil,3,curry powder,onion,vegetable oil,13,0.001301561874249099
4835,dark chocolate | double cream | egg whites,3,dark chocolate,double cream,egg whites,13,0.001301561874249099
4836,dark chocolate | milk chocolate | plain flour,3,dark chocolate,milk chocolate,plain flour,13,0.001301561874249099
4837,dark chocolate | self-raising flour | unsalted butter,3,dark chocolate,self-raising flour,unsalted butter,13,0.001301561874249099
4838,dijon mustard | double cream | plain flour,3,dijon mustard,double cream,plain flour,13,0.001301561874249099
4839,dijon mustard | lemon | mayonnaise,3,dijon mustard,lemon,mayonnaise,13,0.001301561874249099
4840,dijon mustard | lemon | parmesan,3,dijon mustard,lemon,parmesan,13,0.001301561874249099
4841,dijon mustard | olive oil | white wine vinegar,3,dijon mustard,olive oil,white wine vinegar,13,0.001301561874249099
4842,dill | feta | lemon,3,dill,feta,lemon,13,0.001301561874249099
4843,dill | garlic | mint,3,dill,garlic,mint,13,0.001301561874249099
4844,dill | lemon | red onion,3,dill,lemon,red onion,13,0.001301561874249099
4845,double cream | egg | icing sugar,3,double cream,egg,icing sugar,13,0.001301561874249099
4846,double cream | eggs | ground ginger,3,double cream,eggs,ground ginger,13,0.001301561874249099
4847,double cream | eggs | soured cream,3,double cream,eggs,soured cream,13,0.001301561874249099
4848,double cream | golden caster sugar | mascarpone,3,double cream,golden caster sugar,mascarpone,13,0.001301561874249099
4849,double cream | golden caster sugar | salted butter,3,double cream,golden caster sugar,salted butter,13,0.001301561874249099
4850,double cream | golden caster sugar | strawberries,3,double cream,golden caster sugar,strawberries,13,0.001301561874249099
4851,double cream | golden caster sugar | vanilla pod,3,double cream,golden caster sugar,vanilla pod,13,0.001301561874249099
4852,double cream | lemon | olive oil,3,double cream,lemon,olive oil,13,0.001301561874249099
4853,double cream | nutmeg | plain flour,3,double cream,nutmeg,plain flour,13,0.001301561874249099
4854,double cream | olive oil | thyme,3,double cream,olive oil,thyme,13,0.001301561874249099
4855,double cream | parmesan | plain flour,3,double cream,parmesan,plain flour,13,0.001301561874249099
4856,double cream | plain flour | white chocolate,3,double cream,plain flour,white chocolate,13,0.001301561874249099
4857,double cream | unsalted butter | whole milk,3,double cream,unsalted butter,whole milk,13,0.001301561874249099
4858,dried breadcrumbs | eggs | plain flour,3,dried breadcrumbs,eggs,plain flour,13,0.001301561874249099
4859,dried oregano | garlic | passata,3,dried oregano,garlic,passata,13,0.001301561874249099
4860,dried oregano | olive oil | red wine,3,dried oregano,olive oil,red wine,13,0.001301561874249099
4861,dried oregano | onion | smoked paprika,3,dried oregano,onion,smoked paprika,13,0.001301561874249099
4862,dried oregano | smoked paprika | tomato purée,3,dried oregano,smoked paprika,tomato purée,13,0.001301561874249099
4863,dried porcini mushrooms | olive oil | onion,3,dried porcini mushrooms,olive oil,onion,13,0.001301561874249099
4864,egg whites | icing sugar | plain flour,3,egg whites,icing sugar,plain flour,13,0.001301561874249099
4865,egg yolks | golden caster sugar | unsalted butter,3,egg yolks,golden caster sugar,unsalted butter,13,0.001301561874249099
4866,egg yolks | icing sugar | milk,3,egg yolks,icing sugar,milk,13,0.001301561874249099
4867,egg yolks | plain flour | whole milk,3,egg yolks,plain flour,whole milk,13,0.001301561874249099
4868,egg | eggs | golden caster sugar,3,egg,eggs,golden caster sugar,13,0.001301561874249099
4869,egg | fast-action dried yeast | plain flour,3,egg,fast-action dried yeast,plain flour,13,0.001301561874249099
4870,egg | feta | olive oil,3,egg,feta,olive oil,13,0.001301561874249099
4871,egg | garlic | red chilli,3,egg,garlic,red chilli,13,0.001301561874249099
4872,egg | garlic | thyme,3,egg,garlic,thyme,13,0.001301561874249099
4873,egg | golden caster sugar | salted butter,3,egg,golden caster sugar,salted butter,13,0.001301561874249099
4874,egg | golden syrup | ground ginger,3,egg,golden syrup,ground ginger,13,0.001301561874249099
4875,egg | ground almonds | plain flour,3,egg,ground almonds,plain flour,13,0.001301561874249099
4876,egg | ground cinnamon | unsalted butter,3,egg,ground cinnamon,unsalted butter,13,0.001301561874249099
4877,egg | lemon | unsalted butter,3,egg,lemon,unsalted butter,13,0.001301561874249099
4878,egg | onions | plain flour,3,egg,onions,plain flour,13,0.001301561874249099
4879,egg | plain flour | white chocolate,3,egg,plain flour,white chocolate,13,0.001301561874249099
4880,egg | strong white bread flour | unsalted butter,3,egg,strong white bread flour,unsalted butter,13,0.001301561874249099
4881,eggs | flaked almonds | self-raising flour,3,eggs,flaked almonds,self-raising flour,13,0.001301561874249099
4882,eggs | flaked almonds | vanilla extract,3,eggs,flaked almonds,vanilla extract,13,0.001301561874249099
4883,eggs | garlic | sunflower oil,3,eggs,garlic,sunflower oil,13,0.001301561874249099
4884,eggs | golden caster sugar | maple syrup,3,eggs,golden caster sugar,maple syrup,13,0.001301561874249099
4885,eggs | golden caster sugar | mascarpone,3,eggs,golden caster sugar,mascarpone,13,0.001301561874249099
4886,eggs | granulated sugar | plain flour,3,eggs,granulated sugar,plain flour,13,0.001301561874249099
4887,eggs | granulated sugar | unsalted butter,3,eggs,granulated sugar,unsalted butter,13,0.001301561874249099
4888,eggs | ground cinnamon | maple syrup,3,eggs,ground cinnamon,maple syrup,13,0.001301561874249099
4889,eggs | ground ginger | milk,3,eggs,ground ginger,milk,13,0.001301561874249099
4890,eggs | icing sugar sieved | unsalted butter,3,eggs,icing sugar sieved,unsalted butter,13,0.001301561874249099
4891,eggs | icing sugar | lemon curd,3,eggs,icing sugar,lemon curd,13,0.001301561874249099
4892,eggs | icing sugar | strawberries,3,eggs,icing sugar,strawberries,13,0.001301561874249099
4893,eggs | maple syrup | self-raising flour,3,eggs,maple syrup,self-raising flour,13,0.001301561874249099
4894,eggs | olive oil | smoked paprika,3,eggs,olive oil,smoked paprika,13,0.001301561874249099
4895,eggs | onion | parmesan,3,eggs,onion,parmesan,13,0.001301561874249099
4896,eggs | orange | raisins,3,eggs,orange,raisins,13,0.001301561874249099
4897,eggs | pecans | self-raising flour,3,eggs,pecans,self-raising flour,13,0.001301561874249099
4898,eggs | plain flour | semi-skimmed milk,3,eggs,plain flour,semi-skimmed milk,13,0.001301561874249099
4899,eggs | plain flour | thyme,3,eggs,plain flour,thyme,13,0.001301561874249099
4900,eggs | rapeseed oil | red onion,3,eggs,rapeseed oil,red onion,13,0.001301561874249099
4901,eggs | red onion | tomatoes,3,eggs,red onion,tomatoes,13,0.001301561874249099
4902,eggs | soured cream | unsalted butter,3,eggs,soured cream,unsalted butter,13,0.001301561874249099
4903,eggs | strawberries | vanilla extract,3,eggs,strawberries,vanilla extract,13,0.001301561874249099
4904,extra virgin olive oil | garlic | green chilli,3,extra virgin olive oil,garlic,green chilli,13,0.001301561874249099
4905,extra virgin olive oil | garlic | sherry vinegar,3,extra virgin olive oil,garlic,sherry vinegar,13,0.001301561874249099
4906,extra virgin olive oil | garlic | thyme,3,extra virgin olive oil,garlic,thyme,13,0.001301561874249099
4907,fast-action dried yeast | golden caster sugar | whole milk,3,fast-action dried yeast,golden caster sugar,whole milk,13,0.001301561874249099
4908,fast-action dried yeast | icing sugar | vanilla extract,3,fast-action dried yeast,icing sugar,vanilla extract,13,0.001301561874249099
4909,fast-action dried yeast | strong white bread flour | vegetable oil,3,fast-action dried yeast,strong white bread flour,vegetable oil,13,0.001301561874249099
4910,fennel seeds | olive oil | parsley,3,fennel seeds,olive oil,parsley,13,0.001301561874249099
4911,fennel seeds | olive oil | white wine,3,fennel seeds,olive oil,white wine,13,0.001301561874249099
4912,feta | garlic | ground coriander,3,feta,garlic,ground coriander,13,0.001301561874249099
4913,feta | garlic | smoked paprika,3,feta,garlic,smoked paprika,13,0.001301561874249099
4914,feta | garlic | tomato purée,3,feta,garlic,tomato purée,13,0.001301561874249099
4915,feta | ground cumin | olive oil,3,feta,ground cumin,olive oil,13,0.001301561874249099
4916,feta | mint | olive oil,3,feta,mint,olive oil,13,0.001301561874249099
4917,feta | olive oil | red wine vinegar,3,feta,olive oil,red wine vinegar,13,0.001301561874249099
4918,feta | olive oil | spring onions,3,feta,olive oil,spring onions,13,0.001301561874249099
4919,fish sauce | soy sauce | spring onions,3,fish sauce,soy sauce,spring onions,13,0.001301561874249099
4920,flaked almonds | garlic | lemon,3,flaked almonds,garlic,lemon,13,0.001301561874249099
4921,flatbreads | garlic | lemon,3,flatbreads,garlic,lemon,13,0.001301561874249099
4922,flatbreads | garlic | olive oil,3,flatbreads,garlic,olive oil,13,0.001301561874249099
4923,fresh coriander | garlic | rapeseed oil,3,fresh coriander,garlic,rapeseed oil,13,0.001301561874249099
4924,frozen peas | lemon | onion,3,frozen peas,lemon,onion,13,0.001301561874249099
4925,full-fat milk | golden caster sugar | plain flour,3,full-fat milk,golden caster sugar,plain flour,13,0.001301561874249099
4926,garam masala | onion | tomato purée,3,garam masala,onion,tomato purée,13,0.001301561874249099
4927,garlic | ginger | greek yogurt,3,garlic,ginger,greek yogurt,13,0.001301561874249099
4928,garlic | ginger | green beans,3,garlic,ginger,green beans,13,0.001301561874249099
4929,garlic | ginger | kashmiri chilli powder,3,garlic,ginger,kashmiri chilli powder,13,0.001301561874249099
4930,garlic | ginger | light brown soft sugar,3,garlic,ginger,light brown soft sugar,13,0.001301561874249099
4931,garlic | ginger | red peppers,3,garlic,ginger,red peppers,13,0.001301561874249099
4932,garlic | ginger | tamari,3,garlic,ginger,tamari,13,0.001301561874249099
4933,garlic | ginger | tomato ketchup,3,garlic,ginger,tomato ketchup,13,0.001301561874249099
4934,garlic | golden caster sugar | red wine vinegar,3,garlic,golden caster sugar,red wine vinegar,13,0.001301561874249099
4935,garlic | golden caster sugar | soy sauce,3,garlic,golden caster sugar,soy sauce,13,0.001301561874249099
4936,garlic | golden caster sugar | tomato purée,3,garlic,golden caster sugar,tomato purée,13,0.001301561874249099
4937,garlic | green chilli | ground turmeric,3,garlic,green chilli,ground turmeric,13,0.001301561874249099
4938,garlic | green chilli | mint leaves,3,garlic,green chilli,mint leaves,13,0.001301561874249099
4939,garlic | green chillies | ground turmeric,3,garlic,green chillies,ground turmeric,13,0.001301561874249099
4940,garlic | green chillies | vegetable oil,3,garlic,green chillies,vegetable oil,13,0.001301561874249099
4941,garlic | green pepper | onion,3,garlic,green pepper,onion,13,0.001301561874249099
4942,garlic | ground cinnamon | tomatoes,3,garlic,ground cinnamon,tomatoes,13,0.001301561874249099
4943,garlic | ground coriander | mint,3,garlic,ground coriander,mint,13,0.001301561874249099
4944,garlic | ground coriander | red onions,3,garlic,ground coriander,red onions,13,0.001301561874249099
4945,garlic | ground cumin | hot chilli powder,3,garlic,ground cumin,hot chilli powder,13,0.001301561874249099
4946,garlic | ground cumin | red wine vinegar,3,garlic,ground cumin,red wine vinegar,13,0.001301561874249099
4947,garlic | ground cumin | spinach,3,garlic,ground cumin,spinach,13,0.001301561874249099
4948,garlic | ground cumin | sweet potatoes,3,garlic,ground cumin,sweet potatoes,13,0.001301561874249099
4949,garlic | ground turmeric | lime,3,garlic,ground turmeric,lime,13,0.001301561874249099
4950,garlic | ground turmeric | olive oil,3,garlic,ground turmeric,olive oil,13,0.001301561874249099
4951,garlic | ground turmeric | rapeseed oil,3,garlic,ground turmeric,rapeseed oil,13,0.001301561874249099
4952,garlic | harissa | olive oil,3,garlic,harissa,olive oil,13,0.001301561874249099
4953,garlic | hazelnuts | olive oil,3,garlic,hazelnuts,olive oil,13,0.001301561874249099
4954,garlic | honey | rice vinegar,3,garlic,honey,rice vinegar,13,0.001301561874249099
4955,garlic | leeks | parmesan,3,garlic,leeks,parmesan,13,0.001301561874249099
4956,garlic | leeks | parsley,3,garlic,leeks,parsley,13,0.001301561874249099
4957,garlic | lemon | mayonnaise,3,garlic,lemon,mayonnaise,13,0.001301561874249099
4958,garlic | lemon | saffron,3,garlic,lemon,saffron,13,0.001301561874249099
4959,garlic | lemon | sugar,3,garlic,lemon,sugar,13,0.001301561874249099
4960,garlic | lemon | wholegrain mustard,3,garlic,lemon,wholegrain mustard,13,0.001301561874249099
4961,garlic | light soy sauce | red chilli,3,garlic,light soy sauce,red chilli,13,0.001301561874249099
4962,garlic | lime wedges | onion,3,garlic,lime wedges,onion,13,0.001301561874249099
4963,garlic | lime | red pepper,3,garlic,lime,red pepper,13,0.001301561874249099
4964,garlic | mayonnaise | olive oil,3,garlic,mayonnaise,olive oil,13,0.001301561874249099
4965,garlic | milk | parsley,3,garlic,milk,parsley,13,0.001301561874249099
4966,garlic | mussels | olive oil,3,garlic,mussels,olive oil,13,0.001301561874249099
4967,garlic | natural yogurt | smoked paprika,3,garlic,natural yogurt,smoked paprika,13,0.001301561874249099
4968,garlic | natural yogurt | vegetable oil,3,garlic,natural yogurt,vegetable oil,13,0.001301561874249099
4969,garlic | olive oil | paella rice,3,garlic,olive oil,paella rice,13,0.001301561874249099
4970,garlic | olive oil | pitted black olives,3,garlic,olive oil,pitted black olives,13,0.001301561874249099
4971,garlic | olive oil | pomegranate molasses,3,garlic,olive oil,pomegranate molasses,13,0.001301561874249099
4972,garlic | olive oil | watercress,3,garlic,olive oil,watercress,13,0.001301561874249099
4973,garlic | onion | raw king prawns,3,garlic,onion,raw king prawns,13,0.001301561874249099
4974,garlic | onion | red chillies,3,garlic,onion,red chillies,13,0.001301561874249099
4975,garlic | onion | soured cream,3,garlic,onion,soured cream,13,0.001301561874249099
4976,garlic | onion | spaghetti,3,garlic,onion,spaghetti,13,0.001301561874249099
4977,garlic | onion | yellow pepper,3,garlic,onion,yellow pepper,13,0.001301561874249099
4978,garlic | parmesan | passata,3,garlic,parmesan,passata,13,0.001301561874249099
4979,garlic | parmesan | red onion,3,garlic,parmesan,red onion,13,0.001301561874249099
4980,garlic | parsley | pomegranate seeds,3,garlic,parsley,pomegranate seeds,13,0.001301561874249099
4981,garlic | parsley | red peppers,3,garlic,parsley,red peppers,13,0.001301561874249099
4982,garlic | passata | rapeseed oil,3,garlic,passata,rapeseed oil,13,0.001301561874249099
4983,garlic | plain flour | smoked paprika,3,garlic,plain flour,smoked paprika,13,0.001301561874249099
4984,garlic | pomegranate seeds | red onion,3,garlic,pomegranate seeds,red onion,13,0.001301561874249099
4985,garlic | potatoes | vegetable bouillon powder,3,garlic,potatoes,vegetable bouillon powder,13,0.001301561874249099
4986,garlic | red chilli | sesame seeds,3,garlic,red chilli,sesame seeds,13,0.001301561874249099
4987,garlic | red onion | spring onions,3,garlic,red onion,spring onions,13,0.001301561874249099
4988,garlic | red onion | sunflower oil,3,garlic,red onion,sunflower oil,13,0.001301561874249099
4989,garlic | red onion | turmeric,3,garlic,red onion,turmeric,13,0.001301561874249099
4990,garlic | red onion | vegetable stock,3,garlic,red onion,vegetable stock,13,0.001301561874249099
4991,garlic | red onions | red peppers,3,garlic,red onions,red peppers,13,0.001301561874249099
4992,garlic | red pepper | vegetable bouillon powder,3,garlic,red pepper,vegetable bouillon powder,13,0.001301561874249099
4993,garlic | red peppers | tomato purée,3,garlic,red peppers,tomato purée,13,0.001301561874249099
4994,garlic | red wine vinegar | vegetable oil,3,garlic,red wine vinegar,vegetable oil,13,0.001301561874249099
4995,garlic | rice wine vinegar | sesame oil,3,garlic,rice wine vinegar,sesame oil,13,0.001301561874249099
4996,garlic | rice | spring onions,3,garlic,rice,spring onions,13,0.001301561874249099
4997,garlic | rosemary | white wine,3,garlic,rosemary,white wine,13,0.001301561874249099
4998,garlic | thyme leaves | tomato purée,3,garlic,thyme leaves,tomato purée,13,0.001301561874249099
4999,ginger | green chilli | ground turmeric,3,ginger,green chilli,ground turmeric,13,0.001301561874249099
5000,ginger | ground coriander | lemon,3,ginger,ground coriander,lemon,13,0.001301561874249099
5001,ginger | ground turmeric | tomatoes,3,ginger,ground turmeric,tomatoes,13,0.001301561874249099
5002,ginger | lemon | red onion,3,ginger,lemon,red onion,13,0.001301561874249099
5003,ginger | mint leaves | red chilli,3,ginger,mint leaves,red chilli,13,0.001301561874249099
5004,ginger | mirin | soy sauce,3,ginger,mirin,soy sauce,13,0.001301561874249099
5005,ginger | onion | spinach,3,ginger,onion,spinach,13,0.001301561874249099
5006,ginger | onions | sunflower oil,3,ginger,onions,sunflower oil,13,0.001301561874249099
5007,ginger | onions | tomato purée,3,ginger,onions,tomato purée,13,0.001301561874249099
5008,ginger | plain flour | vegetable oil,3,ginger,plain flour,vegetable oil,13,0.001301561874249099
5009,ginger | rapeseed oil | red pepper,3,ginger,rapeseed oil,red pepper,13,0.001301561874249099
5010,ginger | rapeseed oil | tomatoes,3,ginger,rapeseed oil,tomatoes,13,0.001301561874249099
5011,ginger | red chilli | turmeric,3,ginger,red chilli,turmeric,13,0.001301561874249099
5012,ginger | red onion | tomatoes,3,ginger,red onion,tomatoes,13,0.001301561874249099
5013,ginger | red onion | vegetable oil,3,ginger,red onion,vegetable oil,13,0.001301561874249099
5014,golden caster sugar | ground almonds | milk,3,golden caster sugar,ground almonds,milk,13,0.001301561874249099
5015,golden caster sugar | ground almonds | orange,3,golden caster sugar,ground almonds,orange,13,0.001301561874249099
5016,golden caster sugar | ground cinnamon | milk,3,golden caster sugar,ground cinnamon,milk,13,0.001301561874249099
5017,golden caster sugar | icing sugar | mascarpone,3,golden caster sugar,icing sugar,mascarpone,13,0.001301561874249099
5018,golden caster sugar | icing sugar | mixed spice,3,golden caster sugar,icing sugar,mixed spice,13,0.001301561874249099
5019,golden caster sugar | icing sugar | raspberries,3,golden caster sugar,icing sugar,raspberries,13,0.001301561874249099
5020,golden caster sugar | icing sugar | strong white bread flour,3,golden caster sugar,icing sugar,strong white bread flour,13,0.001301561874249099
5021,golden caster sugar | icing sugar | white chocolate,3,golden caster sugar,icing sugar,white chocolate,13,0.001301561874249099
5022,golden caster sugar | lemon juice | plain flour,3,golden caster sugar,lemon juice,plain flour,13,0.001301561874249099
5023,golden caster sugar | light brown soft sugar | self-raising flour,3,golden caster sugar,light brown soft sugar,self-raising flour,13,0.001301561874249099
5024,golden caster sugar | pistachios | plain flour,3,golden caster sugar,pistachios,plain flour,13,0.001301561874249099
5025,golden caster sugar | plain flour | self-raising flour,3,golden caster sugar,plain flour,self-raising flour,13,0.001301561874249099
5026,golden caster sugar | plain flour | whole milk,3,golden caster sugar,plain flour,whole milk,13,0.001301561874249099
5027,golden caster sugar | sesame oil | spring onions,3,golden caster sugar,sesame oil,spring onions,13,0.001301561874249099
5028,ground almonds | orange | plain flour,3,ground almonds,orange,plain flour,13,0.001301561874249099
5029,ground cinnamon | ground ginger | nutmeg,3,ground cinnamon,ground ginger,nutmeg,13,0.001301561874249099
5030,ground cinnamon | ground ginger | orange,3,ground cinnamon,ground ginger,orange,13,0.001301561874249099
5031,ground cinnamon | icing sugar | mixed spice,3,ground cinnamon,icing sugar,mixed spice,13,0.001301561874249099
5032,ground cinnamon | plain flour | vegetable oil,3,ground cinnamon,plain flour,vegetable oil,13,0.001301561874249099
5033,ground cinnamon | unsalted butter | whole milk,3,ground cinnamon,unsalted butter,whole milk,13,0.001301561874249099
5034,ground coriander | ground cumin | sugar,3,ground coriander,ground cumin,sugar,13,0.001301561874249099
5035,ground coriander | lime | red chilli,3,ground coriander,lime,red chilli,13,0.001301561874249099
5036,ground coriander | olive oil | smoked paprika,3,ground coriander,olive oil,smoked paprika,13,0.001301561874249099
5037,ground coriander | onion | red pepper,3,ground coriander,onion,red pepper,13,0.001301561874249099
5038,ground coriander | onions | sunflower oil,3,ground coriander,onions,sunflower oil,13,0.001301561874249099
5039,ground coriander | red onion | tomato purée,3,ground coriander,red onion,tomato purée,13,0.001301561874249099
5040,ground coriander | tomato purée | turmeric,3,ground coriander,tomato purée,turmeric,13,0.001301561874249099
5041,ground cumin | ground turmeric | onion,3,ground cumin,ground turmeric,onion,13,0.001301561874249099
5042,ground cumin | lemon | pomegranate seeds,3,ground cumin,lemon,pomegranate seeds,13,0.001301561874249099
5043,ground cumin | lime | olive oil,3,ground cumin,lime,olive oil,13,0.001301561874249099
5044,ground cumin | onion | plain flour,3,ground cumin,onion,plain flour,13,0.001301561874249099
5045,ground cumin | onion | sunflower oil,3,ground cumin,onion,sunflower oil,13,0.001301561874249099
5046,ground cumin | plain flour | vegetable oil,3,ground cumin,plain flour,vegetable oil,13,0.001301561874249099
5047,ground cumin | rapeseed oil | vegetable bouillon powder,3,ground cumin,rapeseed oil,vegetable bouillon powder,13,0.001301561874249099
5048,ground cumin | smoked paprika | vegetable oil,3,ground cumin,smoked paprika,vegetable oil,13,0.001301561874249099
5049,honey | lemon | parsley,3,honey,lemon,parsley,13,0.001301561874249099
5050,honey | sesame oil | spring onions,3,honey,sesame oil,spring onions,13,0.001301561874249099
5051,icing sugar | lemon juice | plain flour,3,icing sugar,lemon juice,plain flour,13,0.001301561874249099
5052,icing sugar | mixed dried fruit | orange,3,icing sugar,mixed dried fruit,orange,13,0.001301561874249099
5053,icing sugar | pistachios | plain flour,3,icing sugar,pistachios,plain flour,13,0.001301561874249099
5054,icing sugar | plain flour | salt,3,icing sugar,plain flour,salt,13,0.001301561874249099
5055,icing sugar | plain flour | white chocolate,3,icing sugar,plain flour,white chocolate,13,0.001301561874249099
5056,icing sugar | raspberry jam | vanilla extract,3,icing sugar,raspberry jam,vanilla extract,13,0.001301561874249099
5057,icing sugar | salted butter | vanilla extract,3,icing sugar,salted butter,vanilla extract,13,0.001301561874249099
5058,icing sugar | self-raising flour | whole milk,3,icing sugar,self-raising flour,whole milk,13,0.001301561874249099
5059,leeks | lemon | olive oil,3,leeks,lemon,olive oil,13,0.001301561874249099
5060,lemon | olive oil | shallot,3,lemon,olive oil,shallot,13,0.001301561874249099
5061,lemon | olive oil | walnuts,3,lemon,olive oil,walnuts,13,0.001301561874249099
5062,lemon | olive oil | wholegrain mustard,3,lemon,olive oil,wholegrain mustard,13,0.001301561874249099
5063,lemon | onions | parsley,3,lemon,onions,parsley,13,0.001301561874249099
5064,lemon | onions | rapeseed oil,3,lemon,onions,rapeseed oil,13,0.001301561874249099
5065,lemon | parmesan | plain flour,3,lemon,parmesan,plain flour,13,0.001301561874249099
5066,lemon | parsley | thyme,3,lemon,parsley,thyme,13,0.001301561874249099
5067,lemon | parsley | white wine,3,lemon,parsley,white wine,13,0.001301561874249099
5068,lemon | self-raising flour | unsalted butter,3,lemon,self-raising flour,unsalted butter,13,0.001301561874249099
5069,lemon | smoked paprika | tomatoes,3,lemon,smoked paprika,tomatoes,13,0.001301561874249099
5070,light brown soft sugar | plain flour | vanilla bean paste,3,light brown soft sugar,plain flour,vanilla bean paste,13,0.001301561874249099
5071,milk | onion | thyme,3,milk,onion,thyme,13,0.001301561874249099
5072,milk | plain flour | spring onions,3,milk,plain flour,spring onions,13,0.001301561874249099
5073,milk | self-raising flour | sunflower oil,3,milk,self-raising flour,sunflower oil,13,0.001301561874249099
5074,mint | olive oil | spring onions,3,mint,olive oil,spring onions,13,0.001301561874249099
5075,mixed peel | mixed spice | sultanas,3,mixed peel,mixed spice,sultanas,13,0.001301561874249099
5076,mixed spice | plain flour | unsalted butter,3,mixed spice,plain flour,unsalted butter,13,0.001301561874249099
5077,mixed spice | plain flour | vanilla extract,3,mixed spice,plain flour,vanilla extract,13,0.001301561874249099
5078,mozzarella | olive oil | sugar,3,mozzarella,olive oil,sugar,13,0.001301561874249099
5079,mozzarella | olive oil | tomatoes,3,mozzarella,olive oil,tomatoes,13,0.001301561874249099
5080,mozzarella | onion | tomato purée,3,mozzarella,onion,tomato purée,13,0.001301561874249099
5081,olive oil | onion | spring onions,3,olive oil,onion,spring onions,13,0.001301561874249099
5082,olive oil | onion | sweet smoked paprika,3,olive oil,onion,sweet smoked paprika,13,0.001301561874249099
5083,olive oil | onion | worcestershire sauce,3,olive oil,onion,worcestershire sauce,13,0.001301561874249099
5084,olive oil | onions | smoked paprika,3,olive oil,onions,smoked paprika,13,0.001301561874249099
5085,olive oil | parmesan | passata,3,olive oil,parmesan,passata,13,0.001301561874249099
5086,olive oil | parsley | spring onions,3,olive oil,parsley,spring onions,13,0.001301561874249099
5087,olive oil | plain flour | shallots,3,olive oil,plain flour,shallots,13,0.001301561874249099
5088,olive oil | red onions | red wine vinegar,3,olive oil,red onions,red wine vinegar,13,0.001301561874249099
5089,olive oil | red wine vinegar | thyme,3,olive oil,red wine vinegar,thyme,13,0.001301561874249099
5090,olive oil | smoked paprika | thyme,3,olive oil,smoked paprika,thyme,13,0.001301561874249099
5091,onion | parsley | tomatoes,3,onion,parsley,tomatoes,13,0.001301561874249099
5092,onion | parsley | white wine,3,onion,parsley,white wine,13,0.001301561874249099
5093,onions | smoked paprika | vegetable bouillon powder,3,onions,smoked paprika,vegetable bouillon powder,13,0.001301561874249099
5094,onions | thyme | vegetable oil,3,onions,thyme,vegetable oil,13,0.001301561874249099
5095,panko breadcrumbs | parmesan | plain flour,3,panko breadcrumbs,parmesan,plain flour,13,0.001301561874249099
5096,parmesan | plain flour | unsalted butter,3,parmesan,plain flour,unsalted butter,13,0.001301561874249099
5097,parsley | plain flour | vegetable oil,3,parsley,plain flour,vegetable oil,13,0.001301561874249099
5098,plain flour | salt | vanilla extract,3,plain flour,salt,vanilla extract,13,0.001301561874249099
5099,plain flour | soy sauce | spring onions,3,plain flour,soy sauce,spring onions,13,0.001301561874249099
5100,plain flour | vanilla extract | white caster sugar,3,plain flour,vanilla extract,white caster sugar,13,0.001301561874249099
5101,red pepper | sesame oil | spring onions,3,red pepper,sesame oil,spring onions,13,0.001301561874249099
5102,rice vinegar | sesame oil | sesame seeds,3,rice vinegar,sesame oil,sesame seeds,13,0.001301561874249099
5103,self-raising flour | unsalted butter | whole milk,3,self-raising flour,unsalted butter,whole milk,13,0.001301561874249099
5104,almond extract | baking powder | golden caster sugar,3,almond extract,baking powder,golden caster sugar,12,0.0012014417300760913
5105,almond extract | butter | ground almonds,3,almond extract,butter,ground almonds,12,0.0012014417300760913
5106,almond extract | butter | icing sugar,3,almond extract,butter,icing sugar,12,0.0012014417300760913
5107,almond extract | flaked almonds | ground almonds,3,almond extract,flaked almonds,ground almonds,12,0.0012014417300760913
5108,aubergine | garlic | ginger,3,aubergine,garlic,ginger,12,0.0012014417300760913
5109,aubergine | garlic | onion,3,aubergine,garlic,onion,12,0.0012014417300760913
5110,aubergines | extra virgin olive oil | garlic,3,aubergines,extra virgin olive oil,garlic,12,0.0012014417300760913
5111,aubergines | garlic | tomato purée,3,aubergines,garlic,tomato purée,12,0.0012014417300760913
5112,avocado | garlic | spring onions,3,avocado,garlic,spring onions,12,0.0012014417300760913
5113,baguette | garlic | olive oil,3,baguette,garlic,olive oil,12,0.0012014417300760913
5114,baking powder | buttermilk | cocoa powder,3,baking powder,buttermilk,cocoa powder,12,0.0012014417300760913
5115,baking powder | buttermilk | light brown soft sugar,3,baking powder,buttermilk,light brown soft sugar,12,0.0012014417300760913
5116,baking powder | cocoa powder | light muscovado sugar,3,baking powder,cocoa powder,light muscovado sugar,12,0.0012014417300760913
5117,baking powder | eggs | full-fat cream cheese,3,baking powder,eggs,full-fat cream cheese,12,0.0012014417300760913
5118,baking powder | eggs | marzipan,3,baking powder,eggs,marzipan,12,0.0012014417300760913
5119,baking powder | eggs | slightly salted butter,3,baking powder,eggs,slightly salted butter,12,0.0012014417300760913
5120,baking powder | flaked almonds | plain flour,3,baking powder,flaked almonds,plain flour,12,0.0012014417300760913
5121,baking powder | garlic | lemon,3,baking powder,garlic,lemon,12,0.0012014417300760913
5122,baking powder | golden caster sugar | light muscovado sugar,3,baking powder,golden caster sugar,light muscovado sugar,12,0.0012014417300760913
5123,baking powder | golden caster sugar | orange,3,baking powder,golden caster sugar,orange,12,0.0012014417300760913
5124,baking powder | ground cinnamon | mixed spice,3,baking powder,ground cinnamon,mixed spice,12,0.0012014417300760913
5125,baking powder | honey | plain flour,3,baking powder,honey,plain flour,12,0.0012014417300760913
5126,baking powder | icing sugar | mixed spice,3,baking powder,icing sugar,mixed spice,12,0.0012014417300760913
5127,baking powder | icing sugar | whole milk,3,baking powder,icing sugar,whole milk,12,0.0012014417300760913
5128,baking powder | maple syrup | vegetable oil,3,baking powder,maple syrup,vegetable oil,12,0.0012014417300760913
5129,baking powder | milk | sunflower oil,3,baking powder,milk,sunflower oil,12,0.0012014417300760913
5130,baking powder | mixed spice | orange,3,baking powder,mixed spice,orange,12,0.0012014417300760913
5131,baking powder | natural yogurt | unsalted butter,3,baking powder,natural yogurt,unsalted butter,12,0.0012014417300760913
5132,baking powder | plain flour | soft light brown sugar,3,baking powder,plain flour,soft light brown sugar,12,0.0012014417300760913
5133,baking powder | vanilla extract | whole milk,3,baking powder,vanilla extract,whole milk,12,0.0012014417300760913
5134,balsamic vinegar | carrots | garlic,3,balsamic vinegar,carrots,garlic,12,0.0012014417300760913
5135,balsamic vinegar | garlic | onions,3,balsamic vinegar,garlic,onions,12,0.0012014417300760913
5136,balsamic vinegar | rapeseed oil | red onion,3,balsamic vinegar,rapeseed oil,red onion,12,0.0012014417300760913
5137,basil | chilli flakes | olive oil,3,basil,chilli flakes,olive oil,12,0.0012014417300760913
5138,basil | chopped tomatoes | onion,3,basil,chopped tomatoes,onion,12,0.0012014417300760913
5139,basil | garlic | parsley,3,basil,garlic,parsley,12,0.0012014417300760913
5140,basil | lemon | parmesan,3,basil,lemon,parmesan,12,0.0012014417300760913
5141,basil | mozzarella | olive oil,3,basil,mozzarella,olive oil,12,0.0012014417300760913
5142,basil | olive oil | pine nuts,3,basil,olive oil,pine nuts,12,0.0012014417300760913
5143,basmati rice | garam masala | onion,3,basmati rice,garam masala,onion,12,0.0012014417300760913
5144,basmati rice | garlic | ground coriander,3,basmati rice,garlic,ground coriander,12,0.0012014417300760913
5145,basmati rice | onion | turmeric,3,basmati rice,onion,turmeric,12,0.0012014417300760913
5146,bay leaf | butter | parmesan,3,bay leaf,butter,parmesan,12,0.0012014417300760913
5147,bay leaf | butter | red wine,3,bay leaf,butter,red wine,12,0.0012014417300760913
5148,bay leaf | butter | whole milk,3,bay leaf,butter,whole milk,12,0.0012014417300760913
5149,bay leaf | carrot | garlic,3,bay leaf,carrot,garlic,12,0.0012014417300760913
5150,bay leaf | celery | tomato purée,3,bay leaf,celery,tomato purée,12,0.0012014417300760913
5151,bay leaf | garlic | plain flour,3,bay leaf,garlic,plain flour,12,0.0012014417300760913
5152,bay leaf | olive oil | parmesan,3,bay leaf,olive oil,parmesan,12,0.0012014417300760913
5153,bay leaf | plain flour | thyme,3,bay leaf,plain flour,thyme,12,0.0012014417300760913
5154,bay leaf | red wine | thyme,3,bay leaf,red wine,thyme,12,0.0012014417300760913
5155,bay leaves | beef stock | celery,3,bay leaves,beef stock,celery,12,0.0012014417300760913
5156,bay leaves | beef stock | onion,3,bay leaves,beef stock,onion,12,0.0012014417300760913
5157,bay leaves | carrots | chicken stock,3,bay leaves,carrots,chicken stock,12,0.0012014417300760913
5158,bay leaves | carrots | chopped tomatoes,3,bay leaves,carrots,chopped tomatoes,12,0.0012014417300760913
5159,bay leaves | chopped tomatoes | dried oregano,3,bay leaves,chopped tomatoes,dried oregano,12,0.0012014417300760913
5160,bay leaves | dried oregano | onions,3,bay leaves,dried oregano,onions,12,0.0012014417300760913
5161,bay leaves | parsley | plain flour,3,bay leaves,parsley,plain flour,12,0.0012014417300760913
5162,bay leaves | red wine vinegar | tomato purée,3,bay leaves,red wine vinegar,tomato purée,12,0.0012014417300760913
5163,bay leaves | tomato purée | vegetable oil,3,bay leaves,tomato purée,vegetable oil,12,0.0012014417300760913
5164,beef mince | celery | garlic,3,beef mince,celery,garlic,12,0.0012014417300760913
5165,beef mince | egg | garlic,3,beef mince,egg,garlic,12,0.0012014417300760913
5166,beef mince | garlic | red wine,3,beef mince,garlic,red wine,12,0.0012014417300760913
5167,beef stock | butter | worcestershire sauce,3,beef stock,butter,worcestershire sauce,12,0.0012014417300760913
5168,beef stock | celery | plain flour,3,beef stock,celery,plain flour,12,0.0012014417300760913
5169,beef stock | celery | thyme,3,beef stock,celery,thyme,12,0.0012014417300760913
5170,beef stock | chopped tomatoes | tomato purée,3,beef stock,chopped tomatoes,tomato purée,12,0.0012014417300760913
5171,beef stock | garlic | parsley,3,beef stock,garlic,parsley,12,0.0012014417300760913
5172,beef stock | olive oil | plain flour,3,beef stock,olive oil,plain flour,12,0.0012014417300760913
5173,beef stock | onion | red wine,3,beef stock,onion,red wine,12,0.0012014417300760913
5174,beef stock | onions | thyme,3,beef stock,onions,thyme,12,0.0012014417300760913
5175,beef stock | plain flour | worcestershire sauce,3,beef stock,plain flour,worcestershire sauce,12,0.0012014417300760913
5176,beef stock | thyme | vegetable oil,3,beef stock,thyme,vegetable oil,12,0.0012014417300760913
5177,bicarbonate of soda | buttermilk | light brown soft sugar,3,bicarbonate of soda,buttermilk,light brown soft sugar,12,0.0012014417300760913
5178,bicarbonate of soda | caster sugar | vegetable oil,3,bicarbonate of soda,caster sugar,vegetable oil,12,0.0012014417300760913
5179,bicarbonate of soda | dark chocolate | unsalted butter,3,bicarbonate of soda,dark chocolate,unsalted butter,12,0.0012014417300760913
5180,bicarbonate of soda | egg | self-raising flour,3,bicarbonate of soda,egg,self-raising flour,12,0.0012014417300760913
5181,bicarbonate of soda | eggs | white chocolate,3,bicarbonate of soda,eggs,white chocolate,12,0.0012014417300760913
5182,bicarbonate of soda | golden caster sugar | salted butter,3,bicarbonate of soda,golden caster sugar,salted butter,12,0.0012014417300760913
5183,bicarbonate of soda | ground cinnamon | milk,3,bicarbonate of soda,ground cinnamon,milk,12,0.0012014417300760913
5184,bicarbonate of soda | ground ginger | icing sugar,3,bicarbonate of soda,ground ginger,icing sugar,12,0.0012014417300760913
5185,bicarbonate of soda | ground ginger | self-raising flour,3,bicarbonate of soda,ground ginger,self-raising flour,12,0.0012014417300760913
5186,bicarbonate of soda | light muscovado sugar | vanilla extract,3,bicarbonate of soda,light muscovado sugar,vanilla extract,12,0.0012014417300760913
5187,bicarbonate of soda | mixed spice | self-raising flour,3,bicarbonate of soda,mixed spice,self-raising flour,12,0.0012014417300760913
5188,bicarbonate of soda | plain flour | slightly salted butter,3,bicarbonate of soda,plain flour,slightly salted butter,12,0.0012014417300760913
5189,bicarbonate of soda | salted butter | vanilla extract,3,bicarbonate of soda,salted butter,vanilla extract,12,0.0012014417300760913
5190,bicarbonate of soda | self-raising flour | vegetable oil,3,bicarbonate of soda,self-raising flour,vegetable oil,12,0.0012014417300760913
5191,black beans | chopped tomatoes | lime,3,black beans,chopped tomatoes,lime,12,0.0012014417300760913
5192,black beans | chopped tomatoes | olive oil,3,black beans,chopped tomatoes,olive oil,12,0.0012014417300760913
5193,black beans | coriander | tomatoes,3,black beans,coriander,tomatoes,12,0.0012014417300760913
5194,black beans | ground cumin | rapeseed oil,3,black beans,ground cumin,rapeseed oil,12,0.0012014417300760913
5195,black beans | ground cumin | tomatoes,3,black beans,ground cumin,tomatoes,12,0.0012014417300760913
5196,black beans | lime | smoked paprika,3,black beans,lime,smoked paprika,12,0.0012014417300760913
5197,black beans | olive oil | onion,3,black beans,olive oil,onion,12,0.0012014417300760913
5198,black beans | onion | smoked paprika,3,black beans,onion,smoked paprika,12,0.0012014417300760913
5199,black mustard seeds | garlic | ground turmeric,3,black mustard seeds,garlic,ground turmeric,12,0.0012014417300760913
5200,black peppercorns | cloves | garlic,3,black peppercorns,cloves,garlic,12,0.0012014417300760913
5201,black peppercorns | garlic | thyme,3,black peppercorns,garlic,thyme,12,0.0012014417300760913
5202,black peppercorns | garlic | vegetable oil,3,black peppercorns,garlic,vegetable oil,12,0.0012014417300760913
5203,broccoli | garlic | ginger,3,broccoli,garlic,ginger,12,0.0012014417300760913
5204,broccoli | garlic | olive oil,3,broccoli,garlic,olive oil,12,0.0012014417300760913
5205,brown basmati rice | garlic | ground coriander,3,brown basmati rice,garlic,ground coriander,12,0.0012014417300760913
5206,brown basmati rice | garlic | red chilli,3,brown basmati rice,garlic,red chilli,12,0.0012014417300760913
5207,brown basmati rice | onion | rapeseed oil,3,brown basmati rice,onion,rapeseed oil,12,0.0012014417300760913
5208,butter | capers | lemon,3,butter,capers,lemon,12,0.0012014417300760913
5209,butter | carrot | milk,3,butter,carrot,milk,12,0.0012014417300760913
5210,butter | carrots | milk,3,butter,carrots,milk,12,0.0012014417300760913
5211,butter | caster sugar | cinnamon,3,butter,caster sugar,cinnamon,12,0.0012014417300760913
5212,butter | caster sugar | egg yolk,3,butter,caster sugar,egg yolk,12,0.0012014417300760913
5213,butter | caster sugar | vegetable oil,3,butter,caster sugar,vegetable oil,12,0.0012014417300760913
5214,butter | cheddar | garlic,3,butter,cheddar,garlic,12,0.0012014417300760913
5215,butter | chilli flakes | olive oil,3,butter,chilli flakes,olive oil,12,0.0012014417300760913
5216,butter | chives | lemon,3,butter,chives,lemon,12,0.0012014417300760913
5217,butter | chives | olive oil,3,butter,chives,olive oil,12,0.0012014417300760913
5218,butter | chopped tomatoes | olive oil,3,butter,chopped tomatoes,olive oil,12,0.0012014417300760913
5219,butter | chopped tomatoes | onion,3,butter,chopped tomatoes,onion,12,0.0012014417300760913
5220,butter | cinnamon | orange,3,butter,cinnamon,orange,12,0.0012014417300760913
5221,butter | cocoa powder | egg,3,butter,cocoa powder,egg,12,0.0012014417300760913
5222,butter | cornflour | golden caster sugar,3,butter,cornflour,golden caster sugar,12,0.0012014417300760913
5223,butter | cornflour | icing sugar,3,butter,cornflour,icing sugar,12,0.0012014417300760913
5224,butter | cream cheese | eggs,3,butter,cream cheese,eggs,12,0.0012014417300760913
5225,butter | dark chocolate | milk chocolate,3,butter,dark chocolate,milk chocolate,12,0.0012014417300760913
5226,butter | dark chocolate | white chocolate,3,butter,dark chocolate,white chocolate,12,0.0012014417300760913
5227,butter | demerara sugar | plain flour,3,butter,demerara sugar,plain flour,12,0.0012014417300760913
5228,butter | dijon mustard | onion,3,butter,dijon mustard,onion,12,0.0012014417300760913
5229,butter | double cream | egg yolk,3,butter,double cream,egg yolk,12,0.0012014417300760913
5230,butter | double cream | golden syrup,3,butter,double cream,golden syrup,12,0.0012014417300760913
5231,butter | double cream | ground cinnamon,3,butter,double cream,ground cinnamon,12,0.0012014417300760913
5232,butter | double cream | mascarpone,3,butter,double cream,mascarpone,12,0.0012014417300760913
5233,butter | double cream | sunflower oil,3,butter,double cream,sunflower oil,12,0.0012014417300760913
5234,butter | dried porcini mushrooms | garlic,3,butter,dried porcini mushrooms,garlic,12,0.0012014417300760913
5235,butter | egg yolks | lemon,3,butter,egg yolks,lemon,12,0.0012014417300760913
5236,butter | eggs | fast-action dried yeast,3,butter,eggs,fast-action dried yeast,12,0.0012014417300760913
5237,butter | eggs | pistachios,3,butter,eggs,pistachios,12,0.0012014417300760913
5238,butter | eggs | soft light brown sugar,3,butter,eggs,soft light brown sugar,12,0.0012014417300760913
5239,butter | eggs | sugar,3,butter,eggs,sugar,12,0.0012014417300760913
5240,butter | eggs | sultanas,3,butter,eggs,sultanas,12,0.0012014417300760913
5241,butter | fast-action dried yeast | ground cinnamon,3,butter,fast-action dried yeast,ground cinnamon,12,0.0012014417300760913
5242,butter | flaked almonds | ground cinnamon,3,butter,flaked almonds,ground cinnamon,12,0.0012014417300760913
5243,butter | flaked almonds | lemon,3,butter,flaked almonds,lemon,12,0.0012014417300760913
5244,butter | flat-leaf parsley | olive oil,3,butter,flat-leaf parsley,olive oil,12,0.0012014417300760913
5245,butter | flour | garlic,3,butter,flour,garlic,12,0.0012014417300760913
5246,butter | flour | olive oil,3,butter,flour,olive oil,12,0.0012014417300760913
5247,butter | garlic | parsley leaves,3,butter,garlic,parsley leaves,12,0.0012014417300760913
5248,butter | golden caster sugar | ground ginger,3,butter,golden caster sugar,ground ginger,12,0.0012014417300760913
5249,butter | golden caster sugar | lemon curd,3,butter,golden caster sugar,lemon curd,12,0.0012014417300760913
5250,butter | golden caster sugar | lemon juice,3,butter,golden caster sugar,lemon juice,12,0.0012014417300760913
5251,butter | golden caster sugar | vanilla bean paste,3,butter,golden caster sugar,vanilla bean paste,12,0.0012014417300760913
5252,butter | golden syrup | ground ginger,3,butter,golden syrup,ground ginger,12,0.0012014417300760913
5253,butter | ground almonds | orange,3,butter,ground almonds,orange,12,0.0012014417300760913
5254,butter | ground cinnamon | light muscovado sugar,3,butter,ground cinnamon,light muscovado sugar,12,0.0012014417300760913
5255,butter | ground coriander | onion,3,butter,ground coriander,onion,12,0.0012014417300760913
5256,butter | gruyère | olive oil,3,butter,gruyère,olive oil,12,0.0012014417300760913
5257,butter | honey | plain flour,3,butter,honey,plain flour,12,0.0012014417300760913
5258,butter | icing sugar | natural yogurt,3,butter,icing sugar,natural yogurt,12,0.0012014417300760913
5259,butter | icing sugar | raspberry jam,3,butter,icing sugar,raspberry jam,12,0.0012014417300760913
5260,butter | lemons | self-raising flour,3,butter,lemons,self-raising flour,12,0.0012014417300760913
5261,butter | maple syrup | vanilla extract,3,butter,maple syrup,vanilla extract,12,0.0012014417300760913
5262,butter | milk | orange,3,butter,milk,orange,12,0.0012014417300760913
5263,butter | mixed spice | plain flour,3,butter,mixed spice,plain flour,12,0.0012014417300760913
5264,butter | mixed spice | vanilla extract,3,butter,mixed spice,vanilla extract,12,0.0012014417300760913
5265,butter | nutmeg | onions,3,butter,nutmeg,onions,12,0.0012014417300760913
5266,butter | olive oil | sugar,3,butter,olive oil,sugar,12,0.0012014417300760913
5267,butter | onions | parmesan,3,butter,onions,parmesan,12,0.0012014417300760913
5268,butter | plain flour | puff pastry,3,butter,plain flour,puff pastry,12,0.0012014417300760913
5269,butter | plain flour | salt,3,butter,plain flour,salt,12,0.0012014417300760913
5270,butter | plain flour | soft light brown sugar,3,butter,plain flour,soft light brown sugar,12,0.0012014417300760913
5271,butter | plain flour | spring onions,3,butter,plain flour,spring onions,12,0.0012014417300760913
5272,butter | self-raising flour | vegetable oil,3,butter,self-raising flour,vegetable oil,12,0.0012014417300760913
5273,butter | soft cheese | vanilla extract,3,butter,soft cheese,vanilla extract,12,0.0012014417300760913
5274,butter | strawberries | vanilla extract,3,butter,strawberries,vanilla extract,12,0.0012014417300760913
5275,buttermilk | cocoa powder | plain flour,3,buttermilk,cocoa powder,plain flour,12,0.0012014417300760913
5276,buttermilk | golden caster sugar | plain flour,3,buttermilk,golden caster sugar,plain flour,12,0.0012014417300760913
5277,buttermilk | icing sugar | vegetable oil,3,buttermilk,icing sugar,vegetable oil,12,0.0012014417300760913
5278,buttermilk | vanilla extract | vegetable oil,3,buttermilk,vanilla extract,vegetable oil,12,0.0012014417300760913
5279,butternut squash | garlic | onions,3,butternut squash,garlic,onions,12,0.0012014417300760913
5280,butternut squash | garlic | parmesan,3,butternut squash,garlic,parmesan,12,0.0012014417300760913
5281,butternut squash | lemon | olive oil,3,butternut squash,lemon,olive oil,12,0.0012014417300760913
5282,butternut squash | olive oil | red onion,3,butternut squash,olive oil,red onion,12,0.0012014417300760913
5283,capers | cherry tomatoes | garlic,3,capers,cherry tomatoes,garlic,12,0.0012014417300760913
5284,capers | chilli flakes | garlic,3,capers,chilli flakes,garlic,12,0.0012014417300760913
5285,capers | extra virgin olive oil | olive oil,3,capers,extra virgin olive oil,olive oil,12,0.0012014417300760913
5286,capers | flat-leaf parsley | garlic,3,capers,flat-leaf parsley,garlic,12,0.0012014417300760913
5287,capers | garlic | red chilli,3,capers,garlic,red chilli,12,0.0012014417300760913
5288,capers | olive oil | onion,3,capers,olive oil,onion,12,0.0012014417300760913
5289,cardamom pods | coriander | onion,3,cardamom pods,coriander,onion,12,0.0012014417300760913
5290,cardamom pods | garlic | onions,3,cardamom pods,garlic,onions,12,0.0012014417300760913
5291,carrot | chicken stock | garlic,3,carrot,chicken stock,garlic,12,0.0012014417300760913
5292,carrot | coriander | lime,3,carrot,coriander,lime,12,0.0012014417300760913
5293,carrot | egg | vegetable oil,3,carrot,egg,vegetable oil,12,0.0012014417300760913
5294,carrot | garlic | lemon,3,carrot,garlic,lemon,12,0.0012014417300760913
5295,carrot | garlic | red wine,3,carrot,garlic,red wine,12,0.0012014417300760913
5296,carrot | ginger | red chilli,3,carrot,ginger,red chilli,12,0.0012014417300760913
5297,carrot | olive oil | rosemary,3,carrot,olive oil,rosemary,12,0.0012014417300760913
5298,carrot | olive oil | thyme,3,carrot,olive oil,thyme,12,0.0012014417300760913
5299,carrot | onion | parsley,3,carrot,onion,parsley,12,0.0012014417300760913
5300,carrot | onion | red wine,3,carrot,onion,red wine,12,0.0012014417300760913
5301,carrot | sesame oil | vegetable oil,3,carrot,sesame oil,vegetable oil,12,0.0012014417300760913
5302,carrot | sesame seeds | soy sauce,3,carrot,sesame seeds,soy sauce,12,0.0012014417300760913
5303,carrots | celery | leeks,3,carrots,celery,leeks,12,0.0012014417300760913
5304,carrots | celery | vegetable stock,3,carrots,celery,vegetable stock,12,0.0012014417300760913
5305,carrots | cucumber | garlic,3,carrots,cucumber,garlic,12,0.0012014417300760913
5306,carrots | dried oregano | garlic,3,carrots,dried oregano,garlic,12,0.0012014417300760913
5307,carrots | garlic | leeks,3,carrots,garlic,leeks,12,0.0012014417300760913
5308,carrots | garlic | sweet potatoes,3,carrots,garlic,sweet potatoes,12,0.0012014417300760913
5309,carrots | ginger | olive oil,3,carrots,ginger,olive oil,12,0.0012014417300760913
5310,carrots | lemon | rapeseed oil,3,carrots,lemon,rapeseed oil,12,0.0012014417300760913
5311,carrots | olive oil | parsnips,3,carrots,olive oil,parsnips,12,0.0012014417300760913
5312,carrots | olive oil | vegetable stock,3,carrots,olive oil,vegetable stock,12,0.0012014417300760913
5313,carrots | onion | potatoes,3,carrots,onion,potatoes,12,0.0012014417300760913
5314,carrots | onions | rosemary,3,carrots,onions,rosemary,12,0.0012014417300760913
5315,carrots | onions | thyme leaves,3,carrots,onions,thyme leaves,12,0.0012014417300760913
5316,carrots | onions | worcestershire sauce,3,carrots,onions,worcestershire sauce,12,0.0012014417300760913
5317,carrots | rapeseed oil | smoked paprika,3,carrots,rapeseed oil,smoked paprika,12,0.0012014417300760913
5318,carrots | red wine | thyme,3,carrots,red wine,thyme,12,0.0012014417300760913
5319,carrots | thyme | vegetable oil,3,carrots,thyme,vegetable oil,12,0.0012014417300760913
5320,carrots | tomato purée | vegetable bouillon powder,3,carrots,tomato purée,vegetable bouillon powder,12,0.0012014417300760913
5321,caster sugar | chopped tomatoes | garlic,3,caster sugar,chopped tomatoes,garlic,12,0.0012014417300760913
5322,caster sugar | dark chocolate | milk,3,caster sugar,dark chocolate,milk,12,0.0012014417300760913
5323,caster sugar | dark chocolate | whole milk,3,caster sugar,dark chocolate,whole milk,12,0.0012014417300760913
5324,caster sugar | desiccated coconut | unsalted butter,3,caster sugar,desiccated coconut,unsalted butter,12,0.0012014417300760913
5325,caster sugar | double cream | raspberries,3,caster sugar,double cream,raspberries,12,0.0012014417300760913
5326,caster sugar | double cream | white chocolate,3,caster sugar,double cream,white chocolate,12,0.0012014417300760913
5327,caster sugar | fast-action dried yeast | icing sugar,3,caster sugar,fast-action dried yeast,icing sugar,12,0.0012014417300760913
5328,caster sugar | flaked almonds | plain flour,3,caster sugar,flaked almonds,plain flour,12,0.0012014417300760913
5329,caster sugar | garlic | light soy sauce,3,caster sugar,garlic,light soy sauce,12,0.0012014417300760913
5330,caster sugar | garlic | red chilli,3,caster sugar,garlic,red chilli,12,0.0012014417300760913
5331,caster sugar | ginger | spring onions,3,caster sugar,ginger,spring onions,12,0.0012014417300760913
5332,caster sugar | icing sugar | pistachios,3,caster sugar,icing sugar,pistachios,12,0.0012014417300760913
5333,caster sugar | icing sugar | vanilla paste,3,caster sugar,icing sugar,vanilla paste,12,0.0012014417300760913
5334,caster sugar | lemon | olive oil,3,caster sugar,lemon,olive oil,12,0.0012014417300760913
5335,caster sugar | plain flour | soured cream,3,caster sugar,plain flour,soured cream,12,0.0012014417300760913
5336,caster sugar | salted butter | self-raising flour,3,caster sugar,salted butter,self-raising flour,12,0.0012014417300760913
5337,caster sugar | self-raising flour | vegetable oil,3,caster sugar,self-raising flour,vegetable oil,12,0.0012014417300760913
5338,caster sugar | unsalted butter | white chocolate,3,caster sugar,unsalted butter,white chocolate,12,0.0012014417300760913
5339,cayenne pepper | ground cumin | olive oil,3,cayenne pepper,ground cumin,olive oil,12,0.0012014417300760913
5340,celery | chicken stock | olive oil,3,celery,chicken stock,olive oil,12,0.0012014417300760913
5341,celery | chopped tomatoes | parsley,3,celery,chopped tomatoes,parsley,12,0.0012014417300760913
5342,celery | garlic | ground cumin,3,celery,garlic,ground cumin,12,0.0012014417300760913
5343,celery | garlic | potatoes,3,celery,garlic,potatoes,12,0.0012014417300760913
5344,celery | garlic | spring onions,3,celery,garlic,spring onions,12,0.0012014417300760913
5345,celery | lemon | onion,3,celery,lemon,onion,12,0.0012014417300760913
5346,celery | milk | plain flour,3,celery,milk,plain flour,12,0.0012014417300760913
5347,celery | olive oil | passata,3,celery,olive oil,passata,12,0.0012014417300760913
5348,celery | onion | passata,3,celery,onion,passata,12,0.0012014417300760913
5349,celery | rosemary | tomato purée,3,celery,rosemary,tomato purée,12,0.0012014417300760913
5350,celery | smoked paprika | tomato purée,3,celery,smoked paprika,tomato purée,12,0.0012014417300760913
5351,celery | tomato purée | vegetable bouillon powder,3,celery,tomato purée,vegetable bouillon powder,12,0.0012014417300760913
5352,celery | tomato purée | vegetable stock,3,celery,tomato purée,vegetable stock,12,0.0012014417300760913
5353,cherry tomatoes | coriander | lime,3,cherry tomatoes,coriander,lime,12,0.0012014417300760913
5354,cherry tomatoes | courgettes | olive oil,3,cherry tomatoes,courgettes,olive oil,12,0.0012014417300760913
5355,cherry tomatoes | eggs | garlic,3,cherry tomatoes,eggs,garlic,12,0.0012014417300760913
5356,cherry tomatoes | garlic | onions,3,cherry tomatoes,garlic,onions,12,0.0012014417300760913
5357,cherry tomatoes | garlic | thyme,3,cherry tomatoes,garlic,thyme,12,0.0012014417300760913
5358,cherry tomatoes | garlic | vegetable bouillon powder,3,cherry tomatoes,garlic,vegetable bouillon powder,12,0.0012014417300760913
5359,cherry tomatoes | garlic | vegetable stock,3,cherry tomatoes,garlic,vegetable stock,12,0.0012014417300760913
5360,cherry tomatoes | olive oil | pine nuts,3,cherry tomatoes,olive oil,pine nuts,12,0.0012014417300760913
5361,cherry tomatoes | olive oil | smoked paprika,3,cherry tomatoes,olive oil,smoked paprika,12,0.0012014417300760913
5362,chestnut mushrooms | garlic | parsley,3,chestnut mushrooms,garlic,parsley,12,0.0012014417300760913
5363,chicken breasts | garlic | vegetable oil,3,chicken breasts,garlic,vegetable oil,12,0.0012014417300760913
5364,chicken stock | coriander | garlic,3,chicken stock,coriander,garlic,12,0.0012014417300760913
5365,chicken stock | double cream | plain flour,3,chicken stock,double cream,plain flour,12,0.0012014417300760913
5366,chicken stock | egg | plain flour,3,chicken stock,egg,plain flour,12,0.0012014417300760913
5367,chicken stock | fennel seeds | garlic,3,chicken stock,fennel seeds,garlic,12,0.0012014417300760913
5368,chicken stock | garlic | tomatoes,3,chicken stock,garlic,tomatoes,12,0.0012014417300760913
5369,chicken stock | ginger | onion,3,chicken stock,ginger,onion,12,0.0012014417300760913
5370,chicken stock | lemon | parmesan,3,chicken stock,lemon,parmesan,12,0.0012014417300760913
5371,chicken stock | onion | parsley,3,chicken stock,onion,parsley,12,0.0012014417300760913
5372,chicken stock | onion | tomato purée,3,chicken stock,onion,tomato purée,12,0.0012014417300760913
5373,chicken stock | onions | thyme,3,chicken stock,onions,thyme,12,0.0012014417300760913
5374,chicken stock | plain flour | white wine,3,chicken stock,plain flour,white wine,12,0.0012014417300760913
5375,chickpeas | chilli flakes | garlic,3,chickpeas,chilli flakes,garlic,12,0.0012014417300760913
5376,chickpeas | coriander | cumin seeds,3,chickpeas,coriander,cumin seeds,12,0.0012014417300760913
5377,chickpeas | coriander | ground coriander,3,chickpeas,coriander,ground coriander,12,0.0012014417300760913
5378,chickpeas | coriander | onion,3,chickpeas,coriander,onion,12,0.0012014417300760913
5379,chickpeas | cucumber | garlic,3,chickpeas,cucumber,garlic,12,0.0012014417300760913
5380,chickpeas | ginger | ground cumin,3,chickpeas,ginger,ground cumin,12,0.0012014417300760913
5381,chickpeas | lemon | onion,3,chickpeas,lemon,onion,12,0.0012014417300760913
5382,chilli flakes | egg | garlic,3,chilli flakes,egg,garlic,12,0.0012014417300760913
5383,chilli flakes | extra virgin olive oil | olive oil,3,chilli flakes,extra virgin olive oil,olive oil,12,0.0012014417300760913
5384,chilli flakes | ground coriander | olive oil,3,chilli flakes,ground coriander,olive oil,12,0.0012014417300760913
5385,chilli flakes | ground coriander | onion,3,chilli flakes,ground coriander,onion,12,0.0012014417300760913
5386,chilli flakes | olive oil | sugar,3,chilli flakes,olive oil,sugar,12,0.0012014417300760913
5387,chilli flakes | olive oil | thyme,3,chilli flakes,olive oil,thyme,12,0.0012014417300760913
5388,chilli flakes | soy sauce | spring onions,3,chilli flakes,soy sauce,spring onions,12,0.0012014417300760913
5389,chilli powder | coriander | ginger,3,chilli powder,coriander,ginger,12,0.0012014417300760913
5390,chilli powder | cumin seeds | garlic,3,chilli powder,cumin seeds,garlic,12,0.0012014417300760913
5391,chilli powder | garlic | red onion,3,chilli powder,garlic,red onion,12,0.0012014417300760913
5392,chilli powder | garlic | sunflower oil,3,chilli powder,garlic,sunflower oil,12,0.0012014417300760913
5393,chilli powder | garlic | vegetable oil,3,chilli powder,garlic,vegetable oil,12,0.0012014417300760913
5394,chilli powder | ginger | ground turmeric,3,chilli powder,ginger,ground turmeric,12,0.0012014417300760913
5395,chilli powder | ground cumin | olive oil,3,chilli powder,ground cumin,olive oil,12,0.0012014417300760913
5396,chilli powder | ground cumin | smoked paprika,3,chilli powder,ground cumin,smoked paprika,12,0.0012014417300760913
5397,chinese five-spice powder | sesame oil | spring onions,3,chinese five-spice powder,sesame oil,spring onions,12,0.0012014417300760913
5398,chipotle paste | garlic | smoked paprika,3,chipotle paste,garlic,smoked paprika,12,0.0012014417300760913
5399,chipotle paste | lime | olive oil,3,chipotle paste,lime,olive oil,12,0.0012014417300760913
5400,chives | eggs | whole milk,3,chives,eggs,whole milk,12,0.0012014417300760913
5401,chopped tomatoes | cinnamon | onion,3,chopped tomatoes,cinnamon,onion,12,0.0012014417300760913
5402,chopped tomatoes | coriander leaves | onion,3,chopped tomatoes,coriander leaves,onion,12,0.0012014417300760913
5403,chopped tomatoes | coriander | cumin seeds,3,chopped tomatoes,coriander,cumin seeds,12,0.0012014417300760913
5404,chopped tomatoes | coriander | lime,3,chopped tomatoes,coriander,lime,12,0.0012014417300760913
5405,chopped tomatoes | dried oregano | ground cumin,3,chopped tomatoes,dried oregano,ground cumin,12,0.0012014417300760913
5406,chopped tomatoes | dried oregano | smoked paprika,3,chopped tomatoes,dried oregano,smoked paprika,12,0.0012014417300760913
5407,chopped tomatoes | garam masala | ground coriander,3,chopped tomatoes,garam masala,ground coriander,12,0.0012014417300760913
5408,chopped tomatoes | garlic | red peppers,3,chopped tomatoes,garlic,red peppers,12,0.0012014417300760913
5409,chopped tomatoes | garlic | sweet potatoes,3,chopped tomatoes,garlic,sweet potatoes,12,0.0012014417300760913
5410,chopped tomatoes | garlic | sweet smoked paprika,3,chopped tomatoes,garlic,sweet smoked paprika,12,0.0012014417300760913
5411,chopped tomatoes | ginger | onions,3,chopped tomatoes,ginger,onions,12,0.0012014417300760913
5412,chopped tomatoes | ground cinnamon | ground cumin,3,chopped tomatoes,ground cinnamon,ground cumin,12,0.0012014417300760913
5413,chopped tomatoes | ground cinnamon | tomato purée,3,chopped tomatoes,ground cinnamon,tomato purée,12,0.0012014417300760913
5414,chopped tomatoes | ground coriander | olive oil,3,chopped tomatoes,ground coriander,olive oil,12,0.0012014417300760913
5415,chopped tomatoes | ground coriander | red chilli,3,chopped tomatoes,ground coriander,red chilli,12,0.0012014417300760913
5416,chopped tomatoes | milk | olive oil,3,chopped tomatoes,milk,olive oil,12,0.0012014417300760913
5417,chopped tomatoes | mozzarella | parmesan,3,chopped tomatoes,mozzarella,parmesan,12,0.0012014417300760913
5418,chopped tomatoes | olive oil | rosemary,3,chopped tomatoes,olive oil,rosemary,12,0.0012014417300760913
5419,chopped tomatoes | onion | sunflower oil,3,chopped tomatoes,onion,sunflower oil,12,0.0012014417300760913
5420,chopped tomatoes | onions | parmesan,3,chopped tomatoes,onions,parmesan,12,0.0012014417300760913
5421,chopped tomatoes | onions | vegetable oil,3,chopped tomatoes,onions,vegetable oil,12,0.0012014417300760913
5422,chopped tomatoes | parmesan | plain flour,3,chopped tomatoes,parmesan,plain flour,12,0.0012014417300760913
5423,cider vinegar | garlic | onion,3,cider vinegar,garlic,onion,12,0.0012014417300760913
5424,cinnamon | cloves | garlic,3,cinnamon,cloves,garlic,12,0.0012014417300760913
5425,cinnamon | cumin seeds | onion,3,cinnamon,cumin seeds,onion,12,0.0012014417300760913
5426,cinnamon | egg | golden caster sugar,3,cinnamon,egg,golden caster sugar,12,0.0012014417300760913
5427,cinnamon | ginger | ground cumin,3,cinnamon,ginger,ground cumin,12,0.0012014417300760913
5428,cinnamon | ginger | vegetable oil,3,cinnamon,ginger,vegetable oil,12,0.0012014417300760913
5429,cinnamon | icing sugar | orange,3,cinnamon,icing sugar,orange,12,0.0012014417300760913
5430,clear honey | garlic | olive oil,3,clear honey,garlic,olive oil,12,0.0012014417300760913
5431,cocoa powder | double cream | milk,3,cocoa powder,double cream,milk,12,0.0012014417300760913
5432,cocoa powder | eggs | white chocolate,3,cocoa powder,eggs,white chocolate,12,0.0012014417300760913
5433,cocoa powder | light brown soft sugar | vegetable oil,3,cocoa powder,light brown soft sugar,vegetable oil,12,0.0012014417300760913
5434,cocoa powder | light muscovado sugar | vanilla extract,3,cocoa powder,light muscovado sugar,vanilla extract,12,0.0012014417300760913
5435,cocoa powder | vanilla extract | whole milk,3,cocoa powder,vanilla extract,whole milk,12,0.0012014417300760913
5436,cocoa | eggs | icing sugar,3,cocoa,eggs,icing sugar,12,0.0012014417300760913
5437,coconut milk | coriander | onion,3,coconut milk,coriander,onion,12,0.0012014417300760913
5438,coconut milk | cumin seeds | garlic,3,coconut milk,cumin seeds,garlic,12,0.0012014417300760913
5439,coconut milk | fish sauce | lemongrass,3,coconut milk,fish sauce,lemongrass,12,0.0012014417300760913
5440,coconut milk | garlic | sunflower oil,3,coconut milk,garlic,sunflower oil,12,0.0012014417300760913
5441,coconut milk | ginger | onions,3,coconut milk,ginger,onions,12,0.0012014417300760913
5442,coconut milk | ginger | sunflower oil,3,coconut milk,ginger,sunflower oil,12,0.0012014417300760913
5443,coconut milk | ground turmeric | onion,3,coconut milk,ground turmeric,onion,12,0.0012014417300760913
5444,coconut milk | onion | turmeric,3,coconut milk,onion,turmeric,12,0.0012014417300760913
5445,coconut milk | onion | vegetable oil,3,coconut milk,onion,vegetable oil,12,0.0012014417300760913
5446,cold butter | olive oil | plain flour,3,cold butter,olive oil,plain flour,12,0.0012014417300760913
5447,cold-pressed rapeseed oil | garlic | onion,3,cold-pressed rapeseed oil,garlic,onion,12,0.0012014417300760913
5448,coriander leaves | dried oregano | garlic,3,coriander leaves,dried oregano,garlic,12,0.0012014417300760913
5449,coriander leaves | garlic | smoked paprika,3,coriander leaves,garlic,smoked paprika,12,0.0012014417300760913
5450,coriander leaves | ginger | red chilli,3,coriander leaves,ginger,red chilli,12,0.0012014417300760913
5451,coriander leaves | ginger | soy sauce,3,coriander leaves,ginger,soy sauce,12,0.0012014417300760913
5452,coriander seeds | cumin seeds | fennel seeds,3,coriander seeds,cumin seeds,fennel seeds,12,0.0012014417300760913
5453,coriander seeds | garlic | onions,3,coriander seeds,garlic,onions,12,0.0012014417300760913
5454,coriander seeds | garlic | red onion,3,coriander seeds,garlic,red onion,12,0.0012014417300760913
5455,coriander | cucumber | limes,3,coriander,cucumber,limes,12,0.0012014417300760913
5456,coriander | cumin seeds | lime,3,coriander,cumin seeds,lime,12,0.0012014417300760913
5457,coriander | cumin seeds | onions,3,coriander,cumin seeds,onions,12,0.0012014417300760913
5458,coriander | cumin | garlic,3,coriander,cumin,garlic,12,0.0012014417300760913
5459,coriander | dried oregano | ground cumin,3,coriander,dried oregano,ground cumin,12,0.0012014417300760913
5460,coriander | egg | garlic,3,coriander,egg,garlic,12,0.0012014417300760913
5461,coriander | eggs | olive oil,3,coriander,eggs,olive oil,12,0.0012014417300760913
5462,coriander | eggs | red chilli,3,coriander,eggs,red chilli,12,0.0012014417300760913
5463,coriander | frozen peas | ginger,3,coriander,frozen peas,ginger,12,0.0012014417300760913
5464,coriander | garlic | mango chutney,3,coriander,garlic,mango chutney,12,0.0012014417300760913
5465,coriander | ginger | vegetable stock,3,coriander,ginger,vegetable stock,12,0.0012014417300760913
5466,coriander | ground coriander | lemon,3,coriander,ground coriander,lemon,12,0.0012014417300760913
5467,coriander | ground cumin | limes,3,coriander,ground cumin,limes,12,0.0012014417300760913
5468,coriander | juice | spring onions,3,coriander,juice,spring onions,12,0.0012014417300760913
5469,coriander | lemon | tomatoes,3,coriander,lemon,tomatoes,12,0.0012014417300760913
5470,coriander | lime | mayonnaise,3,coriander,lime,mayonnaise,12,0.0012014417300760913
5471,coriander | lime | tomato purée,3,coriander,lime,tomato purée,12,0.0012014417300760913
5472,coriander | rapeseed oil | red pepper,3,coriander,rapeseed oil,red pepper,12,0.0012014417300760913
5473,coriander | red onion | soured cream,3,coriander,red onion,soured cream,12,0.0012014417300760913
5474,coriander | sesame oil | soy sauce,3,coriander,sesame oil,soy sauce,12,0.0012014417300760913
5475,coriander | spring onions | tomatoes,3,coriander,spring onions,tomatoes,12,0.0012014417300760913
5476,cornflour | double cream | golden caster sugar,3,cornflour,double cream,golden caster sugar,12,0.0012014417300760913
5477,cornflour | double cream | lemon,3,cornflour,double cream,lemon,12,0.0012014417300760913
5478,cornflour | egg whites | white wine vinegar,3,cornflour,egg whites,white wine vinegar,12,0.0012014417300760913
5479,cornflour | eggs | light brown soft sugar,3,cornflour,eggs,light brown soft sugar,12,0.0012014417300760913
5480,cornflour | garlic | sunflower oil,3,cornflour,garlic,sunflower oil,12,0.0012014417300760913
5481,cornflour | ginger | rapeseed oil,3,cornflour,ginger,rapeseed oil,12,0.0012014417300760913
5482,cornflour | golden caster sugar | icing sugar,3,cornflour,golden caster sugar,icing sugar,12,0.0012014417300760913
5483,cornflour | light soy sauce | shaoxing rice wine,3,cornflour,light soy sauce,shaoxing rice wine,12,0.0012014417300760913
5484,cornflour | plain flour | whole milk,3,cornflour,plain flour,whole milk,12,0.0012014417300760913
5485,cornflour | unsalted butter | vanilla extract,3,cornflour,unsalted butter,vanilla extract,12,0.0012014417300760913
5486,courgette | garlic | rapeseed oil,3,courgette,garlic,rapeseed oil,12,0.0012014417300760913
5487,courgettes | garlic | parsley,3,courgettes,garlic,parsley,12,0.0012014417300760913
5488,crusty bread | garlic | parsley,3,crusty bread,garlic,parsley,12,0.0012014417300760913
5489,crème fraîche | eggs | icing sugar,3,crème fraîche,eggs,icing sugar,12,0.0012014417300760913
5490,crème fraîche | garlic | plain flour,3,crème fraîche,garlic,plain flour,12,0.0012014417300760913
5491,crème fraîche | olive oil | parmesan,3,crème fraîche,olive oil,parmesan,12,0.0012014417300760913
5492,crème fraîche | olive oil | plain flour,3,crème fraîche,olive oil,plain flour,12,0.0012014417300760913
5493,cucumber | dill | lemon,3,cucumber,dill,lemon,12,0.0012014417300760913
5494,cucumber | garlic | honey,3,cucumber,garlic,honey,12,0.0012014417300760913
5495,cucumber | garlic | lime,3,cucumber,garlic,lime,12,0.0012014417300760913
5496,cucumber | garlic | radishes,3,cucumber,garlic,radishes,12,0.0012014417300760913
5497,cucumber | garlic | tahini,3,cucumber,garlic,tahini,12,0.0012014417300760913
5498,cucumber | lemon | spring onions,3,cucumber,lemon,spring onions,12,0.0012014417300760913
5499,cumin seeds | eggs | lemon,3,cumin seeds,eggs,lemon,12,0.0012014417300760913
5500,cumin seeds | fresh coriander | ginger,3,cumin seeds,fresh coriander,ginger,12,0.0012014417300760913
5501,cumin seeds | frozen peas | garlic,3,cumin seeds,frozen peas,garlic,12,0.0012014417300760913
5502,cumin seeds | garam masala | ground coriander,3,cumin seeds,garam masala,ground coriander,12,0.0012014417300760913
5503,cumin seeds | garam masala | turmeric,3,cumin seeds,garam masala,turmeric,12,0.0012014417300760913
5504,cumin seeds | garlic | ground cumin,3,cumin seeds,garlic,ground cumin,12,0.0012014417300760913
5505,cumin seeds | garlic | red pepper,3,cumin seeds,garlic,red pepper,12,0.0012014417300760913
5506,cumin seeds | lemon | onions,3,cumin seeds,lemon,onions,12,0.0012014417300760913
5507,cumin seeds | onions | turmeric,3,cumin seeds,onions,turmeric,12,0.0012014417300760913
5508,cumin seeds | rapeseed oil | tomato purée,3,cumin seeds,rapeseed oil,tomato purée,12,0.0012014417300760913
5509,cumin seeds | rapeseed oil | tomatoes,3,cumin seeds,rapeseed oil,tomatoes,12,0.0012014417300760913
5510,currants | mixed spice | sultanas,3,currants,mixed spice,sultanas,12,0.0012014417300760913
5511,curry powder | eggs | garlic,3,curry powder,eggs,garlic,12,0.0012014417300760913
5512,dark chocolate | double cream | mascarpone,3,dark chocolate,double cream,mascarpone,12,0.0012014417300760913
5513,dark muscovado sugar | egg | plain flour,3,dark muscovado sugar,egg,plain flour,12,0.0012014417300760913
5514,dark soy sauce | garlic | red chilli,3,dark soy sauce,garlic,red chilli,12,0.0012014417300760913
5515,dark soy sauce | ginger | red chilli,3,dark soy sauce,ginger,red chilli,12,0.0012014417300760913
5516,dark soy sauce | light soy sauce | spring onions,3,dark soy sauce,light soy sauce,spring onions,12,0.0012014417300760913
5517,dark soy sauce | sesame oil | spring onions,3,dark soy sauce,sesame oil,spring onions,12,0.0012014417300760913
5518,desiccated coconut | eggs | unsalted butter,3,desiccated coconut,eggs,unsalted butter,12,0.0012014417300760913
5519,desiccated coconut | icing sugar | unsalted butter,3,desiccated coconut,icing sugar,unsalted butter,12,0.0012014417300760913
5520,dijon mustard | dill | lemon,3,dijon mustard,dill,lemon,12,0.0012014417300760913
5521,dijon mustard | double cream | olive oil,3,dijon mustard,double cream,olive oil,12,0.0012014417300760913
5522,dijon mustard | olive oil | red wine vinegar,3,dijon mustard,olive oil,red wine vinegar,12,0.0012014417300760913
5523,dijon mustard | parsley | plain flour,3,dijon mustard,parsley,plain flour,12,0.0012014417300760913
5524,dijon mustard | plain flour | vegetable oil,3,dijon mustard,plain flour,vegetable oil,12,0.0012014417300760913
5525,dill | eggs | garlic,3,dill,eggs,garlic,12,0.0012014417300760913
5526,double cream | egg yolks | vanilla pod,3,double cream,egg yolks,vanilla pod,12,0.0012014417300760913
5527,double cream | egg | unsalted butter,3,double cream,egg,unsalted butter,12,0.0012014417300760913
5528,double cream | eggs | orange,3,double cream,eggs,orange,12,0.0012014417300760913
5529,double cream | eggs | strawberries,3,double cream,eggs,strawberries,12,0.0012014417300760913
5530,double cream | garlic | red onion,3,double cream,garlic,red onion,12,0.0012014417300760913
5531,double cream | garlic | white wine,3,double cream,garlic,white wine,12,0.0012014417300760913
5532,double cream | ginger | onion,3,double cream,ginger,onion,12,0.0012014417300760913
5533,double cream | golden caster sugar | light brown soft sugar,3,double cream,golden caster sugar,light brown soft sugar,12,0.0012014417300760913
5534,double cream | ground cinnamon | light brown soft sugar,3,double cream,ground cinnamon,light brown soft sugar,12,0.0012014417300760913
5535,double cream | lemon | parmesan,3,double cream,lemon,parmesan,12,0.0012014417300760913
5536,double cream | lemon | self-raising flour,3,double cream,lemon,self-raising flour,12,0.0012014417300760913
5537,double cream | lemon | unsalted butter,3,double cream,lemon,unsalted butter,12,0.0012014417300760913
5538,double cream | mascarpone | vanilla extract,3,double cream,mascarpone,vanilla extract,12,0.0012014417300760913
5539,double cream | parmesan | parsley,3,double cream,parmesan,parsley,12,0.0012014417300760913
5540,double cream | plain flour | vegetable oil,3,double cream,plain flour,vegetable oil,12,0.0012014417300760913
5541,double cream | unsalted butter | white chocolate,3,double cream,unsalted butter,white chocolate,12,0.0012014417300760913
5542,dried breadcrumbs | garlic | plain flour,3,dried breadcrumbs,garlic,plain flour,12,0.0012014417300760913
5543,dried cranberries | orange | plain flour,3,dried cranberries,orange,plain flour,12,0.0012014417300760913
5544,dried oregano | garlic | golden caster sugar,3,dried oregano,garlic,golden caster sugar,12,0.0012014417300760913
5545,dried oregano | garlic | red chilli,3,dried oregano,garlic,red chilli,12,0.0012014417300760913
5546,dried oregano | garlic | vegetable bouillon powder,3,dried oregano,garlic,vegetable bouillon powder,12,0.0012014417300760913
5547,dried oregano | ground coriander | smoked paprika,3,dried oregano,ground coriander,smoked paprika,12,0.0012014417300760913
5548,dried oregano | onions | tomato purée,3,dried oregano,onions,tomato purée,12,0.0012014417300760913
5549,egg white | golden caster sugar | icing sugar,3,egg white,golden caster sugar,icing sugar,12,0.0012014417300760913
5550,egg whites | golden caster sugar | plain flour,3,egg whites,golden caster sugar,plain flour,12,0.0012014417300760913
5551,egg yolk | icing sugar | vanilla extract,3,egg yolk,icing sugar,vanilla extract,12,0.0012014417300760913
5552,egg yolk | lemon | plain flour,3,egg yolk,lemon,plain flour,12,0.0012014417300760913
5553,egg yolks | lemon | plain flour,3,egg yolks,lemon,plain flour,12,0.0012014417300760913
5554,egg | fast-action dried yeast | whole milk,3,egg,fast-action dried yeast,whole milk,12,0.0012014417300760913
5555,egg | fresh breadcrumbs | olive oil,3,egg,fresh breadcrumbs,olive oil,12,0.0012014417300760913
5556,egg | garlic | ginger,3,egg,garlic,ginger,12,0.0012014417300760913
5557,egg | garlic | smoked paprika,3,egg,garlic,smoked paprika,12,0.0012014417300760913
5558,egg | garlic | sugar,3,egg,garlic,sugar,12,0.0012014417300760913
5559,egg | garlic | thyme leaves,3,egg,garlic,thyme leaves,12,0.0012014417300760913
5560,egg | garlic | tomatoes,3,egg,garlic,tomatoes,12,0.0012014417300760913
5561,egg | golden caster sugar | white chocolate,3,egg,golden caster sugar,white chocolate,12,0.0012014417300760913
5562,egg | golden caster sugar | whole milk,3,egg,golden caster sugar,whole milk,12,0.0012014417300760913
5563,egg | icing sugar | light brown soft sugar,3,egg,icing sugar,light brown soft sugar,12,0.0012014417300760913
5564,egg | olive oil | parsley,3,egg,olive oil,parsley,12,0.0012014417300760913
5565,egg | panko breadcrumbs | plain flour,3,egg,panko breadcrumbs,plain flour,12,0.0012014417300760913
5566,egg | parsley | plain flour,3,egg,parsley,plain flour,12,0.0012014417300760913
5567,egg | plain flour | sugar,3,egg,plain flour,sugar,12,0.0012014417300760913
5568,egg | plain flour | thyme leaves,3,egg,plain flour,thyme leaves,12,0.0012014417300760913
5569,egg | vanilla extract | whole milk,3,egg,vanilla extract,whole milk,12,0.0012014417300760913
5570,eggs | feta | garlic,3,eggs,feta,garlic,12,0.0012014417300760913
5571,eggs | full-fat milk | plain flour,3,eggs,full-fat milk,plain flour,12,0.0012014417300760913
5572,eggs | garlic | green chilli,3,eggs,garlic,green chilli,12,0.0012014417300760913
5573,eggs | garlic | red pepper,3,eggs,garlic,red pepper,12,0.0012014417300760913
5574,eggs | garlic | thyme,3,eggs,garlic,thyme,12,0.0012014417300760913
5575,eggs | garlic | unsalted butter,3,eggs,garlic,unsalted butter,12,0.0012014417300760913
5576,eggs | golden caster sugar | raspberries,3,eggs,golden caster sugar,raspberries,12,0.0012014417300760913
5577,eggs | golden syrup | unsalted butter,3,eggs,golden syrup,unsalted butter,12,0.0012014417300760913
5578,eggs | granulated sugar | icing sugar,3,eggs,granulated sugar,icing sugar,12,0.0012014417300760913
5579,eggs | greek yogurt | milk,3,eggs,greek yogurt,milk,12,0.0012014417300760913
5580,eggs | ground almond | vanilla extract,3,eggs,ground almond,vanilla extract,12,0.0012014417300760913
5581,eggs | ground cinnamon | ground cloves,3,eggs,ground cinnamon,ground cloves,12,0.0012014417300760913
5582,eggs | icing sugar | pecans,3,eggs,icing sugar,pecans,12,0.0012014417300760913
5583,eggs | icing sugar | raspberry jam,3,eggs,icing sugar,raspberry jam,12,0.0012014417300760913
5584,eggs | lemon | rapeseed oil,3,eggs,lemon,rapeseed oil,12,0.0012014417300760913
5585,eggs | lemon | ricotta,3,eggs,lemon,ricotta,12,0.0012014417300760913
5586,eggs | lemon | sunflower oil,3,eggs,lemon,sunflower oil,12,0.0012014417300760913
5587,eggs | mature cheddar | olive oil,3,eggs,mature cheddar,olive oil,12,0.0012014417300760913
5588,eggs | milk | olive oil,3,eggs,milk,olive oil,12,0.0012014417300760913
5589,eggs | milk | vanilla bean paste,3,eggs,milk,vanilla bean paste,12,0.0012014417300760913
5590,eggs | milk | vanilla paste,3,eggs,milk,vanilla paste,12,0.0012014417300760913
5591,eggs | milk | white chocolate,3,eggs,milk,white chocolate,12,0.0012014417300760913
5592,eggs | olive oil | thyme leaves,3,eggs,olive oil,thyme leaves,12,0.0012014417300760913
5593,eggs | plain flour | sea salt flakes,3,eggs,plain flour,sea salt flakes,12,0.0012014417300760913
5594,eggs | self-raising flour | strawberries,3,eggs,self-raising flour,strawberries,12,0.0012014417300760913
5595,eggs | soy sauce | spring onions,3,eggs,soy sauce,spring onions,12,0.0012014417300760913
5596,extra virgin olive oil | feta | parsley,3,extra virgin olive oil,feta,parsley,12,0.0012014417300760913
5597,extra virgin olive oil | garlic | greek yogurt,3,extra virgin olive oil,garlic,greek yogurt,12,0.0012014417300760913
5598,extra virgin olive oil | garlic | sugar,3,extra virgin olive oil,garlic,sugar,12,0.0012014417300760913
5599,extra virgin olive oil | garlic | sumac,3,extra virgin olive oil,garlic,sumac,12,0.0012014417300760913
5600,extra virgin olive oil | garlic | white wine vinegar,3,extra virgin olive oil,garlic,white wine vinegar,12,0.0012014417300760913
5601,extra virgin olive oil | ground cumin | lemon,3,extra virgin olive oil,ground cumin,lemon,12,0.0012014417300760913
5602,extra virgin olive oil | ground cumin | olive oil,3,extra virgin olive oil,ground cumin,olive oil,12,0.0012014417300760913
5603,extra virgin olive oil | ground cumin | parsley,3,extra virgin olive oil,ground cumin,parsley,12,0.0012014417300760913
5604,extra virgin olive oil | lemon | mint,3,extra virgin olive oil,lemon,mint,12,0.0012014417300760913
5605,extra virgin olive oil | lemon | red chilli,3,extra virgin olive oil,lemon,red chilli,12,0.0012014417300760913
5606,extra virgin olive oil | lemon | spring onions,3,extra virgin olive oil,lemon,spring onions,12,0.0012014417300760913
5607,extra virgin olive oil | lemon | tomatoes,3,extra virgin olive oil,lemon,tomatoes,12,0.0012014417300760913
5608,extra virgin olive oil | parsley | tomatoes,3,extra virgin olive oil,parsley,tomatoes,12,0.0012014417300760913
5609,extra virgin olive oil | red onion | red wine vinegar,3,extra virgin olive oil,red onion,red wine vinegar,12,0.0012014417300760913
5610,extra virgin olive oil | red onion | tomatoes,3,extra virgin olive oil,red onion,tomatoes,12,0.0012014417300760913
5611,fast-action dried yeast | lemon | strong white bread flour,3,fast-action dried yeast,lemon,strong white bread flour,12,0.0012014417300760913
5612,fast-action dried yeast | light brown soft sugar | strong white bread flour,3,fast-action dried yeast,light brown soft sugar,strong white bread flour,12,0.0012014417300760913
5613,fennel seeds | garlic | onions,3,fennel seeds,garlic,onions,12,0.0012014417300760913
5614,fennel seeds | lemon | parsley,3,fennel seeds,lemon,parsley,12,0.0012014417300760913
5615,fennel | olive oil | onion,3,fennel,olive oil,onion,12,0.0012014417300760913
5616,feta | ground coriander | ground cumin,3,feta,ground coriander,ground cumin,12,0.0012014417300760913
5617,feta | lemon | mint leaves,3,feta,lemon,mint leaves,12,0.0012014417300760913
5618,feta | olive oil | plain flour,3,feta,olive oil,plain flour,12,0.0012014417300760913
5619,flaked almonds | garlic | olive oil,3,flaked almonds,garlic,olive oil,12,0.0012014417300760913
5620,flaked almonds | garlic | onion,3,flaked almonds,garlic,onion,12,0.0012014417300760913
5621,flaked almonds | ground almonds | icing sugar,3,flaked almonds,ground almonds,icing sugar,12,0.0012014417300760913
5622,flaked almonds | ground almonds | self-raising flour,3,flaked almonds,ground almonds,self-raising flour,12,0.0012014417300760913
5623,flaked almonds | ground almonds | vanilla extract,3,flaked almonds,ground almonds,vanilla extract,12,0.0012014417300760913
5624,flaked almonds | plain flour | vanilla extract,3,flaked almonds,plain flour,vanilla extract,12,0.0012014417300760913
5625,flat-leaf parsley | garlic | rosemary,3,flat-leaf parsley,garlic,rosemary,12,0.0012014417300760913
5626,frozen peas | garlic | onions,3,frozen peas,garlic,onions,12,0.0012014417300760913
5627,frozen peas | garlic | parsley,3,frozen peas,garlic,parsley,12,0.0012014417300760913
5628,full-fat cream cheese | icing sugar | vanilla extract,3,full-fat cream cheese,icing sugar,vanilla extract,12,0.0012014417300760913
5629,full-fat soft cheese | icing sugar | vanilla extract,3,full-fat soft cheese,icing sugar,vanilla extract,12,0.0012014417300760913
5630,garam masala | garlic | lime,3,garam masala,garlic,lime,12,0.0012014417300760913
5631,garam masala | garlic | red chilli,3,garam masala,garlic,red chilli,12,0.0012014417300760913
5632,garam masala | ginger | red chilli,3,garam masala,ginger,red chilli,12,0.0012014417300760913
5633,garam masala | green chilli | ground cumin,3,garam masala,green chilli,ground cumin,12,0.0012014417300760913
5634,garam masala | rapeseed oil | turmeric,3,garam masala,rapeseed oil,turmeric,12,0.0012014417300760913
5635,garlic | ginger | maple syrup,3,garlic,ginger,maple syrup,12,0.0012014417300760913
5636,garlic | ginger | smoked paprika,3,garlic,ginger,smoked paprika,12,0.0012014417300760913
5637,garlic | ginger | sweet potato,3,garlic,ginger,sweet potato,12,0.0012014417300760913
5638,garlic | ginger | thyme,3,garlic,ginger,thyme,12,0.0012014417300760913
5639,garlic | golden caster sugar | sesame oil,3,garlic,golden caster sugar,sesame oil,12,0.0012014417300760913
5640,garlic | greek yogurt | tahini,3,garlic,greek yogurt,tahini,12,0.0012014417300760913
5641,garlic | green chilli | tomatoes,3,garlic,green chilli,tomatoes,12,0.0012014417300760913
5642,garlic | green chillies | onions,3,garlic,green chillies,onions,12,0.0012014417300760913
5643,garlic | green chillies | tomatoes,3,garlic,green chillies,tomatoes,12,0.0012014417300760913
5644,garlic | ground coriander | hot chilli powder,3,garlic,ground coriander,hot chilli powder,12,0.0012014417300760913
5645,garlic | ground coriander | lamb mince,3,garlic,ground coriander,lamb mince,12,0.0012014417300760913
5646,garlic | ground coriander | plain flour,3,garlic,ground coriander,plain flour,12,0.0012014417300760913
5647,garlic | ground coriander | sweet potatoes,3,garlic,ground coriander,sweet potatoes,12,0.0012014417300760913
5648,garlic | ground cumin | honey,3,garlic,ground cumin,honey,12,0.0012014417300760913
5649,garlic | ground cumin | mild chilli powder,3,garlic,ground cumin,mild chilli powder,12,0.0012014417300760913
5650,garlic | ground ginger | onion,3,garlic,ground ginger,onion,12,0.0012014417300760913
5651,garlic | ground turmeric | lemon,3,garlic,ground turmeric,lemon,12,0.0012014417300760913
5652,garlic | ground turmeric | vegetable stock,3,garlic,ground turmeric,vegetable stock,12,0.0012014417300760913
5653,garlic | groundnut oil | spring onions,3,garlic,groundnut oil,spring onions,12,0.0012014417300760913
5654,garlic | gruyère | olive oil,3,garlic,gruyère,olive oil,12,0.0012014417300760913
5655,garlic | honey | parsley,3,garlic,honey,parsley,12,0.0012014417300760913
5656,garlic | honey | sesame seeds,3,garlic,honey,sesame seeds,12,0.0012014417300760913
5657,garlic | hot vegetable stock | onion,3,garlic,hot vegetable stock,onion,12,0.0012014417300760913
5658,garlic | leek | lemon,3,garlic,leek,lemon,12,0.0012014417300760913
5659,garlic | lemon | olive or rapeseed oil,3,garlic,lemon,olive or rapeseed oil,12,0.0012014417300760913
5660,garlic | lemon | pumpkin seeds,3,garlic,lemon,pumpkin seeds,12,0.0012014417300760913
5661,garlic | lemon | vegetable bouillon powder,3,garlic,lemon,vegetable bouillon powder,12,0.0012014417300760913
5662,garlic | lime | onions,3,garlic,lime,onions,12,0.0012014417300760913
5663,garlic | mayonnaise | vegetable oil,3,garlic,mayonnaise,vegetable oil,12,0.0012014417300760913
5664,garlic | mild curry powder | onion,3,garlic,mild curry powder,onion,12,0.0012014417300760913
5665,garlic | milk | sunflower oil,3,garlic,milk,sunflower oil,12,0.0012014417300760913
5666,garlic | milk | tomatoes,3,garlic,milk,tomatoes,12,0.0012014417300760913
5667,garlic | mint | onions,3,garlic,mint,onions,12,0.0012014417300760913
5668,garlic | mint | red chilli,3,garlic,mint,red chilli,12,0.0012014417300760913
5669,garlic | mozzarella | passata,3,garlic,mozzarella,passata,12,0.0012014417300760913
5670,garlic | mushrooms | parsley,3,garlic,mushrooms,parsley,12,0.0012014417300760913
5671,garlic | mushrooms | plain flour,3,garlic,mushrooms,plain flour,12,0.0012014417300760913
5672,garlic | natural yogurt | turmeric,3,garlic,natural yogurt,turmeric,12,0.0012014417300760913
5673,garlic | nigella seeds | olive oil,3,garlic,nigella seeds,olive oil,12,0.0012014417300760913
5674,garlic | nutmeg | tomato purée,3,garlic,nutmeg,tomato purée,12,0.0012014417300760913
5675,garlic | nutmeg | whole milk,3,garlic,nutmeg,whole milk,12,0.0012014417300760913
5676,garlic | olive oil | parsnips,3,garlic,olive oil,parsnips,12,0.0012014417300760913
5677,garlic | olive oil | pasta,3,garlic,olive oil,pasta,12,0.0012014417300760913
5678,garlic | olive oil | pork sausages,3,garlic,olive oil,pork sausages,12,0.0012014417300760913
5679,garlic | olive oil | skinless chicken breasts,3,garlic,olive oil,skinless chicken breasts,12,0.0012014417300760913
5680,garlic | olive oil | yellow pepper,3,garlic,olive oil,yellow pepper,12,0.0012014417300760913
5681,garlic | olive or rapeseed oil | parsley,3,garlic,olive or rapeseed oil,parsley,12,0.0012014417300760913
5682,garlic | onion | red lentils,3,garlic,onion,red lentils,12,0.0012014417300760913
5683,garlic | onions | passata,3,garlic,onions,passata,12,0.0012014417300760913
5684,garlic | onions | potatoes,3,garlic,onions,potatoes,12,0.0012014417300760913
5685,garlic | parmesan | spinach,3,garlic,parmesan,spinach,12,0.0012014417300760913
5686,garlic | parsley leaves | white wine,3,garlic,parsley leaves,white wine,12,0.0012014417300760913
5687,garlic | parsley | pine nuts,3,garlic,parsley,pine nuts,12,0.0012014417300760913
5688,garlic | parsley | saffron,3,garlic,parsley,saffron,12,0.0012014417300760913
5689,garlic | parsley | sugar,3,garlic,parsley,sugar,12,0.0012014417300760913
5690,garlic | parsley | unsalted butter,3,garlic,parsley,unsalted butter,12,0.0012014417300760913
5691,garlic | passata | tomato purée,3,garlic,passata,tomato purée,12,0.0012014417300760913
5692,garlic | plain flour | rapeseed oil,3,garlic,plain flour,rapeseed oil,12,0.0012014417300760913
5693,garlic | plain flour | red chilli,3,garlic,plain flour,red chilli,12,0.0012014417300760913
5694,garlic | plain flour | shallots,3,garlic,plain flour,shallots,12,0.0012014417300760913
5695,garlic | plain flour | thyme leaves,3,garlic,plain flour,thyme leaves,12,0.0012014417300760913
5696,garlic | pomegranate seeds | tahini,3,garlic,pomegranate seeds,tahini,12,0.0012014417300760913
5697,garlic | red chilli | rice vinegar,3,garlic,red chilli,rice vinegar,12,0.0012014417300760913
5698,garlic | red chilli | vegetable bouillon powder,3,garlic,red chilli,vegetable bouillon powder,12,0.0012014417300760913
5699,garlic | red chillies | spring onions,3,garlic,red chillies,spring onions,12,0.0012014417300760913
5700,garlic | red onion | rocket,3,garlic,red onion,rocket,12,0.0012014417300760913
5701,garlic | red onions | vegetable oil,3,garlic,red onions,vegetable oil,12,0.0012014417300760913
5702,garlic | red pepper | vegetable stock,3,garlic,red pepper,vegetable stock,12,0.0012014417300760913
5703,garlic | red peppers | spring onions,3,garlic,red peppers,spring onions,12,0.0012014417300760913
5704,garlic | red wine vinegar | thyme,3,garlic,red wine vinegar,thyme,12,0.0012014417300760913
5705,garlic | rice | soy sauce,3,garlic,rice,soy sauce,12,0.0012014417300760913
5706,garlic | rosemary | vegetable oil,3,garlic,rosemary,vegetable oil,12,0.0012014417300760913
5707,garlic | shallots | white wine,3,garlic,shallots,white wine,12,0.0012014417300760913
5708,garlic | sherry vinegar | smoked paprika,3,garlic,sherry vinegar,smoked paprika,12,0.0012014417300760913
5709,garlic | spaghetti | tomato purée,3,garlic,spaghetti,tomato purée,12,0.0012014417300760913
5710,garlic | spring onions | star anise,3,garlic,spring onions,star anise,12,0.0012014417300760913
5711,garlic | star anise | vegetable oil,3,garlic,star anise,vegetable oil,12,0.0012014417300760913
5712,garlic | sugar | tomatoes,3,garlic,sugar,tomatoes,12,0.0012014417300760913
5713,garlic | tomato purée | worcestershire sauce,3,garlic,tomato purée,worcestershire sauce,12,0.0012014417300760913
5714,ginger | green chilli | red onion,3,ginger,green chilli,red onion,12,0.0012014417300760913
5715,ginger | ground cinnamon | ground coriander,3,ginger,ground cinnamon,ground coriander,12,0.0012014417300760913
5716,ginger | ground coriander | olive oil,3,ginger,ground coriander,olive oil,12,0.0012014417300760913
5717,ginger | ground cumin | olive oil,3,ginger,ground cumin,olive oil,12,0.0012014417300760913
5718,ginger | ground cumin | paprika,3,ginger,ground cumin,paprika,12,0.0012014417300760913
5719,ginger | ground turmeric | lime,3,ginger,ground turmeric,lime,12,0.0012014417300760913
5720,ginger | honey | vegetable oil,3,ginger,honey,vegetable oil,12,0.0012014417300760913
5721,ginger | lemon | turmeric,3,ginger,lemon,turmeric,12,0.0012014417300760913
5722,ginger | light soy sauce | red chilli,3,ginger,light soy sauce,red chilli,12,0.0012014417300760913
5723,ginger | lime | mint leaves,3,ginger,lime,mint leaves,12,0.0012014417300760913
5724,ginger | lime | rapeseed oil,3,ginger,lime,rapeseed oil,12,0.0012014417300760913
5725,ginger | olive oil | red chilli,3,ginger,olive oil,red chilli,12,0.0012014417300760913
5726,ginger | onion | red pepper,3,ginger,onion,red pepper,12,0.0012014417300760913
5727,ginger | red chilli | sesame seeds,3,ginger,red chilli,sesame seeds,12,0.0012014417300760913
5728,ginger | red chilli | vegetable stock,3,ginger,red chilli,vegetable stock,12,0.0012014417300760913
5729,ginger | red chillies | spring onions,3,ginger,red chillies,spring onions,12,0.0012014417300760913
5730,ginger | red onion | tomato purée,3,ginger,red onion,tomato purée,12,0.0012014417300760913
5731,ginger | rice vinegar | sesame oil,3,ginger,rice vinegar,sesame oil,12,0.0012014417300760913
5732,ginger | spring onions | vegetable stock,3,ginger,spring onions,vegetable stock,12,0.0012014417300760913
5733,glacé cherries | mixed spice | orange,3,glacé cherries,mixed spice,orange,12,0.0012014417300760913
5734,golden caster sugar | golden syrup | plain flour,3,golden caster sugar,golden syrup,plain flour,12,0.0012014417300760913
5735,golden caster sugar | ground almonds | lemon,3,golden caster sugar,ground almonds,lemon,12,0.0012014417300760913
5736,golden caster sugar | icing sugar | pistachios,3,golden caster sugar,icing sugar,pistachios,12,0.0012014417300760913
5737,golden caster sugar | icing sugar | raspberry jam,3,golden caster sugar,icing sugar,raspberry jam,12,0.0012014417300760913
5738,golden caster sugar | lemon curd | self-raising flour,3,golden caster sugar,lemon curd,self-raising flour,12,0.0012014417300760913
5739,golden caster sugar | lemon | strong white bread flour,3,golden caster sugar,lemon,strong white bread flour,12,0.0012014417300760913
5740,golden caster sugar | mixed spice | orange,3,golden caster sugar,mixed spice,orange,12,0.0012014417300760913
5741,golden caster sugar | mixed spice | plain flour,3,golden caster sugar,mixed spice,plain flour,12,0.0012014417300760913
5742,golden caster sugar | natural yogurt | plain flour,3,golden caster sugar,natural yogurt,plain flour,12,0.0012014417300760913
5743,golden caster sugar | natural yogurt | unsalted butter,3,golden caster sugar,natural yogurt,unsalted butter,12,0.0012014417300760913
5744,golden caster sugar | olive oil | red wine vinegar,3,golden caster sugar,olive oil,red wine vinegar,12,0.0012014417300760913
5745,golden caster sugar | olive oil | tomato purée,3,golden caster sugar,olive oil,tomato purée,12,0.0012014417300760913
5746,golden caster sugar | orange | vanilla extract,3,golden caster sugar,orange,vanilla extract,12,0.0012014417300760913
5747,golden caster sugar | self-raising flour | vanilla bean paste,3,golden caster sugar,self-raising flour,vanilla bean paste,12,0.0012014417300760913
5748,golden caster sugar | soy sauce | spring onions,3,golden caster sugar,soy sauce,spring onions,12,0.0012014417300760913
5749,golden caster sugar | unsalted butter | white chocolate,3,golden caster sugar,unsalted butter,white chocolate,12,0.0012014417300760913
5750,golden syrup | plain flour | vanilla extract,3,golden syrup,plain flour,vanilla extract,12,0.0012014417300760913
5751,greek yogurt | olive oil | parsley,3,greek yogurt,olive oil,parsley,12,0.0012014417300760913
5752,green chilli | ground coriander | turmeric,3,green chilli,ground coriander,turmeric,12,0.0012014417300760913
5753,ground almonds | icing sugar | unsalted butter,3,ground almonds,icing sugar,unsalted butter,12,0.0012014417300760913
5754,ground almonds | mixed spice | orange,3,ground almonds,mixed spice,orange,12,0.0012014417300760913
5755,ground almonds | self-raising flour | vanilla extract,3,ground almonds,self-raising flour,vanilla extract,12,0.0012014417300760913
5756,ground cinnamon | ground coriander | onion,3,ground cinnamon,ground coriander,onion,12,0.0012014417300760913
5757,ground cinnamon | ground nutmeg | unsalted butter,3,ground cinnamon,ground nutmeg,unsalted butter,12,0.0012014417300760913
5758,ground cinnamon | icing sugar | lemon,3,ground cinnamon,icing sugar,lemon,12,0.0012014417300760913
5759,ground cinnamon | lemon | light brown soft sugar,3,ground cinnamon,lemon,light brown soft sugar,12,0.0012014417300760913
5760,ground cinnamon | milk | vegetable oil,3,ground cinnamon,milk,vegetable oil,12,0.0012014417300760913
5761,ground cinnamon | mixed spice | self-raising flour,3,ground cinnamon,mixed spice,self-raising flour,12,0.0012014417300760913
5762,ground cinnamon | mixed spice | sultanas,3,ground cinnamon,mixed spice,sultanas,12,0.0012014417300760913
5763,ground cinnamon | olive oil | red onion,3,ground cinnamon,olive oil,red onion,12,0.0012014417300760913
5764,ground cinnamon | orange | unsalted butter,3,ground cinnamon,orange,unsalted butter,12,0.0012014417300760913
5765,ground cinnamon | orange | vanilla extract,3,ground cinnamon,orange,vanilla extract,12,0.0012014417300760913
5766,ground coriander | ground cumin | lamb mince,3,ground coriander,ground cumin,lamb mince,12,0.0012014417300760913
5767,ground coriander | ground cumin | mint,3,ground coriander,ground cumin,mint,12,0.0012014417300760913
5768,ground coriander | ground cumin | spring onions,3,ground coriander,ground cumin,spring onions,12,0.0012014417300760913
5769,ground coriander | ground turmeric | onions,3,ground coriander,ground turmeric,onions,12,0.0012014417300760913
5770,ground coriander | lime | onion,3,ground coriander,lime,onion,12,0.0012014417300760913
5771,ground coriander | lime | rapeseed oil,3,ground coriander,lime,rapeseed oil,12,0.0012014417300760913
5772,ground coriander | lime | smoked paprika,3,ground coriander,lime,smoked paprika,12,0.0012014417300760913
5773,ground coriander | onion | vegetable stock,3,ground coriander,onion,vegetable stock,12,0.0012014417300760913
5774,ground coriander | rapeseed oil | smoked paprika,3,ground coriander,rapeseed oil,smoked paprika,12,0.0012014417300760913
5775,ground coriander | red onion | smoked paprika,3,ground coriander,red onion,smoked paprika,12,0.0012014417300760913
5776,ground coriander | red onion | tomatoes,3,ground coriander,red onion,tomatoes,12,0.0012014417300760913
5777,ground cumin | mint leaves | red onion,3,ground cumin,mint leaves,red onion,12,0.0012014417300760913
5778,ground cumin | olive oil | red onions,3,ground cumin,olive oil,red onions,12,0.0012014417300760913
5779,ground cumin | onion | paprika,3,ground cumin,onion,paprika,12,0.0012014417300760913
5780,ground cumin | parsley | red onion,3,ground cumin,parsley,red onion,12,0.0012014417300760913
5781,ground cumin | red onion | vegetable oil,3,ground cumin,red onion,vegetable oil,12,0.0012014417300760913
5782,ground ginger | icing sugar | light brown soft sugar,3,ground ginger,icing sugar,light brown soft sugar,12,0.0012014417300760913
5783,ground ginger | icing sugar | vanilla extract,3,ground ginger,icing sugar,vanilla extract,12,0.0012014417300760913
5784,harissa | lemon | olive oil,3,harissa,lemon,olive oil,12,0.0012014417300760913
5785,ice | lemon juice | sugar syrup,3,ice,lemon juice,sugar syrup,12,0.0012014417300760913
5786,icing sugar | lemon | lemon curd,3,icing sugar,lemon,lemon curd,12,0.0012014417300760913
5787,icing sugar | lemon | whole milk,3,icing sugar,lemon,whole milk,12,0.0012014417300760913
5788,icing sugar | plain flour | raspberry jam,3,icing sugar,plain flour,raspberry jam,12,0.0012014417300760913
5789,icing sugar | salt | vanilla extract,3,icing sugar,salt,vanilla extract,12,0.0012014417300760913
5790,icing sugar | soft cheese | vanilla extract,3,icing sugar,soft cheese,vanilla extract,12,0.0012014417300760913
5791,juice | red chilli | spring onions,3,juice,red chilli,spring onions,12,0.0012014417300760913
5792,leeks | olive oil | parsley,3,leeks,olive oil,parsley,12,0.0012014417300760913
5793,lemon | mint | red onion,3,lemon,mint,red onion,12,0.0012014417300760913
5794,lemon | mixed dried fruit | orange,3,lemon,mixed dried fruit,orange,12,0.0012014417300760913
5795,lemon | natural yogurt | red onion,3,lemon,natural yogurt,red onion,12,0.0012014417300760913
5796,lemon | olive oil | thyme leaves,3,lemon,olive oil,thyme leaves,12,0.0012014417300760913
5797,lemon | onion | smoked paprika,3,lemon,onion,smoked paprika,12,0.0012014417300760913
5798,lemon | onion | vegetable oil,3,lemon,onion,vegetable oil,12,0.0012014417300760913
5799,lemon | parmesan | thyme,3,lemon,parmesan,thyme,12,0.0012014417300760913
5800,lemon | plain flour | sunflower oil,3,lemon,plain flour,sunflower oil,12,0.0012014417300760913
5801,lemon | rapeseed oil | red chilli,3,lemon,rapeseed oil,red chilli,12,0.0012014417300760913
5802,light brown soft sugar | mixed spice | plain flour,3,light brown soft sugar,mixed spice,plain flour,12,0.0012014417300760913
5803,light brown soft sugar | orange | plain flour,3,light brown soft sugar,orange,plain flour,12,0.0012014417300760913
5804,light brown soft sugar | vanilla extract | white chocolate,3,light brown soft sugar,vanilla extract,white chocolate,12,0.0012014417300760913
5805,light muscovado sugar | mixed spice | self-raising flour,3,light muscovado sugar,mixed spice,self-raising flour,12,0.0012014417300760913
5806,light muscovado sugar | self-raising flour | vanilla extract,3,light muscovado sugar,self-raising flour,vanilla extract,12,0.0012014417300760913
5807,lime | red chilli | vegetable oil,3,lime,red chilli,vegetable oil,12,0.0012014417300760913
5808,lime | red onion | tomatoes,3,lime,red onion,tomatoes,12,0.0012014417300760913
5809,lime | red onion | vegetable oil,3,lime,red onion,vegetable oil,12,0.0012014417300760913
5810,maple syrup | milk | vanilla extract,3,maple syrup,milk,vanilla extract,12,0.0012014417300760913
5811,mature cheddar | plain flour | whole milk,3,mature cheddar,plain flour,whole milk,12,0.0012014417300760913
5812,milk | mozzarella | parmesan,3,milk,mozzarella,parmesan,12,0.0012014417300760913
5813,milk | nutmeg | olive oil,3,milk,nutmeg,olive oil,12,0.0012014417300760913
5814,milk | olive oil | onions,3,milk,olive oil,onions,12,0.0012014417300760913
5815,milk | orange | self-raising flour,3,milk,orange,self-raising flour,12,0.0012014417300760913
5816,milk | plain flour | thyme,3,milk,plain flour,thyme,12,0.0012014417300760913
5817,mint leaves | olive oil | parsley,3,mint leaves,olive oil,parsley,12,0.0012014417300760913
5818,mixed peel | raisins | sultanas,3,mixed peel,raisins,sultanas,12,0.0012014417300760913
5819,mozzarella | onion | plain flour,3,mozzarella,onion,plain flour,12,0.0012014417300760913
5820,olive oil | onion | paprika,3,olive oil,onion,paprika,12,0.0012014417300760913
5821,olive oil | onion | soy sauce,3,olive oil,onion,soy sauce,12,0.0012014417300760913
5822,olive oil | onion | vegetable oil,3,olive oil,onion,vegetable oil,12,0.0012014417300760913
5823,olive oil | onions | red chilli,3,olive oil,onions,red chilli,12,0.0012014417300760913
5824,olive oil | paella rice | saffron,3,olive oil,paella rice,saffron,12,0.0012014417300760913
5825,olive oil | parmesan | whole milk,3,olive oil,parmesan,whole milk,12,0.0012014417300760913
5826,olive oil | parsley | pine nuts,3,olive oil,parsley,pine nuts,12,0.0012014417300760913
5827,olive oil | parsley | rosemary,3,olive oil,parsley,rosemary,12,0.0012014417300760913
5828,olive oil | plain flour | tomatoes,3,olive oil,plain flour,tomatoes,12,0.0012014417300760913
5829,olive oil | plain flour | vegetable oil,3,olive oil,plain flour,vegetable oil,12,0.0012014417300760913
5830,olive oil | plain flour | wholegrain mustard,3,olive oil,plain flour,wholegrain mustard,12,0.0012014417300760913
5831,olive oil | plum tomatoes | tomato purée,3,olive oil,plum tomatoes,tomato purée,12,0.0012014417300760913
5832,olive oil | red chilli | smoked paprika,3,olive oil,red chilli,smoked paprika,12,0.0012014417300760913
5833,olive oil | red wine vinegar | tomatoes,3,olive oil,red wine vinegar,tomatoes,12,0.0012014417300760913
5834,olive oil | red wine | red wine vinegar,3,olive oil,red wine,red wine vinegar,12,0.0012014417300760913
5835,olive oil | risotto rice | white wine,3,olive oil,risotto rice,white wine,12,0.0012014417300760913
5836,olive oil | shallots | thyme,3,olive oil,shallots,thyme,12,0.0012014417300760913
5837,olive oil | tomato purée | white wine,3,olive oil,tomato purée,white wine,12,0.0012014417300760913
5838,onion | parmesan | rosemary,3,onion,parmesan,rosemary,12,0.0012014417300760913
5839,onion | plain flour | potatoes,3,onion,plain flour,potatoes,12,0.0012014417300760913
5840,onion | plain flour | rosemary,3,onion,plain flour,rosemary,12,0.0012014417300760913
5841,onion | plain flour | vegetable stock,3,onion,plain flour,vegetable stock,12,0.0012014417300760913
5842,onion | rapeseed oil | tomatoes,3,onion,rapeseed oil,tomatoes,12,0.0012014417300760913
5843,onion | risotto rice | white wine,3,onion,risotto rice,white wine,12,0.0012014417300760913
5844,onions | plain flour | sunflower oil,3,onions,plain flour,sunflower oil,12,0.0012014417300760913
5845,orange | raisins | sultanas,3,orange,raisins,sultanas,12,0.0012014417300760913
5846,parmesan | risotto rice | white wine,3,parmesan,risotto rice,white wine,12,0.0012014417300760913
5847,parsley | plain flour | thyme,3,parsley,plain flour,thyme,12,0.0012014417300760913
5848,plain flour | thyme | unsalted butter,3,plain flour,thyme,unsalted butter,12,0.0012014417300760913
5849,rapeseed oil | red chilli | tomatoes,3,rapeseed oil,red chilli,tomatoes,12,0.0012014417300760913
5850,rapeseed oil | tomatoes | vegetable bouillon powder,3,rapeseed oil,tomatoes,vegetable bouillon powder,12,0.0012014417300760913
5851,red chilli | red onion | vegetable oil,3,red chilli,red onion,vegetable oil,12,0.0012014417300760913
5852,red onion | smoked paprika | tomato purée,3,red onion,smoked paprika,tomato purée,12,0.0012014417300760913
5853,rice vinegar | soy sauce | spring onions,3,rice vinegar,soy sauce,spring onions,12,0.0012014417300760913
5854,self-raising flour | unsalted butter | vanilla bean paste,3,self-raising flour,unsalted butter,vanilla bean paste,12,0.0012014417300760913
5855,smoked paprika | tomato purée | vegetable bouillon powder,3,smoked paprika,tomato purée,vegetable bouillon powder,12,0.0012014417300760913
5856,almond extract | caster sugar | icing sugar,3,almond extract,caster sugar,icing sugar,11,0.0011013215859030838
5857,almond extract | golden caster sugar | self-raising flour,3,almond extract,golden caster sugar,self-raising flour,11,0.0011013215859030838
5858,almond extract | ground almonds | self-raising flour,3,almond extract,ground almonds,self-raising flour,11,0.0011013215859030838
5859,apricot jam | butter | icing sugar,3,apricot jam,butter,icing sugar,11,0.0011013215859030838
5860,apricot jam | butter | plain flour,3,apricot jam,butter,plain flour,11,0.0011013215859030838
5861,aubergine | basil | garlic,3,aubergine,basil,garlic,11,0.0011013215859030838
5862,aubergine | cherry tomatoes | garlic,3,aubergine,cherry tomatoes,garlic,11,0.0011013215859030838
5863,aubergine | garlic | parmesan,3,aubergine,garlic,parmesan,11,0.0011013215859030838
5864,aubergines | chopped tomatoes | olive oil,3,aubergines,chopped tomatoes,olive oil,11,0.0011013215859030838
5865,avocado | black beans | coriander,3,avocado,black beans,coriander,11,0.0011013215859030838
5866,avocado | black beans | red onion,3,avocado,black beans,red onion,11,0.0011013215859030838
5867,avocados | black beans | garlic,3,avocados,black beans,garlic,11,0.0011013215859030838
5868,avocados | coriander | garlic,3,avocados,coriander,garlic,11,0.0011013215859030838
5869,baby spinach | coriander | garlic,3,baby spinach,coriander,garlic,11,0.0011013215859030838
5870,baby spinach | garlic | lemon,3,baby spinach,garlic,lemon,11,0.0011013215859030838
5871,baby spinach | ginger | red chilli,3,baby spinach,ginger,red chilli,11,0.0011013215859030838
5872,baby spinach | lemon | olive oil,3,baby spinach,lemon,olive oil,11,0.0011013215859030838
5873,baking powder | bicarbonate of soda | ground cinnamon,3,baking powder,bicarbonate of soda,ground cinnamon,11,0.0011013215859030838
5874,baking powder | bicarbonate of soda | light muscovado sugar,3,baking powder,bicarbonate of soda,light muscovado sugar,11,0.0011013215859030838
5875,baking powder | bicarbonate of soda | maple syrup,3,baking powder,bicarbonate of soda,maple syrup,11,0.0011013215859030838
5876,baking powder | butter | cinnamon,3,baking powder,butter,cinnamon,11,0.0011013215859030838
5877,baking powder | butter | soured cream,3,baking powder,butter,soured cream,11,0.0011013215859030838
5878,baking powder | butter | sunflower oil,3,baking powder,butter,sunflower oil,11,0.0011013215859030838
5879,baking powder | cinnamon | golden caster sugar,3,baking powder,cinnamon,golden caster sugar,11,0.0011013215859030838
5880,baking powder | cinnamon | self-raising flour,3,baking powder,cinnamon,self-raising flour,11,0.0011013215859030838
5881,baking powder | cocoa powder | egg,3,baking powder,cocoa powder,egg,11,0.0011013215859030838
5882,baking powder | cocoa | eggs,3,baking powder,cocoa,eggs,11,0.0011013215859030838
5883,baking powder | desiccated coconut | eggs,3,baking powder,desiccated coconut,eggs,11,0.0011013215859030838
5884,baking powder | egg | light brown soft sugar,3,baking powder,egg,light brown soft sugar,11,0.0011013215859030838
5885,baking powder | egg | whole milk,3,baking powder,egg,whole milk,11,0.0011013215859030838
5886,baking powder | eggs | flaked almonds,3,baking powder,eggs,flaked almonds,11,0.0011013215859030838
5887,baking powder | eggs | mascarpone,3,baking powder,eggs,mascarpone,11,0.0011013215859030838
5888,baking powder | eggs | mixed dried fruit,3,baking powder,eggs,mixed dried fruit,11,0.0011013215859030838
5889,baking powder | eggs | rapeseed oil,3,baking powder,eggs,rapeseed oil,11,0.0011013215859030838
5890,baking powder | eggs | soft light brown sugar,3,baking powder,eggs,soft light brown sugar,11,0.0011013215859030838
5891,baking powder | eggs | spring onions,3,baking powder,eggs,spring onions,11,0.0011013215859030838
5892,baking powder | full-fat cream cheese | icing sugar,3,baking powder,full-fat cream cheese,icing sugar,11,0.0011013215859030838
5893,baking powder | garlic | milk,3,baking powder,garlic,milk,11,0.0011013215859030838
5894,baking powder | garlic | red onion,3,baking powder,garlic,red onion,11,0.0011013215859030838
5895,baking powder | garlic | sesame seeds,3,baking powder,garlic,sesame seeds,11,0.0011013215859030838
5896,baking powder | golden caster sugar | vanilla bean paste,3,baking powder,golden caster sugar,vanilla bean paste,11,0.0011013215859030838
5897,baking powder | golden syrup | plain flour,3,baking powder,golden syrup,plain flour,11,0.0011013215859030838
5898,baking powder | greek yogurt | self-raising flour,3,baking powder,greek yogurt,self-raising flour,11,0.0011013215859030838
5899,baking powder | ground almonds | mixed spice,3,baking powder,ground almonds,mixed spice,11,0.0011013215859030838
5900,baking powder | ground cinnamon | lemon,3,baking powder,ground cinnamon,lemon,11,0.0011013215859030838
5901,baking powder | ground cinnamon | vegetable oil,3,baking powder,ground cinnamon,vegetable oil,11,0.0011013215859030838
5902,baking powder | ground ginger | icing sugar,3,baking powder,ground ginger,icing sugar,11,0.0011013215859030838
5903,baking powder | ground ginger | self-raising flour,3,baking powder,ground ginger,self-raising flour,11,0.0011013215859030838
5904,baking powder | icing sugar | lemons,3,baking powder,icing sugar,lemons,11,0.0011013215859030838
5905,baking powder | icing sugar | maple syrup,3,baking powder,icing sugar,maple syrup,11,0.0011013215859030838
5906,baking powder | icing sugar | salted butter,3,baking powder,icing sugar,salted butter,11,0.0011013215859030838
5907,baking powder | icing sugar | vanilla paste,3,baking powder,icing sugar,vanilla paste,11,0.0011013215859030838
5908,baking powder | lemon | mixed spice,3,baking powder,lemon,mixed spice,11,0.0011013215859030838
5909,baking powder | mixed dried fruit | plain flour,3,baking powder,mixed dried fruit,plain flour,11,0.0011013215859030838
5910,baking powder | pistachios | plain flour,3,baking powder,pistachios,plain flour,11,0.0011013215859030838
5911,baking powder | plain flour | salt,3,baking powder,plain flour,salt,11,0.0011013215859030838
5912,baking powder | salted butter | vanilla extract,3,baking powder,salted butter,vanilla extract,11,0.0011013215859030838
5913,baking powder | slightly salted butter | vanilla extract,3,baking powder,slightly salted butter,vanilla extract,11,0.0011013215859030838
5914,baking powder | soured cream | vanilla extract,3,baking powder,soured cream,vanilla extract,11,0.0011013215859030838
5915,balsamic vinegar | basil leaves | garlic,3,balsamic vinegar,basil leaves,garlic,11,0.0011013215859030838
5916,balsamic vinegar | extra virgin olive oil | garlic,3,balsamic vinegar,extra virgin olive oil,garlic,11,0.0011013215859030838
5917,balsamic vinegar | olive oil | tomato purée,3,balsamic vinegar,olive oil,tomato purée,11,0.0011013215859030838
5918,basil leaves | butter | garlic,3,basil leaves,butter,garlic,11,0.0011013215859030838
5919,basil leaves | butter | olive oil,3,basil leaves,butter,olive oil,11,0.0011013215859030838
5920,basil leaves | cherry tomatoes | parmesan,3,basil leaves,cherry tomatoes,parmesan,11,0.0011013215859030838
5921,basil leaves | chilli flakes | olive oil,3,basil leaves,chilli flakes,olive oil,11,0.0011013215859030838
5922,basil leaves | dried oregano | olive oil,3,basil leaves,dried oregano,olive oil,11,0.0011013215859030838
5923,basil leaves | parmesan | tomato purée,3,basil leaves,parmesan,tomato purée,11,0.0011013215859030838
5924,basil | chopped tomatoes | olive oil,3,basil,chopped tomatoes,olive oil,11,0.0011013215859030838
5925,basil | garlic | mozzarella,3,basil,garlic,mozzarella,11,0.0011013215859030838
5926,basil | garlic | passata,3,basil,garlic,passata,11,0.0011013215859030838
5927,basil | garlic | ricotta,3,basil,garlic,ricotta,11,0.0011013215859030838
5928,basmati rice | cumin seeds | onion,3,basmati rice,cumin seeds,onion,11,0.0011013215859030838
5929,basmati rice | onion | vegetable oil,3,basmati rice,onion,vegetable oil,11,0.0011013215859030838
5930,bay leaf | beef stock | red wine,3,bay leaf,beef stock,red wine,11,0.0011013215859030838
5931,bay leaf | carrot | olive oil,3,bay leaf,carrot,olive oil,11,0.0011013215859030838
5932,bay leaf | carrots | onions,3,bay leaf,carrots,onions,11,0.0011013215859030838
5933,bay leaf | carrots | thyme,3,bay leaf,carrots,thyme,11,0.0011013215859030838
5934,bay leaf | garlic | lemon,3,bay leaf,garlic,lemon,11,0.0011013215859030838
5935,bay leaf | garlic | parmesan,3,bay leaf,garlic,parmesan,11,0.0011013215859030838
5936,bay leaf | garlic | rapeseed oil,3,bay leaf,garlic,rapeseed oil,11,0.0011013215859030838
5937,bay leaf | olive oil | tomato purée,3,bay leaf,olive oil,tomato purée,11,0.0011013215859030838
5938,bay leaves | butter | nutmeg,3,bay leaves,butter,nutmeg,11,0.0011013215859030838
5939,bay leaves | butter | potatoes,3,bay leaves,butter,potatoes,11,0.0011013215859030838
5940,bay leaves | butter | red wine,3,bay leaves,butter,red wine,11,0.0011013215859030838
5941,bay leaves | butter | white wine,3,bay leaves,butter,white wine,11,0.0011013215859030838
5942,bay leaves | carrot | plain flour,3,bay leaves,carrot,plain flour,11,0.0011013215859030838
5943,bay leaves | carrots | parmesan,3,bay leaves,carrots,parmesan,11,0.0011013215859030838
5944,bay leaves | carrots | sunflower oil,3,bay leaves,carrots,sunflower oil,11,0.0011013215859030838
5945,bay leaves | carrots | vegetable stock,3,bay leaves,carrots,vegetable stock,11,0.0011013215859030838
5946,bay leaves | egg | plain flour,3,bay leaves,egg,plain flour,11,0.0011013215859030838
5947,bay leaves | garlic | vegetable stock,3,bay leaves,garlic,vegetable stock,11,0.0011013215859030838
5948,bay leaves | milk | olive oil,3,bay leaves,milk,olive oil,11,0.0011013215859030838
5949,bay leaves | onion | parsley,3,bay leaves,onion,parsley,11,0.0011013215859030838
5950,bay leaves | onion | sunflower oil,3,bay leaves,onion,sunflower oil,11,0.0011013215859030838
5951,bay leaves | parsley | thyme,3,bay leaves,parsley,thyme,11,0.0011013215859030838
5952,beansprouts | fish sauce | garlic,3,beansprouts,fish sauce,garlic,11,0.0011013215859030838
5953,beansprouts | garlic | ginger,3,beansprouts,garlic,ginger,11,0.0011013215859030838
5954,beansprouts | soy sauce | spring onions,3,beansprouts,soy sauce,spring onions,11,0.0011013215859030838
5955,beef mince | beef stock | olive oil,3,beef mince,beef stock,olive oil,11,0.0011013215859030838
5956,beef mince | beef stock | onion,3,beef mince,beef stock,onion,11,0.0011013215859030838
5957,beef mince | celery | tomato purée,3,beef mince,celery,tomato purée,11,0.0011013215859030838
5958,beef mince | olive oil | red wine,3,beef mince,olive oil,red wine,11,0.0011013215859030838
5959,beef stock | butter | parsley,3,beef stock,butter,parsley,11,0.0011013215859030838
5960,beef stock | butter | thyme,3,beef stock,butter,thyme,11,0.0011013215859030838
5961,beef stock | carrots | onion,3,beef stock,carrots,onion,11,0.0011013215859030838
5962,beef stock | celery | olive oil,3,beef stock,celery,olive oil,11,0.0011013215859030838
5963,beef stock | garlic | soured cream,3,beef stock,garlic,soured cream,11,0.0011013215859030838
5964,beef stock | olive oil | onion,3,beef stock,olive oil,onion,11,0.0011013215859030838
5965,beef stock | olive oil | onions,3,beef stock,olive oil,onions,11,0.0011013215859030838
5966,beef stock | onion | sunflower oil,3,beef stock,onion,sunflower oil,11,0.0011013215859030838
5967,beef stock | plain flour | vegetable oil,3,beef stock,plain flour,vegetable oil,11,0.0011013215859030838
5968,beef stock | red wine | vegetable oil,3,beef stock,red wine,vegetable oil,11,0.0011013215859030838
5969,beetroot | garlic | lemon,3,beetroot,garlic,lemon,11,0.0011013215859030838
5970,bicarbonate of soda | butter | ground ginger,3,bicarbonate of soda,butter,ground ginger,11,0.0011013215859030838
5971,bicarbonate of soda | buttermilk | golden caster sugar,3,bicarbonate of soda,buttermilk,golden caster sugar,11,0.0011013215859030838
5972,bicarbonate of soda | cornflour | plain flour,3,bicarbonate of soda,cornflour,plain flour,11,0.0011013215859030838
5973,bicarbonate of soda | golden caster sugar | natural yogurt,3,bicarbonate of soda,golden caster sugar,natural yogurt,11,0.0011013215859030838
5974,bicarbonate of soda | golden syrup | unsalted butter,3,bicarbonate of soda,golden syrup,unsalted butter,11,0.0011013215859030838
5975,bicarbonate of soda | ground cinnamon | unsalted butter,3,bicarbonate of soda,ground cinnamon,unsalted butter,11,0.0011013215859030838
5976,bicarbonate of soda | ground ginger | light brown soft sugar,3,bicarbonate of soda,ground ginger,light brown soft sugar,11,0.0011013215859030838
5977,bicarbonate of soda | light muscovado sugar | self-raising flour,3,bicarbonate of soda,light muscovado sugar,self-raising flour,11,0.0011013215859030838
5978,black beans | chopped tomatoes | smoked paprika,3,black beans,chopped tomatoes,smoked paprika,11,0.0011013215859030838
5979,black beans | cumin seeds | garlic,3,black beans,cumin seeds,garlic,11,0.0011013215859030838
5980,black beans | dried oregano | ground cumin,3,black beans,dried oregano,ground cumin,11,0.0011013215859030838
5981,black beans | dried oregano | olive oil,3,black beans,dried oregano,olive oil,11,0.0011013215859030838
5982,black beans | dried oregano | smoked paprika,3,black beans,dried oregano,smoked paprika,11,0.0011013215859030838
5983,black beans | garlic | limes,3,black beans,garlic,limes,11,0.0011013215859030838
5984,black beans | ground cumin | red onion,3,black beans,ground cumin,red onion,11,0.0011013215859030838
5985,black beans | olive oil | red onion,3,black beans,olive oil,red onion,11,0.0011013215859030838
5986,black beans | olive oil | tomato purée,3,black beans,olive oil,tomato purée,11,0.0011013215859030838
5987,black beans | smoked paprika | tomato purée,3,black beans,smoked paprika,tomato purée,11,0.0011013215859030838
5988,black mustard seeds | garlic | ground coriander,3,black mustard seeds,garlic,ground coriander,11,0.0011013215859030838
5989,black mustard seeds | garlic | onion,3,black mustard seeds,garlic,onion,11,0.0011013215859030838
5990,black mustard seeds | ginger | ground turmeric,3,black mustard seeds,ginger,ground turmeric,11,0.0011013215859030838
5991,black olives | garlic | olive oil,3,black olives,garlic,olive oil,11,0.0011013215859030838
5992,black peppercorns | garlic | olive oil,3,black peppercorns,garlic,olive oil,11,0.0011013215859030838
5993,brandy | butter | double cream,3,brandy,butter,double cream,11,0.0011013215859030838
5994,broccoli | garlic | lemon,3,broccoli,garlic,lemon,11,0.0011013215859030838
5995,brown basmati rice | coriander | ginger,3,brown basmati rice,coriander,ginger,11,0.0011013215859030838
5996,brown basmati rice | cumin seeds | garlic,3,brown basmati rice,cumin seeds,garlic,11,0.0011013215859030838
5997,brown basmati rice | ground coriander | rapeseed oil,3,brown basmati rice,ground coriander,rapeseed oil,11,0.0011013215859030838
5998,brown basmati rice | rapeseed oil | red chilli,3,brown basmati rice,rapeseed oil,red chilli,11,0.0011013215859030838
5999,butter beans | chopped tomatoes | garlic,3,butter beans,chopped tomatoes,garlic,11,0.0011013215859030838
6000,butter | caster sugar | mascarpone,3,butter,caster sugar,mascarpone,11,0.0011013215859030838
6001,butter | cauliflower | plain flour,3,butter,cauliflower,plain flour,11,0.0011013215859030838
6002,butter | cheddar | parmesan,3,butter,cheddar,parmesan,11,0.0011013215859030838
6003,butter | chestnut mushrooms | parsley,3,butter,chestnut mushrooms,parsley,11,0.0011013215859030838
6004,butter | chives | double cream,3,butter,chives,double cream,11,0.0011013215859030838
6005,butter | chopped tomatoes | tomato purée,3,butter,chopped tomatoes,tomato purée,11,0.0011013215859030838
6006,butter | cinnamon | olive oil,3,butter,cinnamon,olive oil,11,0.0011013215859030838
6007,butter | cinnamon | onion,3,butter,cinnamon,onion,11,0.0011013215859030838
6008,butter | cinnamon | vegetable oil,3,butter,cinnamon,vegetable oil,11,0.0011013215859030838
6009,butter | cornflour | egg yolks,3,butter,cornflour,egg yolks,11,0.0011013215859030838
6010,butter | cornflour | lemon,3,butter,cornflour,lemon,11,0.0011013215859030838
6011,butter | dark chocolate | egg yolks,3,butter,dark chocolate,egg yolks,11,0.0011013215859030838
6012,butter | dijon mustard | double cream,3,butter,dijon mustard,double cream,11,0.0011013215859030838
6013,butter | dijon mustard | parsley,3,butter,dijon mustard,parsley,11,0.0011013215859030838
6014,butter | double cream | full-fat cream cheese,3,butter,double cream,full-fat cream cheese,11,0.0011013215859030838
6015,butter | double cream | ginger,3,butter,double cream,ginger,11,0.0011013215859030838
6016,butter | double cream | lemon juice,3,butter,double cream,lemon juice,11,0.0011013215859030838
6017,butter | double cream | light muscovado sugar,3,butter,double cream,light muscovado sugar,11,0.0011013215859030838
6018,butter | double cream | white wine,3,butter,double cream,white wine,11,0.0011013215859030838
6019,butter | double cream | wholegrain mustard,3,butter,double cream,wholegrain mustard,11,0.0011013215859030838
6020,butter | dried oregano | garlic,3,butter,dried oregano,garlic,11,0.0011013215859030838
6021,butter | dried oregano | olive oil,3,butter,dried oregano,olive oil,11,0.0011013215859030838
6022,butter | egg whites | golden caster sugar,3,butter,egg whites,golden caster sugar,11,0.0011013215859030838
6023,butter | egg whites | plain flour,3,butter,egg whites,plain flour,11,0.0011013215859030838
6024,butter | egg yolk | lemon,3,butter,egg yolk,lemon,11,0.0011013215859030838
6025,butter | egg | golden syrup,3,butter,egg,golden syrup,11,0.0011013215859030838
6026,butter | egg | nutmeg,3,butter,egg,nutmeg,11,0.0011013215859030838
6027,butter | egg | orange,3,butter,egg,orange,11,0.0011013215859030838
6028,butter | egg | whole milk,3,butter,egg,whole milk,11,0.0011013215859030838
6029,butter | eggs | mascarpone,3,butter,eggs,mascarpone,11,0.0011013215859030838
6030,butter | eggs | onions,3,butter,eggs,onions,11,0.0011013215859030838
6031,butter | extra mature cheddar | plain flour,3,butter,extra mature cheddar,plain flour,11,0.0011013215859030838
6032,butter | filo pastry | olive oil,3,butter,filo pastry,olive oil,11,0.0011013215859030838
6033,butter | floury potatoes | garlic,3,butter,floury potatoes,garlic,11,0.0011013215859030838
6034,butter | frozen peas | olive oil,3,butter,frozen peas,olive oil,11,0.0011013215859030838
6035,butter | full-fat milk | golden caster sugar,3,butter,full-fat milk,golden caster sugar,11,0.0011013215859030838
6036,butter | garlic | tomatoes,3,butter,garlic,tomatoes,11,0.0011013215859030838
6037,butter | garlic | wholegrain mustard,3,butter,garlic,wholegrain mustard,11,0.0011013215859030838
6038,butter | golden caster sugar | mixed spice,3,butter,golden caster sugar,mixed spice,11,0.0011013215859030838
6039,butter | golden syrup | vanilla extract,3,butter,golden syrup,vanilla extract,11,0.0011013215859030838
6040,butter | granulated sugar | plain flour,3,butter,granulated sugar,plain flour,11,0.0011013215859030838
6041,butter | ground cinnamon | ground cloves,3,butter,ground cinnamon,ground cloves,11,0.0011013215859030838
6042,butter | ground cinnamon | nutmeg,3,butter,ground cinnamon,nutmeg,11,0.0011013215859030838
6043,butter | ground cumin | onion,3,butter,ground cumin,onion,11,0.0011013215859030838
6044,butter | ground ginger | mixed spice,3,butter,ground ginger,mixed spice,11,0.0011013215859030838
6045,butter | icing sugar | lemon juice,3,butter,icing sugar,lemon juice,11,0.0011013215859030838
6046,butter | icing sugar | light muscovado sugar,3,butter,icing sugar,light muscovado sugar,11,0.0011013215859030838
6047,butter | icing sugar | milk chocolate,3,butter,icing sugar,milk chocolate,11,0.0011013215859030838
6048,butter | icing sugar | soft cheese,3,butter,icing sugar,soft cheese,11,0.0011013215859030838
6049,butter | icing sugar | strawberries,3,butter,icing sugar,strawberries,11,0.0011013215859030838
6050,butter | lemon | light brown soft sugar,3,butter,lemon,light brown soft sugar,11,0.0011013215859030838
6051,butter | lemon | spinach,3,butter,lemon,spinach,11,0.0011013215859030838
6052,butter | maple syrup | self-raising flour,3,butter,maple syrup,self-raising flour,11,0.0011013215859030838
6053,butter | milk | worcestershire sauce,3,butter,milk,worcestershire sauce,11,0.0011013215859030838
6054,butter | natural yogurt | plain flour,3,butter,natural yogurt,plain flour,11,0.0011013215859030838
6055,butter | oil | plain flour,3,butter,oil,plain flour,11,0.0011013215859030838
6056,butter | olive oil | potatoes,3,butter,olive oil,potatoes,11,0.0011013215859030838
6057,butter | onion | risotto rice,3,butter,onion,risotto rice,11,0.0011013215859030838
6058,butter | onion | thyme leaves,3,butter,onion,thyme leaves,11,0.0011013215859030838
6059,butter | onions | potatoes,3,butter,onions,potatoes,11,0.0011013215859030838
6060,butter | orange | sultanas,3,butter,orange,sultanas,11,0.0011013215859030838
6061,butter | parmesan | sage leaves,3,butter,parmesan,sage leaves,11,0.0011013215859030838
6062,butter | parsley | white wine,3,butter,parsley,white wine,11,0.0011013215859030838
6063,butter | plain flour | rosemary,3,butter,plain flour,rosemary,11,0.0011013215859030838
6064,butter | plain flour | semi-skimmed milk,3,butter,plain flour,semi-skimmed milk,11,0.0011013215859030838
6065,butter | red wine | tomato purée,3,butter,red wine,tomato purée,11,0.0011013215859030838
6066,butter | self-raising flour | vanilla bean paste,3,butter,self-raising flour,vanilla bean paste,11,0.0011013215859030838
6067,butter | soft light brown sugar | vanilla extract,3,butter,soft light brown sugar,vanilla extract,11,0.0011013215859030838
6068,butter | thyme | tomato purée,3,butter,thyme,tomato purée,11,0.0011013215859030838
6069,butter | vanilla bean paste | white chocolate,3,butter,vanilla bean paste,white chocolate,11,0.0011013215859030838
6070,buttermilk | cocoa powder | vanilla extract,3,buttermilk,cocoa powder,vanilla extract,11,0.0011013215859030838
6071,buttermilk | eggs | golden caster sugar,3,buttermilk,eggs,golden caster sugar,11,0.0011013215859030838
6072,buttermilk | light brown soft sugar | plain flour,3,buttermilk,light brown soft sugar,plain flour,11,0.0011013215859030838
6073,butternut squash | garlic | red onion,3,butternut squash,garlic,red onion,11,0.0011013215859030838
6074,butternut squash | olive oil | plain flour,3,butternut squash,olive oil,plain flour,11,0.0011013215859030838
6075,capers | olive oil | red wine vinegar,3,capers,olive oil,red wine vinegar,11,0.0011013215859030838
6076,cardamom pods | cinnamon | onion,3,cardamom pods,cinnamon,onion,11,0.0011013215859030838
6077,cardamom pods | cloves | ginger,3,cardamom pods,cloves,ginger,11,0.0011013215859030838
6078,carrot | celery | parsley,3,carrot,celery,parsley,11,0.0011013215859030838
6079,carrot | celery | plain flour,3,carrot,celery,plain flour,11,0.0011013215859030838
6080,carrot | celery | red wine,3,carrot,celery,red wine,11,0.0011013215859030838
6081,carrot | cherry tomatoes | garlic,3,carrot,cherry tomatoes,garlic,11,0.0011013215859030838
6082,carrot | chicken stock | onion,3,carrot,chicken stock,onion,11,0.0011013215859030838
6083,carrot | garlic | leek,3,carrot,garlic,leek,11,0.0011013215859030838
6084,carrot | garlic | red onion,3,carrot,garlic,red onion,11,0.0011013215859030838
6085,carrot | ginger | onion,3,carrot,ginger,onion,11,0.0011013215859030838
6086,carrot | ginger | soy sauce,3,carrot,ginger,soy sauce,11,0.0011013215859030838
6087,carrot | ginger | spring onions,3,carrot,ginger,spring onions,11,0.0011013215859030838
6088,carrot | leek | onion,3,carrot,leek,onion,11,0.0011013215859030838
6089,carrot | milk | onion,3,carrot,milk,onion,11,0.0011013215859030838
6090,carrots | celery | chicken stock,3,carrots,celery,chicken stock,11,0.0011013215859030838
6091,carrots | celery | lemon,3,carrots,celery,lemon,11,0.0011013215859030838
6092,carrots | celery | smoked paprika,3,carrots,celery,smoked paprika,11,0.0011013215859030838
6093,carrots | chickpeas | ground coriander,3,carrots,chickpeas,ground coriander,11,0.0011013215859030838
6094,carrots | chopped tomatoes | onion,3,carrots,chopped tomatoes,onion,11,0.0011013215859030838
6095,carrots | coriander | onion,3,carrots,coriander,onion,11,0.0011013215859030838
6096,carrots | cumin seeds | lemon,3,carrots,cumin seeds,lemon,11,0.0011013215859030838
6097,carrots | curry powder | garlic,3,carrots,curry powder,garlic,11,0.0011013215859030838
6098,carrots | egg | onion,3,carrots,egg,onion,11,0.0011013215859030838
6099,carrots | garlic | lime,3,carrots,garlic,lime,11,0.0011013215859030838
6100,carrots | ground cumin | olive oil,3,carrots,ground cumin,olive oil,11,0.0011013215859030838
6101,carrots | olive oil | potatoes,3,carrots,olive oil,potatoes,11,0.0011013215859030838
6102,carrots | onions | smoked paprika,3,carrots,onions,smoked paprika,11,0.0011013215859030838
6103,carrots | onions | vegetable bouillon powder,3,carrots,onions,vegetable bouillon powder,11,0.0011013215859030838
6104,carrots | parmesan | tomato purée,3,carrots,parmesan,tomato purée,11,0.0011013215859030838
6105,carrots | parsley | tomato purée,3,carrots,parsley,tomato purée,11,0.0011013215859030838
6106,carrots | plain flour | worcestershire sauce,3,carrots,plain flour,worcestershire sauce,11,0.0011013215859030838
6107,carrots | sesame oil | spring onions,3,carrots,sesame oil,spring onions,11,0.0011013215859030838
6108,caster sugar | cornflour | dark chocolate,3,caster sugar,cornflour,dark chocolate,11,0.0011013215859030838
6109,caster sugar | cornflour | white wine vinegar,3,caster sugar,cornflour,white wine vinegar,11,0.0011013215859030838
6110,caster sugar | dark chocolate | self-raising flour,3,caster sugar,dark chocolate,self-raising flour,11,0.0011013215859030838
6111,caster sugar | double cream | full-fat soft cheese,3,caster sugar,double cream,full-fat soft cheese,11,0.0011013215859030838
6112,caster sugar | double cream | orange,3,caster sugar,double cream,orange,11,0.0011013215859030838
6113,caster sugar | double cream | vegetable oil,3,caster sugar,double cream,vegetable oil,11,0.0011013215859030838
6114,caster sugar | double cream | white wine vinegar,3,caster sugar,double cream,white wine vinegar,11,0.0011013215859030838
6115,caster sugar | egg whites | lemon,3,caster sugar,egg whites,lemon,11,0.0011013215859030838
6116,caster sugar | egg whites | plain flour,3,caster sugar,egg whites,plain flour,11,0.0011013215859030838
6117,caster sugar | egg whites | white wine vinegar,3,caster sugar,egg whites,white wine vinegar,11,0.0011013215859030838
6118,caster sugar | eggs | lemons,3,caster sugar,eggs,lemons,11,0.0011013215859030838
6119,caster sugar | eggs | strong white bread flour,3,caster sugar,eggs,strong white bread flour,11,0.0011013215859030838
6120,caster sugar | garlic | sunflower oil,3,caster sugar,garlic,sunflower oil,11,0.0011013215859030838
6121,caster sugar | granulated sugar | unsalted butter,3,caster sugar,granulated sugar,unsalted butter,11,0.0011013215859030838
6122,caster sugar | ground almonds | lemon,3,caster sugar,ground almonds,lemon,11,0.0011013215859030838
6123,caster sugar | icing sugar | white chocolate,3,caster sugar,icing sugar,white chocolate,11,0.0011013215859030838
6124,caster sugar | lemon | whole milk,3,caster sugar,lemon,whole milk,11,0.0011013215859030838
6125,caster sugar | milk | orange,3,caster sugar,milk,orange,11,0.0011013215859030838
6126,caster sugar | olive oil | parmesan,3,caster sugar,olive oil,parmesan,11,0.0011013215859030838
6127,caster sugar | olive oil | red wine vinegar,3,caster sugar,olive oil,red wine vinegar,11,0.0011013215859030838
6128,caster sugar | olive oil | tomatoes,3,caster sugar,olive oil,tomatoes,11,0.0011013215859030838
6129,caster sugar | pistachios | plain flour,3,caster sugar,pistachios,plain flour,11,0.0011013215859030838
6130,caster sugar | self-raising flour | white chocolate,3,caster sugar,self-raising flour,white chocolate,11,0.0011013215859030838
6131,caster sugar | spring onions | vegetable oil,3,caster sugar,spring onions,vegetable oil,11,0.0011013215859030838
6132,caster sugar | vanilla bean paste | whole milk,3,caster sugar,vanilla bean paste,whole milk,11,0.0011013215859030838
6133,cauliflower | olive oil | onion,3,cauliflower,olive oil,onion,11,0.0011013215859030838
6134,cavolo nero | garlic | olive oil,3,cavolo nero,garlic,olive oil,11,0.0011013215859030838
6135,cayenne pepper | eggs | plain flour,3,cayenne pepper,eggs,plain flour,11,0.0011013215859030838
6136,cayenne pepper | garlic | red chilli,3,cayenne pepper,garlic,red chilli,11,0.0011013215859030838
6137,cayenne pepper | olive oil | smoked paprika,3,cayenne pepper,olive oil,smoked paprika,11,0.0011013215859030838
6138,cayenne pepper | olive oil | tomatoes,3,cayenne pepper,olive oil,tomatoes,11,0.0011013215859030838
6139,celeriac | garlic | thyme,3,celeriac,garlic,thyme,11,0.0011013215859030838
6140,celery | chilli flakes | olive oil,3,celery,chilli flakes,olive oil,11,0.0011013215859030838
6141,celery | chopped tomatoes | red wine,3,celery,chopped tomatoes,red wine,11,0.0011013215859030838
6142,celery | chopped tomatoes | red wine vinegar,3,celery,chopped tomatoes,red wine vinegar,11,0.0011013215859030838
6143,celery | crusty bread | garlic,3,celery,crusty bread,garlic,11,0.0011013215859030838
6144,celery | egg | garlic,3,celery,egg,garlic,11,0.0011013215859030838
6145,celery | garlic | red pepper,3,celery,garlic,red pepper,11,0.0011013215859030838
6146,celery | garlic | thyme leaves,3,celery,garlic,thyme leaves,11,0.0011013215859030838
6147,celery | leek | onion,3,celery,leek,onion,11,0.0011013215859030838
6148,celery | onions | smoked paprika,3,celery,onions,smoked paprika,11,0.0011013215859030838
6149,celery | onions | vegetable oil,3,celery,onions,vegetable oil,11,0.0011013215859030838
6150,celery | parsley | rapeseed oil,3,celery,parsley,rapeseed oil,11,0.0011013215859030838
6151,celery | plain flour | red wine,3,celery,plain flour,red wine,11,0.0011013215859030838
6152,celery | red wine vinegar | tomato purée,3,celery,red wine vinegar,tomato purée,11,0.0011013215859030838
6153,cherry tomatoes | chilli flakes | olive oil,3,cherry tomatoes,chilli flakes,olive oil,11,0.0011013215859030838
6154,cherry tomatoes | courgettes | garlic,3,cherry tomatoes,courgettes,garlic,11,0.0011013215859030838
6155,cherry tomatoes | cucumber | garlic,3,cherry tomatoes,cucumber,garlic,11,0.0011013215859030838
6156,cherry tomatoes | eggs | olive oil,3,cherry tomatoes,eggs,olive oil,11,0.0011013215859030838
6157,cherry tomatoes | extra virgin olive oil | feta,3,cherry tomatoes,extra virgin olive oil,feta,11,0.0011013215859030838
6158,cherry tomatoes | garlic | ground coriander,3,cherry tomatoes,garlic,ground coriander,11,0.0011013215859030838
6159,cherry tomatoes | garlic | ground cumin,3,cherry tomatoes,garlic,ground cumin,11,0.0011013215859030838
6160,cherry tomatoes | garlic | rocket,3,cherry tomatoes,garlic,rocket,11,0.0011013215859030838
6161,cherry tomatoes | ground cumin | olive oil,3,cherry tomatoes,ground cumin,olive oil,11,0.0011013215859030838
6162,cherry tomatoes | olive oil | thyme,3,cherry tomatoes,olive oil,thyme,11,0.0011013215859030838
6163,chestnut mushrooms | garlic | vegetable stock,3,chestnut mushrooms,garlic,vegetable stock,11,0.0011013215859030838
6164,chestnut mushrooms | olive oil | plain flour,3,chestnut mushrooms,olive oil,plain flour,11,0.0011013215859030838
6165,chestnuts | garlic | onion,3,chestnuts,garlic,onion,11,0.0011013215859030838
6166,chicken stock | ginger | spring onions,3,chicken stock,ginger,spring onions,11,0.0011013215859030838
6167,chicken stock | ground cumin | onion,3,chicken stock,ground cumin,onion,11,0.0011013215859030838
6168,chicken stock | lemon | thyme,3,chicken stock,lemon,thyme,11,0.0011013215859030838
6169,chicken stock | olive oil | saffron,3,chicken stock,olive oil,saffron,11,0.0011013215859030838
6170,chicken stock | onion | thyme,3,chicken stock,onion,thyme,11,0.0011013215859030838
6171,chickpeas | coconut milk | garlic,3,chickpeas,coconut milk,garlic,11,0.0011013215859030838
6172,chickpeas | coriander | olive oil,3,chickpeas,coriander,olive oil,11,0.0011013215859030838
6173,chickpeas | coriander | rapeseed oil,3,chickpeas,coriander,rapeseed oil,11,0.0011013215859030838
6174,chickpeas | cucumber | lemon,3,chickpeas,cucumber,lemon,11,0.0011013215859030838
6175,chickpeas | garam masala | ginger,3,chickpeas,garam masala,ginger,11,0.0011013215859030838
6176,chickpeas | ginger | ground turmeric,3,chickpeas,ginger,ground turmeric,11,0.0011013215859030838
6177,chickpeas | ginger | tomato purée,3,chickpeas,ginger,tomato purée,11,0.0011013215859030838
6178,chickpeas | ginger | turmeric,3,chickpeas,ginger,turmeric,11,0.0011013215859030838
6179,chickpeas | ground coriander | onions,3,chickpeas,ground coriander,onions,11,0.0011013215859030838
6180,chilli flakes | coriander seeds | olive oil,3,chilli flakes,coriander seeds,olive oil,11,0.0011013215859030838
6181,chilli flakes | coriander | ginger,3,chilli flakes,coriander,ginger,11,0.0011013215859030838
6182,chilli flakes | cumin seeds | olive oil,3,chilli flakes,cumin seeds,olive oil,11,0.0011013215859030838
6183,chilli flakes | feta | olive oil,3,chilli flakes,feta,olive oil,11,0.0011013215859030838
6184,chilli flakes | garlic | plain flour,3,chilli flakes,garlic,plain flour,11,0.0011013215859030838
6185,chilli flakes | garlic | sesame oil,3,chilli flakes,garlic,sesame oil,11,0.0011013215859030838
6186,chilli flakes | garlic | spinach,3,chilli flakes,garlic,spinach,11,0.0011013215859030838
6187,chilli flakes | garlic | white wine,3,chilli flakes,garlic,white wine,11,0.0011013215859030838
6188,chilli flakes | ginger | soy sauce,3,chilli flakes,ginger,soy sauce,11,0.0011013215859030838
6189,chilli flakes | lemon | parmesan,3,chilli flakes,lemon,parmesan,11,0.0011013215859030838
6190,chilli flakes | milk | olive oil,3,chilli flakes,milk,olive oil,11,0.0011013215859030838
6191,chilli flakes | olive oil | onions,3,chilli flakes,olive oil,onions,11,0.0011013215859030838
6192,chilli flakes | olive oil | tomatoes,3,chilli flakes,olive oil,tomatoes,11,0.0011013215859030838
6193,chilli powder | coriander | ground coriander,3,chilli powder,coriander,ground coriander,11,0.0011013215859030838
6194,chilli powder | cumin seeds | ginger,3,chilli powder,cumin seeds,ginger,11,0.0011013215859030838
6195,chilli powder | dried oregano | ground cumin,3,chilli powder,dried oregano,ground cumin,11,0.0011013215859030838
6196,chinese five-spice powder | garlic | sesame oil,3,chinese five-spice powder,garlic,sesame oil,11,0.0011013215859030838
6197,chinese five-spice powder | red chilli | spring onions,3,chinese five-spice powder,red chilli,spring onions,11,0.0011013215859030838
6198,chinese five-spice powder | soy sauce | spring onions,3,chinese five-spice powder,soy sauce,spring onions,11,0.0011013215859030838
6199,chipotle paste | coriander | olive oil,3,chipotle paste,coriander,olive oil,11,0.0011013215859030838
6200,chipotle paste | garlic | ground coriander,3,chipotle paste,garlic,ground coriander,11,0.0011013215859030838
6201,chipotle paste | olive oil | red onion,3,chipotle paste,olive oil,red onion,11,0.0011013215859030838
6202,chives | lemon | parsley,3,chives,lemon,parsley,11,0.0011013215859030838
6203,chives | olive oil | onion,3,chives,olive oil,onion,11,0.0011013215859030838
6204,chopped tomatoes | coconut milk | garlic,3,chopped tomatoes,coconut milk,garlic,11,0.0011013215859030838
6205,chopped tomatoes | coriander | onions,3,chopped tomatoes,coriander,onions,11,0.0011013215859030838
6206,chopped tomatoes | coriander | red chilli,3,chopped tomatoes,coriander,red chilli,11,0.0011013215859030838
6207,chopped tomatoes | coriander | red onion,3,chopped tomatoes,coriander,red onion,11,0.0011013215859030838
6208,chopped tomatoes | courgettes | garlic,3,chopped tomatoes,courgettes,garlic,11,0.0011013215859030838
6209,chopped tomatoes | cumin seeds | rapeseed oil,3,chopped tomatoes,cumin seeds,rapeseed oil,11,0.0011013215859030838
6210,chopped tomatoes | dried oregano | red wine vinegar,3,chopped tomatoes,dried oregano,red wine vinegar,11,0.0011013215859030838
6211,chopped tomatoes | garam masala | ground cumin,3,chopped tomatoes,garam masala,ground cumin,11,0.0011013215859030838
6212,chopped tomatoes | garlic | ground turmeric,3,chopped tomatoes,garlic,ground turmeric,11,0.0011013215859030838
6213,chopped tomatoes | garlic | red onions,3,chopped tomatoes,garlic,red onions,11,0.0011013215859030838
6214,chopped tomatoes | garlic | thyme,3,chopped tomatoes,garlic,thyme,11,0.0011013215859030838
6215,chopped tomatoes | ground coriander | onions,3,chopped tomatoes,ground coriander,onions,11,0.0011013215859030838
6216,chopped tomatoes | ground cumin | onions,3,chopped tomatoes,ground cumin,onions,11,0.0011013215859030838
6217,chopped tomatoes | ground cumin | red chilli,3,chopped tomatoes,ground cumin,red chilli,11,0.0011013215859030838
6218,chopped tomatoes | ground cumin | red onion,3,chopped tomatoes,ground cumin,red onion,11,0.0011013215859030838
6219,chopped tomatoes | ground cumin | smoked paprika,3,chopped tomatoes,ground cumin,smoked paprika,11,0.0011013215859030838
6220,chopped tomatoes | lemon | onion,3,chopped tomatoes,lemon,onion,11,0.0011013215859030838
6221,chopped tomatoes | olive oil | spaghetti,3,chopped tomatoes,olive oil,spaghetti,11,0.0011013215859030838
6222,chopped tomatoes | olive oil | vegetable stock,3,chopped tomatoes,olive oil,vegetable stock,11,0.0011013215859030838
6223,chopped tomatoes | onion | rosemary,3,chopped tomatoes,onion,rosemary,11,0.0011013215859030838
6224,chopped tomatoes | onions | smoked paprika,3,chopped tomatoes,onions,smoked paprika,11,0.0011013215859030838
6225,chopped tomatoes | parmesan | sugar,3,chopped tomatoes,parmesan,sugar,11,0.0011013215859030838
6226,chopped tomatoes | parsley | tomato purée,3,chopped tomatoes,parsley,tomato purée,11,0.0011013215859030838
6227,chopped tomatoes | plain flour | tomato purée,3,chopped tomatoes,plain flour,tomato purée,11,0.0011013215859030838
6228,chopped tomatoes | sugar | tomato purée,3,chopped tomatoes,sugar,tomato purée,11,0.0011013215859030838
6229,cider vinegar | garlic | rapeseed oil,3,cider vinegar,garlic,rapeseed oil,11,0.0011013215859030838
6230,cider vinegar | olive oil | red onion,3,cider vinegar,olive oil,red onion,11,0.0011013215859030838
6231,cinnamon | cloves | onion,3,cinnamon,cloves,onion,11,0.0011013215859030838
6232,cinnamon | cumin seeds | ground coriander,3,cinnamon,cumin seeds,ground coriander,11,0.0011013215859030838
6233,cinnamon | double cream | golden caster sugar,3,cinnamon,double cream,golden caster sugar,11,0.0011013215859030838
6234,cinnamon | dried oregano | garlic,3,cinnamon,dried oregano,garlic,11,0.0011013215859030838
6235,cinnamon | egg | icing sugar,3,cinnamon,egg,icing sugar,11,0.0011013215859030838
6236,cinnamon | eggs | orange,3,cinnamon,eggs,orange,11,0.0011013215859030838
6237,cinnamon | eggs | vanilla extract,3,cinnamon,eggs,vanilla extract,11,0.0011013215859030838
6238,cinnamon | garlic | smoked paprika,3,cinnamon,garlic,smoked paprika,11,0.0011013215859030838
6239,cinnamon | ginger | rapeseed oil,3,cinnamon,ginger,rapeseed oil,11,0.0011013215859030838
6240,cinnamon | ginger | turmeric,3,cinnamon,ginger,turmeric,11,0.0011013215859030838
6241,cinnamon | golden caster sugar | orange,3,cinnamon,golden caster sugar,orange,11,0.0011013215859030838
6242,cinnamon | milk | plain flour,3,cinnamon,milk,plain flour,11,0.0011013215859030838
6243,cinnamon | plain flour | unsalted butter,3,cinnamon,plain flour,unsalted butter,11,0.0011013215859030838
6244,cocoa powder | double cream | mascarpone,3,cocoa powder,double cream,mascarpone,11,0.0011013215859030838
6245,cocoa powder | eggs | light muscovado sugar,3,cocoa powder,eggs,light muscovado sugar,11,0.0011013215859030838
6246,cocoa powder | golden syrup | plain flour,3,cocoa powder,golden syrup,plain flour,11,0.0011013215859030838
6247,cocoa powder | light brown soft sugar | self-raising flour,3,cocoa powder,light brown soft sugar,self-raising flour,11,0.0011013215859030838
6248,cocoa powder | plain flour | white chocolate,3,cocoa powder,plain flour,white chocolate,11,0.0011013215859030838
6249,cocoa | eggs | plain flour,3,cocoa,eggs,plain flour,11,0.0011013215859030838
6250,coconut milk | coriander | ground coriander,3,coconut milk,coriander,ground coriander,11,0.0011013215859030838
6251,coconut milk | curry powder | garlic,3,coconut milk,curry powder,garlic,11,0.0011013215859030838
6252,coconut milk | fish sauce | vegetable oil,3,coconut milk,fish sauce,vegetable oil,11,0.0011013215859030838
6253,coconut milk | ginger | rice,3,coconut milk,ginger,rice,11,0.0011013215859030838
6254,cold butter | double cream | eggs,3,cold butter,double cream,eggs,11,0.0011013215859030838
6255,cold butter | milk | plain flour,3,cold butter,milk,plain flour,11,0.0011013215859030838
6256,cold unsalted butter | plain flour | unsalted butter,3,cold unsalted butter,plain flour,unsalted butter,11,0.0011013215859030838
6257,cooking chorizo | garlic | olive oil,3,cooking chorizo,garlic,olive oil,11,0.0011013215859030838
6258,coriander leaves | cucumber | garlic,3,coriander leaves,cucumber,garlic,11,0.0011013215859030838
6259,coriander leaves | garlic | sesame oil,3,coriander leaves,garlic,sesame oil,11,0.0011013215859030838
6260,coriander leaves | garlic | tomatoes,3,coriander leaves,garlic,tomatoes,11,0.0011013215859030838
6261,coriander leaves | ginger | onions,3,coriander leaves,ginger,onions,11,0.0011013215859030838
6262,coriander leaves | ginger | spring onions,3,coriander leaves,ginger,spring onions,11,0.0011013215859030838
6263,coriander leaves | lime | olive oil,3,coriander leaves,lime,olive oil,11,0.0011013215859030838
6264,coriander leaves | olive oil | red onion,3,coriander leaves,olive oil,red onion,11,0.0011013215859030838
6265,coriander seeds | cumin seeds | ground turmeric,3,coriander seeds,cumin seeds,ground turmeric,11,0.0011013215859030838
6266,coriander seeds | garlic | lime,3,coriander seeds,garlic,lime,11,0.0011013215859030838
6267,coriander seeds | ginger | vegetable oil,3,coriander seeds,ginger,vegetable oil,11,0.0011013215859030838
6268,coriander | coriander seeds | ginger,3,coriander,coriander seeds,ginger,11,0.0011013215859030838
6269,coriander | cucumber | ground cumin,3,coriander,cucumber,ground cumin,11,0.0011013215859030838
6270,coriander | cumin seeds | vegetable oil,3,coriander,cumin seeds,vegetable oil,11,0.0011013215859030838
6271,coriander | eggs | ground coriander,3,coriander,eggs,ground coriander,11,0.0011013215859030838
6272,coriander | eggs | red onion,3,coriander,eggs,red onion,11,0.0011013215859030838
6273,coriander | eggs | tomatoes,3,coriander,eggs,tomatoes,11,0.0011013215859030838
6274,coriander | extra virgin olive oil | red chilli,3,coriander,extra virgin olive oil,red chilli,11,0.0011013215859030838
6275,coriander | garam masala | green chilli,3,coriander,garam masala,green chilli,11,0.0011013215859030838
6276,coriander | garam masala | vegetable oil,3,coriander,garam masala,vegetable oil,11,0.0011013215859030838
6277,coriander | garlic | lime juice,3,coriander,garlic,lime juice,11,0.0011013215859030838
6278,coriander | garlic | lime wedges,3,coriander,garlic,lime wedges,11,0.0011013215859030838
6279,coriander | garlic | mild chilli powder,3,coriander,garlic,mild chilli powder,11,0.0011013215859030838
6280,coriander | garlic | paprika,3,coriander,garlic,paprika,11,0.0011013215859030838
6281,coriander | garlic | red peppers,3,coriander,garlic,red peppers,11,0.0011013215859030838
6282,coriander | garlic | spinach,3,coriander,garlic,spinach,11,0.0011013215859030838
6283,coriander | ginger | honey,3,coriander,ginger,honey,11,0.0011013215859030838
6284,coriander | ginger | mango chutney,3,coriander,ginger,mango chutney,11,0.0011013215859030838
6285,coriander | ginger | oil,3,coriander,ginger,oil,11,0.0011013215859030838
6286,coriander | ginger | red chillies,3,coriander,ginger,red chillies,11,0.0011013215859030838
6287,coriander | ginger | sugar,3,coriander,ginger,sugar,11,0.0011013215859030838
6288,coriander | ginger | vegetable bouillon powder,3,coriander,ginger,vegetable bouillon powder,11,0.0011013215859030838
6289,coriander | green chillies | red onion,3,coriander,green chillies,red onion,11,0.0011013215859030838
6290,coriander | ground coriander | sunflower oil,3,coriander,ground coriander,sunflower oil,11,0.0011013215859030838
6291,coriander | ground cumin | pomegranate seeds,3,coriander,ground cumin,pomegranate seeds,11,0.0011013215859030838
6292,coriander | ground cumin | soured cream,3,coriander,ground cumin,soured cream,11,0.0011013215859030838
6293,coriander | honey | spring onions,3,coriander,honey,spring onions,11,0.0011013215859030838
6294,coriander | lime | soured cream,3,coriander,lime,soured cream,11,0.0011013215859030838
6295,coriander | limes | olive oil,3,coriander,limes,olive oil,11,0.0011013215859030838
6296,coriander | mint | olive oil,3,coriander,mint,olive oil,11,0.0011013215859030838
6297,coriander | natural yogurt | red onion,3,coriander,natural yogurt,red onion,11,0.0011013215859030838
6298,coriander | oil | onion,3,coriander,oil,onion,11,0.0011013215859030838
6299,coriander | onions | red chilli,3,coriander,onions,red chilli,11,0.0011013215859030838
6300,coriander | onions | turmeric,3,coriander,onions,turmeric,11,0.0011013215859030838
6301,coriander | onions | vegetable oil,3,coriander,onions,vegetable oil,11,0.0011013215859030838
6302,coriander | rapeseed oil | vegetable stock,3,coriander,rapeseed oil,vegetable stock,11,0.0011013215859030838
6303,coriander | turmeric | vegetable oil,3,coriander,turmeric,vegetable oil,11,0.0011013215859030838
6304,cornflour | dark soy sauce | light soy sauce,3,cornflour,dark soy sauce,light soy sauce,11,0.0011013215859030838
6305,cornflour | double cream | unsalted butter,3,cornflour,double cream,unsalted butter,11,0.0011013215859030838
6306,cornflour | eggs | lemon,3,cornflour,eggs,lemon,11,0.0011013215859030838
6307,cornflour | garlic | lemon,3,cornflour,garlic,lemon,11,0.0011013215859030838
6308,cornflour | garlic | olive oil,3,cornflour,garlic,olive oil,11,0.0011013215859030838
6309,cornflour | ginger | plain flour,3,cornflour,ginger,plain flour,11,0.0011013215859030838
6310,cornflour | ginger | rice vinegar,3,cornflour,ginger,rice vinegar,11,0.0011013215859030838
6311,cornflour | icing sugar | light brown soft sugar,3,cornflour,icing sugar,light brown soft sugar,11,0.0011013215859030838
6312,cornflour | icing sugar | unsalted butter,3,cornflour,icing sugar,unsalted butter,11,0.0011013215859030838
6313,cornflour | rice vinegar | spring onions,3,cornflour,rice vinegar,spring onions,11,0.0011013215859030838
6314,courgettes | extra virgin olive oil | olive oil,3,courgettes,extra virgin olive oil,olive oil,11,0.0011013215859030838
6315,courgettes | garlic | tomato purée,3,courgettes,garlic,tomato purée,11,0.0011013215859030838
6316,courgettes | garlic | tomatoes,3,courgettes,garlic,tomatoes,11,0.0011013215859030838
6317,cream cheese | eggs | plain flour,3,cream cheese,eggs,plain flour,11,0.0011013215859030838
6318,crème fraîche | double cream | plain flour,3,crème fraîche,double cream,plain flour,11,0.0011013215859030838
6319,crème fraîche | golden caster sugar | plain flour,3,crème fraîche,golden caster sugar,plain flour,11,0.0011013215859030838
6320,cucumber | cumin seeds | garlic,3,cucumber,cumin seeds,garlic,11,0.0011013215859030838
6321,cucumber | extra virgin olive oil | feta,3,cucumber,extra virgin olive oil,feta,11,0.0011013215859030838
6322,cucumber | extra virgin olive oil | parsley,3,cucumber,extra virgin olive oil,parsley,11,0.0011013215859030838
6323,cucumber | feta | olive oil,3,cucumber,feta,olive oil,11,0.0011013215859030838
6324,cucumber | garlic | onion,3,cucumber,garlic,onion,11,0.0011013215859030838
6325,cucumber | ground coriander | ground cumin,3,cucumber,ground coriander,ground cumin,11,0.0011013215859030838
6326,cucumber | ground cumin | red onion,3,cucumber,ground cumin,red onion,11,0.0011013215859030838
6327,cucumber | lemon | mint,3,cucumber,lemon,mint,11,0.0011013215859030838
6328,cucumber | lemon | mint leaves,3,cucumber,lemon,mint leaves,11,0.0011013215859030838
6329,cucumber | mint | tomatoes,3,cucumber,mint,tomatoes,11,0.0011013215859030838
6330,cucumber | olive oil | red chilli,3,cucumber,olive oil,red chilli,11,0.0011013215859030838
6331,cucumber | olive oil | spring onions,3,cucumber,olive oil,spring onions,11,0.0011013215859030838
6332,cucumber | parsley | tomatoes,3,cucumber,parsley,tomatoes,11,0.0011013215859030838
6333,cucumber | rapeseed oil | spring onions,3,cucumber,rapeseed oil,spring onions,11,0.0011013215859030838
6334,cucumber | soy sauce | spring onions,3,cucumber,soy sauce,spring onions,11,0.0011013215859030838
6335,cucumber | spring onions | vegetable oil,3,cucumber,spring onions,vegetable oil,11,0.0011013215859030838
6336,cumin seeds | eggs | olive oil,3,cumin seeds,eggs,olive oil,11,0.0011013215859030838
6337,cumin seeds | feta | olive oil,3,cumin seeds,feta,olive oil,11,0.0011013215859030838
6338,cumin seeds | garam masala | onion,3,cumin seeds,garam masala,onion,11,0.0011013215859030838
6339,cumin seeds | garlic | ground cinnamon,3,cumin seeds,garlic,ground cinnamon,11,0.0011013215859030838
6340,cumin seeds | garlic | parsley,3,cumin seeds,garlic,parsley,11,0.0011013215859030838
6341,cumin seeds | garlic | spinach,3,cumin seeds,garlic,spinach,11,0.0011013215859030838
6342,cumin seeds | ground coriander | tomatoes,3,cumin seeds,ground coriander,tomatoes,11,0.0011013215859030838
6343,cumin seeds | lemon | mint,3,cumin seeds,lemon,mint,11,0.0011013215859030838
6344,cumin seeds | lemon | tahini,3,cumin seeds,lemon,tahini,11,0.0011013215859030838
6345,cumin seeds | mint leaves | olive oil,3,cumin seeds,mint leaves,olive oil,11,0.0011013215859030838
6346,cumin seeds | onions | sunflower oil,3,cumin seeds,onions,sunflower oil,11,0.0011013215859030838
6347,cumin seeds | rapeseed oil | turmeric,3,cumin seeds,rapeseed oil,turmeric,11,0.0011013215859030838
6348,cumin seeds | turmeric | vegetable oil,3,cumin seeds,turmeric,vegetable oil,11,0.0011013215859030838
6349,curry leaves | garlic | turmeric,3,curry leaves,garlic,turmeric,11,0.0011013215859030838
6350,curry powder | garlic | ground turmeric,3,curry powder,garlic,ground turmeric,11,0.0011013215859030838
6351,curry powder | garlic | lime,3,curry powder,garlic,lime,11,0.0011013215859030838
6352,curry powder | ginger | rapeseed oil,3,curry powder,ginger,rapeseed oil,11,0.0011013215859030838
6353,curry powder | ginger | red chilli,3,curry powder,ginger,red chilli,11,0.0011013215859030838
6354,curry powder | ginger | spring onions,3,curry powder,ginger,spring onions,11,0.0011013215859030838
6355,dark chocolate | eggs | whole milk,3,dark chocolate,eggs,whole milk,11,0.0011013215859030838
6356,dark chocolate | golden caster sugar | salted butter,3,dark chocolate,golden caster sugar,salted butter,11,0.0011013215859030838
6357,dark chocolate | golden caster sugar | white chocolate,3,dark chocolate,golden caster sugar,white chocolate,11,0.0011013215859030838
6358,dark chocolate | golden syrup | milk chocolate,3,dark chocolate,golden syrup,milk chocolate,11,0.0011013215859030838
6359,dark chocolate | golden syrup | salted butter,3,dark chocolate,golden syrup,salted butter,11,0.0011013215859030838
6360,dark chocolate | light brown soft sugar | milk,3,dark chocolate,light brown soft sugar,milk,11,0.0011013215859030838
6361,dark chocolate | vanilla extract | white chocolate,3,dark chocolate,vanilla extract,white chocolate,11,0.0011013215859030838
6362,dark chocolate | vanilla extract | whole milk,3,dark chocolate,vanilla extract,whole milk,11,0.0011013215859030838
6363,dark soy sauce | garlic | vegetable oil,3,dark soy sauce,garlic,vegetable oil,11,0.0011013215859030838
6364,desiccated coconut | icing sugar | self-raising flour,3,desiccated coconut,icing sugar,self-raising flour,11,0.0011013215859030838
6365,digestive biscuits | double cream | full-fat soft cheese,3,digestive biscuits,double cream,full-fat soft cheese,11,0.0011013215859030838
6366,dijon mustard | extra virgin olive oil | olive oil,3,dijon mustard,extra virgin olive oil,olive oil,11,0.0011013215859030838
6367,dijon mustard | garlic | red wine vinegar,3,dijon mustard,garlic,red wine vinegar,11,0.0011013215859030838
6368,dijon mustard | garlic | white wine vinegar,3,dijon mustard,garlic,white wine vinegar,11,0.0011013215859030838
6369,dijon mustard | lemon | parsley,3,dijon mustard,lemon,parsley,11,0.0011013215859030838
6370,dijon mustard | plain flour | whole milk,3,dijon mustard,plain flour,whole milk,11,0.0011013215859030838
6371,dill | extra virgin olive oil | parsley,3,dill,extra virgin olive oil,parsley,11,0.0011013215859030838
6372,dill | feta | garlic,3,dill,feta,garlic,11,0.0011013215859030838
6373,dill | lemon | radishes,3,dill,lemon,radishes,11,0.0011013215859030838
6374,dill | mint | olive oil,3,dill,mint,olive oil,11,0.0011013215859030838
6375,double cream | egg whites | white wine vinegar,3,double cream,egg whites,white wine vinegar,11,0.0011013215859030838
6376,double cream | eggs | pistachios,3,double cream,eggs,pistachios,11,0.0011013215859030838
6377,double cream | full-fat milk | golden caster sugar,3,double cream,full-fat milk,golden caster sugar,11,0.0011013215859030838
6378,double cream | garlic | milk,3,double cream,garlic,milk,11,0.0011013215859030838
6379,double cream | garlic | nutmeg,3,double cream,garlic,nutmeg,11,0.0011013215859030838
6380,double cream | ginger | ground coriander,3,double cream,ginger,ground coriander,11,0.0011013215859030838
6381,double cream | golden caster sugar | raspberries,3,double cream,golden caster sugar,raspberries,11,0.0011013215859030838
6382,double cream | golden syrup | plain flour,3,double cream,golden syrup,plain flour,11,0.0011013215859030838
6383,double cream | ground almonds | plain flour,3,double cream,ground almonds,plain flour,11,0.0011013215859030838
6384,double cream | ground coriander | ground cumin,3,double cream,ground coriander,ground cumin,11,0.0011013215859030838
6385,double cream | light brown soft sugar | self-raising flour,3,double cream,light brown soft sugar,self-raising flour,11,0.0011013215859030838
6386,double cream | plain flour | thyme,3,double cream,plain flour,thyme,11,0.0011013215859030838
6387,double cream | salted butter | self-raising flour,3,double cream,salted butter,self-raising flour,11,0.0011013215859030838
6388,double cream | strawberries | vanilla extract,3,double cream,strawberries,vanilla extract,11,0.0011013215859030838
6389,double cream | unsalted butter | vanilla bean paste,3,double cream,unsalted butter,vanilla bean paste,11,0.0011013215859030838
6390,double cream | vanilla bean paste | white chocolate,3,double cream,vanilla bean paste,white chocolate,11,0.0011013215859030838
6391,dried mixed herbs | garlic | olive oil,3,dried mixed herbs,garlic,olive oil,11,0.0011013215859030838
6392,dried oregano | egg | olive oil,3,dried oregano,egg,olive oil,11,0.0011013215859030838
6393,dried oregano | ground cinnamon | ground cumin,3,dried oregano,ground cinnamon,ground cumin,11,0.0011013215859030838
6394,dried oregano | ground cumin | red onion,3,dried oregano,ground cumin,red onion,11,0.0011013215859030838
6395,dried oregano | lemon | red onion,3,dried oregano,lemon,red onion,11,0.0011013215859030838
6396,dried oregano | olive oil | passata,3,dried oregano,olive oil,passata,11,0.0011013215859030838
6397,dried oregano | olive oil | red pepper,3,dried oregano,olive oil,red pepper,11,0.0011013215859030838
6398,dried oregano | parmesan | plain flour,3,dried oregano,parmesan,plain flour,11,0.0011013215859030838
6399,egg white | icing sugar | plain flour,3,egg white,icing sugar,plain flour,11,0.0011013215859030838
6400,egg yolks | eggs | golden caster sugar,3,egg yolks,eggs,golden caster sugar,11,0.0011013215859030838
6401,egg | eggs | vanilla extract,3,egg,eggs,vanilla extract,11,0.0011013215859030838
6402,egg | fast-action dried yeast | ground cinnamon,3,egg,fast-action dried yeast,ground cinnamon,11,0.0011013215859030838
6403,egg | fast-action dried yeast | icing sugar,3,egg,fast-action dried yeast,icing sugar,11,0.0011013215859030838
6404,egg | feta | garlic,3,egg,feta,garlic,11,0.0011013215859030838
6405,egg | garlic | ground coriander,3,egg,garlic,ground coriander,11,0.0011013215859030838
6406,egg | garlic | pine nuts,3,egg,garlic,pine nuts,11,0.0011013215859030838
6407,egg | garlic | sesame oil,3,egg,garlic,sesame oil,11,0.0011013215859030838
6408,egg | golden syrup | ground cinnamon,3,egg,golden syrup,ground cinnamon,11,0.0011013215859030838
6409,egg | ground coriander | ground cumin,3,egg,ground coriander,ground cumin,11,0.0011013215859030838
6410,egg | mixed spice | plain flour,3,egg,mixed spice,plain flour,11,0.0011013215859030838
6411,egg | olive oil | onions,3,egg,olive oil,onions,11,0.0011013215859030838
6412,egg | olive oil | puff pastry,3,egg,olive oil,puff pastry,11,0.0011013215859030838
6413,egg | olive oil | unsalted butter,3,egg,olive oil,unsalted butter,11,0.0011013215859030838
6414,egg | plain flour | vanilla bean paste,3,egg,plain flour,vanilla bean paste,11,0.0011013215859030838
6415,egg | sesame oil | spring onions,3,egg,sesame oil,spring onions,11,0.0011013215859030838
6416,eggs | extra virgin olive oil | lemon,3,eggs,extra virgin olive oil,lemon,11,0.0011013215859030838
6417,eggs | fast-action dried yeast | whole milk,3,eggs,fast-action dried yeast,whole milk,11,0.0011013215859030838
6418,eggs | fine sea salt | unsalted butter,3,eggs,fine sea salt,unsalted butter,11,0.0011013215859030838
6419,eggs | full-fat cream cheese | plain flour,3,eggs,full-fat cream cheese,plain flour,11,0.0011013215859030838
6420,eggs | full-fat soft cheese | icing sugar,3,eggs,full-fat soft cheese,icing sugar,11,0.0011013215859030838
6421,eggs | full-fat soft cheese | plain flour,3,eggs,full-fat soft cheese,plain flour,11,0.0011013215859030838
6422,eggs | full-fat soft cheese | vanilla extract,3,eggs,full-fat soft cheese,vanilla extract,11,0.0011013215859030838
6423,eggs | garlic | panko breadcrumbs,3,eggs,garlic,panko breadcrumbs,11,0.0011013215859030838
6424,eggs | garlic | sesame seeds,3,eggs,garlic,sesame seeds,11,0.0011013215859030838
6425,eggs | garlic | turmeric,3,eggs,garlic,turmeric,11,0.0011013215859030838
6426,eggs | garlic | white wine vinegar,3,eggs,garlic,white wine vinegar,11,0.0011013215859030838
6427,eggs | glacé cherries | mixed spice,3,eggs,glacé cherries,mixed spice,11,0.0011013215859030838
6428,eggs | golden caster sugar | golden syrup,3,eggs,golden caster sugar,golden syrup,11,0.0011013215859030838
6429,eggs | golden syrup | ground cinnamon,3,eggs,golden syrup,ground cinnamon,11,0.0011013215859030838
6430,eggs | golden syrup | ground ginger,3,eggs,golden syrup,ground ginger,11,0.0011013215859030838
6431,eggs | granulated sugar | self-raising flour,3,eggs,granulated sugar,self-raising flour,11,0.0011013215859030838
6432,eggs | ground coriander | rapeseed oil,3,eggs,ground coriander,rapeseed oil,11,0.0011013215859030838
6433,eggs | gruyère | plain flour,3,eggs,gruyère,plain flour,11,0.0011013215859030838
6434,eggs | icing sugar | marzipan,3,eggs,icing sugar,marzipan,11,0.0011013215859030838
6435,eggs | icing sugar | soft cheese,3,eggs,icing sugar,soft cheese,11,0.0011013215859030838
6436,eggs | icing sugar | sunflower oil,3,eggs,icing sugar,sunflower oil,11,0.0011013215859030838
6437,eggs | icing sugar | vanilla paste,3,eggs,icing sugar,vanilla paste,11,0.0011013215859030838
6438,eggs | lemon juice | plain flour,3,eggs,lemon juice,plain flour,11,0.0011013215859030838
6439,eggs | lemon | nutmeg,3,eggs,lemon,nutmeg,11,0.0011013215859030838
6440,eggs | lemon | vanilla bean paste,3,eggs,lemon,vanilla bean paste,11,0.0011013215859030838
6441,eggs | lemon | whole milk,3,eggs,lemon,whole milk,11,0.0011013215859030838
6442,eggs | lime | spring onions,3,eggs,lime,spring onions,11,0.0011013215859030838
6443,eggs | mascarpone | vanilla extract,3,eggs,mascarpone,vanilla extract,11,0.0011013215859030838
6444,eggs | milk chocolate | plain flour,3,eggs,milk chocolate,plain flour,11,0.0011013215859030838
6445,eggs | milk | raspberries,3,eggs,milk,raspberries,11,0.0011013215859030838
6446,eggs | mixed peel | sultanas,3,eggs,mixed peel,sultanas,11,0.0011013215859030838
6447,eggs | mixed spice | sultanas,3,eggs,mixed spice,sultanas,11,0.0011013215859030838
6448,eggs | olive oil | red chilli,3,eggs,olive oil,red chilli,11,0.0011013215859030838
6449,eggs | olive oil | thyme,3,eggs,olive oil,thyme,11,0.0011013215859030838
6450,eggs | olive oil | unsalted butter,3,eggs,olive oil,unsalted butter,11,0.0011013215859030838
6451,eggs | plain flour | smoked paprika,3,eggs,plain flour,smoked paprika,11,0.0011013215859030838
6452,eggs | plain flour | soft cheese,3,eggs,plain flour,soft cheese,11,0.0011013215859030838
6453,eggs | plain flour | soft light brown sugar,3,eggs,plain flour,soft light brown sugar,11,0.0011013215859030838
6454,eggs | plain flour | tomato purée,3,eggs,plain flour,tomato purée,11,0.0011013215859030838
6455,eggs | raisins | self-raising flour,3,eggs,raisins,self-raising flour,11,0.0011013215859030838
6456,eggs | self-raising flour | soured cream,3,eggs,self-raising flour,soured cream,11,0.0011013215859030838
6457,eggs | soft cheese | vanilla extract,3,eggs,soft cheese,vanilla extract,11,0.0011013215859030838
6458,eggs | strong white bread flour | whole milk,3,eggs,strong white bread flour,whole milk,11,0.0011013215859030838
6459,eggs | vanilla bean paste | white chocolate,3,eggs,vanilla bean paste,white chocolate,11,0.0011013215859030838
6460,eggs | vanilla bean paste | whole milk,3,eggs,vanilla bean paste,whole milk,11,0.0011013215859030838
6461,eggs | vegetable oil | white chocolate,3,eggs,vegetable oil,white chocolate,11,0.0011013215859030838
6462,english mustard | garlic | olive oil,3,english mustard,garlic,olive oil,11,0.0011013215859030838
6463,english mustard | garlic | onion,3,english mustard,garlic,onion,11,0.0011013215859030838
6464,extra virgin olive oil | flat-leaf parsley | olive oil,3,extra virgin olive oil,flat-leaf parsley,olive oil,11,0.0011013215859030838
6465,extra virgin olive oil | greek yogurt | lemon,3,extra virgin olive oil,greek yogurt,lemon,11,0.0011013215859030838
6466,extra virgin olive oil | honey | mint leaves,3,extra virgin olive oil,honey,mint leaves,11,0.0011013215859030838
6467,extra virgin olive oil | honey | parsley,3,extra virgin olive oil,honey,parsley,11,0.0011013215859030838
6468,extra virgin olive oil | honey | red onion,3,extra virgin olive oil,honey,red onion,11,0.0011013215859030838
6469,extra virgin olive oil | lemon | pine nuts,3,extra virgin olive oil,lemon,pine nuts,11,0.0011013215859030838
6470,extra virgin olive oil | lemon | red wine vinegar,3,extra virgin olive oil,lemon,red wine vinegar,11,0.0011013215859030838
6471,extra virgin olive oil | olive oil | red wine vinegar,3,extra virgin olive oil,olive oil,red wine vinegar,11,0.0011013215859030838
6472,extra virgin olive oil | onion | tomato purée,3,extra virgin olive oil,onion,tomato purée,11,0.0011013215859030838
6473,extra virgin olive oil | parsley | red onion,3,extra virgin olive oil,parsley,red onion,11,0.0011013215859030838
6474,fast-action dried yeast | golden caster sugar | vanilla extract,3,fast-action dried yeast,golden caster sugar,vanilla extract,11,0.0011013215859030838
6475,fast-action dried yeast | mozzarella | olive oil,3,fast-action dried yeast,mozzarella,olive oil,11,0.0011013215859030838
6476,fennel seeds | garlic | red onion,3,fennel seeds,garlic,red onion,11,0.0011013215859030838
6477,fennel seeds | olive oil | rosemary,3,fennel seeds,olive oil,rosemary,11,0.0011013215859030838
6478,fennel seeds | olive oil | tomato purée,3,fennel seeds,olive oil,tomato purée,11,0.0011013215859030838
6479,fennel seeds | onion | tomato purée,3,fennel seeds,onion,tomato purée,11,0.0011013215859030838
6480,fenugreek seeds | garlic | ginger,3,fenugreek seeds,garlic,ginger,11,0.0011013215859030838
6481,feta | garlic | ground cinnamon,3,feta,garlic,ground cinnamon,11,0.0011013215859030838
6482,feta | garlic | mint leaves,3,feta,garlic,mint leaves,11,0.0011013215859030838
6483,feta | honey | olive oil,3,feta,honey,olive oil,11,0.0011013215859030838
6484,feta | parsley | red onion,3,feta,parsley,red onion,11,0.0011013215859030838
6485,filo pastry | garlic | onion,3,filo pastry,garlic,onion,11,0.0011013215859030838
6486,fish sauce | lime | spring onions,3,fish sauce,lime,spring onions,11,0.0011013215859030838
6487,fish sauce | red chilli | spring onions,3,fish sauce,red chilli,spring onions,11,0.0011013215859030838
6488,flaked almonds | golden caster sugar | self-raising flour,3,flaked almonds,golden caster sugar,self-raising flour,11,0.0011013215859030838
6489,flat-leaf parsley | garlic | tomato purée,3,flat-leaf parsley,garlic,tomato purée,11,0.0011013215859030838
6490,flat-leaf parsley | ground cumin | olive oil,3,flat-leaf parsley,ground cumin,olive oil,11,0.0011013215859030838
6491,flat-leaf parsley | olive oil | thyme,3,flat-leaf parsley,olive oil,thyme,11,0.0011013215859030838
6492,flour | garlic | onion,3,flour,garlic,onion,11,0.0011013215859030838
6493,floury potatoes | garlic | onion,3,floury potatoes,garlic,onion,11,0.0011013215859030838
6494,fresh coriander | garlic | onion,3,fresh coriander,garlic,onion,11,0.0011013215859030838
6495,fresh coriander | garlic | red chilli,3,fresh coriander,garlic,red chilli,11,0.0011013215859030838
6496,fresh coriander | garlic | tomato purée,3,fresh coriander,garlic,tomato purée,11,0.0011013215859030838
6497,frozen peas | lemon | parsley,3,frozen peas,lemon,parsley,11,0.0011013215859030838
6498,frozen peas | olive oil | parmesan,3,frozen peas,olive oil,parmesan,11,0.0011013215859030838
6499,galangal | garlic | lemongrass,3,galangal,garlic,lemongrass,11,0.0011013215859030838
6500,garam masala | garlic | natural yogurt,3,garam masala,garlic,natural yogurt,11,0.0011013215859030838
6501,garam masala | ginger | green chillies,3,garam masala,ginger,green chillies,11,0.0011013215859030838
6502,garam masala | ginger | tomatoes,3,garam masala,ginger,tomatoes,11,0.0011013215859030838
6503,garam masala | green chilli | turmeric,3,garam masala,green chilli,turmeric,11,0.0011013215859030838
6504,garam masala | ground coriander | ground turmeric,3,garam masala,ground coriander,ground turmeric,11,0.0011013215859030838
6505,garam masala | ground coriander | vegetable oil,3,garam masala,ground coriander,vegetable oil,11,0.0011013215859030838
6506,garam masala | ground cumin | ground turmeric,3,garam masala,ground cumin,ground turmeric,11,0.0011013215859030838
6507,garam masala | ground cumin | red onion,3,garam masala,ground cumin,red onion,11,0.0011013215859030838
6508,garam masala | ground cumin | tomato purée,3,garam masala,ground cumin,tomato purée,11,0.0011013215859030838
6509,garam masala | onion | vegetable oil,3,garam masala,onion,vegetable oil,11,0.0011013215859030838
6510,garlic | ginger | ground white pepper,3,garlic,ginger,ground white pepper,11,0.0011013215859030838
6511,garlic | ginger | low-salt soy sauce,3,garlic,ginger,low-salt soy sauce,11,0.0011013215859030838
6512,garlic | ginger | mild curry powder,3,garlic,ginger,mild curry powder,11,0.0011013215859030838
6513,garlic | ginger | mirin,3,garlic,ginger,mirin,11,0.0011013215859030838
6514,garlic | ginger | oyster sauce,3,garlic,ginger,oyster sauce,11,0.0011013215859030838
6515,garlic | ginger | paneer,3,garlic,ginger,paneer,11,0.0011013215859030838
6516,garlic | ginger | potato,3,garlic,ginger,potato,11,0.0011013215859030838
6517,garlic | green lentils | rapeseed oil,3,garlic,green lentils,rapeseed oil,11,0.0011013215859030838
6518,garlic | green pepper | rapeseed oil,3,garlic,green pepper,rapeseed oil,11,0.0011013215859030838
6519,garlic | ground coriander | mild chilli powder,3,garlic,ground coriander,mild chilli powder,11,0.0011013215859030838
6520,garlic | ground coriander | natural yogurt,3,garlic,ground coriander,natural yogurt,11,0.0011013215859030838
6521,garlic | ground coriander | paprika,3,garlic,ground coriander,paprika,11,0.0011013215859030838
6522,garlic | ground coriander | red chillies,3,garlic,ground coriander,red chillies,11,0.0011013215859030838
6523,garlic | ground white pepper | light soy sauce,3,garlic,ground white pepper,light soy sauce,11,0.0011013215859030838
6524,garlic | honey | lime,3,garlic,honey,lime,11,0.0011013215859030838
6525,garlic | hot chilli powder | tomato purée,3,garlic,hot chilli powder,tomato purée,11,0.0011013215859030838
6526,garlic | juice | vegetable oil,3,garlic,juice,vegetable oil,11,0.0011013215859030838
6527,garlic | leek | rapeseed oil,3,garlic,leek,rapeseed oil,11,0.0011013215859030838
6528,garlic | leeks | plain flour,3,garlic,leeks,plain flour,11,0.0011013215859030838
6529,garlic | lemon juice | vegetable oil,3,garlic,lemon juice,vegetable oil,11,0.0011013215859030838
6530,garlic | lemon | radishes,3,garlic,lemon,radishes,11,0.0011013215859030838
6531,garlic | lemon | shallot,3,garlic,lemon,shallot,11,0.0011013215859030838
6532,garlic | lemon | sunflower oil,3,garlic,lemon,sunflower oil,11,0.0011013215859030838
6533,garlic | lemon | watercress,3,garlic,lemon,watercress,11,0.0011013215859030838
6534,garlic | lemongrass | spring onions,3,garlic,lemongrass,spring onions,11,0.0011013215859030838
6535,garlic | light brown soft sugar | lime,3,garlic,light brown soft sugar,lime,11,0.0011013215859030838
6536,garlic | lime | sesame seeds,3,garlic,lime,sesame seeds,11,0.0011013215859030838
6537,garlic | mango chutney | vegetable oil,3,garlic,mango chutney,vegetable oil,11,0.0011013215859030838
6538,garlic | mature cheddar | milk,3,garlic,mature cheddar,milk,11,0.0011013215859030838
6539,garlic | mayonnaise | spring onions,3,garlic,mayonnaise,spring onions,11,0.0011013215859030838
6540,garlic | mild chilli powder | red onion,3,garlic,mild chilli powder,red onion,11,0.0011013215859030838
6541,garlic | milk | rapeseed oil,3,garlic,milk,rapeseed oil,11,0.0011013215859030838
6542,garlic | mint leaves | parsley,3,garlic,mint leaves,parsley,11,0.0011013215859030838
6543,garlic | mint | onion,3,garlic,mint,onion,11,0.0011013215859030838
6544,garlic | mint | tomatoes,3,garlic,mint,tomatoes,11,0.0011013215859030838
6545,garlic | mozzarella | sugar,3,garlic,mozzarella,sugar,11,0.0011013215859030838
6546,garlic | natural yogurt | tomatoes,3,garlic,natural yogurt,tomatoes,11,0.0011013215859030838
6547,garlic | nutmeg | thyme,3,garlic,nutmeg,thyme,11,0.0011013215859030838
6548,garlic | olive oil | pancetta,3,garlic,olive oil,pancetta,11,0.0011013215859030838
6549,garlic | olive oil | parsley stalks and leaves,3,garlic,olive oil,parsley stalks and leaves,11,0.0011013215859030838
6550,garlic | olive oil | peppers,3,garlic,olive oil,peppers,11,0.0011013215859030838
6551,garlic | olive oil | potato,3,garlic,olive oil,potato,11,0.0011013215859030838
6552,garlic | olive oil | raw king prawns,3,garlic,olive oil,raw king prawns,11,0.0011013215859030838
6553,garlic | olive oil | red cabbage,3,garlic,olive oil,red cabbage,11,0.0011013215859030838
6554,garlic | olive oil | ripe tomatoes,3,garlic,olive oil,ripe tomatoes,11,0.0011013215859030838
6555,garlic | olive oil | white onion,3,garlic,olive oil,white onion,11,0.0011013215859030838
6556,garlic | olive oil | za’atar,3,garlic,olive oil,za’atar,11,0.0011013215859030838
6557,garlic | onion | pancetta,3,garlic,onion,pancetta,11,0.0011013215859030838
6558,garlic | onion | sage,3,garlic,onion,sage,11,0.0011013215859030838
6559,garlic | onion | sage leaves,3,garlic,onion,sage leaves,11,0.0011013215859030838
6560,garlic | onion | star anise,3,garlic,onion,star anise,11,0.0011013215859030838
6561,garlic | onions | potato,3,garlic,onions,potato,11,0.0011013215859030838
6562,garlic | onions | red chillies,3,garlic,onions,red chillies,11,0.0011013215859030838
6563,garlic | onions | rice,3,garlic,onions,rice,11,0.0011013215859030838
6564,garlic | onions | soy sauce,3,garlic,onions,soy sauce,11,0.0011013215859030838
6565,garlic | paella rice | saffron,3,garlic,paella rice,saffron,11,0.0011013215859030838
6566,garlic | pak choi | soy sauce,3,garlic,pak choi,soy sauce,11,0.0011013215859030838
6567,garlic | panko breadcrumbs | vegetable oil,3,garlic,panko breadcrumbs,vegetable oil,11,0.0011013215859030838
6568,garlic | parmesan | sage leaves,3,garlic,parmesan,sage leaves,11,0.0011013215859030838
6569,garlic | parsley | red pepper,3,garlic,parsley,red pepper,11,0.0011013215859030838
6570,garlic | parsley | sherry vinegar,3,garlic,parsley,sherry vinegar,11,0.0011013215859030838
6571,garlic | passata | vegetable stock,3,garlic,passata,vegetable stock,11,0.0011013215859030838
6572,garlic | pine nuts | tahini,3,garlic,pine nuts,tahini,11,0.0011013215859030838
6573,garlic | plain flour | potatoes,3,garlic,plain flour,potatoes,11,0.0011013215859030838
6574,garlic | plain flour | red wine vinegar,3,garlic,plain flour,red wine vinegar,11,0.0011013215859030838
6575,garlic | plain flour | wholegrain mustard,3,garlic,plain flour,wholegrain mustard,11,0.0011013215859030838
6576,garlic | pork mince | spring onions,3,garlic,pork mince,spring onions,11,0.0011013215859030838
6577,garlic | potato | thyme,3,garlic,potato,thyme,11,0.0011013215859030838
6578,garlic | potatoes | smoked paprika,3,garlic,potatoes,smoked paprika,11,0.0011013215859030838
6579,garlic | potatoes | vegetable oil,3,garlic,potatoes,vegetable oil,11,0.0011013215859030838
6580,garlic | rapeseed oil | ricotta,3,garlic,rapeseed oil,ricotta,11,0.0011013215859030838
6581,garlic | raw king prawns | red chilli,3,garlic,raw king prawns,red chilli,11,0.0011013215859030838
6582,garlic | raw king prawns | spring onions,3,garlic,raw king prawns,spring onions,11,0.0011013215859030838
6583,garlic | red lentils | vegetable stock,3,garlic,red lentils,vegetable stock,11,0.0011013215859030838
6584,garlic | rice wine vinegar | vegetable oil,3,garlic,rice wine vinegar,vegetable oil,11,0.0011013215859030838
6585,garlic | risotto rice | white wine,3,garlic,risotto rice,white wine,11,0.0011013215859030838
6586,garlic | sesame oil | spring onion,3,garlic,sesame oil,spring onion,11,0.0011013215859030838
6587,garlic | shallots | tomato purée,3,garlic,shallots,tomato purée,11,0.0011013215859030838
6588,garlic | smoked paprika | thyme,3,garlic,smoked paprika,thyme,11,0.0011013215859030838
6589,garlic | soy sauce | thyme,3,garlic,soy sauce,thyme,11,0.0011013215859030838
6590,garlic | spinach | vegetable oil,3,garlic,spinach,vegetable oil,11,0.0011013215859030838
6591,garlic | spring onions | sugar,3,garlic,spring onions,sugar,11,0.0011013215859030838
6592,garlic | sunflower oil | thyme,3,garlic,sunflower oil,thyme,11,0.0011013215859030838
6593,garlic | sweet potatoes | tomato purée,3,garlic,sweet potatoes,tomato purée,11,0.0011013215859030838
6594,garlic | sweet smoked paprika | tomato purée,3,garlic,sweet smoked paprika,tomato purée,11,0.0011013215859030838
6595,garlic | thyme | wholegrain mustard,3,garlic,thyme,wholegrain mustard,11,0.0011013215859030838
6596,garlic | tomatoes | vegetable stock,3,garlic,tomatoes,vegetable stock,11,0.0011013215859030838
6597,ginger | golden caster sugar | soy sauce,3,ginger,golden caster sugar,soy sauce,11,0.0011013215859030838
6598,ginger | green chilli | lemon,3,ginger,green chilli,lemon,11,0.0011013215859030838
6599,ginger | green chilli | lime,3,ginger,green chilli,lime,11,0.0011013215859030838
6600,ginger | green chilli | vegetable oil,3,ginger,green chilli,vegetable oil,11,0.0011013215859030838
6601,ginger | green chillies | ground coriander,3,ginger,green chillies,ground coriander,11,0.0011013215859030838
6602,ginger | green chillies | tomatoes,3,ginger,green chillies,tomatoes,11,0.0011013215859030838
6603,ginger | lemon | tomato purée,3,ginger,lemon,tomato purée,11,0.0011013215859030838
6604,ginger | lemongrass | lime,3,ginger,lemongrass,lime,11,0.0011013215859030838
6605,ginger | light soy sauce | shaoxing rice wine,3,ginger,light soy sauce,shaoxing rice wine,11,0.0011013215859030838
6606,ginger | mango chutney | onion,3,ginger,mango chutney,onion,11,0.0011013215859030838
6607,ginger | olive oil | tomato purée,3,ginger,olive oil,tomato purée,11,0.0011013215859030838
6608,ginger | onion | red lentils,3,ginger,onion,red lentils,11,0.0011013215859030838
6609,ginger | rice vinegar | sesame seeds,3,ginger,rice vinegar,sesame seeds,11,0.0011013215859030838
6610,ginger | soy sauce | star anise,3,ginger,soy sauce,star anise,11,0.0011013215859030838
6611,ginger | sugar | vegetable oil,3,ginger,sugar,vegetable oil,11,0.0011013215859030838
6612,ginger | tomato purée | vegetable oil,3,ginger,tomato purée,vegetable oil,11,0.0011013215859030838
6613,ginger | turmeric | vegetable stock,3,ginger,turmeric,vegetable stock,11,0.0011013215859030838
6614,glacé cherries | ground almonds | orange,3,glacé cherries,ground almonds,orange,11,0.0011013215859030838
6615,glacé cherries | lemon | orange,3,glacé cherries,lemon,orange,11,0.0011013215859030838
6616,golden caster sugar | golden syrup | vanilla extract,3,golden caster sugar,golden syrup,vanilla extract,11,0.0011013215859030838
6617,golden caster sugar | ground almonds | unsalted butter,3,golden caster sugar,ground almonds,unsalted butter,11,0.0011013215859030838
6618,golden caster sugar | ground cinnamon | light brown soft sugar,3,golden caster sugar,ground cinnamon,light brown soft sugar,11,0.0011013215859030838
6619,golden caster sugar | ground cinnamon | vegetable oil,3,golden caster sugar,ground cinnamon,vegetable oil,11,0.0011013215859030838
6620,golden caster sugar | ground ginger | plain flour,3,golden caster sugar,ground ginger,plain flour,11,0.0011013215859030838
6621,golden caster sugar | icing sugar | lemon curd,3,golden caster sugar,icing sugar,lemon curd,11,0.0011013215859030838
6622,golden caster sugar | icing sugar | lemon juice,3,golden caster sugar,icing sugar,lemon juice,11,0.0011013215859030838
6623,golden caster sugar | icing sugar | marzipan,3,golden caster sugar,icing sugar,marzipan,11,0.0011013215859030838
6624,golden caster sugar | lemon | strawberries,3,golden caster sugar,lemon,strawberries,11,0.0011013215859030838
6625,golden caster sugar | maple syrup | milk,3,golden caster sugar,maple syrup,milk,11,0.0011013215859030838
6626,golden caster sugar | milk | natural yogurt,3,golden caster sugar,milk,natural yogurt,11,0.0011013215859030838
6627,golden caster sugar | olive oil | onion,3,golden caster sugar,olive oil,onion,11,0.0011013215859030838
6628,golden caster sugar | olive oil | parmesan,3,golden caster sugar,olive oil,parmesan,11,0.0011013215859030838
6629,golden caster sugar | orange | strong white bread flour,3,golden caster sugar,orange,strong white bread flour,11,0.0011013215859030838
6630,golden caster sugar | self-raising flour | strawberries,3,golden caster sugar,self-raising flour,strawberries,11,0.0011013215859030838
6631,golden caster sugar | sesame oil | sesame seeds,3,golden caster sugar,sesame oil,sesame seeds,11,0.0011013215859030838
6632,golden caster sugar | sesame seeds | spring onions,3,golden caster sugar,sesame seeds,spring onions,11,0.0011013215859030838
6633,golden caster sugar | soured cream | vanilla extract,3,golden caster sugar,soured cream,vanilla extract,11,0.0011013215859030838
6634,golden syrup | ground cinnamon | icing sugar,3,golden syrup,ground cinnamon,icing sugar,11,0.0011013215859030838
6635,golden syrup | ground ginger | unsalted butter,3,golden syrup,ground ginger,unsalted butter,11,0.0011013215859030838
6636,golden syrup | light brown soft sugar | plain flour,3,golden syrup,light brown soft sugar,plain flour,11,0.0011013215859030838
6637,greek yogurt | ground cumin | lemon,3,greek yogurt,ground cumin,lemon,11,0.0011013215859030838
6638,greek yogurt | ground cumin | olive oil,3,greek yogurt,ground cumin,olive oil,11,0.0011013215859030838
6639,greek yogurt | lemon | tahini,3,greek yogurt,lemon,tahini,11,0.0011013215859030838
6640,green chilli | ground coriander | onion,3,green chilli,ground coriander,onion,11,0.0011013215859030838
6641,green chilli | ground cumin | onion,3,green chilli,ground cumin,onion,11,0.0011013215859030838
6642,ground almonds | light brown soft sugar | plain flour,3,ground almonds,light brown soft sugar,plain flour,11,0.0011013215859030838
6643,ground almonds | orange | self-raising flour,3,ground almonds,orange,self-raising flour,11,0.0011013215859030838
6644,ground cinnamon | ground coriander | lemon,3,ground cinnamon,ground coriander,lemon,11,0.0011013215859030838
6645,ground cinnamon | ground coriander | tomato purée,3,ground cinnamon,ground coriander,tomato purée,11,0.0011013215859030838
6646,ground cinnamon | ground cumin | smoked paprika,3,ground cinnamon,ground cumin,smoked paprika,11,0.0011013215859030838
6647,ground cinnamon | ground nutmeg | light brown soft sugar,3,ground cinnamon,ground nutmeg,light brown soft sugar,11,0.0011013215859030838
6648,ground cinnamon | lemon | unsalted butter,3,ground cinnamon,lemon,unsalted butter,11,0.0011013215859030838
6649,ground cinnamon | milk | unsalted butter,3,ground cinnamon,milk,unsalted butter,11,0.0011013215859030838
6650,ground cinnamon | mixed spice | unsalted butter,3,ground cinnamon,mixed spice,unsalted butter,11,0.0011013215859030838
6651,ground cinnamon | olive oil | parsley,3,ground cinnamon,olive oil,parsley,11,0.0011013215859030838
6652,ground cinnamon | olive oil | tomato purée,3,ground cinnamon,olive oil,tomato purée,11,0.0011013215859030838
6653,ground cinnamon | self-raising flour | vegetable oil,3,ground cinnamon,self-raising flour,vegetable oil,11,0.0011013215859030838
6654,ground coriander | ground cumin | hot chilli powder,3,ground coriander,ground cumin,hot chilli powder,11,0.0011013215859030838
6655,ground coriander | ground cumin | plain flour,3,ground coriander,ground cumin,plain flour,11,0.0011013215859030838
6656,ground coriander | ground cumin | pomegranate seeds,3,ground coriander,ground cumin,pomegranate seeds,11,0.0011013215859030838
6657,ground coriander | ground cumin | red onions,3,ground coriander,ground cumin,red onions,11,0.0011013215859030838
6658,ground coriander | ground cumin | vegetable stock,3,ground coriander,ground cumin,vegetable stock,11,0.0011013215859030838
6659,ground coriander | lemon | mint leaves,3,ground coriander,lemon,mint leaves,11,0.0011013215859030838
6660,ground coriander | lemon | rapeseed oil,3,ground coriander,lemon,rapeseed oil,11,0.0011013215859030838
6661,ground coriander | onions | smoked paprika,3,ground coriander,onions,smoked paprika,11,0.0011013215859030838
6662,ground coriander | onions | tomatoes,3,ground coriander,onions,tomatoes,11,0.0011013215859030838
6663,ground coriander | onions | vegetable oil,3,ground coriander,onions,vegetable oil,11,0.0011013215859030838
6664,ground coriander | rapeseed oil | red onion,3,ground coriander,rapeseed oil,red onion,11,0.0011013215859030838
6665,ground coriander | smoked paprika | tomatoes,3,ground coriander,smoked paprika,tomatoes,11,0.0011013215859030838
6666,ground coriander | turmeric | vegetable oil,3,ground coriander,turmeric,vegetable oil,11,0.0011013215859030838
6667,ground cumin | ground turmeric | red onion,3,ground cumin,ground turmeric,red onion,11,0.0011013215859030838
6668,ground cumin | lemon | rapeseed oil,3,ground cumin,lemon,rapeseed oil,11,0.0011013215859030838
6669,ground cumin | lime | rapeseed oil,3,ground cumin,lime,rapeseed oil,11,0.0011013215859030838
6670,ground cumin | lime | tomato purée,3,ground cumin,lime,tomato purée,11,0.0011013215859030838
6671,ground cumin | olive oil | pomegranate seeds,3,ground cumin,olive oil,pomegranate seeds,11,0.0011013215859030838
6672,ground cumin | olive oil | red chilli,3,ground cumin,olive oil,red chilli,11,0.0011013215859030838
6673,ground cumin | olive oil | tahini,3,ground cumin,olive oil,tahini,11,0.0011013215859030838
6674,ground cumin | onion | vegetable stock,3,ground cumin,onion,vegetable stock,11,0.0011013215859030838
6675,ground cumin | onions | turmeric,3,ground cumin,onions,turmeric,11,0.0011013215859030838
6676,ground cumin | sunflower oil | turmeric,3,ground cumin,sunflower oil,turmeric,11,0.0011013215859030838
6677,ground ginger | milk | self-raising flour,3,ground ginger,milk,self-raising flour,11,0.0011013215859030838
6678,honey | lemon | rocket,3,honey,lemon,rocket,11,0.0011013215859030838
6679,honey | red chilli | soy sauce,3,honey,red chilli,soy sauce,11,0.0011013215859030838
6680,honey | spring onions | vegetable oil,3,honey,spring onions,vegetable oil,11,0.0011013215859030838
6681,icing sugar | lemon | light brown soft sugar,3,icing sugar,lemon,light brown soft sugar,11,0.0011013215859030838
6682,icing sugar | milk | orange,3,icing sugar,milk,orange,11,0.0011013215859030838
6683,icing sugar | mixed spice | vanilla extract,3,icing sugar,mixed spice,vanilla extract,11,0.0011013215859030838
6684,icing sugar | natural yogurt | plain flour,3,icing sugar,natural yogurt,plain flour,11,0.0011013215859030838
6685,icing sugar | raspberries | self-raising flour,3,icing sugar,raspberries,self-raising flour,11,0.0011013215859030838
6686,icing sugar | self-raising flour | vanilla paste,3,icing sugar,self-raising flour,vanilla paste,11,0.0011013215859030838
6687,icing sugar | slightly salted butter | vegetable oil,3,icing sugar,slightly salted butter,vegetable oil,11,0.0011013215859030838
6688,kale | lemon | olive oil,3,kale,lemon,olive oil,11,0.0011013215859030838
6689,lamb mince | onion | tomato purée,3,lamb mince,onion,tomato purée,11,0.0011013215859030838
6690,lemon | maple syrup | olive oil,3,lemon,maple syrup,olive oil,11,0.0011013215859030838
6691,lemon | mascarpone | olive oil,3,lemon,mascarpone,olive oil,11,0.0011013215859030838
6692,lemon | mayonnaise | spring onions,3,lemon,mayonnaise,spring onions,11,0.0011013215859030838
6693,lemon | mint | spring onions,3,lemon,mint,spring onions,11,0.0011013215859030838
6694,lemon | olive oil | orzo,3,lemon,olive oil,orzo,11,0.0011013215859030838
6695,lemon | olive oil | paprika,3,lemon,olive oil,paprika,11,0.0011013215859030838
6696,lemon | olive oil | pistachios,3,lemon,olive oil,pistachios,11,0.0011013215859030838
6697,lemon | olive oil | sugar,3,lemon,olive oil,sugar,11,0.0011013215859030838
6698,lemon | olive oil | sweet potatoes,3,lemon,olive oil,sweet potatoes,11,0.0011013215859030838
6699,lemon | olive oil | vegetable oil,3,lemon,olive oil,vegetable oil,11,0.0011013215859030838
6700,lemon | olive oil | vegetable stock,3,lemon,olive oil,vegetable stock,11,0.0011013215859030838
6701,lemon | olive oil | watercress,3,lemon,olive oil,watercress,11,0.0011013215859030838
6702,lemon | onion | red chilli,3,lemon,onion,red chilli,11,0.0011013215859030838
6703,lemon | parmesan | ricotta,3,lemon,parmesan,ricotta,11,0.0011013215859030838
6704,lemon | parsley | vegetable oil,3,lemon,parsley,vegetable oil,11,0.0011013215859030838
6705,lemon | pine nuts | tahini,3,lemon,pine nuts,tahini,11,0.0011013215859030838
6706,lemon | pomegranate seeds | red onion,3,lemon,pomegranate seeds,red onion,11,0.0011013215859030838
6707,lemon | red onion | tahini,3,lemon,red onion,tahini,11,0.0011013215859030838
6708,lemon | thyme | white wine,3,lemon,thyme,white wine,11,0.0011013215859030838
6709,light brown soft sugar | milk | unsalted butter,3,light brown soft sugar,milk,unsalted butter,11,0.0011013215859030838
6710,light soy sauce | sesame oil | sesame seeds,3,light soy sauce,sesame oil,sesame seeds,11,0.0011013215859030838
6711,lime | onion | red chilli,3,lime,onion,red chilli,11,0.0011013215859030838
6712,lime | rapeseed oil | red pepper,3,lime,rapeseed oil,red pepper,11,0.0011013215859030838
6713,lime | red chilli | red pepper,3,lime,red chilli,red pepper,11,0.0011013215859030838
6714,lime | sesame oil | spring onions,3,lime,sesame oil,spring onions,11,0.0011013215859030838
6715,low-salt soy sauce | sesame oil | spring onions,3,low-salt soy sauce,sesame oil,spring onions,11,0.0011013215859030838
6716,maple syrup | plain flour | unsalted butter,3,maple syrup,plain flour,unsalted butter,11,0.0011013215859030838
6717,milk | olive oil | parsley,3,milk,olive oil,parsley,11,0.0011013215859030838
6718,milk | olive oil | thyme,3,milk,olive oil,thyme,11,0.0011013215859030838
6719,milk | orange | plain flour,3,milk,orange,plain flour,11,0.0011013215859030838
6720,milk | salt | self-raising flour,3,milk,salt,self-raising flour,11,0.0011013215859030838
6721,milk | self-raising flour | vanilla paste,3,milk,self-raising flour,vanilla paste,11,0.0011013215859030838
6722,mixed spice | raisins | sultanas,3,mixed spice,raisins,sultanas,11,0.0011013215859030838
6723,mozzarella | olive oil | passata,3,mozzarella,olive oil,passata,11,0.0011013215859030838
6724,mozzarella | olive oil | strong white bread flour,3,mozzarella,olive oil,strong white bread flour,11,0.0011013215859030838
6725,mozzarella | parmesan | tomato purée,3,mozzarella,parmesan,tomato purée,11,0.0011013215859030838
6726,natural yogurt | unsalted butter | vanilla extract,3,natural yogurt,unsalted butter,vanilla extract,11,0.0011013215859030838
6727,nutmeg | onion | thyme,3,nutmeg,onion,thyme,11,0.0011013215859030838
6728,olive oil | onion | spaghetti,3,olive oil,onion,spaghetti,11,0.0011013215859030838
6729,olive oil | onion | spinach,3,olive oil,onion,spinach,11,0.0011013215859030838
6730,olive oil | onion | thyme leaves,3,olive oil,onion,thyme leaves,11,0.0011013215859030838
6731,olive oil | onion | turmeric,3,olive oil,onion,turmeric,11,0.0011013215859030838
6732,olive oil | parsley | white wine vinegar,3,olive oil,parsley,white wine vinegar,11,0.0011013215859030838
6733,olive oil | parsley | wholegrain mustard,3,olive oil,parsley,wholegrain mustard,11,0.0011013215859030838
6734,olive oil | red pepper | smoked paprika,3,olive oil,red pepper,smoked paprika,11,0.0011013215859030838
6735,olive oil | red wine vinegar | smoked paprika,3,olive oil,red wine vinegar,smoked paprika,11,0.0011013215859030838
6736,olive oil | red wine | rosemary,3,olive oil,red wine,rosemary,11,0.0011013215859030838
6737,olive oil | red wine | thyme,3,olive oil,red wine,thyme,11,0.0011013215859030838
6738,olive oil | smoked paprika | vegetable stock,3,olive oil,smoked paprika,vegetable stock,11,0.0011013215859030838
6739,olive oil | soy sauce | tomato purée,3,olive oil,soy sauce,tomato purée,11,0.0011013215859030838
6740,olive oil | spaghetti | tomato purée,3,olive oil,spaghetti,tomato purée,11,0.0011013215859030838
6741,onion | paprika | tomato purée,3,onion,paprika,tomato purée,11,0.0011013215859030838
6742,onion | parmesan | red wine,3,onion,parmesan,red wine,11,0.0011013215859030838
6743,onion | parsley | vegetable oil,3,onion,parsley,vegetable oil,11,0.0011013215859030838
6744,onion | red wine vinegar | tomato purée,3,onion,red wine vinegar,tomato purée,11,0.0011013215859030838
6745,onion | red wine | thyme,3,onion,red wine,thyme,11,0.0011013215859030838
6746,onion | smoked paprika | tomatoes,3,onion,smoked paprika,tomatoes,11,0.0011013215859030838
6747,onion | soy sauce | tomato purée,3,onion,soy sauce,tomato purée,11,0.0011013215859030838
6748,onion | sunflower oil | tomato purée,3,onion,sunflower oil,tomato purée,11,0.0011013215859030838
6749,onions | parmesan | tomato purée,3,onions,parmesan,tomato purée,11,0.0011013215859030838
6750,onions | parsley | thyme,3,onions,parsley,thyme,11,0.0011013215859030838
6751,onions | plain flour | worcestershire sauce,3,onions,plain flour,worcestershire sauce,11,0.0011013215859030838
6752,onions | red wine vinegar | tomato purée,3,onions,red wine vinegar,tomato purée,11,0.0011013215859030838
6753,onions | sunflower oil | tomato purée,3,onions,sunflower oil,tomato purée,11,0.0011013215859030838
6754,onions | tomatoes | turmeric,3,onions,tomatoes,turmeric,11,0.0011013215859030838
6755,orange | self-raising flour | vanilla extract,3,orange,self-raising flour,vanilla extract,11,0.0011013215859030838
6756,plain flour | shallots | thyme,3,plain flour,shallots,thyme,11,0.0011013215859030838
6757,plain flour | thyme | whole milk,3,plain flour,thyme,whole milk,11,0.0011013215859030838
6758,rapeseed oil | red chilli | turmeric,3,rapeseed oil,red chilli,turmeric,11,0.0011013215859030838
6759,rapeseed oil | red onion | smoked paprika,3,rapeseed oil,red onion,smoked paprika,11,0.0011013215859030838
6760,rapeseed oil | red pepper | smoked paprika,3,rapeseed oil,red pepper,smoked paprika,11,0.0011013215859030838
6761,red chilli | rice vinegar | spring onions,3,red chilli,rice vinegar,spring onions,11,0.0011013215859030838
6762,red chilli | soy sauce | vegetable oil,3,red chilli,soy sauce,vegetable oil,11,0.0011013215859030838
6763,red onion | tomato purée | tomatoes,3,red onion,tomato purée,tomatoes,11,0.0011013215859030838
6764,red wine | thyme | tomato purée,3,red wine,thyme,tomato purée,11,0.0011013215859030838
6765,rice vinegar | sesame oil | soy sauce,3,rice vinegar,sesame oil,soy sauce,11,0.0011013215859030838
6766,rice vinegar | spring onions | vegetable oil,3,rice vinegar,spring onions,vegetable oil,11,0.0011013215859030838
6767,rice wine vinegar | sesame oil | spring onions,3,rice wine vinegar,sesame oil,spring onions,11,0.0011013215859030838
6768,rice wine vinegar | spring onions | vegetable oil,3,rice wine vinegar,spring onions,vegetable oil,11,0.0011013215859030838
6769,self-raising flour | unsalted butter | vanilla paste,3,self-raising flour,unsalted butter,vanilla paste,11,0.0011013215859030838
6770,self-raising flour | unsalted butter | white chocolate,3,self-raising flour,unsalted butter,white chocolate,11,0.0011013215859030838
6771,unsalted butter | vegetable oil | whole milk,3,unsalted butter,vegetable oil,whole milk,11,0.0011013215859030838
6772,almond extract | baking powder | self-raising flour,3,almond extract,baking powder,self-raising flour,10,0.001001201441730076
6773,almond extract | butter | plain flour,3,almond extract,butter,plain flour,10,0.001001201441730076
6774,almond extract | butter | self-raising flour,3,almond extract,butter,self-raising flour,10,0.001001201441730076
6775,almond extract | eggs | milk,3,almond extract,eggs,milk,10,0.001001201441730076
6776,almond extract | ground almonds | plain flour,3,almond extract,ground almonds,plain flour,10,0.001001201441730076
6777,almond extract | icing sugar | plain flour,3,almond extract,icing sugar,plain flour,10,0.001001201441730076
6778,anchovy fillets | garlic | olive oil,3,anchovy fillets,garlic,olive oil,10,0.001001201441730076
6779,apricot jam | butter | eggs,3,apricot jam,butter,eggs,10,0.001001201441730076
6780,apricot jam | eggs | golden caster sugar,3,apricot jam,eggs,golden caster sugar,10,0.001001201441730076
6781,apricot jam | eggs | icing sugar,3,apricot jam,eggs,icing sugar,10,0.001001201441730076
6782,apricot jam | icing sugar | orange,3,apricot jam,icing sugar,orange,10,0.001001201441730076
6783,aubergine | dried oregano | garlic,3,aubergine,dried oregano,garlic,10,0.001001201441730076
6784,aubergine | garlic | red pepper,3,aubergine,garlic,red pepper,10,0.001001201441730076
6785,aubergine | garlic | tomatoes,3,aubergine,garlic,tomatoes,10,0.001001201441730076
6786,aubergines | garlic | onions,3,aubergines,garlic,onions,10,0.001001201441730076
6787,aubergines | garlic | plain flour,3,aubergines,garlic,plain flour,10,0.001001201441730076
6788,avocado | coriander | red chilli,3,avocado,coriander,red chilli,10,0.001001201441730076
6789,avocado | coriander | tomatoes,3,avocado,coriander,tomatoes,10,0.001001201441730076
6790,avocado | garlic | ground cumin,3,avocado,garlic,ground cumin,10,0.001001201441730076
6791,avocado | rapeseed oil | red onion,3,avocado,rapeseed oil,red onion,10,0.001001201441730076
6792,baby spinach | eggs | rapeseed oil,3,baby spinach,eggs,rapeseed oil,10,0.001001201441730076
6793,baby spinach | garlic | parmesan,3,baby spinach,garlic,parmesan,10,0.001001201441730076
6794,baby spinach | ginger | rapeseed oil,3,baby spinach,ginger,rapeseed oil,10,0.001001201441730076
6795,baby spinach | onion | rapeseed oil,3,baby spinach,onion,rapeseed oil,10,0.001001201441730076
6796,baking powder | bicarbonate of soda | egg,3,baking powder,bicarbonate of soda,egg,10,0.001001201441730076
6797,baking powder | bicarbonate of soda | natural yogurt,3,baking powder,bicarbonate of soda,natural yogurt,10,0.001001201441730076
6798,baking powder | bicarbonate of soda | sunflower oil,3,baking powder,bicarbonate of soda,sunflower oil,10,0.001001201441730076
6799,baking powder | butter | soft light brown sugar,3,baking powder,butter,soft light brown sugar,10,0.001001201441730076
6800,baking powder | caster sugar | lemon juice,3,baking powder,caster sugar,lemon juice,10,0.001001201441730076
6801,baking powder | caster sugar | raspberries,3,baking powder,caster sugar,raspberries,10,0.001001201441730076
6802,baking powder | caster sugar | salt,3,baking powder,caster sugar,salt,10,0.001001201441730076
6803,baking powder | caster sugar | vanilla paste,3,baking powder,caster sugar,vanilla paste,10,0.001001201441730076
6804,baking powder | cinnamon | egg,3,baking powder,cinnamon,egg,10,0.001001201441730076
6805,baking powder | cornflour | icing sugar,3,baking powder,cornflour,icing sugar,10,0.001001201441730076
6806,baking powder | cornflour | self-raising flour,3,baking powder,cornflour,self-raising flour,10,0.001001201441730076
6807,baking powder | egg whites | eggs,3,baking powder,egg whites,eggs,10,0.001001201441730076
6808,baking powder | egg | ground cinnamon,3,baking powder,egg,ground cinnamon,10,0.001001201441730076
6809,baking powder | egg | unsalted butter,3,baking powder,egg,unsalted butter,10,0.001001201441730076
6810,baking powder | eggs | ground almond,3,baking powder,eggs,ground almond,10,0.001001201441730076
6811,baking powder | eggs | olive oil,3,baking powder,eggs,olive oil,10,0.001001201441730076
6812,baking powder | eggs | sugar,3,baking powder,eggs,sugar,10,0.001001201441730076
6813,baking powder | flaked almonds | ground almonds,3,baking powder,flaked almonds,ground almonds,10,0.001001201441730076
6814,baking powder | golden caster sugar | ground ginger,3,baking powder,golden caster sugar,ground ginger,10,0.001001201441730076
6815,baking powder | golden caster sugar | salted butter,3,baking powder,golden caster sugar,salted butter,10,0.001001201441730076
6816,baking powder | granulated sugar | icing sugar,3,baking powder,granulated sugar,icing sugar,10,0.001001201441730076
6817,baking powder | granulated sugar | unsalted butter,3,baking powder,granulated sugar,unsalted butter,10,0.001001201441730076
6818,baking powder | greek yogurt | milk,3,baking powder,greek yogurt,milk,10,0.001001201441730076
6819,baking powder | ground almonds | unsalted butter,3,baking powder,ground almonds,unsalted butter,10,0.001001201441730076
6820,baking powder | ground ginger | light brown soft sugar,3,baking powder,ground ginger,light brown soft sugar,10,0.001001201441730076
6821,baking powder | ground ginger | unsalted butter,3,baking powder,ground ginger,unsalted butter,10,0.001001201441730076
6822,baking powder | ground ginger | vanilla extract,3,baking powder,ground ginger,vanilla extract,10,0.001001201441730076
6823,baking powder | icing sugar | lemon curd,3,baking powder,icing sugar,lemon curd,10,0.001001201441730076
6824,baking powder | lemon curd | self-raising flour,3,baking powder,lemon curd,self-raising flour,10,0.001001201441730076
6825,baking powder | milk | orange,3,baking powder,milk,orange,10,0.001001201441730076
6826,baking powder | mixed dried fruit | mixed spice,3,baking powder,mixed dried fruit,mixed spice,10,0.001001201441730076
6827,baking powder | mixed dried fruit | orange,3,baking powder,mixed dried fruit,orange,10,0.001001201441730076
6828,baking powder | raspberries | self-raising flour,3,baking powder,raspberries,self-raising flour,10,0.001001201441730076
6829,baking powder | sunflower oil | vanilla extract,3,baking powder,sunflower oil,vanilla extract,10,0.001001201441730076
6830,balsamic vinegar | butter | olive oil,3,balsamic vinegar,butter,olive oil,10,0.001001201441730076
6831,balsamic vinegar | celery | rapeseed oil,3,balsamic vinegar,celery,rapeseed oil,10,0.001001201441730076
6832,balsamic vinegar | cherry tomatoes | garlic,3,balsamic vinegar,cherry tomatoes,garlic,10,0.001001201441730076
6833,balsamic vinegar | chopped tomatoes | garlic,3,balsamic vinegar,chopped tomatoes,garlic,10,0.001001201441730076
6834,balsamic vinegar | garlic | parsley,3,balsamic vinegar,garlic,parsley,10,0.001001201441730076
6835,balsamic vinegar | garlic | vegetable bouillon powder,3,balsamic vinegar,garlic,vegetable bouillon powder,10,0.001001201441730076
6836,balsamic vinegar | olive oil | onion,3,balsamic vinegar,olive oil,onion,10,0.001001201441730076
6837,banana shallot | garlic | olive oil,3,banana shallot,garlic,olive oil,10,0.001001201441730076
6838,basil leaves | chopped tomatoes | tomato purée,3,basil leaves,chopped tomatoes,tomato purée,10,0.001001201441730076
6839,basil leaves | courgettes | olive oil,3,basil leaves,courgettes,olive oil,10,0.001001201441730076
6840,basil leaves | dried oregano | garlic,3,basil leaves,dried oregano,garlic,10,0.001001201441730076
6841,basil leaves | extra virgin olive oil | olive oil,3,basil leaves,extra virgin olive oil,olive oil,10,0.001001201441730076
6842,basil leaves | onion | parmesan,3,basil leaves,onion,parmesan,10,0.001001201441730076
6843,basil | celery | olive oil,3,basil,celery,olive oil,10,0.001001201441730076
6844,basil | chilli flakes | parmesan,3,basil,chilli flakes,parmesan,10,0.001001201441730076
6845,basil | olive oil | red onion,3,basil,olive oil,red onion,10,0.001001201441730076
6846,basil | parmesan | pine nuts,3,basil,parmesan,pine nuts,10,0.001001201441730076
6847,basil | parmesan | rapeseed oil,3,basil,parmesan,rapeseed oil,10,0.001001201441730076
6848,basmati rice | butter | onion,3,basmati rice,butter,onion,10,0.001001201441730076
6849,basmati rice | cardamom pods | garlic,3,basmati rice,cardamom pods,garlic,10,0.001001201441730076
6850,basmati rice | chicken stock | garlic,3,basmati rice,chicken stock,garlic,10,0.001001201441730076
6851,basmati rice | chicken stock | ginger,3,basmati rice,chicken stock,ginger,10,0.001001201441730076
6852,basmati rice | cinnamon | onion,3,basmati rice,cinnamon,onion,10,0.001001201441730076
6853,basmati rice | coriander | garam masala,3,basmati rice,coriander,garam masala,10,0.001001201441730076
6854,basmati rice | coriander | turmeric,3,basmati rice,coriander,turmeric,10,0.001001201441730076
6855,basmati rice | cumin seeds | ginger,3,basmati rice,cumin seeds,ginger,10,0.001001201441730076
6856,basmati rice | garam masala | ground cumin,3,basmati rice,garam masala,ground cumin,10,0.001001201441730076
6857,basmati rice | garlic | green chilli,3,basmati rice,garlic,green chilli,10,0.001001201441730076
6858,basmati rice | garlic | ground turmeric,3,basmati rice,garlic,ground turmeric,10,0.001001201441730076
6859,basmati rice | garlic | lemon,3,basmati rice,garlic,lemon,10,0.001001201441730076
6860,basmati rice | ginger | red onion,3,basmati rice,ginger,red onion,10,0.001001201441730076
6861,basmati rice | ginger | tomato purée,3,basmati rice,ginger,tomato purée,10,0.001001201441730076
6862,bay leaf | beef stock | butter,3,bay leaf,beef stock,butter,10,0.001001201441730076
6863,bay leaf | butter | double cream,3,bay leaf,butter,double cream,10,0.001001201441730076
6864,bay leaf | celery | onions,3,bay leaf,celery,onions,10,0.001001201441730076
6865,bay leaf | garlic | tomatoes,3,bay leaf,garlic,tomatoes,10,0.001001201441730076
6866,bay leaf | garlic | white wine,3,bay leaf,garlic,white wine,10,0.001001201441730076
6867,bay leaf | milk | onion,3,bay leaf,milk,onion,10,0.001001201441730076
6868,bay leaf | nutmeg | onion,3,bay leaf,nutmeg,onion,10,0.001001201441730076
6869,bay leaf | nutmeg | plain flour,3,bay leaf,nutmeg,plain flour,10,0.001001201441730076
6870,bay leaf | onion | tomato purée,3,bay leaf,onion,tomato purée,10,0.001001201441730076
6871,bay leaves | black peppercorns | coriander seeds,3,bay leaves,black peppercorns,coriander seeds,10,0.001001201441730076
6872,bay leaves | black peppercorns | onion,3,bay leaves,black peppercorns,onion,10,0.001001201441730076
6873,bay leaves | butter | whole milk,3,bay leaves,butter,whole milk,10,0.001001201441730076
6874,bay leaves | carrots | worcestershire sauce,3,bay leaves,carrots,worcestershire sauce,10,0.001001201441730076
6875,bay leaves | celery | chicken stock,3,bay leaves,celery,chicken stock,10,0.001001201441730076
6876,bay leaves | celery | parsley,3,bay leaves,celery,parsley,10,0.001001201441730076
6877,bay leaves | chicken stock | onions,3,bay leaves,chicken stock,onions,10,0.001001201441730076
6878,bay leaves | cinnamon | onions,3,bay leaves,cinnamon,onions,10,0.001001201441730076
6879,bay leaves | dried oregano | onion,3,bay leaves,dried oregano,onion,10,0.001001201441730076
6880,bay leaves | garlic | ground coriander,3,bay leaves,garlic,ground coriander,10,0.001001201441730076
6881,bay leaves | garlic | potatoes,3,bay leaves,garlic,potatoes,10,0.001001201441730076
6882,bay leaves | garlic | sugar,3,bay leaves,garlic,sugar,10,0.001001201441730076
6883,bay leaves | lemon | onion,3,bay leaves,lemon,onion,10,0.001001201441730076
6884,bay leaves | mature cheddar | plain flour,3,bay leaves,mature cheddar,plain flour,10,0.001001201441730076
6885,bay leaves | nutmeg | plain flour,3,bay leaves,nutmeg,plain flour,10,0.001001201441730076
6886,bay leaves | olive oil | sugar,3,bay leaves,olive oil,sugar,10,0.001001201441730076
6887,bay leaves | sunflower oil | thyme,3,bay leaves,sunflower oil,thyme,10,0.001001201441730076
6888,bay leaves | tomato purée | vegetable stock,3,bay leaves,tomato purée,vegetable stock,10,0.001001201441730076
6889,beansprouts | red chilli | spring onions,3,beansprouts,red chilli,spring onions,10,0.001001201441730076
6890,beef mince | carrot | onion,3,beef mince,carrot,onion,10,0.001001201441730076
6891,beef mince | celery | olive oil,3,beef mince,celery,olive oil,10,0.001001201441730076
6892,beef mince | chopped tomatoes | dried oregano,3,beef mince,chopped tomatoes,dried oregano,10,0.001001201441730076
6893,beef mince | dried oregano | olive oil,3,beef mince,dried oregano,olive oil,10,0.001001201441730076
6894,beef mince | dried oregano | tomato purée,3,beef mince,dried oregano,tomato purée,10,0.001001201441730076
6895,beef stock | butter | sunflower oil,3,beef stock,butter,sunflower oil,10,0.001001201441730076
6896,beef stock | carrots | vegetable oil,3,beef stock,carrots,vegetable oil,10,0.001001201441730076
6897,beef stock | celery | onions,3,beef stock,celery,onions,10,0.001001201441730076
6898,beef stock | olive oil | parmesan,3,beef stock,olive oil,parmesan,10,0.001001201441730076
6899,beef stock | onion | vegetable oil,3,beef stock,onion,vegetable oil,10,0.001001201441730076
6900,beef stock | onions | vegetable oil,3,beef stock,onions,vegetable oil,10,0.001001201441730076
6901,beef stock | thyme | tomato purée,3,beef stock,thyme,tomato purée,10,0.001001201441730076
6902,bicarbonate of soda | black treacle | ground ginger,3,bicarbonate of soda,black treacle,ground ginger,10,0.001001201441730076
6903,bicarbonate of soda | butter | lemon,3,bicarbonate of soda,butter,lemon,10,0.001001201441730076
6904,bicarbonate of soda | caster sugar | double cream,3,bicarbonate of soda,caster sugar,double cream,10,0.001001201441730076
6905,bicarbonate of soda | cocoa powder | egg,3,bicarbonate of soda,cocoa powder,egg,10,0.001001201441730076
6906,bicarbonate of soda | dark muscovado sugar | egg,3,bicarbonate of soda,dark muscovado sugar,egg,10,0.001001201441730076
6907,bicarbonate of soda | eggs | lemon,3,bicarbonate of soda,eggs,lemon,10,0.001001201441730076
6908,bicarbonate of soda | golden caster sugar | milk,3,bicarbonate of soda,golden caster sugar,milk,10,0.001001201441730076
6909,bicarbonate of soda | golden syrup | milk,3,bicarbonate of soda,golden syrup,milk,10,0.001001201441730076
6910,bicarbonate of soda | ground cinnamon | vanilla extract,3,bicarbonate of soda,ground cinnamon,vanilla extract,10,0.001001201441730076
6911,bicarbonate of soda | light muscovado sugar | plain flour,3,bicarbonate of soda,light muscovado sugar,plain flour,10,0.001001201441730076
6912,bio yogurt | garlic | vegetable bouillon powder,3,bio yogurt,garlic,vegetable bouillon powder,10,0.001001201441730076
6913,black beans | chipotle paste | chopped tomatoes,3,black beans,chipotle paste,chopped tomatoes,10,0.001001201441730076
6914,black beans | chopped tomatoes | coriander,3,black beans,chopped tomatoes,coriander,10,0.001001201441730076
6915,black beans | coriander | ground coriander,3,black beans,coriander,ground coriander,10,0.001001201441730076
6916,black beans | coriander | red chilli,3,black beans,coriander,red chilli,10,0.001001201441730076
6917,black beans | coriander | tomato purée,3,black beans,coriander,tomato purée,10,0.001001201441730076
6918,black beans | coriander | vegetable bouillon powder,3,black beans,coriander,vegetable bouillon powder,10,0.001001201441730076
6919,black beans | garlic | vegetable bouillon powder,3,black beans,garlic,vegetable bouillon powder,10,0.001001201441730076
6920,black beans | ground coriander | rapeseed oil,3,black beans,ground coriander,rapeseed oil,10,0.001001201441730076
6921,black beans | ground coriander | smoked paprika,3,black beans,ground coriander,smoked paprika,10,0.001001201441730076
6922,black beans | lime | onion,3,black beans,lime,onion,10,0.001001201441730076
6923,black beans | rapeseed oil | smoked paprika,3,black beans,rapeseed oil,smoked paprika,10,0.001001201441730076
6924,black mustard seeds | cumin seeds | garlic,3,black mustard seeds,cumin seeds,garlic,10,0.001001201441730076
6925,black mustard seeds | garlic | ground cumin,3,black mustard seeds,garlic,ground cumin,10,0.001001201441730076
6926,black mustard seeds | garlic | turmeric,3,black mustard seeds,garlic,turmeric,10,0.001001201441730076
6927,black mustard seeds | ginger | ground coriander,3,black mustard seeds,ginger,ground coriander,10,0.001001201441730076
6928,black mustard seeds | ginger | onion,3,black mustard seeds,ginger,onion,10,0.001001201441730076
6929,black peppercorns | celery | garlic,3,black peppercorns,celery,garlic,10,0.001001201441730076
6930,black peppercorns | cinnamon | coriander seeds,3,black peppercorns,cinnamon,coriander seeds,10,0.001001201441730076
6931,black peppercorns | cinnamon | garlic,3,black peppercorns,cinnamon,garlic,10,0.001001201441730076
6932,black peppercorns | cumin seeds | garlic,3,black peppercorns,cumin seeds,garlic,10,0.001001201441730076
6933,black peppercorns | garlic | red onion,3,black peppercorns,garlic,red onion,10,0.001001201441730076
6934,blueberries | eggs | vanilla extract,3,blueberries,eggs,vanilla extract,10,0.001001201441730076
6935,"boneless, skinless chicken thighs | garlic | olive oil",3,"boneless, skinless chicken thighs",garlic,olive oil,10,0.001001201441730076
6936,borlotti beans | garlic | olive oil,3,borlotti beans,garlic,olive oil,10,0.001001201441730076
6937,breadcrumbs | garlic | olive oil,3,breadcrumbs,garlic,olive oil,10,0.001001201441730076
6938,brown basmati rice | coriander | garlic,3,brown basmati rice,coriander,garlic,10,0.001001201441730076
6939,brown basmati rice | cumin seeds | ground coriander,3,brown basmati rice,cumin seeds,ground coriander,10,0.001001201441730076
6940,brown basmati rice | cumin seeds | rapeseed oil,3,brown basmati rice,cumin seeds,rapeseed oil,10,0.001001201441730076
6941,brown basmati rice | garlic | onions,3,brown basmati rice,garlic,onions,10,0.001001201441730076
6942,brown basmati rice | ginger | ground coriander,3,brown basmati rice,ginger,ground coriander,10,0.001001201441730076
6943,brown basmati rice | ginger | red chilli,3,brown basmati rice,ginger,red chilli,10,0.001001201441730076
6944,brown sugar | garlic | onion,3,brown sugar,garlic,onion,10,0.001001201441730076
6945,brussels sprouts | butter | garlic,3,brussels sprouts,butter,garlic,10,0.001001201441730076
6946,butter beans | garlic | red onion,3,butter beans,garlic,red onion,10,0.001001201441730076
6947,butter | carrots | chicken stock,3,butter,carrots,chicken stock,10,0.001001201441730076
6948,butter | carrots | potatoes,3,butter,carrots,potatoes,10,0.001001201441730076
6949,butter | carrots | red wine,3,butter,carrots,red wine,10,0.001001201441730076
6950,butter | caster sugar | egg whites,3,butter,caster sugar,egg whites,10,0.001001201441730076
6951,butter | caster sugar | pistachios,3,butter,caster sugar,pistachios,10,0.001001201441730076
6952,butter | caster sugar | strawberries,3,butter,caster sugar,strawberries,10,0.001001201441730076
6953,butter | cauliflower | milk,3,butter,cauliflower,milk,10,0.001001201441730076
6954,butter | cayenne pepper | parmesan,3,butter,cayenne pepper,parmesan,10,0.001001201441730076
6955,butter | celery | rosemary,3,butter,celery,rosemary,10,0.001001201441730076
6956,butter | chestnut mushrooms | parmesan,3,butter,chestnut mushrooms,parmesan,10,0.001001201441730076
6957,butter | chives | garlic,3,butter,chives,garlic,10,0.001001201441730076
6958,butter | chives | mayonnaise,3,butter,chives,mayonnaise,10,0.001001201441730076
6959,butter | chopped tomatoes | plain flour,3,butter,chopped tomatoes,plain flour,10,0.001001201441730076
6960,butter | cinnamon | double cream,3,butter,cinnamon,double cream,10,0.001001201441730076
6961,butter | clotted cream | golden caster sugar,3,butter,clotted cream,golden caster sugar,10,0.001001201441730076
6962,butter | coriander | spring onions,3,butter,coriander,spring onions,10,0.001001201441730076
6963,butter | crème fraîche | thyme,3,butter,crème fraîche,thyme,10,0.001001201441730076
6964,butter | dijon mustard | flour,3,butter,dijon mustard,flour,10,0.001001201441730076
6965,butter | dijon mustard | mature cheddar,3,butter,dijon mustard,mature cheddar,10,0.001001201441730076
6966,butter | dijon mustard | nutmeg,3,butter,dijon mustard,nutmeg,10,0.001001201441730076
6967,butter | dijon mustard | whole milk,3,butter,dijon mustard,whole milk,10,0.001001201441730076
6968,butter | dill | lemon,3,butter,dill,lemon,10,0.001001201441730076
6969,butter | dill | parsley,3,butter,dill,parsley,10,0.001001201441730076
6970,butter | double cream | full-fat soft cheese,3,butter,double cream,full-fat soft cheese,10,0.001001201441730076
6971,butter | double cream | ground almonds,3,butter,double cream,ground almonds,10,0.001001201441730076
6972,butter | double cream | soured cream,3,butter,double cream,soured cream,10,0.001001201441730076
6973,butter | double cream | strawberries,3,butter,double cream,strawberries,10,0.001001201441730076
6974,butter | egg yolk | milk,3,butter,egg yolk,milk,10,0.001001201441730076
6975,butter | egg | leeks,3,butter,egg,leeks,10,0.001001201441730076
6976,butter | egg | light muscovado sugar,3,butter,egg,light muscovado sugar,10,0.001001201441730076
6977,butter | egg | parsley,3,butter,egg,parsley,10,0.001001201441730076
6978,butter | egg | ready-rolled puff pastry,3,butter,egg,ready-rolled puff pastry,10,0.001001201441730076
6979,butter | egg | sugar,3,butter,egg,sugar,10,0.001001201441730076
6980,butter | egg | thyme,3,butter,egg,thyme,10,0.001001201441730076
6981,butter | eggs | full-fat cream cheese,3,butter,eggs,full-fat cream cheese,10,0.001001201441730076
6982,butter | eggs | gruyère,3,butter,eggs,gruyère,10,0.001001201441730076
6983,butter | eggs | mixed peel,3,butter,eggs,mixed peel,10,0.001001201441730076
6984,butter | eggs | soft cheese,3,butter,eggs,soft cheese,10,0.001001201441730076
6985,butter | eggs | strong white bread flour,3,butter,eggs,strong white bread flour,10,0.001001201441730076
6986,butter | eggs | white wine vinegar,3,butter,eggs,white wine vinegar,10,0.001001201441730076
6987,butter | fast-action dried yeast | plain flour,3,butter,fast-action dried yeast,plain flour,10,0.001001201441730076
6988,butter | fast-action dried yeast | vanilla extract,3,butter,fast-action dried yeast,vanilla extract,10,0.001001201441730076
6989,butter | flaked almonds | icing sugar,3,butter,flaked almonds,icing sugar,10,0.001001201441730076
6990,butter | frozen peas | onion,3,butter,frozen peas,onion,10,0.001001201441730076
6991,butter | full-fat cream cheese | golden caster sugar,3,butter,full-fat cream cheese,golden caster sugar,10,0.001001201441730076
6992,butter | garam masala | garlic,3,butter,garam masala,garlic,10,0.001001201441730076
6993,butter | garlic | mint,3,butter,garlic,mint,10,0.001001201441730076
6994,butter | garlic | passata,3,butter,garlic,passata,10,0.001001201441730076
6995,butter | garlic | risotto rice,3,butter,garlic,risotto rice,10,0.001001201441730076
6996,butter | garlic | shallot,3,butter,garlic,shallot,10,0.001001201441730076
6997,butter | garlic | soured cream,3,butter,garlic,soured cream,10,0.001001201441730076
6998,butter | garlic | spinach,3,butter,garlic,spinach,10,0.001001201441730076
6999,butter | ginger | ground coriander,3,butter,ginger,ground coriander,10,0.001001201441730076
7000,butter | ginger | turmeric,3,butter,ginger,turmeric,10,0.001001201441730076
7001,butter | golden caster sugar | ground almond,3,butter,golden caster sugar,ground almond,10,0.001001201441730076
7002,butter | golden caster sugar | maple syrup,3,butter,golden caster sugar,maple syrup,10,0.001001201441730076
7003,butter | golden caster sugar | milk chocolate,3,butter,golden caster sugar,milk chocolate,10,0.001001201441730076
7004,butter | golden caster sugar | pistachios,3,butter,golden caster sugar,pistachios,10,0.001001201441730076
7005,butter | golden caster sugar | soured cream,3,butter,golden caster sugar,soured cream,10,0.001001201441730076
7006,butter | golden caster sugar | strawberries,3,butter,golden caster sugar,strawberries,10,0.001001201441730076
7007,butter | granulated sugar | lemon,3,butter,granulated sugar,lemon,10,0.001001201441730076
7008,butter | ground almonds | ground cinnamon,3,butter,ground almonds,ground cinnamon,10,0.001001201441730076
7009,butter | ground cinnamon | honey,3,butter,ground cinnamon,honey,10,0.001001201441730076
7010,butter | ground cinnamon | strong white bread flour,3,butter,ground cinnamon,strong white bread flour,10,0.001001201441730076
7011,butter | ground ginger | light muscovado sugar,3,butter,ground ginger,light muscovado sugar,10,0.001001201441730076
7012,butter | ground ginger | vanilla extract,3,butter,ground ginger,vanilla extract,10,0.001001201441730076
7013,butter | gruyère | milk,3,butter,gruyère,milk,10,0.001001201441730076
7014,butter | icing sugar | maple syrup,3,butter,icing sugar,maple syrup,10,0.001001201441730076
7015,butter | icing sugar | marzipan,3,butter,icing sugar,marzipan,10,0.001001201441730076
7016,butter | icing sugar | raspberries,3,butter,icing sugar,raspberries,10,0.001001201441730076
7017,butter | leeks | milk,3,butter,leeks,milk,10,0.001001201441730076
7018,butter | lemon | mayonnaise,3,butter,lemon,mayonnaise,10,0.001001201441730076
7019,butter | lemon | whole milk,3,butter,lemon,whole milk,10,0.001001201441730076
7020,butter | lemons | plain flour,3,butter,lemons,plain flour,10,0.001001201441730076
7021,butter | light brown soft sugar | whole milk,3,butter,light brown soft sugar,whole milk,10,0.001001201441730076
7022,butter | macaroni | parmesan,3,butter,macaroni,parmesan,10,0.001001201441730076
7023,butter | marzipan | plain flour,3,butter,marzipan,plain flour,10,0.001001201441730076
7024,butter | mature cheddar | nutmeg,3,butter,mature cheddar,nutmeg,10,0.001001201441730076
7025,butter | mature cheddar | whole milk,3,butter,mature cheddar,whole milk,10,0.001001201441730076
7026,butter | milk | mozzarella,3,butter,milk,mozzarella,10,0.001001201441730076
7027,butter | milk | natural yogurt,3,butter,milk,natural yogurt,10,0.001001201441730076
7028,butter | mixed dried fruit | mixed spice,3,butter,mixed dried fruit,mixed spice,10,0.001001201441730076
7029,butter | mozzarella | onion,3,butter,mozzarella,onion,10,0.001001201441730076
7030,butter | olive oil | risotto rice,3,butter,olive oil,risotto rice,10,0.001001201441730076
7031,butter | olive oil | spinach,3,butter,olive oil,spinach,10,0.001001201441730076
7032,butter | onion | sugar,3,butter,onion,sugar,10,0.001001201441730076
7033,butter | parmesan | ricotta,3,butter,parmesan,ricotta,10,0.001001201441730076
7034,butter | parmesan | rosemary,3,butter,parmesan,rosemary,10,0.001001201441730076
7035,butter | parmesan | thyme leaves,3,butter,parmesan,thyme leaves,10,0.001001201441730076
7036,butter | parmesan | vegetable stock,3,butter,parmesan,vegetable stock,10,0.001001201441730076
7037,butter | parsley | tomato purée,3,butter,parsley,tomato purée,10,0.001001201441730076
7038,butter | pistachios | plain flour,3,butter,pistachios,plain flour,10,0.001001201441730076
7039,butter | plain flour | red wine vinegar,3,butter,plain flour,red wine vinegar,10,0.001001201441730076
7040,butter | raspberries | vanilla extract,3,butter,raspberries,vanilla extract,10,0.001001201441730076
7041,butter | raspberry jam | vanilla extract,3,butter,raspberry jam,vanilla extract,10,0.001001201441730076
7042,butter | salt | self-raising flour,3,butter,salt,self-raising flour,10,0.001001201441730076
7043,butter | salt | vanilla extract,3,butter,salt,vanilla extract,10,0.001001201441730076
7044,butter | tomato purée | vegetable oil,3,butter,tomato purée,vegetable oil,10,0.001001201441730076
7045,buttermilk | cocoa powder | icing sugar,3,buttermilk,cocoa powder,icing sugar,10,0.001001201441730076
7046,buttermilk | icing sugar | light brown soft sugar,3,buttermilk,icing sugar,light brown soft sugar,10,0.001001201441730076
7047,buttermilk | light brown soft sugar | vanilla extract,3,buttermilk,light brown soft sugar,vanilla extract,10,0.001001201441730076
7048,butternut squash | cumin seeds | garlic,3,butternut squash,cumin seeds,garlic,10,0.001001201441730076
7049,butternut squash | garlic | red chilli,3,butternut squash,garlic,red chilli,10,0.001001201441730076
7050,cannellini beans | celery | garlic,3,cannellini beans,celery,garlic,10,0.001001201441730076
7051,capers | cherry tomatoes | olive oil,3,capers,cherry tomatoes,olive oil,10,0.001001201441730076
7052,capers | extra virgin olive oil | flat-leaf parsley,3,capers,extra virgin olive oil,flat-leaf parsley,10,0.001001201441730076
7053,capers | lemon | rapeseed oil,3,capers,lemon,rapeseed oil,10,0.001001201441730076
7054,capers | lemon | rocket,3,capers,lemon,rocket,10,0.001001201441730076
7055,caraway seeds | garlic | olive oil,3,caraway seeds,garlic,olive oil,10,0.001001201441730076
7056,cardamom pods | cumin seeds | garlic,3,cardamom pods,cumin seeds,garlic,10,0.001001201441730076
7057,cardamom pods | garlic | ground cumin,3,cardamom pods,garlic,ground cumin,10,0.001001201441730076
7058,cardamom pods | ginger | onions,3,cardamom pods,ginger,onions,10,0.001001201441730076
7059,cardamom pods | onion | turmeric,3,cardamom pods,onion,turmeric,10,0.001001201441730076
7060,carrot | chilli flakes | garlic,3,carrot,chilli flakes,garlic,10,0.001001201441730076
7061,carrot | chopped tomatoes | tomato purée,3,carrot,chopped tomatoes,tomato purée,10,0.001001201441730076
7062,carrot | coriander | spring onions,3,carrot,coriander,spring onions,10,0.001001201441730076
7063,carrot | cucumber | garlic,3,carrot,cucumber,garlic,10,0.001001201441730076
7064,carrot | cucumber | lime,3,carrot,cucumber,lime,10,0.001001201441730076
7065,carrot | eggs | vegetable oil,3,carrot,eggs,vegetable oil,10,0.001001201441730076
7066,carrot | garlic | lime,3,carrot,garlic,lime,10,0.001001201441730076
7067,carrot | garlic | vegetable stock,3,carrot,garlic,vegetable stock,10,0.001001201441730076
7068,carrot | ginger | sesame oil,3,carrot,ginger,sesame oil,10,0.001001201441730076
7069,carrot | lemon | onion,3,carrot,lemon,onion,10,0.001001201441730076
7070,carrot | onion | red pepper,3,carrot,onion,red pepper,10,0.001001201441730076
7071,carrot | parsley | tomato purée,3,carrot,parsley,tomato purée,10,0.001001201441730076
7072,carrot | red chilli | spring onions,3,carrot,red chilli,spring onions,10,0.001001201441730076
7073,carrot | red wine | tomato purée,3,carrot,red wine,tomato purée,10,0.001001201441730076
7074,carrot | sesame oil | spring onions,3,carrot,sesame oil,spring onions,10,0.001001201441730076
7075,carrot | spring onions | vegetable oil,3,carrot,spring onions,vegetable oil,10,0.001001201441730076
7076,carrots | celery | leek,3,carrots,celery,leek,10,0.001001201441730076
7077,carrots | celery | rosemary,3,carrots,celery,rosemary,10,0.001001201441730076
7078,carrots | celery | sunflower oil,3,carrots,celery,sunflower oil,10,0.001001201441730076
7079,carrots | celery | vegetable bouillon powder,3,carrots,celery,vegetable bouillon powder,10,0.001001201441730076
7080,carrots | celery | worcestershire sauce,3,carrots,celery,worcestershire sauce,10,0.001001201441730076
7081,carrots | chestnut mushrooms | garlic,3,carrots,chestnut mushrooms,garlic,10,0.001001201441730076
7082,carrots | chickpeas | olive oil,3,carrots,chickpeas,olive oil,10,0.001001201441730076
7083,carrots | coriander | ground cumin,3,carrots,coriander,ground cumin,10,0.001001201441730076
7084,carrots | coriander | spring onions,3,carrots,coriander,spring onions,10,0.001001201441730076
7085,carrots | dried oregano | olive oil,3,carrots,dried oregano,olive oil,10,0.001001201441730076
7086,carrots | dried porcini mushrooms | garlic,3,carrots,dried porcini mushrooms,garlic,10,0.001001201441730076
7087,carrots | garlic | honey,3,carrots,garlic,honey,10,0.001001201441730076
7088,carrots | garlic | leek,3,carrots,garlic,leek,10,0.001001201441730076
7089,carrots | garlic | red wine vinegar,3,carrots,garlic,red wine vinegar,10,0.001001201441730076
7090,carrots | garlic | tomatoes,3,carrots,garlic,tomatoes,10,0.001001201441730076
7091,carrots | ginger | onion,3,carrots,ginger,onion,10,0.001001201441730076
7092,carrots | honey | olive oil,3,carrots,honey,olive oil,10,0.001001201441730076
7093,carrots | lemon | onions,3,carrots,lemon,onions,10,0.001001201441730076
7094,carrots | lemon | red onion,3,carrots,lemon,red onion,10,0.001001201441730076
7095,carrots | lime | spring onions,3,carrots,lime,spring onions,10,0.001001201441730076
7096,carrots | milk | tomato purée,3,carrots,milk,tomato purée,10,0.001001201441730076
7097,carrots | olive oil | red wine vinegar,3,carrots,olive oil,red wine vinegar,10,0.001001201441730076
7098,carrots | olive oil | smoked paprika,3,carrots,olive oil,smoked paprika,10,0.001001201441730076
7099,carrots | onion | parsnips,3,carrots,onion,parsnips,10,0.001001201441730076
7100,carrots | onion | soy sauce,3,carrots,onion,soy sauce,10,0.001001201441730076
7101,carrots | parsley | rapeseed oil,3,carrots,parsley,rapeseed oil,10,0.001001201441730076
7102,carrots | parsnips | plain flour,3,carrots,parsnips,plain flour,10,0.001001201441730076
7103,carrots | sunflower oil | thyme,3,carrots,sunflower oil,thyme,10,0.001001201441730076
7104,caster sugar | chopped tomatoes | olive oil,3,caster sugar,chopped tomatoes,olive oil,10,0.001001201441730076
7105,caster sugar | cinnamon | vanilla extract,3,caster sugar,cinnamon,vanilla extract,10,0.001001201441730076
7106,caster sugar | cocoa powder | cornflour,3,caster sugar,cocoa powder,cornflour,10,0.001001201441730076
7107,caster sugar | cornflour | self-raising flour,3,caster sugar,cornflour,self-raising flour,10,0.001001201441730076
7108,caster sugar | dark chocolate | egg yolks,3,caster sugar,dark chocolate,egg yolks,10,0.001001201441730076
7109,caster sugar | dark chocolate | golden syrup,3,caster sugar,dark chocolate,golden syrup,10,0.001001201441730076
7110,caster sugar | desiccated coconut | eggs,3,caster sugar,desiccated coconut,eggs,10,0.001001201441730076
7111,caster sugar | desiccated coconut | plain flour,3,caster sugar,desiccated coconut,plain flour,10,0.001001201441730076
7112,caster sugar | desiccated coconut | vanilla extract,3,caster sugar,desiccated coconut,vanilla extract,10,0.001001201441730076
7113,caster sugar | double cream | golden caster sugar,3,caster sugar,double cream,golden caster sugar,10,0.001001201441730076
7114,caster sugar | egg whites | eggs,3,caster sugar,egg whites,eggs,10,0.001001201441730076
7115,caster sugar | egg yolks | eggs,3,caster sugar,egg yolks,eggs,10,0.001001201441730076
7116,caster sugar | egg yolks | lemon,3,caster sugar,egg yolks,lemon,10,0.001001201441730076
7117,caster sugar | egg | lemon,3,caster sugar,egg,lemon,10,0.001001201441730076
7118,caster sugar | egg | strong white bread flour,3,caster sugar,egg,strong white bread flour,10,0.001001201441730076
7119,caster sugar | eggs | fast-action dried yeast,3,caster sugar,eggs,fast-action dried yeast,10,0.001001201441730076
7120,caster sugar | eggs | garlic,3,caster sugar,eggs,garlic,10,0.001001201441730076
7121,caster sugar | full-fat soft cheese | unsalted butter,3,caster sugar,full-fat soft cheese,unsalted butter,10,0.001001201441730076
7122,caster sugar | garlic | red onion,3,caster sugar,garlic,red onion,10,0.001001201441730076
7123,caster sugar | garlic | sesame oil,3,caster sugar,garlic,sesame oil,10,0.001001201441730076
7124,caster sugar | garlic | strong white bread flour,3,caster sugar,garlic,strong white bread flour,10,0.001001201441730076
7125,caster sugar | garlic | tomato purée,3,caster sugar,garlic,tomato purée,10,0.001001201441730076
7126,caster sugar | garlic | tomatoes,3,caster sugar,garlic,tomatoes,10,0.001001201441730076
7127,caster sugar | golden caster sugar | vanilla extract,3,caster sugar,golden caster sugar,vanilla extract,10,0.001001201441730076
7128,caster sugar | milk | vanilla paste,3,caster sugar,milk,vanilla paste,10,0.001001201441730076
7129,caster sugar | olive oil | plain flour,3,caster sugar,olive oil,plain flour,10,0.001001201441730076
7130,caster sugar | olive oil | red onion,3,caster sugar,olive oil,red onion,10,0.001001201441730076
7131,caster sugar | orange | vanilla extract,3,caster sugar,orange,vanilla extract,10,0.001001201441730076
7132,caster sugar | pistachios | vanilla extract,3,caster sugar,pistachios,vanilla extract,10,0.001001201441730076
7133,caster sugar | plain flour | soft cheese,3,caster sugar,plain flour,soft cheese,10,0.001001201441730076
7134,caster sugar | plain flour | sunflower oil,3,caster sugar,plain flour,sunflower oil,10,0.001001201441730076
7135,caster sugar | plain flour | vanilla paste,3,caster sugar,plain flour,vanilla paste,10,0.001001201441730076
7136,caster sugar | raspberries | vanilla extract,3,caster sugar,raspberries,vanilla extract,10,0.001001201441730076
7137,caster sugar | strong white bread flour | whole milk,3,caster sugar,strong white bread flour,whole milk,10,0.001001201441730076
7138,cauliflower | ground coriander | ground cumin,3,cauliflower,ground coriander,ground cumin,10,0.001001201441730076
7139,cauliflower | ground cumin | olive oil,3,cauliflower,ground cumin,olive oil,10,0.001001201441730076
7140,cauliflower | olive oil | parsley,3,cauliflower,olive oil,parsley,10,0.001001201441730076
7141,cayenne pepper | garlic | red onion,3,cayenne pepper,garlic,red onion,10,0.001001201441730076
7142,cayenne pepper | garlic | tomatoes,3,cayenne pepper,garlic,tomatoes,10,0.001001201441730076
7143,cayenne pepper | ground cumin | red onion,3,cayenne pepper,ground cumin,red onion,10,0.001001201441730076
7144,cayenne pepper | mustard powder | plain flour,3,cayenne pepper,mustard powder,plain flour,10,0.001001201441730076
7145,celery | chopped tomatoes | dried oregano,3,celery,chopped tomatoes,dried oregano,10,0.001001201441730076
7146,celery | coriander | garlic,3,celery,coriander,garlic,10,0.001001201441730076
7147,celery | dried oregano | onion,3,celery,dried oregano,onion,10,0.001001201441730076
7148,celery | dried oregano | smoked paprika,3,celery,dried oregano,smoked paprika,10,0.001001201441730076
7149,celery | dried oregano | tomato purée,3,celery,dried oregano,tomato purée,10,0.001001201441730076
7150,celery | dried porcini mushrooms | garlic,3,celery,dried porcini mushrooms,garlic,10,0.001001201441730076
7151,celery | flat-leaf parsley | garlic,3,celery,flat-leaf parsley,garlic,10,0.001001201441730076
7152,celery | garlic | leek,3,celery,garlic,leek,10,0.001001201441730076
7153,celery | garlic | leeks,3,celery,garlic,leeks,10,0.001001201441730076
7154,celery | ground cumin | olive oil,3,celery,ground cumin,olive oil,10,0.001001201441730076
7155,celery | ground cumin | onion,3,celery,ground cumin,onion,10,0.001001201441730076
7156,celery | lemon | parsley,3,celery,lemon,parsley,10,0.001001201441730076
7157,celery | olive oil | red onion,3,celery,olive oil,red onion,10,0.001001201441730076
7158,celery | olive oil | white wine,3,celery,olive oil,white wine,10,0.001001201441730076
7159,celery | onion | smoked paprika,3,celery,onion,smoked paprika,10,0.001001201441730076
7160,celery | parmesan | red wine,3,celery,parmesan,red wine,10,0.001001201441730076
7161,celery | parmesan | rosemary,3,celery,parmesan,rosemary,10,0.001001201441730076
7162,celery | rapeseed oil | smoked paprika,3,celery,rapeseed oil,smoked paprika,10,0.001001201441730076
7163,celery | red wine | thyme,3,celery,red wine,thyme,10,0.001001201441730076
7164,cheddar | milk | plain flour,3,cheddar,milk,plain flour,10,0.001001201441730076
7165,cheddar | olive oil | onion,3,cheddar,olive oil,onion,10,0.001001201441730076
7166,cheddar | olive oil | plain flour,3,cheddar,olive oil,plain flour,10,0.001001201441730076
7167,cheddar | parmesan | plain flour,3,cheddar,parmesan,plain flour,10,0.001001201441730076
7168,cherry tomatoes | coriander | rapeseed oil,3,cherry tomatoes,coriander,rapeseed oil,10,0.001001201441730076
7169,cherry tomatoes | crusty bread | olive oil,3,cherry tomatoes,crusty bread,olive oil,10,0.001001201441730076
7170,cherry tomatoes | cumin seeds | garlic,3,cherry tomatoes,cumin seeds,garlic,10,0.001001201441730076
7171,cherry tomatoes | extra virgin olive oil | lemon,3,cherry tomatoes,extra virgin olive oil,lemon,10,0.001001201441730076
7172,cherry tomatoes | garlic | lime,3,cherry tomatoes,garlic,lime,10,0.001001201441730076
7173,cherry tomatoes | garlic | red onions,3,cherry tomatoes,garlic,red onions,10,0.001001201441730076
7174,cherry tomatoes | lemon | parsley,3,cherry tomatoes,lemon,parsley,10,0.001001201441730076
7175,cherry tomatoes | rapeseed oil | red onion,3,cherry tomatoes,rapeseed oil,red onion,10,0.001001201441730076
7176,cherry tomatoes | rapeseed oil | vegetable bouillon powder,3,cherry tomatoes,rapeseed oil,vegetable bouillon powder,10,0.001001201441730076
7177,chestnut mushrooms | olive oil | thyme,3,chestnut mushrooms,olive oil,thyme,10,0.001001201441730076
7178,chestnut mushrooms | olive oil | tomato purée,3,chestnut mushrooms,olive oil,tomato purée,10,0.001001201441730076
7179,chestnut mushrooms | olive oil | vegetable stock,3,chestnut mushrooms,olive oil,vegetable stock,10,0.001001201441730076
7180,chicken breasts | chicken stock | onion,3,chicken breasts,chicken stock,onion,10,0.001001201441730076
7181,chicken breasts | eggs | plain flour,3,chicken breasts,eggs,plain flour,10,0.001001201441730076
7182,chicken breasts | garlic | plain flour,3,chicken breasts,garlic,plain flour,10,0.001001201441730076
7183,chicken breasts | garlic | spring onions,3,chicken breasts,garlic,spring onions,10,0.001001201441730076
7184,chicken stock | chilli flakes | garlic,3,chicken stock,chilli flakes,garlic,10,0.001001201441730076
7185,chicken stock | coriander | onion,3,chicken stock,coriander,onion,10,0.001001201441730076
7186,chicken stock | double cream | onion,3,chicken stock,double cream,onion,10,0.001001201441730076
7187,chicken stock | double cream | parmesan,3,chicken stock,double cream,parmesan,10,0.001001201441730076
7188,chicken stock | double cream | white wine,3,chicken stock,double cream,white wine,10,0.001001201441730076
7189,chicken stock | frozen peas | garlic,3,chicken stock,frozen peas,garlic,10,0.001001201441730076
7190,chicken stock | garlic | ground cinnamon,3,chicken stock,garlic,ground cinnamon,10,0.001001201441730076
7191,chicken stock | garlic | ground coriander,3,chicken stock,garlic,ground coriander,10,0.001001201441730076
7192,chicken stock | garlic | saffron,3,chicken stock,garlic,saffron,10,0.001001201441730076
7193,chicken stock | garlic | turmeric,3,chicken stock,garlic,turmeric,10,0.001001201441730076
7194,chicken stock | ginger | ground cumin,3,chicken stock,ginger,ground cumin,10,0.001001201441730076
7195,chicken stock | ginger | sunflower oil,3,chicken stock,ginger,sunflower oil,10,0.001001201441730076
7196,chicken stock | ginger | vegetable oil,3,chicken stock,ginger,vegetable oil,10,0.001001201441730076
7197,chicken stock | ground coriander | ground cumin,3,chicken stock,ground coriander,ground cumin,10,0.001001201441730076
7198,chicken stock | olive oil | rosemary,3,chicken stock,olive oil,rosemary,10,0.001001201441730076
7199,chicken stock | olive oil | smoked paprika,3,chicken stock,olive oil,smoked paprika,10,0.001001201441730076
7200,chicken stock | parmesan | parsley,3,chicken stock,parmesan,parsley,10,0.001001201441730076
7201,chicken stock | parsley | plain flour,3,chicken stock,parsley,plain flour,10,0.001001201441730076
7202,chicken stock | parsley | thyme,3,chicken stock,parsley,thyme,10,0.001001201441730076
7203,chicken stock | soy sauce | spring onions,3,chicken stock,soy sauce,spring onions,10,0.001001201441730076
7204,chickpeas | chopped tomatoes | ginger,3,chickpeas,chopped tomatoes,ginger,10,0.001001201441730076
7205,chickpeas | chopped tomatoes | ground cumin,3,chickpeas,chopped tomatoes,ground cumin,10,0.001001201441730076
7206,chickpeas | cucumber | red onion,3,chickpeas,cucumber,red onion,10,0.001001201441730076
7207,chickpeas | cumin seeds | red onion,3,chickpeas,cumin seeds,red onion,10,0.001001201441730076
7208,chickpeas | garam masala | ground coriander,3,chickpeas,garam masala,ground coriander,10,0.001001201441730076
7209,chickpeas | garlic | ground cinnamon,3,chickpeas,garlic,ground cinnamon,10,0.001001201441730076
7210,chickpeas | garlic | lime,3,chickpeas,garlic,lime,10,0.001001201441730076
7211,chickpeas | garlic | mint leaves,3,chickpeas,garlic,mint leaves,10,0.001001201441730076
7212,chickpeas | garlic | pomegranate seeds,3,chickpeas,garlic,pomegranate seeds,10,0.001001201441730076
7213,chickpeas | garlic | vegetable oil,3,chickpeas,garlic,vegetable oil,10,0.001001201441730076
7214,chickpeas | ground cinnamon | ground cumin,3,chickpeas,ground cinnamon,ground cumin,10,0.001001201441730076
7215,chickpeas | ground coriander | tomato purée,3,chickpeas,ground coriander,tomato purée,10,0.001001201441730076
7216,chickpeas | ground coriander | tomatoes,3,chickpeas,ground coriander,tomatoes,10,0.001001201441730076
7217,chickpeas | ground coriander | turmeric,3,chickpeas,ground coriander,turmeric,10,0.001001201441730076
7218,chickpeas | lemon | red chilli,3,chickpeas,lemon,red chilli,10,0.001001201441730076
7219,chickpeas | olive oil | tahini,3,chickpeas,olive oil,tahini,10,0.001001201441730076
7220,chickpeas | olive oil | tomatoes,3,chickpeas,olive oil,tomatoes,10,0.001001201441730076
7221,chilli flakes | chopped tomatoes | parmesan,3,chilli flakes,chopped tomatoes,parmesan,10,0.001001201441730076
7222,chilli flakes | chopped tomatoes | parsley,3,chilli flakes,chopped tomatoes,parsley,10,0.001001201441730076
7223,chilli flakes | coriander | lime,3,chilli flakes,coriander,lime,10,0.001001201441730076
7224,chilli flakes | coriander | olive oil,3,chilli flakes,coriander,olive oil,10,0.001001201441730076
7225,chilli flakes | coriander | onion,3,chilli flakes,coriander,onion,10,0.001001201441730076
7226,chilli flakes | courgettes | garlic,3,chilli flakes,courgettes,garlic,10,0.001001201441730076
7227,chilli flakes | fennel seeds | lemon,3,chilli flakes,fennel seeds,lemon,10,0.001001201441730076
7228,chilli flakes | garlic | milk,3,chilli flakes,garlic,milk,10,0.001001201441730076
7229,chilli flakes | garlic | passata,3,chilli flakes,garlic,passata,10,0.001001201441730076
7230,chilli flakes | garlic | turmeric,3,chilli flakes,garlic,turmeric,10,0.001001201441730076
7231,chilli flakes | ginger | onion,3,chilli flakes,ginger,onion,10,0.001001201441730076
7232,chilli flakes | olive oil | smoked paprika,3,chilli flakes,olive oil,smoked paprika,10,0.001001201441730076
7233,chilli flakes | olive oil | spinach,3,chilli flakes,olive oil,spinach,10,0.001001201441730076
7234,chilli flakes | olive oil | white wine,3,chilli flakes,olive oil,white wine,10,0.001001201441730076
7235,chilli flakes | parmesan | tomato purée,3,chilli flakes,parmesan,tomato purée,10,0.001001201441730076
7236,chilli flakes | sesame oil | soy sauce,3,chilli flakes,sesame oil,soy sauce,10,0.001001201441730076
7237,chilli flakes | sesame oil | spring onions,3,chilli flakes,sesame oil,spring onions,10,0.001001201441730076
7238,chilli powder | garam masala | ground coriander,3,chilli powder,garam masala,ground coriander,10,0.001001201441730076
7239,chilli powder | garlic | green chillies,3,chilli powder,garlic,green chillies,10,0.001001201441730076
7240,chilli powder | garlic | smoked paprika,3,chilli powder,garlic,smoked paprika,10,0.001001201441730076
7241,chilli powder | ginger | vegetable oil,3,chilli powder,ginger,vegetable oil,10,0.001001201441730076
7242,chilli powder | ground coriander | ground turmeric,3,chilli powder,ground coriander,ground turmeric,10,0.001001201441730076
7243,chilli powder | ground coriander | onions,3,chilli powder,ground coriander,onions,10,0.001001201441730076
7244,chilli powder | ground coriander | turmeric,3,chilli powder,ground coriander,turmeric,10,0.001001201441730076
7245,chilli powder | ground coriander | vegetable oil,3,chilli powder,ground coriander,vegetable oil,10,0.001001201441730076
7246,chilli powder | ground cumin | red onion,3,chilli powder,ground cumin,red onion,10,0.001001201441730076
7247,chilli powder | ground cumin | turmeric,3,chilli powder,ground cumin,turmeric,10,0.001001201441730076
7248,chilli powder | ground cumin | vegetable oil,3,chilli powder,ground cumin,vegetable oil,10,0.001001201441730076
7249,chilli powder | olive oil | onion,3,chilli powder,olive oil,onion,10,0.001001201441730076
7250,chinese five-spice powder | cornflour | spring onions,3,chinese five-spice powder,cornflour,spring onions,10,0.001001201441730076
7251,chinese five-spice powder | garlic | red chilli,3,chinese five-spice powder,garlic,red chilli,10,0.001001201441730076
7252,chipotle paste | garlic | tomato purée,3,chipotle paste,garlic,tomato purée,10,0.001001201441730076
7253,chipotle paste | garlic | vegetable oil,3,chipotle paste,garlic,vegetable oil,10,0.001001201441730076
7254,chipotle paste | ground coriander | ground cumin,3,chipotle paste,ground coriander,ground cumin,10,0.001001201441730076
7255,chives | dijon mustard | olive oil,3,chives,dijon mustard,olive oil,10,0.001001201441730076
7256,chives | dill | lemon,3,chives,dill,lemon,10,0.001001201441730076
7257,chives | olive oil | parsley,3,chives,olive oil,parsley,10,0.001001201441730076
7258,chives | olive oil | spring onions,3,chives,olive oil,spring onions,10,0.001001201441730076
7259,chives | plain flour | whole milk,3,chives,plain flour,whole milk,10,0.001001201441730076
7260,chocolate chips | eggs | self-raising flour,3,chocolate chips,eggs,self-raising flour,10,0.001001201441730076
7261,chopped tomatoes | cinnamon | olive oil,3,chopped tomatoes,cinnamon,olive oil,10,0.001001201441730076
7262,chopped tomatoes | coriander | vegetable bouillon powder,3,chopped tomatoes,coriander,vegetable bouillon powder,10,0.001001201441730076
7263,chopped tomatoes | cumin seeds | tomato purée,3,chopped tomatoes,cumin seeds,tomato purée,10,0.001001201441730076
7264,chopped tomatoes | dried oregano | parmesan,3,chopped tomatoes,dried oregano,parmesan,10,0.001001201441730076
7265,chopped tomatoes | egg | olive oil,3,chopped tomatoes,egg,olive oil,10,0.001001201441730076
7266,chopped tomatoes | extra virgin olive oil | onion,3,chopped tomatoes,extra virgin olive oil,onion,10,0.001001201441730076
7267,chopped tomatoes | fennel seeds | olive oil,3,chopped tomatoes,fennel seeds,olive oil,10,0.001001201441730076
7268,chopped tomatoes | fresh breadcrumbs | garlic,3,chopped tomatoes,fresh breadcrumbs,garlic,10,0.001001201441730076
7269,chopped tomatoes | fresh breadcrumbs | olive oil,3,chopped tomatoes,fresh breadcrumbs,olive oil,10,0.001001201441730076
7270,chopped tomatoes | garlic | paprika,3,chopped tomatoes,garlic,paprika,10,0.001001201441730076
7271,chopped tomatoes | ginger | ground cumin,3,chopped tomatoes,ginger,ground cumin,10,0.001001201441730076
7272,chopped tomatoes | ginger | rapeseed oil,3,chopped tomatoes,ginger,rapeseed oil,10,0.001001201441730076
7273,chopped tomatoes | ginger | red chilli,3,chopped tomatoes,ginger,red chilli,10,0.001001201441730076
7274,chopped tomatoes | ginger | turmeric,3,chopped tomatoes,ginger,turmeric,10,0.001001201441730076
7275,chopped tomatoes | ground cinnamon | ground coriander,3,chopped tomatoes,ground cinnamon,ground coriander,10,0.001001201441730076
7276,chopped tomatoes | ground cinnamon | olive oil,3,chopped tomatoes,ground cinnamon,olive oil,10,0.001001201441730076
7277,chopped tomatoes | ground cinnamon | onions,3,chopped tomatoes,ground cinnamon,onions,10,0.001001201441730076
7278,chopped tomatoes | ground cumin | rapeseed oil,3,chopped tomatoes,ground cumin,rapeseed oil,10,0.001001201441730076
7279,chopped tomatoes | ground cumin | red pepper,3,chopped tomatoes,ground cumin,red pepper,10,0.001001201441730076
7280,chopped tomatoes | milk | parmesan,3,chopped tomatoes,milk,parmesan,10,0.001001201441730076
7281,chopped tomatoes | mozzarella | tomato purée,3,chopped tomatoes,mozzarella,tomato purée,10,0.001001201441730076
7282,chopped tomatoes | onion | red wine,3,chopped tomatoes,onion,red wine,10,0.001001201441730076
7283,chopped tomatoes | onion | turmeric,3,chopped tomatoes,onion,turmeric,10,0.001001201441730076
7284,chopped tomatoes | onion | vegetable stock,3,chopped tomatoes,onion,vegetable stock,10,0.001001201441730076
7285,chopped tomatoes | rapeseed oil | red chilli,3,chopped tomatoes,rapeseed oil,red chilli,10,0.001001201441730076
7286,chopped tomatoes | rapeseed oil | smoked paprika,3,chopped tomatoes,rapeseed oil,smoked paprika,10,0.001001201441730076
7287,chopped tomatoes | smoked paprika | vegetable bouillon powder,3,chopped tomatoes,smoked paprika,vegetable bouillon powder,10,0.001001201441730076
7288,chopped tomatoes | tomato purée | vegetable oil,3,chopped tomatoes,tomato purée,vegetable oil,10,0.001001201441730076
7289,ciabatta | garlic | olive oil,3,ciabatta,garlic,olive oil,10,0.001001201441730076
7290,cider vinegar | garlic | ground cumin,3,cider vinegar,garlic,ground cumin,10,0.001001201441730076
7291,cider vinegar | garlic | smoked paprika,3,cider vinegar,garlic,smoked paprika,10,0.001001201441730076
7292,cinnamon | coriander leaves | garlic,3,cinnamon,coriander leaves,garlic,10,0.001001201441730076
7293,cinnamon | coriander seeds | garlic,3,cinnamon,coriander seeds,garlic,10,0.001001201441730076
7294,cinnamon | coriander | onions,3,cinnamon,coriander,onions,10,0.001001201441730076
7295,cinnamon | cumin | garlic,3,cinnamon,cumin,garlic,10,0.001001201441730076
7296,cinnamon | eggs | milk,3,cinnamon,eggs,milk,10,0.001001201441730076
7297,cinnamon | eggs | unsalted butter,3,cinnamon,eggs,unsalted butter,10,0.001001201441730076
7298,cinnamon | garam masala | ginger,3,cinnamon,garam masala,ginger,10,0.001001201441730076
7299,cinnamon | garlic | sunflower oil,3,cinnamon,garlic,sunflower oil,10,0.001001201441730076
7300,cinnamon | ginger | red chilli,3,cinnamon,ginger,red chilli,10,0.001001201441730076
7301,cinnamon | golden caster sugar | unsalted butter,3,cinnamon,golden caster sugar,unsalted butter,10,0.001001201441730076
7302,cinnamon | ground coriander | ground turmeric,3,cinnamon,ground coriander,ground turmeric,10,0.001001201441730076
7303,cinnamon | ground cumin | turmeric,3,cinnamon,ground cumin,turmeric,10,0.001001201441730076
7304,cinnamon | onion | tomato purée,3,cinnamon,onion,tomato purée,10,0.001001201441730076
7305,cinnamon | onion | turmeric,3,cinnamon,onion,turmeric,10,0.001001201441730076
7306,cinnamon | onions | tomatoes,3,cinnamon,onions,tomatoes,10,0.001001201441730076
7307,cinnamon | onions | vegetable oil,3,cinnamon,onions,vegetable oil,10,0.001001201441730076
7308,cloves | ginger | star anise,3,cloves,ginger,star anise,10,0.001001201441730076
7309,cocoa powder | cornflour | dark chocolate,3,cocoa powder,cornflour,dark chocolate,10,0.001001201441730076
7310,cocoa powder | cornflour | eggs,3,cocoa powder,cornflour,eggs,10,0.001001201441730076
7311,cocoa powder | dark chocolate | white chocolate,3,cocoa powder,dark chocolate,white chocolate,10,0.001001201441730076
7312,cocoa powder | egg | self-raising flour,3,cocoa powder,egg,self-raising flour,10,0.001001201441730076
7313,cocoa powder | eggs | whole milk,3,cocoa powder,eggs,whole milk,10,0.001001201441730076
7314,cocoa powder | golden caster sugar | light brown soft sugar,3,cocoa powder,golden caster sugar,light brown soft sugar,10,0.001001201441730076
7315,cocoa powder | golden caster sugar | milk chocolate,3,cocoa powder,golden caster sugar,milk chocolate,10,0.001001201441730076
7316,cocoa powder | golden caster sugar | white chocolate,3,cocoa powder,golden caster sugar,white chocolate,10,0.001001201441730076
7317,cocoa powder | salted butter | self-raising flour,3,cocoa powder,salted butter,self-raising flour,10,0.001001201441730076
7318,cocoa powder | self-raising flour | vegetable oil,3,cocoa powder,self-raising flour,vegetable oil,10,0.001001201441730076
7319,cocoa | double cream | eggs,3,cocoa,double cream,eggs,10,0.001001201441730076
7320,coconut milk | curry leaves | garlic,3,coconut milk,curry leaves,garlic,10,0.001001201441730076
7321,coconut milk | fish sauce | lime leaves,3,coconut milk,fish sauce,lime leaves,10,0.001001201441730076
7322,coconut milk | fish sauce | limes,3,coconut milk,fish sauce,limes,10,0.001001201441730076
7323,coconut milk | garlic | green chilli,3,coconut milk,garlic,green chilli,10,0.001001201441730076
7324,coconut milk | garlic | soy sauce,3,coconut milk,garlic,soy sauce,10,0.001001201441730076
7325,coconut milk | garlic | spring onions,3,coconut milk,garlic,spring onions,10,0.001001201441730076
7326,coconut milk | garlic | tomato purée,3,coconut milk,garlic,tomato purée,10,0.001001201441730076
7327,coconut milk | ginger | spring onions,3,coconut milk,ginger,spring onions,10,0.001001201441730076
7328,coconut milk | ground cumin | ground turmeric,3,coconut milk,ground cumin,ground turmeric,10,0.001001201441730076
7329,coconut milk | onion | rice,3,coconut milk,onion,rice,10,0.001001201441730076
7330,coconut milk | red chilli | vegetable oil,3,coconut milk,red chilli,vegetable oil,10,0.001001201441730076
7331,coconut oil | garlic | ginger,3,coconut oil,garlic,ginger,10,0.001001201441730076
7332,coconut yogurt | garlic | ginger,3,coconut yogurt,garlic,ginger,10,0.001001201441730076
7333,cold butter | double cream | egg yolks,3,cold butter,double cream,egg yolks,10,0.001001201441730076
7334,cold butter | golden caster sugar | icing sugar,3,cold butter,golden caster sugar,icing sugar,10,0.001001201441730076
7335,cold butter | ground almonds | plain flour,3,cold butter,ground almonds,plain flour,10,0.001001201441730076
7336,cold butter | icing sugar | vanilla extract,3,cold butter,icing sugar,vanilla extract,10,0.001001201441730076
7337,coriander leaves | garlic | green chillies,3,coriander leaves,garlic,green chillies,10,0.001001201441730076
7338,coriander leaves | garlic | limes,3,coriander leaves,garlic,limes,10,0.001001201441730076
7339,coriander leaves | ginger | ground coriander,3,coriander leaves,ginger,ground coriander,10,0.001001201441730076
7340,coriander leaves | ginger | ground cumin,3,coriander leaves,ginger,ground cumin,10,0.001001201441730076
7341,coriander leaves | ginger | mint leaves,3,coriander leaves,ginger,mint leaves,10,0.001001201441730076
7342,coriander leaves | green chilli | red onion,3,coriander leaves,green chilli,red onion,10,0.001001201441730076
7343,coriander leaves | ground coriander | onions,3,coriander leaves,ground coriander,onions,10,0.001001201441730076
7344,coriander leaves | ground cumin | olive oil,3,coriander leaves,ground cumin,olive oil,10,0.001001201441730076
7345,coriander leaves | mint leaves | red chilli,3,coriander leaves,mint leaves,red chilli,10,0.001001201441730076
7346,coriander leaves | onion | tomato purée,3,coriander leaves,onion,tomato purée,10,0.001001201441730076
7347,coriander leaves | sesame oil | soy sauce,3,coriander leaves,sesame oil,soy sauce,10,0.001001201441730076
7348,coriander seeds | cumin seeds | green chilli,3,coriander seeds,cumin seeds,green chilli,10,0.001001201441730076
7349,coriander seeds | extra virgin olive oil | garlic,3,coriander seeds,extra virgin olive oil,garlic,10,0.001001201441730076
7350,coriander seeds | garlic | green chilli,3,coriander seeds,garlic,green chilli,10,0.001001201441730076
7351,coriander seeds | garlic | red chilli,3,coriander seeds,garlic,red chilli,10,0.001001201441730076
7352,coriander seeds | garlic | tomatoes,3,coriander seeds,garlic,tomatoes,10,0.001001201441730076
7353,coriander seeds | ginger | lime,3,coriander seeds,ginger,lime,10,0.001001201441730076
7354,coriander seeds | ginger | turmeric,3,coriander seeds,ginger,turmeric,10,0.001001201441730076
7355,coriander seeds | olive oil | onion,3,coriander seeds,olive oil,onion,10,0.001001201441730076
7356,coriander | cucumber | olive oil,3,coriander,cucumber,olive oil,10,0.001001201441730076
7357,coriander | cucumber | rapeseed oil,3,coriander,cucumber,rapeseed oil,10,0.001001201441730076
7358,coriander | cumin seeds | mint,3,coriander,cumin seeds,mint,10,0.001001201441730076
7359,coriander | cumin seeds | smoked paprika,3,coriander,cumin seeds,smoked paprika,10,0.001001201441730076
7360,coriander | double cream | garlic,3,coriander,double cream,garlic,10,0.001001201441730076
7361,coriander | dried oregano | olive oil,3,coriander,dried oregano,olive oil,10,0.001001201441730076
7362,coriander | egg | vegetable oil,3,coriander,egg,vegetable oil,10,0.001001201441730076
7363,coriander | eggs | ground cumin,3,coriander,eggs,ground cumin,10,0.001001201441730076
7364,coriander | eggs | vegetable oil,3,coriander,eggs,vegetable oil,10,0.001001201441730076
7365,coriander | extra virgin olive oil | ground cumin,3,coriander,extra virgin olive oil,ground cumin,10,0.001001201441730076
7366,coriander | fish sauce | ginger,3,coriander,fish sauce,ginger,10,0.001001201441730076
7367,coriander | garam masala | natural yogurt,3,coriander,garam masala,natural yogurt,10,0.001001201441730076
7368,coriander | garam masala | red onion,3,coriander,garam masala,red onion,10,0.001001201441730076
7369,coriander | garlic | green beans,3,coriander,garlic,green beans,10,0.001001201441730076
7370,coriander | garlic | rice,3,coriander,garlic,rice,10,0.001001201441730076
7371,coriander | garlic | sesame seeds,3,coriander,garlic,sesame seeds,10,0.001001201441730076
7372,coriander | garlic | tahini,3,coriander,garlic,tahini,10,0.001001201441730076
7373,coriander | garlic | tomato,3,coriander,garlic,tomato,10,0.001001201441730076
7374,coriander | ginger | greek yogurt,3,coriander,ginger,greek yogurt,10,0.001001201441730076
7375,coriander | ginger | mint leaves,3,coriander,ginger,mint leaves,10,0.001001201441730076
7376,coriander | ginger | natural yogurt,3,coriander,ginger,natural yogurt,10,0.001001201441730076
7377,coriander | green chilli | ground coriander,3,coriander,green chilli,ground coriander,10,0.001001201441730076
7378,coriander | green chilli | lemon,3,coriander,green chilli,lemon,10,0.001001201441730076
7379,coriander | green chilli | lime,3,coriander,green chilli,lime,10,0.001001201441730076
7380,coriander | green chillies | onion,3,coriander,green chillies,onion,10,0.001001201441730076
7381,coriander | ground cumin | red onions,3,coriander,ground cumin,red onions,10,0.001001201441730076
7382,coriander | honey | lime,3,coriander,honey,lime,10,0.001001201441730076
7383,coriander | honey | soy sauce,3,coriander,honey,soy sauce,10,0.001001201441730076
7384,coriander | lime | plain flour,3,coriander,lime,plain flour,10,0.001001201441730076
7385,coriander | lime | sweetcorn,3,coriander,lime,sweetcorn,10,0.001001201441730076
7386,coriander | limes | smoked paprika,3,coriander,limes,smoked paprika,10,0.001001201441730076
7387,coriander | mayonnaise | spring onions,3,coriander,mayonnaise,spring onions,10,0.001001201441730076
7388,coriander | natural yogurt | olive oil,3,coriander,natural yogurt,olive oil,10,0.001001201441730076
7389,coriander | olive oil | soured cream,3,coriander,olive oil,soured cream,10,0.001001201441730076
7390,coriander | onion | red onion,3,coriander,onion,red onion,10,0.001001201441730076
7391,coriander | onion | red pepper,3,coriander,onion,red pepper,10,0.001001201441730076
7392,coriander | onion | smoked paprika,3,coriander,onion,smoked paprika,10,0.001001201441730076
7393,coriander | onion | vegetable stock,3,coriander,onion,vegetable stock,10,0.001001201441730076
7394,coriander | red chilli | smoked paprika,3,coriander,red chilli,smoked paprika,10,0.001001201441730076
7395,coriander | red chillies | spring onions,3,coriander,red chillies,spring onions,10,0.001001201441730076
7396,coriander | red onion | tomato purée,3,coriander,red onion,tomato purée,10,0.001001201441730076
7397,coriander | smoked paprika | tomatoes,3,coriander,smoked paprika,tomatoes,10,0.001001201441730076
7398,cornflour | double cream | white wine vinegar,3,cornflour,double cream,white wine vinegar,10,0.001001201441730076
7399,cornflour | egg whites | lemon,3,cornflour,egg whites,lemon,10,0.001001201441730076
7400,cornflour | egg yolks | unsalted butter,3,cornflour,egg yolks,unsalted butter,10,0.001001201441730076
7401,cornflour | egg | icing sugar,3,cornflour,egg,icing sugar,10,0.001001201441730076
7402,cornflour | egg | self-raising flour,3,cornflour,egg,self-raising flour,10,0.001001201441730076
7403,cornflour | eggs | self-raising flour,3,cornflour,eggs,self-raising flour,10,0.001001201441730076
7404,cornflour | garlic | honey,3,cornflour,garlic,honey,10,0.001001201441730076
7405,cornflour | garlic | onions,3,cornflour,garlic,onions,10,0.001001201441730076
7406,cornflour | garlic | red pepper,3,cornflour,garlic,red pepper,10,0.001001201441730076
7407,cornflour | ginger | shaoxing rice wine,3,cornflour,ginger,shaoxing rice wine,10,0.001001201441730076
7408,cornflour | groundnut oil | spring onions,3,cornflour,groundnut oil,spring onions,10,0.001001201441730076
7409,cornflour | icing sugar | milk,3,cornflour,icing sugar,milk,10,0.001001201441730076
7410,cornflour | onion | vegetable oil,3,cornflour,onion,vegetable oil,10,0.001001201441730076
7411,cornflour | rapeseed oil | spring onions,3,cornflour,rapeseed oil,spring onions,10,0.001001201441730076
7412,cornflour | sesame oil | sesame seeds,3,cornflour,sesame oil,sesame seeds,10,0.001001201441730076
7413,cornflour | sesame seeds | spring onions,3,cornflour,sesame seeds,spring onions,10,0.001001201441730076
7414,cornflour | shaoxing rice wine | spring onions,3,cornflour,shaoxing rice wine,spring onions,10,0.001001201441730076
7415,courgette | garlic | red onion,3,courgette,garlic,red onion,10,0.001001201441730076
7416,courgettes | eggs | garlic,3,courgettes,eggs,garlic,10,0.001001201441730076
7417,courgettes | feta | olive oil,3,courgettes,feta,olive oil,10,0.001001201441730076
7418,courgettes | olive oil | plain flour,3,courgettes,olive oil,plain flour,10,0.001001201441730076
7419,cream cheese | eggs | golden caster sugar,3,cream cheese,eggs,golden caster sugar,10,0.001001201441730076
7420,crème fraîche | garlic | parsley,3,crème fraîche,garlic,parsley,10,0.001001201441730076
7421,crème fraîche | garlic | thyme,3,crème fraîche,garlic,thyme,10,0.001001201441730076
7422,cucumber | dill | garlic,3,cucumber,dill,garlic,10,0.001001201441730076
7423,cucumber | dill | olive oil,3,cucumber,dill,olive oil,10,0.001001201441730076
7424,cucumber | dried oregano | red onion,3,cucumber,dried oregano,red onion,10,0.001001201441730076
7425,cucumber | feta | lemon,3,cucumber,feta,lemon,10,0.001001201441730076
7426,cucumber | fish sauce | garlic,3,cucumber,fish sauce,garlic,10,0.001001201441730076
7427,cucumber | garlic | ground turmeric,3,cucumber,garlic,ground turmeric,10,0.001001201441730076
7428,cucumber | garlic | onions,3,cucumber,garlic,onions,10,0.001001201441730076
7429,cucumber | garlic | smoked paprika,3,cucumber,garlic,smoked paprika,10,0.001001201441730076
7430,cucumber | garlic | white wine vinegar,3,cucumber,garlic,white wine vinegar,10,0.001001201441730076
7431,cucumber | ginger | mint leaves,3,cucumber,ginger,mint leaves,10,0.001001201441730076
7432,cucumber | ginger | soy sauce,3,cucumber,ginger,soy sauce,10,0.001001201441730076
7433,cucumber | ginger | spring onions,3,cucumber,ginger,spring onions,10,0.001001201441730076
7434,cucumber | greek yogurt | lemon,3,cucumber,greek yogurt,lemon,10,0.001001201441730076
7435,cucumber | greek yogurt | olive oil,3,cucumber,greek yogurt,olive oil,10,0.001001201441730076
7436,cucumber | juice | spring onions,3,cucumber,juice,spring onions,10,0.001001201441730076
7437,cucumber | mint leaves | spring onions,3,cucumber,mint leaves,spring onions,10,0.001001201441730076
7438,cucumber | mint | red onion,3,cucumber,mint,red onion,10,0.001001201441730076
7439,cucumber | parsley | red onion,3,cucumber,parsley,red onion,10,0.001001201441730076
7440,cucumber | radishes | spring onions,3,cucumber,radishes,spring onions,10,0.001001201441730076
7441,cucumber | red chilli | red onion,3,cucumber,red chilli,red onion,10,0.001001201441730076
7442,cumin seeds | curry leaves | ginger,3,cumin seeds,curry leaves,ginger,10,0.001001201441730076
7443,cumin seeds | dried oregano | garlic,3,cumin seeds,dried oregano,garlic,10,0.001001201441730076
7444,cumin seeds | eggs | rapeseed oil,3,cumin seeds,eggs,rapeseed oil,10,0.001001201441730076
7445,cumin seeds | feta | lemon,3,cumin seeds,feta,lemon,10,0.001001201441730076
7446,cumin seeds | fresh coriander | garlic,3,cumin seeds,fresh coriander,garlic,10,0.001001201441730076
7447,cumin seeds | garlic | greek yogurt,3,cumin seeds,garlic,greek yogurt,10,0.001001201441730076
7448,cumin seeds | garlic | kashmiri chilli powder,3,cumin seeds,garlic,kashmiri chilli powder,10,0.001001201441730076
7449,cumin seeds | garlic | plain flour,3,cumin seeds,garlic,plain flour,10,0.001001201441730076
7450,cumin seeds | ginger | green chilli,3,cumin seeds,ginger,green chilli,10,0.001001201441730076
7451,cumin seeds | ginger | red onion,3,cumin seeds,ginger,red onion,10,0.001001201441730076
7452,cumin seeds | ginger | vegetable bouillon powder,3,cumin seeds,ginger,vegetable bouillon powder,10,0.001001201441730076
7453,cumin seeds | greek yogurt | lemon,3,cumin seeds,greek yogurt,lemon,10,0.001001201441730076
7454,cumin seeds | green chilli | onion,3,cumin seeds,green chilli,onion,10,0.001001201441730076
7455,cumin seeds | green chilli | turmeric,3,cumin seeds,green chilli,turmeric,10,0.001001201441730076
7456,cumin seeds | ground coriander | olive oil,3,cumin seeds,ground coriander,olive oil,10,0.001001201441730076
7457,cumin seeds | ground turmeric | rapeseed oil,3,cumin seeds,ground turmeric,rapeseed oil,10,0.001001201441730076
7458,cumin seeds | lemon | red onion,3,cumin seeds,lemon,red onion,10,0.001001201441730076
7459,cumin seeds | lime | rapeseed oil,3,cumin seeds,lime,rapeseed oil,10,0.001001201441730076
7460,cumin seeds | lime | red onion,3,cumin seeds,lime,red onion,10,0.001001201441730076
7461,cumin seeds | olive oil | red onion,3,cumin seeds,olive oil,red onion,10,0.001001201441730076
7462,cumin seeds | onion | tomatoes,3,cumin seeds,onion,tomatoes,10,0.001001201441730076
7463,cumin seeds | onions | tomatoes,3,cumin seeds,onions,tomatoes,10,0.001001201441730076
7464,cumin seeds | red chilli | red onion,3,cumin seeds,red chilli,red onion,10,0.001001201441730076
7465,cumin | garlic | ginger,3,cumin,garlic,ginger,10,0.001001201441730076
7466,cumin | garlic | olive oil,3,cumin,garlic,olive oil,10,0.001001201441730076
7467,currants | raisins | sultanas,3,currants,raisins,sultanas,10,0.001001201441730076
7468,curry leaves | garlic | onion,3,curry leaves,garlic,onion,10,0.001001201441730076
7469,curry powder | garlic | red onion,3,curry powder,garlic,red onion,10,0.001001201441730076
7470,curry powder | garlic | soy sauce,3,curry powder,garlic,soy sauce,10,0.001001201441730076
7471,curry powder | garlic | tomato purée,3,curry powder,garlic,tomato purée,10,0.001001201441730076
7472,curry powder | garlic | vegetable stock,3,curry powder,garlic,vegetable stock,10,0.001001201441730076
7473,dark chocolate | double cream | light muscovado sugar,3,dark chocolate,double cream,light muscovado sugar,10,0.001001201441730076
7474,dark chocolate | egg yolks | golden caster sugar,3,dark chocolate,egg yolks,golden caster sugar,10,0.001001201441730076
7475,dark chocolate | egg yolks | icing sugar,3,dark chocolate,egg yolks,icing sugar,10,0.001001201441730076
7476,dark chocolate | egg | light brown soft sugar,3,dark chocolate,egg,light brown soft sugar,10,0.001001201441730076
7477,dark chocolate | eggs | ground cinnamon,3,dark chocolate,eggs,ground cinnamon,10,0.001001201441730076
7478,dark chocolate | eggs | orange,3,dark chocolate,eggs,orange,10,0.001001201441730076
7479,dark chocolate | golden caster sugar | golden syrup,3,dark chocolate,golden caster sugar,golden syrup,10,0.001001201441730076
7480,dark chocolate | golden caster sugar | light brown soft sugar,3,dark chocolate,golden caster sugar,light brown soft sugar,10,0.001001201441730076
7481,dark chocolate | golden syrup | white chocolate,3,dark chocolate,golden syrup,white chocolate,10,0.001001201441730076
7482,dark chocolate | light brown soft sugar | white chocolate,3,dark chocolate,light brown soft sugar,white chocolate,10,0.001001201441730076
7483,dark chocolate | milk chocolate | vanilla extract,3,dark chocolate,milk chocolate,vanilla extract,10,0.001001201441730076
7484,dark chocolate | unsalted butter | whole milk,3,dark chocolate,unsalted butter,whole milk,10,0.001001201441730076
7485,dark muscovado sugar | egg | ground cinnamon,3,dark muscovado sugar,egg,ground cinnamon,10,0.001001201441730076
7486,dark soy sauce | light soy sauce | sesame oil,3,dark soy sauce,light soy sauce,sesame oil,10,0.001001201441730076
7487,desiccated coconut | self-raising flour | unsalted butter,3,desiccated coconut,self-raising flour,unsalted butter,10,0.001001201441730076
7488,desiccated coconut | unsalted butter | vanilla extract,3,desiccated coconut,unsalted butter,vanilla extract,10,0.001001201441730076
7489,digestive biscuits | full-fat soft cheese | vanilla extract,3,digestive biscuits,full-fat soft cheese,vanilla extract,10,0.001001201441730076
7490,dijon mustard | egg | plain flour,3,dijon mustard,egg,plain flour,10,0.001001201441730076
7491,dijon mustard | eggs | garlic,3,dijon mustard,eggs,garlic,10,0.001001201441730076
7492,dijon mustard | eggs | olive oil,3,dijon mustard,eggs,olive oil,10,0.001001201441730076
7493,dijon mustard | eggs | parsley,3,dijon mustard,eggs,parsley,10,0.001001201441730076
7494,dijon mustard | extra virgin olive oil | parsley,3,dijon mustard,extra virgin olive oil,parsley,10,0.001001201441730076
7495,dijon mustard | honey | lemon,3,dijon mustard,honey,lemon,10,0.001001201441730076
7496,dijon mustard | lemon | plain flour,3,dijon mustard,lemon,plain flour,10,0.001001201441730076
7497,dijon mustard | mayonnaise | red onion,3,dijon mustard,mayonnaise,red onion,10,0.001001201441730076
7498,dijon mustard | olive oil | onion,3,dijon mustard,olive oil,onion,10,0.001001201441730076
7499,dijon mustard | onion | plain flour,3,dijon mustard,onion,plain flour,10,0.001001201441730076
7500,dill | egg | olive oil,3,dill,egg,olive oil,10,0.001001201441730076
7501,dill | eggs | spring onions,3,dill,eggs,spring onions,10,0.001001201441730076
7502,dill | extra virgin olive oil | feta,3,dill,extra virgin olive oil,feta,10,0.001001201441730076
7503,dill | extra virgin olive oil | olive oil,3,dill,extra virgin olive oil,olive oil,10,0.001001201441730076
7504,dill | garlic | rapeseed oil,3,dill,garlic,rapeseed oil,10,0.001001201441730076
7505,dill | garlic | tomato purée,3,dill,garlic,tomato purée,10,0.001001201441730076
7506,dill | greek yogurt | lemon,3,dill,greek yogurt,lemon,10,0.001001201441730076
7507,dill | lemon | mayonnaise,3,dill,lemon,mayonnaise,10,0.001001201441730076
7508,dill | lemon | mint,3,dill,lemon,mint,10,0.001001201441730076
7509,dill | mint | parsley,3,dill,mint,parsley,10,0.001001201441730076
7510,dill | olive oil | plain flour,3,dill,olive oil,plain flour,10,0.001001201441730076
7511,dill | red onion | white wine vinegar,3,dill,red onion,white wine vinegar,10,0.001001201441730076
7512,double cream | eggs | garlic,3,double cream,eggs,garlic,10,0.001001201441730076
7513,double cream | eggs | light muscovado sugar,3,double cream,eggs,light muscovado sugar,10,0.001001201441730076
7514,double cream | eggs | milk chocolate,3,double cream,eggs,milk chocolate,10,0.001001201441730076
7515,double cream | eggs | raspberries,3,double cream,eggs,raspberries,10,0.001001201441730076
7516,double cream | full-fat soft cheese | icing sugar,3,double cream,full-fat soft cheese,icing sugar,10,0.001001201441730076
7517,double cream | garlic | whole milk,3,double cream,garlic,whole milk,10,0.001001201441730076
7518,double cream | ginger | ground cumin,3,double cream,ginger,ground cumin,10,0.001001201441730076
7519,double cream | golden caster sugar | ground almonds,3,double cream,golden caster sugar,ground almonds,10,0.001001201441730076
7520,double cream | ground cinnamon | plain flour,3,double cream,ground cinnamon,plain flour,10,0.001001201441730076
7521,double cream | ground cinnamon | vanilla extract,3,double cream,ground cinnamon,vanilla extract,10,0.001001201441730076
7522,double cream | icing sugar | maple syrup,3,double cream,icing sugar,maple syrup,10,0.001001201441730076
7523,double cream | icing sugar | vegetable oil,3,double cream,icing sugar,vegetable oil,10,0.001001201441730076
7524,double cream | milk | olive oil,3,double cream,milk,olive oil,10,0.001001201441730076
7525,double cream | nutmeg | whole milk,3,double cream,nutmeg,whole milk,10,0.001001201441730076
7526,double cream | onion | tomato purée,3,double cream,onion,tomato purée,10,0.001001201441730076
7527,double cream | onions | plain flour,3,double cream,onions,plain flour,10,0.001001201441730076
7528,double cream | orange | plain flour,3,double cream,orange,plain flour,10,0.001001201441730076
7529,double cream | orange | vanilla extract,3,double cream,orange,vanilla extract,10,0.001001201441730076
7530,double cream | pistachios | plain flour,3,double cream,pistachios,plain flour,10,0.001001201441730076
7531,double cream | plain flour | soured cream,3,double cream,plain flour,soured cream,10,0.001001201441730076
7532,double cream | strawberries | vanilla bean paste,3,double cream,strawberries,vanilla bean paste,10,0.001001201441730076
7533,double cream | vanilla extract | white chocolate,3,double cream,vanilla extract,white chocolate,10,0.001001201441730076
7534,dried oregano | eggs | garlic,3,dried oregano,eggs,garlic,10,0.001001201441730076
7535,dried oregano | eggs | olive oil,3,dried oregano,eggs,olive oil,10,0.001001201441730076
7536,dried oregano | extra virgin olive oil | garlic,3,dried oregano,extra virgin olive oil,garlic,10,0.001001201441730076
7537,dried oregano | garlic | red pepper,3,dried oregano,garlic,red pepper,10,0.001001201441730076
7538,dried oregano | garlic | sunflower oil,3,dried oregano,garlic,sunflower oil,10,0.001001201441730076
7539,dried oregano | ground cinnamon | olive oil,3,dried oregano,ground cinnamon,olive oil,10,0.001001201441730076
7540,dried oregano | milk | olive oil,3,dried oregano,milk,olive oil,10,0.001001201441730076
7541,dried oregano | mozzarella | onion,3,dried oregano,mozzarella,onion,10,0.001001201441730076
7542,dried oregano | olive oil | red chilli,3,dried oregano,olive oil,red chilli,10,0.001001201441730076
7543,dried oregano | red onion | tomato purée,3,dried oregano,red onion,tomato purée,10,0.001001201441730076
7544,dried oregano | red wine | tomato purée,3,dried oregano,red wine,tomato purée,10,0.001001201441730076
7545,dried porcini mushrooms | garlic | tomato purée,3,dried porcini mushrooms,garlic,tomato purée,10,0.001001201441730076
7546,egg white | eggs | icing sugar,3,egg white,eggs,icing sugar,10,0.001001201441730076
7547,egg white | ice | lemon juice,3,egg white,ice,lemon juice,10,0.001001201441730076
7548,egg whites | eggs | unsalted butter,3,egg whites,eggs,unsalted butter,10,0.001001201441730076
7549,egg whites | icing sugar | white caster sugar,3,egg whites,icing sugar,white caster sugar,10,0.001001201441730076
7550,egg whites | plain flour | vanilla extract,3,egg whites,plain flour,vanilla extract,10,0.001001201441730076
7551,egg yolk | milk | plain flour,3,egg yolk,milk,plain flour,10,0.001001201441730076
7552,egg yolks | golden caster sugar | vanilla pod,3,egg yolks,golden caster sugar,vanilla pod,10,0.001001201441730076
7553,egg yolks | icing sugar | whole milk,3,egg yolks,icing sugar,whole milk,10,0.001001201441730076
7554,egg yolks | milk | vanilla extract,3,egg yolks,milk,vanilla extract,10,0.001001201441730076
7555,egg | flaked almonds | plain flour,3,egg,flaked almonds,plain flour,10,0.001001201441730076
7556,egg | fresh breadcrumbs | garlic,3,egg,fresh breadcrumbs,garlic,10,0.001001201441730076
7557,egg | garlic | sesame seeds,3,egg,garlic,sesame seeds,10,0.001001201441730076
7558,egg | ground cinnamon | self-raising flour,3,egg,ground cinnamon,self-raising flour,10,0.001001201441730076
7559,egg | ground ginger | self-raising flour,3,egg,ground ginger,self-raising flour,10,0.001001201441730076
7560,egg | icing sugar | orange,3,egg,icing sugar,orange,10,0.001001201441730076
7561,egg | icing sugar | whole milk,3,egg,icing sugar,whole milk,10,0.001001201441730076
7562,egg | lard | plain flour,3,egg,lard,plain flour,10,0.001001201441730076
7563,egg | leeks | plain flour,3,egg,leeks,plain flour,10,0.001001201441730076
7564,egg | mature cheddar | plain flour,3,egg,mature cheddar,plain flour,10,0.001001201441730076
7565,egg | nutmeg | olive oil,3,egg,nutmeg,olive oil,10,0.001001201441730076
7566,egg | olive oil | thyme,3,egg,olive oil,thyme,10,0.001001201441730076
7567,egg | olive oil | tomato purée,3,egg,olive oil,tomato purée,10,0.001001201441730076
7568,egg | onion | parmesan,3,egg,onion,parmesan,10,0.001001201441730076
7569,egg | onion | parsley,3,egg,onion,parsley,10,0.001001201441730076
7570,egg | onion | thyme leaves,3,egg,onion,thyme leaves,10,0.001001201441730076
7571,egg | plain flour | shallots,3,egg,plain flour,shallots,10,0.001001201441730076
7572,egg | self-raising flour | unsalted butter,3,egg,self-raising flour,unsalted butter,10,0.001001201441730076
7573,egg | vanilla extract | white chocolate,3,egg,vanilla extract,white chocolate,10,0.001001201441730076
7574,eggs | extra virgin olive oil | plain flour,3,eggs,extra virgin olive oil,plain flour,10,0.001001201441730076
7575,eggs | fast-action dried yeast | plain flour,3,eggs,fast-action dried yeast,plain flour,10,0.001001201441730076
7576,eggs | feta | plain flour,3,eggs,feta,plain flour,10,0.001001201441730076
7577,eggs | flaked almonds | icing sugar,3,eggs,flaked almonds,icing sugar,10,0.001001201441730076
7578,eggs | flat-leaf parsley | garlic,3,eggs,flat-leaf parsley,garlic,10,0.001001201441730076
7579,eggs | flat-leaf parsley | olive oil,3,eggs,flat-leaf parsley,olive oil,10,0.001001201441730076
7580,eggs | full-fat cream cheese | self-raising flour,3,eggs,full-fat cream cheese,self-raising flour,10,0.001001201441730076
7581,eggs | garlic | leeks,3,eggs,garlic,leeks,10,0.001001201441730076
7582,eggs | garlic | mint,3,eggs,garlic,mint,10,0.001001201441730076
7583,eggs | garlic | sweetcorn,3,eggs,garlic,sweetcorn,10,0.001001201441730076
7584,eggs | ginger | red chilli,3,eggs,ginger,red chilli,10,0.001001201441730076
7585,eggs | ginger | soy sauce,3,eggs,ginger,soy sauce,10,0.001001201441730076
7586,eggs | ginger | vegetable oil,3,eggs,ginger,vegetable oil,10,0.001001201441730076
7587,eggs | glacé cherries | lemon,3,eggs,glacé cherries,lemon,10,0.001001201441730076
7588,eggs | glacé cherries | self-raising flour,3,eggs,glacé cherries,self-raising flour,10,0.001001201441730076
7589,eggs | golden caster sugar | honey,3,eggs,golden caster sugar,honey,10,0.001001201441730076
7590,eggs | golden caster sugar | lemon juice,3,eggs,golden caster sugar,lemon juice,10,0.001001201441730076
7591,eggs | golden caster sugar | marzipan,3,eggs,golden caster sugar,marzipan,10,0.001001201441730076
7592,eggs | golden caster sugar | pistachios,3,eggs,golden caster sugar,pistachios,10,0.001001201441730076
7593,eggs | golden caster sugar | raspberry jam,3,eggs,golden caster sugar,raspberry jam,10,0.001001201441730076
7594,eggs | golden caster sugar | slightly salted butter,3,eggs,golden caster sugar,slightly salted butter,10,0.001001201441730076
7595,eggs | golden syrup | light brown soft sugar,3,eggs,golden syrup,light brown soft sugar,10,0.001001201441730076
7596,eggs | golden syrup | vanilla extract,3,eggs,golden syrup,vanilla extract,10,0.001001201441730076
7597,eggs | ground almond | icing sugar,3,eggs,ground almond,icing sugar,10,0.001001201441730076
7598,eggs | ground almonds | ground cinnamon,3,eggs,ground almonds,ground cinnamon,10,0.001001201441730076
7599,eggs | ground almonds | light brown soft sugar,3,eggs,ground almonds,light brown soft sugar,10,0.001001201441730076
7600,eggs | ground almonds | mixed spice,3,eggs,ground almonds,mixed spice,10,0.001001201441730076
7601,eggs | ground ginger | orange,3,eggs,ground ginger,orange,10,0.001001201441730076
7602,eggs | honey | self-raising flour,3,eggs,honey,self-raising flour,10,0.001001201441730076
7603,eggs | icing sugar sieved | milk,3,eggs,icing sugar sieved,milk,10,0.001001201441730076
7604,eggs | icing sugar | lemon juice,3,eggs,icing sugar,lemon juice,10,0.001001201441730076
7605,eggs | icing sugar | milk chocolate,3,eggs,icing sugar,milk chocolate,10,0.001001201441730076
7606,eggs | icing sugar | mixed dried fruit,3,eggs,icing sugar,mixed dried fruit,10,0.001001201441730076
7607,eggs | leeks | olive oil,3,eggs,leeks,olive oil,10,0.001001201441730076
7608,eggs | lemon curd | lemons,3,eggs,lemon curd,lemons,10,0.001001201441730076
7609,eggs | lemon | light brown soft sugar,3,eggs,lemon,light brown soft sugar,10,0.001001201441730076
7610,eggs | lemon | panko breadcrumbs,3,eggs,lemon,panko breadcrumbs,10,0.001001201441730076
7611,eggs | lemon | spring onions,3,eggs,lemon,spring onions,10,0.001001201441730076
7612,eggs | lemon | strawberries,3,eggs,lemon,strawberries,10,0.001001201441730076
7613,eggs | lemon | sultanas,3,eggs,lemon,sultanas,10,0.001001201441730076
7614,eggs | light brown soft sugar | vanilla bean paste,3,eggs,light brown soft sugar,vanilla bean paste,10,0.001001201441730076
7615,eggs | light muscovado sugar | mixed spice,3,eggs,light muscovado sugar,mixed spice,10,0.001001201441730076
7616,eggs | light muscovado sugar | orange,3,eggs,light muscovado sugar,orange,10,0.001001201441730076
7617,eggs | lime | red onion,3,eggs,lime,red onion,10,0.001001201441730076
7618,eggs | marzipan | plain flour,3,eggs,marzipan,plain flour,10,0.001001201441730076
7619,eggs | mascarpone | self-raising flour,3,eggs,mascarpone,self-raising flour,10,0.001001201441730076
7620,eggs | milk chocolate | unsalted butter,3,eggs,milk chocolate,unsalted butter,10,0.001001201441730076
7621,eggs | mixed dried fruit | mixed spice,3,eggs,mixed dried fruit,mixed spice,10,0.001001201441730076
7622,eggs | mixed peel | mixed spice,3,eggs,mixed peel,mixed spice,10,0.001001201441730076
7623,eggs | mixed peel | orange,3,eggs,mixed peel,orange,10,0.001001201441730076
7624,eggs | mixed spice | raisins,3,eggs,mixed spice,raisins,10,0.001001201441730076
7625,eggs | mixed spice | vegetable oil,3,eggs,mixed spice,vegetable oil,10,0.001001201441730076
7626,eggs | nutmeg | olive oil,3,eggs,nutmeg,olive oil,10,0.001001201441730076
7627,eggs | nutmeg | orange,3,eggs,nutmeg,orange,10,0.001001201441730076
7628,eggs | olive oil | spinach,3,eggs,olive oil,spinach,10,0.001001201441730076
7629,eggs | onion | parsley,3,eggs,onion,parsley,10,0.001001201441730076
7630,eggs | onion | smoked paprika,3,eggs,onion,smoked paprika,10,0.001001201441730076
7631,eggs | parmesan | whole milk,3,eggs,parmesan,whole milk,10,0.001001201441730076
7632,eggs | parsley | vegetable oil,3,eggs,parsley,vegetable oil,10,0.001001201441730076
7633,eggs | pecans | plain flour,3,eggs,pecans,plain flour,10,0.001001201441730076
7634,eggs | plain flour | rapeseed oil,3,eggs,plain flour,rapeseed oil,10,0.001001201441730076
7635,eggs | plain flour | strawberries,3,eggs,plain flour,strawberries,10,0.001001201441730076
7636,eggs | plain flour | sultanas,3,eggs,plain flour,sultanas,10,0.001001201441730076
7637,eggs | plain flour | white wine vinegar,3,eggs,plain flour,white wine vinegar,10,0.001001201441730076
7638,eggs | raspberry jam | unsalted butter,3,eggs,raspberry jam,unsalted butter,10,0.001001201441730076
7639,eggs | red chilli | spring onions,3,eggs,red chilli,spring onions,10,0.001001201441730076
7640,eggs | self raising flour | vanilla extract,3,eggs,self raising flour,vanilla extract,10,0.001001201441730076
7641,eggs | self-raising flour | sultanas,3,eggs,self-raising flour,sultanas,10,0.001001201441730076
7642,eggs | sesame seeds | vegetable oil,3,eggs,sesame seeds,vegetable oil,10,0.001001201441730076
7643,eggs | slightly salted butter | vegetable oil,3,eggs,slightly salted butter,vegetable oil,10,0.001001201441730076
7644,eggs | strawberry jam | vanilla extract,3,eggs,strawberry jam,vanilla extract,10,0.001001201441730076
7645,eggs | sultanas | unsalted butter,3,eggs,sultanas,unsalted butter,10,0.001001201441730076
7646,eggs | vanilla extract | white caster sugar,3,eggs,vanilla extract,white caster sugar,10,0.001001201441730076
7647,extra virgin olive oil | feta | mint leaves,3,extra virgin olive oil,feta,mint leaves,10,0.001001201441730076
7648,extra virgin olive oil | feta | red onion,3,extra virgin olive oil,feta,red onion,10,0.001001201441730076
7649,extra virgin olive oil | garlic | ground coriander,3,extra virgin olive oil,garlic,ground coriander,10,0.001001201441730076
7650,extra virgin olive oil | garlic | rapeseed oil,3,extra virgin olive oil,garlic,rapeseed oil,10,0.001001201441730076
7651,extra virgin olive oil | garlic | rocket,3,extra virgin olive oil,garlic,rocket,10,0.001001201441730076
7652,extra virgin olive oil | garlic | shallot,3,extra virgin olive oil,garlic,shallot,10,0.001001201441730076
7653,extra virgin olive oil | garlic | vegetable oil,3,extra virgin olive oil,garlic,vegetable oil,10,0.001001201441730076
7654,extra virgin olive oil | ground coriander | ground cumin,3,extra virgin olive oil,ground coriander,ground cumin,10,0.001001201441730076
7655,extra virgin olive oil | lemon | onion,3,extra virgin olive oil,lemon,onion,10,0.001001201441730076
7656,extra virgin olive oil | lemon | radishes,3,extra virgin olive oil,lemon,radishes,10,0.001001201441730076
7657,extra virgin olive oil | lemon | smoked paprika,3,extra virgin olive oil,lemon,smoked paprika,10,0.001001201441730076
7658,extra virgin olive oil | mint leaves | red onion,3,extra virgin olive oil,mint leaves,red onion,10,0.001001201441730076
7659,extra virgin olive oil | olive oil | onion,3,extra virgin olive oil,olive oil,onion,10,0.001001201441730076
7660,extra virgin olive oil | onion | parsley,3,extra virgin olive oil,onion,parsley,10,0.001001201441730076
7661,fast-action dried yeast | golden caster sugar | lemon,3,fast-action dried yeast,golden caster sugar,lemon,10,0.001001201441730076
7662,fast-action dried yeast | golden caster sugar | olive oil,3,fast-action dried yeast,golden caster sugar,olive oil,10,0.001001201441730076
7663,fast-action dried yeast | ground cinnamon | icing sugar,3,fast-action dried yeast,ground cinnamon,icing sugar,10,0.001001201441730076
7664,fast-action dried yeast | mozzarella | strong white bread flour,3,fast-action dried yeast,mozzarella,strong white bread flour,10,0.001001201441730076
7665,fast-action dried yeast | olive oil | parmesan,3,fast-action dried yeast,olive oil,parmesan,10,0.001001201441730076
7666,fennel seeds | garlic | rapeseed oil,3,fennel seeds,garlic,rapeseed oil,10,0.001001201441730076
7667,fennel seeds | onion | parmesan,3,fennel seeds,onion,parmesan,10,0.001001201441730076
7668,fennel | fennel seeds | lemon,3,fennel,fennel seeds,lemon,10,0.001001201441730076
7669,fennel | garlic | parsley,3,fennel,garlic,parsley,10,0.001001201441730076
7670,feta | garlic | mint,3,feta,garlic,mint,10,0.001001201441730076
7671,feta | garlic | onions,3,feta,garlic,onions,10,0.001001201441730076
7672,feta | garlic | red chilli,3,feta,garlic,red chilli,10,0.001001201441730076
7673,feta | garlic | tomatoes,3,feta,garlic,tomatoes,10,0.001001201441730076
7674,feta | lemon | onion,3,feta,lemon,onion,10,0.001001201441730076
7675,feta | lemon | rapeseed oil,3,feta,lemon,rapeseed oil,10,0.001001201441730076
7676,feta | olive oil | red chilli,3,feta,olive oil,red chilli,10,0.001001201441730076
7677,filo pastry | garlic | olive oil,3,filo pastry,garlic,olive oil,10,0.001001201441730076
7678,fine sea salt | plain flour | unsalted butter,3,fine sea salt,plain flour,unsalted butter,10,0.001001201441730076
7679,fish sauce | garlic | palm sugar,3,fish sauce,garlic,palm sugar,10,0.001001201441730076
7680,fish sauce | lemongrass | red chilli,3,fish sauce,lemongrass,red chilli,10,0.001001201441730076
7681,fish sauce | lemongrass | spring onions,3,fish sauce,lemongrass,spring onions,10,0.001001201441730076
7682,fish sauce | limes | spring onions,3,fish sauce,limes,spring onions,10,0.001001201441730076
7683,flaked almonds | golden caster sugar | icing sugar,3,flaked almonds,golden caster sugar,icing sugar,10,0.001001201441730076
7684,flaked almonds | lemon | plain flour,3,flaked almonds,lemon,plain flour,10,0.001001201441730076
7685,flat-leaf parsley leaves | garlic | olive oil,3,flat-leaf parsley leaves,garlic,olive oil,10,0.001001201441730076
7686,flat-leaf parsley | garlic | red pepper,3,flat-leaf parsley,garlic,red pepper,10,0.001001201441730076
7687,flat-leaf parsley | olive oil | onions,3,flat-leaf parsley,olive oil,onions,10,0.001001201441730076
7688,flat-leaf parsley | olive oil | rosemary,3,flat-leaf parsley,olive oil,rosemary,10,0.001001201441730076
7689,fresh coriander | garlic | red onion,3,fresh coriander,garlic,red onion,10,0.001001201441730076
7690,fresh coriander | ground coriander | ground cumin,3,fresh coriander,ground coriander,ground cumin,10,0.001001201441730076
7691,fresh thyme leaves | garlic | tomato purée,3,fresh thyme leaves,garlic,tomato purée,10,0.001001201441730076
7692,frozen peas | garlic | leeks,3,frozen peas,garlic,leeks,10,0.001001201441730076
7693,frozen peas | garlic | red chilli,3,frozen peas,garlic,red chilli,10,0.001001201441730076
7694,frozen peas | garlic | turmeric,3,frozen peas,garlic,turmeric,10,0.001001201441730076
7695,frozen peas | garlic | vegetable stock,3,frozen peas,garlic,vegetable stock,10,0.001001201441730076
7696,frozen peas | ginger | spring onions,3,frozen peas,ginger,spring onions,10,0.001001201441730076
7697,frozen peas | lemon | rapeseed oil,3,frozen peas,lemon,rapeseed oil,10,0.001001201441730076
7698,frozen peas | olive oil | spring onions,3,frozen peas,olive oil,spring onions,10,0.001001201441730076
7699,full-fat cream cheese | golden caster sugar | icing sugar,3,full-fat cream cheese,golden caster sugar,icing sugar,10,0.001001201441730076
7700,full-fat soft cheese | unsalted butter | vanilla extract,3,full-fat soft cheese,unsalted butter,vanilla extract,10,0.001001201441730076
7701,garam masala | garlic | hot chilli powder,3,garam masala,garlic,hot chilli powder,10,0.001001201441730076
7702,garam masala | ginger | lime,3,garam masala,ginger,lime,10,0.001001201441730076
7703,garam masala | green chilli | ground coriander,3,garam masala,green chilli,ground coriander,10,0.001001201441730076
7704,garam masala | green chilli | onion,3,garam masala,green chilli,onion,10,0.001001201441730076
7705,garam masala | ground coriander | onions,3,garam masala,ground coriander,onions,10,0.001001201441730076
7706,garam masala | ground turmeric | sunflower oil,3,garam masala,ground turmeric,sunflower oil,10,0.001001201441730076
7707,garlic | ginger | ground almonds,3,garlic,ginger,ground almonds,10,0.001001201441730076
7708,garlic | ginger | malt vinegar,3,garlic,ginger,malt vinegar,10,0.001001201441730076
7709,garlic | ginger | mild chilli powder,3,garlic,ginger,mild chilli powder,10,0.001001201441730076
7710,garlic | ginger | milk,3,garlic,ginger,milk,10,0.001001201441730076
7711,garlic | ginger | mustard seeds,3,garlic,ginger,mustard seeds,10,0.001001201441730076
7712,garlic | ginger | red lentils,3,garlic,ginger,red lentils,10,0.001001201441730076
7713,garlic | ginger | shaoxing rice wine,3,garlic,ginger,shaoxing rice wine,10,0.001001201441730076
7714,garlic | golden caster sugar | parmesan,3,garlic,golden caster sugar,parmesan,10,0.001001201441730076
7715,garlic | greek yogurt | ground coriander,3,garlic,greek yogurt,ground coriander,10,0.001001201441730076
7716,garlic | greek yogurt | onion,3,garlic,greek yogurt,onion,10,0.001001201441730076
7717,garlic | greek yogurt | parsley,3,garlic,greek yogurt,parsley,10,0.001001201441730076
7718,garlic | green beans | onion,3,garlic,green beans,onion,10,0.001001201441730076
7719,garlic | green chillies | red onion,3,garlic,green chillies,red onion,10,0.001001201441730076
7720,garlic | ground almonds | onion,3,garlic,ground almonds,onion,10,0.001001201441730076
7721,garlic | ground almonds | tomato purée,3,garlic,ground almonds,tomato purée,10,0.001001201441730076
7722,garlic | ground cinnamon | plain flour,3,garlic,ground cinnamon,plain flour,10,0.001001201441730076
7723,garlic | ground coriander | red wine vinegar,3,garlic,ground coriander,red wine vinegar,10,0.001001201441730076
7724,garlic | ground coriander | sesame seeds,3,garlic,ground coriander,sesame seeds,10,0.001001201441730076
7725,garlic | ground coriander | soured cream,3,garlic,ground coriander,soured cream,10,0.001001201441730076
7726,garlic | ground coriander | spring onions,3,garlic,ground coriander,spring onions,10,0.001001201441730076
7727,garlic | ground cumin | mango chutney,3,garlic,ground cumin,mango chutney,10,0.001001201441730076
7728,garlic | ground cumin | red chillies,3,garlic,ground cumin,red chillies,10,0.001001201441730076
7729,garlic | ground turmeric | rice,3,garlic,ground turmeric,rice,10,0.001001201441730076
7730,garlic | ground turmeric | tamarind paste,3,garlic,ground turmeric,tamarind paste,10,0.001001201441730076
7731,garlic | gruyère | plain flour,3,garlic,gruyère,plain flour,10,0.001001201441730076
7732,garlic | harissa paste | olive oil,3,garlic,harissa paste,olive oil,10,0.001001201441730076
7733,garlic | hoisin sauce | spring onions,3,garlic,hoisin sauce,spring onions,10,0.001001201441730076
7734,garlic | honey | onion,3,garlic,honey,onion,10,0.001001201441730076
7735,garlic | hot chilli powder | onion,3,garlic,hot chilli powder,onion,10,0.001001201441730076
7736,garlic | hot chilli powder | turmeric,3,garlic,hot chilli powder,turmeric,10,0.001001201441730076
7737,garlic | hot vegetable stock | parmesan,3,garlic,hot vegetable stock,parmesan,10,0.001001201441730076
7738,garlic | hot vegetable stock | rapeseed oil,3,garlic,hot vegetable stock,rapeseed oil,10,0.001001201441730076
7739,garlic | kale | onion,3,garlic,kale,onion,10,0.001001201441730076
7740,garlic | ketchup | onion,3,garlic,ketchup,onion,10,0.001001201441730076
7741,garlic | lemon juice | red onion,3,garlic,lemon juice,red onion,10,0.001001201441730076
7742,garlic | lemon | oil,3,garlic,lemon,oil,10,0.001001201441730076
7743,garlic | lemon | orzo,3,garlic,lemon,orzo,10,0.001001201441730076
7744,garlic | lemon | red chillies,3,garlic,lemon,red chillies,10,0.001001201441730076
7745,garlic | lemon | risotto rice,3,garlic,lemon,risotto rice,10,0.001001201441730076
7746,garlic | lemon | sage leaves,3,garlic,lemon,sage leaves,10,0.001001201441730076
7747,garlic | lemon | whole chicken,3,garlic,lemon,whole chicken,10,0.001001201441730076
7748,garlic | lemongrass | limes,3,garlic,lemongrass,limes,10,0.001001201441730076
7749,garlic | light soy sauce | shaoxing rice wine,3,garlic,light soy sauce,shaoxing rice wine,10,0.001001201441730076
7750,garlic | lime juice | rapeseed oil,3,garlic,lime juice,rapeseed oil,10,0.001001201441730076
7751,garlic | lime | vegetable bouillon powder,3,garlic,lime,vegetable bouillon powder,10,0.001001201441730076
7752,garlic | limes | onion,3,garlic,limes,onion,10,0.001001201441730076
7753,garlic | limes | smoked paprika,3,garlic,limes,smoked paprika,10,0.001001201441730076
7754,garlic | low-salt soy sauce | spring onions,3,garlic,low-salt soy sauce,spring onions,10,0.001001201441730076
7755,garlic | mature cheddar | rapeseed oil,3,garlic,mature cheddar,rapeseed oil,10,0.001001201441730076
7756,garlic | mild chilli powder | rapeseed oil,3,garlic,mild chilli powder,rapeseed oil,10,0.001001201441730076
7757,garlic | milk | nutmeg,3,garlic,milk,nutmeg,10,0.001001201441730076
7758,garlic | milk | passata,3,garlic,milk,passata,10,0.001001201441730076
7759,garlic | milk | sugar,3,garlic,milk,sugar,10,0.001001201441730076
7760,garlic | mint leaves | natural yogurt,3,garlic,mint leaves,natural yogurt,10,0.001001201441730076
7761,garlic | mint leaves | rapeseed oil,3,garlic,mint leaves,rapeseed oil,10,0.001001201441730076
7762,garlic | mirin | spring onions,3,garlic,mirin,spring onions,10,0.001001201441730076
7763,garlic | oil | turmeric,3,garlic,oil,turmeric,10,0.001001201441730076
7764,garlic | olive oil | radishes,3,garlic,olive oil,radishes,10,0.001001201441730076
7765,garlic | olive oil | red lentils,3,garlic,olive oil,red lentils,10,0.001001201441730076
7766,garlic | olive oil | soft herbs,3,garlic,olive oil,soft herbs,10,0.001001201441730076
7767,garlic | olive oil | sourdough,3,garlic,olive oil,sourdough,10,0.001001201441730076
7768,garlic | olive oil | sourdough bread,3,garlic,olive oil,sourdough bread,10,0.001001201441730076
7769,garlic | olive oil | sweet paprika,3,garlic,olive oil,sweet paprika,10,0.001001201441730076
7770,garlic | olive oil | tarragon,3,garlic,olive oil,tarragon,10,0.001001201441730076
7771,garlic | olive oil | whole chicken,3,garlic,olive oil,whole chicken,10,0.001001201441730076
7772,garlic | onion | paella rice,3,garlic,onion,paella rice,10,0.001001201441730076
7773,garlic | onion | pearl barley,3,garlic,onion,pearl barley,10,0.001001201441730076
7774,garlic | onion | peppers,3,garlic,onion,peppers,10,0.001001201441730076
7775,garlic | onion | ripe tomatoes,3,garlic,onion,ripe tomatoes,10,0.001001201441730076
7776,garlic | onion | skinless chicken breasts,3,garlic,onion,skinless chicken breasts,10,0.001001201441730076
7777,garlic | onion | tamarind paste,3,garlic,onion,tamarind paste,10,0.001001201441730076
7778,garlic | onion | white wine vinegar,3,garlic,onion,white wine vinegar,10,0.001001201441730076
7779,garlic | onions | soured cream,3,garlic,onions,soured cream,10,0.001001201441730076
7780,garlic | onions | spring onions,3,garlic,onions,spring onions,10,0.001001201441730076
7781,garlic | onions | sweet potatoes,3,garlic,onions,sweet potatoes,10,0.001001201441730076
7782,garlic | oyster sauce | vegetable oil,3,garlic,oyster sauce,vegetable oil,10,0.001001201441730076
7783,garlic | panko breadcrumbs | parmesan,3,garlic,panko breadcrumbs,parmesan,10,0.001001201441730076
7784,garlic | paprika | vegetable oil,3,garlic,paprika,vegetable oil,10,0.001001201441730076
7785,garlic | parmesan | pasta,3,garlic,parmesan,pasta,10,0.001001201441730076
7786,garlic | parmesan | plum tomatoes,3,garlic,parmesan,plum tomatoes,10,0.001001201441730076
7787,garlic | parsley | potatoes,3,garlic,parsley,potatoes,10,0.001001201441730076
7788,garlic | parsley | sunflower oil,3,garlic,parsley,sunflower oil,10,0.001001201441730076
7789,garlic | peppers | tomato purée,3,garlic,peppers,tomato purée,10,0.001001201441730076
7790,garlic | plum tomatoes | red onion,3,garlic,plum tomatoes,red onion,10,0.001001201441730076
7791,garlic | pumpkin seeds | rapeseed oil,3,garlic,pumpkin seeds,rapeseed oil,10,0.001001201441730076
7792,garlic | quinoa | rapeseed oil,3,garlic,quinoa,rapeseed oil,10,0.001001201441730076
7793,garlic | rapeseed oil | red lentils,3,garlic,rapeseed oil,red lentils,10,0.001001201441730076
7794,garlic | rapeseed oil | rosemary,3,garlic,rapeseed oil,rosemary,10,0.001001201441730076
7795,garlic | rapeseed oil | sweet potato,3,garlic,rapeseed oil,sweet potato,10,0.001001201441730076
7796,garlic | rapeseed oil | wholemeal spaghetti,3,garlic,rapeseed oil,wholemeal spaghetti,10,0.001001201441730076
7797,garlic | red chilli | sugar,3,garlic,red chilli,sugar,10,0.001001201441730076
7798,garlic | red onion | ripe tomatoes,3,garlic,red onion,ripe tomatoes,10,0.001001201441730076
7799,garlic | red onions | red wine vinegar,3,garlic,red onions,red wine vinegar,10,0.001001201441730076
7800,garlic | red wine vinegar | sunflower oil,3,garlic,red wine vinegar,sunflower oil,10,0.001001201441730076
7801,garlic | red wine | red wine vinegar,3,garlic,red wine,red wine vinegar,10,0.001001201441730076
7802,garlic | rice vinegar | sesame seeds,3,garlic,rice vinegar,sesame seeds,10,0.001001201441730076
7803,garlic | rosemary | smoked paprika,3,garlic,rosemary,smoked paprika,10,0.001001201441730076
7804,garlic | rosemary | unsalted butter,3,garlic,rosemary,unsalted butter,10,0.001001201441730076
7805,garlic | shallot | vegetable oil,3,garlic,shallot,vegetable oil,10,0.001001201441730076
7806,garlic | smoked paprika | soured cream,3,garlic,smoked paprika,soured cream,10,0.001001201441730076
7807,garlic | thyme leaves | vegetable stock,3,garlic,thyme leaves,vegetable stock,10,0.001001201441730076
7808,garlic | thyme | whole milk,3,garlic,thyme,whole milk,10,0.001001201441730076
7809,garlic | unsalted butter | whole milk,3,garlic,unsalted butter,whole milk,10,0.001001201441730076
7810,ghee | ginger | ground cumin,3,ghee,ginger,ground cumin,10,0.001001201441730076
7811,ginger | golden caster sugar | sesame seeds,3,ginger,golden caster sugar,sesame seeds,10,0.001001201441730076
7812,ginger | green chilli | sunflower oil,3,ginger,green chilli,sunflower oil,10,0.001001201441730076
7813,ginger | green chillies | ground cumin,3,ginger,green chillies,ground cumin,10,0.001001201441730076
7814,ginger | ground coriander | lime,3,ginger,ground coriander,lime,10,0.001001201441730076
7815,ginger | ground coriander | vegetable stock,3,ginger,ground coriander,vegetable stock,10,0.001001201441730076
7816,ginger | ground cumin | vegetable stock,3,ginger,ground cumin,vegetable stock,10,0.001001201441730076
7817,ginger | ground turmeric | lemon,3,ginger,ground turmeric,lemon,10,0.001001201441730076
7818,ginger | ground white pepper | spring onions,3,ginger,ground white pepper,spring onions,10,0.001001201441730076
7819,ginger | groundnut oil | spring onions,3,ginger,groundnut oil,spring onions,10,0.001001201441730076
7820,ginger | lime | sunflower oil,3,ginger,lime,sunflower oil,10,0.001001201441730076
7821,ginger | lime | turmeric,3,ginger,lime,turmeric,10,0.001001201441730076
7822,ginger | oil | onion,3,ginger,oil,onion,10,0.001001201441730076
7823,ginger | plain flour | spring onions,3,ginger,plain flour,spring onions,10,0.001001201441730076
7824,ginger | red chilli | rice vinegar,3,ginger,red chilli,rice vinegar,10,0.001001201441730076
7825,ginger | red chilli | tomato purée,3,ginger,red chilli,tomato purée,10,0.001001201441730076
7826,ginger | rice vinegar | vegetable oil,3,ginger,rice vinegar,vegetable oil,10,0.001001201441730076
7827,ginger | rice | spring onions,3,ginger,rice,spring onions,10,0.001001201441730076
7828,ginger | rice | vegetable oil,3,ginger,rice,vegetable oil,10,0.001001201441730076
7829,ginger | sesame oil | spring onion,3,ginger,sesame oil,spring onion,10,0.001001201441730076
7830,ginger | spring onions | tomato ketchup,3,ginger,spring onions,tomato ketchup,10,0.001001201441730076
7831,glacé cherries | icing sugar | plain flour,3,glacé cherries,icing sugar,plain flour,10,0.001001201441730076
7832,golden caster sugar | ground almond | icing sugar,3,golden caster sugar,ground almond,icing sugar,10,0.001001201441730076
7833,golden caster sugar | ground cinnamon | ground cloves,3,golden caster sugar,ground cinnamon,ground cloves,10,0.001001201441730076
7834,golden caster sugar | light muscovado sugar | vanilla extract,3,golden caster sugar,light muscovado sugar,vanilla extract,10,0.001001201441730076
7835,golden caster sugar | maple syrup | self-raising flour,3,golden caster sugar,maple syrup,self-raising flour,10,0.001001201441730076
7836,golden caster sugar | milk chocolate | unsalted butter,3,golden caster sugar,milk chocolate,unsalted butter,10,0.001001201441730076
7837,golden caster sugar | milk | orange,3,golden caster sugar,milk,orange,10,0.001001201441730076
7838,golden caster sugar | milk | salted butter,3,golden caster sugar,milk,salted butter,10,0.001001201441730076
7839,golden caster sugar | olive oil | strong white bread flour,3,golden caster sugar,olive oil,strong white bread flour,10,0.001001201441730076
7840,golden caster sugar | plain flour | salt,3,golden caster sugar,plain flour,salt,10,0.001001201441730076
7841,golden caster sugar | plain flour | sunflower oil,3,golden caster sugar,plain flour,sunflower oil,10,0.001001201441730076
7842,golden caster sugar | self-raising flour | white chocolate,3,golden caster sugar,self-raising flour,white chocolate,10,0.001001201441730076
7843,golden caster sugar | strong white bread flour | vegetable oil,3,golden caster sugar,strong white bread flour,vegetable oil,10,0.001001201441730076
7844,golden caster sugar | vanilla extract | whole milk,3,golden caster sugar,vanilla extract,whole milk,10,0.001001201441730076
7845,golden syrup | milk | self-raising flour,3,golden syrup,milk,self-raising flour,10,0.001001201441730076
7846,greek yogurt | ground coriander | ground cumin,3,greek yogurt,ground coriander,ground cumin,10,0.001001201441730076
7847,greek yogurt | ground cumin | red onion,3,greek yogurt,ground cumin,red onion,10,0.001001201441730076
7848,greek yogurt | lemon | mint leaves,3,greek yogurt,lemon,mint leaves,10,0.001001201441730076
7849,green chilli | ground cumin | tomato purée,3,green chilli,ground cumin,tomato purée,10,0.001001201441730076
7850,green chilli | ground cumin | vegetable oil,3,green chilli,ground cumin,vegetable oil,10,0.001001201441730076
7851,green chilli | lemon | onion,3,green chilli,lemon,onion,10,0.001001201441730076
7852,ground almonds | ground cinnamon | plain flour,3,ground almonds,ground cinnamon,plain flour,10,0.001001201441730076
7853,ground almonds | icing sugar | orange,3,ground almonds,icing sugar,orange,10,0.001001201441730076
7854,ground almonds | lemon | mixed spice,3,ground almonds,lemon,mixed spice,10,0.001001201441730076
7855,ground almonds | lemon | self-raising flour,3,ground almonds,lemon,self-raising flour,10,0.001001201441730076
7856,ground almonds | mixed spice | plain flour,3,ground almonds,mixed spice,plain flour,10,0.001001201441730076
7857,ground cinnamon | ground coriander | red onion,3,ground cinnamon,ground coriander,red onion,10,0.001001201441730076
7858,ground cinnamon | ground cumin | parsley,3,ground cinnamon,ground cumin,parsley,10,0.001001201441730076
7859,ground cinnamon | ground cumin | tomato purée,3,ground cinnamon,ground cumin,tomato purée,10,0.001001201441730076
7860,ground cinnamon | ground nutmeg | icing sugar,3,ground cinnamon,ground nutmeg,icing sugar,10,0.001001201441730076
7861,ground cinnamon | ground nutmeg | plain flour,3,ground cinnamon,ground nutmeg,plain flour,10,0.001001201441730076
7862,ground cinnamon | icing sugar | maple syrup,3,ground cinnamon,icing sugar,maple syrup,10,0.001001201441730076
7863,ground cinnamon | mixed dried fruit | orange,3,ground cinnamon,mixed dried fruit,orange,10,0.001001201441730076
7864,ground cinnamon | mixed spice | vanilla extract,3,ground cinnamon,mixed spice,vanilla extract,10,0.001001201441730076
7865,ground cinnamon | onions | tomato purée,3,ground cinnamon,onions,tomato purée,10,0.001001201441730076
7866,ground cinnamon | plain flour | whole milk,3,ground cinnamon,plain flour,whole milk,10,0.001001201441730076
7867,ground cloves | ground ginger | vanilla extract,3,ground cloves,ground ginger,vanilla extract,10,0.001001201441730076
7868,ground coriander | ground cumin | mild chilli powder,3,ground coriander,ground cumin,mild chilli powder,10,0.001001201441730076
7869,ground coriander | ground cumin | paprika,3,ground coriander,ground cumin,paprika,10,0.001001201441730076
7870,ground coriander | ground cumin | red wine vinegar,3,ground coriander,ground cumin,red wine vinegar,10,0.001001201441730076
7871,ground coriander | ground cumin | soured cream,3,ground coriander,ground cumin,soured cream,10,0.001001201441730076
7872,ground coriander | ground turmeric | rapeseed oil,3,ground coriander,ground turmeric,rapeseed oil,10,0.001001201441730076
7873,ground coriander | lemon | onion,3,ground coriander,lemon,onion,10,0.001001201441730076
7874,ground coriander | lemon | parsley,3,ground coriander,lemon,parsley,10,0.001001201441730076
7875,ground coriander | lime | olive oil,3,ground coriander,lime,olive oil,10,0.001001201441730076
7876,ground coriander | lime | red onion,3,ground coriander,lime,red onion,10,0.001001201441730076
7877,ground coriander | mint leaves | olive oil,3,ground coriander,mint leaves,olive oil,10,0.001001201441730076
7878,ground coriander | olive oil | tomato purée,3,ground coriander,olive oil,tomato purée,10,0.001001201441730076
7879,ground coriander | onions | red chilli,3,ground coriander,onions,red chilli,10,0.001001201441730076
7880,ground coriander | onions | vegetable bouillon powder,3,ground coriander,onions,vegetable bouillon powder,10,0.001001201441730076
7881,ground coriander | rapeseed oil | red pepper,3,ground coriander,rapeseed oil,red pepper,10,0.001001201441730076
7882,ground coriander | red chilli | red pepper,3,ground coriander,red chilli,red pepper,10,0.001001201441730076
7883,ground coriander | sunflower oil | turmeric,3,ground coriander,sunflower oil,turmeric,10,0.001001201441730076
7884,ground coriander | tomato purée | tomatoes,3,ground coriander,tomato purée,tomatoes,10,0.001001201441730076
7885,ground cumin | ground turmeric | onions,3,ground cumin,ground turmeric,onions,10,0.001001201441730076
7886,ground cumin | ground turmeric | vegetable oil,3,ground cumin,ground turmeric,vegetable oil,10,0.001001201441730076
7887,ground cumin | honey | olive oil,3,ground cumin,honey,olive oil,10,0.001001201441730076
7888,ground cumin | juice | olive oil,3,ground cumin,juice,olive oil,10,0.001001201441730076
7889,ground cumin | lemon | mint,3,ground cumin,lemon,mint,10,0.001001201441730076
7890,ground cumin | lemon | red chilli,3,ground cumin,lemon,red chilli,10,0.001001201441730076
7891,ground cumin | lemon | smoked paprika,3,ground cumin,lemon,smoked paprika,10,0.001001201441730076
7892,ground cumin | oil | onion,3,ground cumin,oil,onion,10,0.001001201441730076
7893,ground cumin | olive oil | pomegranate molasses,3,ground cumin,olive oil,pomegranate molasses,10,0.001001201441730076
7894,ground cumin | olive oil | sweet potatoes,3,ground cumin,olive oil,sweet potatoes,10,0.001001201441730076
7895,ground cumin | onion | parsley,3,ground cumin,onion,parsley,10,0.001001201441730076
7896,ground cumin | onions | rapeseed oil,3,ground cumin,onions,rapeseed oil,10,0.001001201441730076
7897,ground cumin | onions | tomatoes,3,ground cumin,onions,tomatoes,10,0.001001201441730076
7898,ground cumin | parsley | tahini,3,ground cumin,parsley,tahini,10,0.001001201441730076
7899,ground cumin | rapeseed oil | turmeric,3,ground cumin,rapeseed oil,turmeric,10,0.001001201441730076
7900,ground cumin | red chilli | smoked paprika,3,ground cumin,red chilli,smoked paprika,10,0.001001201441730076
7901,ground cumin | red chilli | tomato purée,3,ground cumin,red chilli,tomato purée,10,0.001001201441730076
7902,ground ginger | icing sugar | self-raising flour,3,ground ginger,icing sugar,self-raising flour,10,0.001001201441730076
7903,ground ginger | light brown soft sugar | plain flour,3,ground ginger,light brown soft sugar,plain flour,10,0.001001201441730076
7904,ground ginger | mixed spice | plain flour,3,ground ginger,mixed spice,plain flour,10,0.001001201441730076
7905,ground ginger | orange | plain flour,3,ground ginger,orange,plain flour,10,0.001001201441730076
7906,ground ginger | plain flour | vanilla extract,3,ground ginger,plain flour,vanilla extract,10,0.001001201441730076
7907,ground turmeric | onion | red chilli,3,ground turmeric,onion,red chilli,10,0.001001201441730076
7908,ground turmeric | onion | vegetable oil,3,ground turmeric,onion,vegetable oil,10,0.001001201441730076
7909,ground turmeric | rapeseed oil | red chilli,3,ground turmeric,rapeseed oil,red chilli,10,0.001001201441730076
7910,honey | lemon | red onion,3,honey,lemon,red onion,10,0.001001201441730076
7911,honey | sesame seeds | spring onions,3,honey,sesame seeds,spring onions,10,0.001001201441730076
7912,hot vegetable stock | olive oil | parmesan,3,hot vegetable stock,olive oil,parmesan,10,0.001001201441730076
7913,icing sugar | lemon curd | self-raising flour,3,icing sugar,lemon curd,self-raising flour,10,0.001001201441730076
7914,icing sugar | lemon | mixed spice,3,icing sugar,lemon,mixed spice,10,0.001001201441730076
7915,icing sugar | lemon | vanilla bean paste,3,icing sugar,lemon,vanilla bean paste,10,0.001001201441730076
7916,icing sugar | light brown soft sugar | soft cheese,3,icing sugar,light brown soft sugar,soft cheese,10,0.001001201441730076
7917,icing sugar | marzipan | orange,3,icing sugar,marzipan,orange,10,0.001001201441730076
7918,icing sugar | mascarpone | plain flour,3,icing sugar,mascarpone,plain flour,10,0.001001201441730076
7919,icing sugar | milk | natural yogurt,3,icing sugar,milk,natural yogurt,10,0.001001201441730076
7920,icing sugar | raspberry jam | self-raising flour,3,icing sugar,raspberry jam,self-raising flour,10,0.001001201441730076
7921,icing sugar | self-raising flour | strawberries,3,icing sugar,self-raising flour,strawberries,10,0.001001201441730076
7922,icing sugar | self-raising flour | sunflower oil,3,icing sugar,self-raising flour,sunflower oil,10,0.001001201441730076
7923,icing sugar | unsalted butter | vanilla paste,3,icing sugar,unsalted butter,vanilla paste,10,0.001001201441730076
7924,icing sugar | unsalted butter | white chocolate,3,icing sugar,unsalted butter,white chocolate,10,0.001001201441730076
7925,lamb mince | olive oil | onion,3,lamb mince,olive oil,onion,10,0.001001201441730076
7926,lemon | lemon juice | plain flour,3,lemon,lemon juice,plain flour,10,0.001001201441730076
7927,lemon | milk | vanilla extract,3,lemon,milk,vanilla extract,10,0.001001201441730076
7928,lemon | mint leaves | spring onions,3,lemon,mint leaves,spring onions,10,0.001001201441730076
7929,lemon | mint leaves | tahini,3,lemon,mint leaves,tahini,10,0.001001201441730076
7930,lemon | mixed dried fruit | mixed spice,3,lemon,mixed dried fruit,mixed spice,10,0.001001201441730076
7931,lemon | nutmeg | orange,3,lemon,nutmeg,orange,10,0.001001201441730076
7932,lemon | olive oil | risotto rice,3,lemon,olive oil,risotto rice,10,0.001001201441730076
7933,lemon | olive oil | saffron,3,lemon,olive oil,saffron,10,0.001001201441730076
7934,lemon | olive oil | white wine vinegar,3,lemon,olive oil,white wine vinegar,10,0.001001201441730076
7935,lemon | olive oil | za’atar,3,lemon,olive oil,za’atar,10,0.001001201441730076
7936,lemon | onion | rapeseed oil,3,lemon,onion,rapeseed oil,10,0.001001201441730076
7937,lemon | parmesan | white wine,3,lemon,parmesan,white wine,10,0.001001201441730076
7938,lemon | parsley | spring onions,3,lemon,parsley,spring onions,10,0.001001201441730076
7939,lemon | pomegranate seeds | tahini,3,lemon,pomegranate seeds,tahini,10,0.001001201441730076
7940,lemon | rapeseed oil | red onions,3,lemon,rapeseed oil,red onions,10,0.001001201441730076
7941,lemon | rapeseed oil | rocket,3,lemon,rapeseed oil,rocket,10,0.001001201441730076
7942,lemon | rapeseed oil | vegetable bouillon powder,3,lemon,rapeseed oil,vegetable bouillon powder,10,0.001001201441730076
7943,lemon | strawberries | vanilla extract,3,lemon,strawberries,vanilla extract,10,0.001001201441730076
7944,lemon | unsalted butter | whole milk,3,lemon,unsalted butter,whole milk,10,0.001001201441730076
7945,lemongrass | red chilli | vegetable oil,3,lemongrass,red chilli,vegetable oil,10,0.001001201441730076
7946,lemongrass | spring onions | vegetable oil,3,lemongrass,spring onions,vegetable oil,10,0.001001201441730076
7947,light brown soft sugar | plain flour | whole milk,3,light brown soft sugar,plain flour,whole milk,10,0.001001201441730076
7948,light brown soft sugar | salted butter | self-raising flour,3,light brown soft sugar,salted butter,self-raising flour,10,0.001001201441730076
7949,light brown soft sugar | self-raising flour | vegetable oil,3,light brown soft sugar,self-raising flour,vegetable oil,10,0.001001201441730076
7950,light soy sauce | sesame oil | shaoxing rice wine,3,light soy sauce,sesame oil,shaoxing rice wine,10,0.001001201441730076
7951,light soy sauce | sesame oil | vegetable oil,3,light soy sauce,sesame oil,vegetable oil,10,0.001001201441730076
7952,light soy sauce | shaoxing rice wine | spring onions,3,light soy sauce,shaoxing rice wine,spring onions,10,0.001001201441730076
7953,lime | mayonnaise | spring onions,3,lime,mayonnaise,spring onions,10,0.001001201441730076
7954,lime | olive oil | tomatoes,3,lime,olive oil,tomatoes,10,0.001001201441730076
7955,lime | onion | rapeseed oil,3,lime,onion,rapeseed oil,10,0.001001201441730076
7956,lime | onion | vegetable oil,3,lime,onion,vegetable oil,10,0.001001201441730076
7957,lime | plain flour | vegetable oil,3,lime,plain flour,vegetable oil,10,0.001001201441730076
7958,lime | red chilli | soy sauce,3,lime,red chilli,soy sauce,10,0.001001201441730076
7959,lime | red onion | red pepper,3,lime,red onion,red pepper,10,0.001001201441730076
7960,lime | red onion | soured cream,3,lime,red onion,soured cream,10,0.001001201441730076
7961,lime | sesame oil | sesame seeds,3,lime,sesame oil,sesame seeds,10,0.001001201441730076
7962,lime | sesame seeds | spring onions,3,lime,sesame seeds,spring onions,10,0.001001201441730076
7963,lime | spring onions | vegetable oil,3,lime,spring onions,vegetable oil,10,0.001001201441730076
7964,limes | spring onions | vegetable oil,3,limes,spring onions,vegetable oil,10,0.001001201441730076
7965,macaroni | parmesan | plain flour,3,macaroni,parmesan,plain flour,10,0.001001201441730076
7966,maple syrup | milk | self-raising flour,3,maple syrup,milk,self-raising flour,10,0.001001201441730076
7967,mature cheddar | milk | olive oil,3,mature cheddar,milk,olive oil,10,0.001001201441730076
7968,mayonnaise | olive oil | spring onions,3,mayonnaise,olive oil,spring onions,10,0.001001201441730076
7969,milk chocolate | plain flour | vanilla extract,3,milk chocolate,plain flour,vanilla extract,10,0.001001201441730076
7970,milk | mozzarella | plain flour,3,milk,mozzarella,plain flour,10,0.001001201441730076
7971,milk | natural yogurt | vanilla extract,3,milk,natural yogurt,vanilla extract,10,0.001001201441730076
7972,milk | nutmeg | parmesan,3,milk,nutmeg,parmesan,10,0.001001201441730076
7973,milk | olive oil | passata,3,milk,olive oil,passata,10,0.001001201441730076
7974,milk | olive oil | tomatoes,3,milk,olive oil,tomatoes,10,0.001001201441730076
7975,milk | orange | unsalted butter,3,milk,orange,unsalted butter,10,0.001001201441730076
7976,milk | plain flour | tomato purée,3,milk,plain flour,tomato purée,10,0.001001201441730076
7977,milk | strong white bread flour | unsalted butter,3,milk,strong white bread flour,unsalted butter,10,0.001001201441730076
7978,milk | vanilla extract | white chocolate,3,milk,vanilla extract,white chocolate,10,0.001001201441730076
7979,mint leaves | red chilli | spring onions,3,mint leaves,red chilli,spring onions,10,0.001001201441730076
7980,mirin | sesame oil | spring onions,3,mirin,sesame oil,spring onions,10,0.001001201441730076
7981,mirin | soy sauce | spring onions,3,mirin,soy sauce,spring onions,10,0.001001201441730076
7982,mixed peel | orange | sultanas,3,mixed peel,orange,sultanas,10,0.001001201441730076
7983,mixed spice | orange | strong white bread flour,3,mixed spice,orange,strong white bread flour,10,0.001001201441730076
7984,mixed spice | orange | unsalted butter,3,mixed spice,orange,unsalted butter,10,0.001001201441730076
7985,mixed spice | orange | vanilla extract,3,mixed spice,orange,vanilla extract,10,0.001001201441730076
7986,mozzarella | onion | sugar,3,mozzarella,onion,sugar,10,0.001001201441730076
7987,natural yogurt | self-raising flour | unsalted butter,3,natural yogurt,self-raising flour,unsalted butter,10,0.001001201441730076
7988,nutmeg | olive oil | tomato purée,3,nutmeg,olive oil,tomato purée,10,0.001001201441730076
7989,nutmeg | olive oil | whole milk,3,nutmeg,olive oil,whole milk,10,0.001001201441730076
7990,nutmeg | onion | parmesan,3,nutmeg,onion,parmesan,10,0.001001201441730076
7991,nutmeg | plain flour | tomato purée,3,nutmeg,plain flour,tomato purée,10,0.001001201441730076
7992,olive oil | onion | potatoes,3,olive oil,onion,potatoes,10,0.001001201441730076
7993,olive oil | onion | sage,3,olive oil,onion,sage,10,0.001001201441730076
7994,olive oil | onions | rosemary,3,olive oil,onions,rosemary,10,0.001001201441730076
7995,olive oil | onions | thyme leaves,3,olive oil,onions,thyme leaves,10,0.001001201441730076
7996,olive oil | onions | white wine,3,olive oil,onions,white wine,10,0.001001201441730076
7997,olive oil | panko breadcrumbs | parmesan,3,olive oil,panko breadcrumbs,parmesan,10,0.001001201441730076
7998,olive oil | parmesan | spinach,3,olive oil,parmesan,spinach,10,0.001001201441730076
7999,olive oil | parsley | red onions,3,olive oil,parsley,red onions,10,0.001001201441730076
8000,olive oil | parsley | tahini,3,olive oil,parsley,tahini,10,0.001001201441730076
8001,olive oil | parsley | vegetable stock,3,olive oil,parsley,vegetable stock,10,0.001001201441730076
8002,olive oil | passata | smoked paprika,3,olive oil,passata,smoked paprika,10,0.001001201441730076
8003,olive oil | passata | strong white bread flour,3,olive oil,passata,strong white bread flour,10,0.001001201441730076
8004,olive oil | pistachios | pomegranate seeds,3,olive oil,pistachios,pomegranate seeds,10,0.001001201441730076
8005,olive oil | red onion | sugar,3,olive oil,red onion,sugar,10,0.001001201441730076
8006,olive oil | red onion | tomato,3,olive oil,red onion,tomato,10,0.001001201441730076
8007,olive oil | red onions | red peppers,3,olive oil,red onions,red peppers,10,0.001001201441730076
8008,olive oil | red pepper | yellow pepper,3,olive oil,red pepper,yellow pepper,10,0.001001201441730076
8009,olive oil | red peppers | red wine vinegar,3,olive oil,red peppers,red wine vinegar,10,0.001001201441730076
8010,olive oil | red wine vinegar | shallot,3,olive oil,red wine vinegar,shallot,10,0.001001201441730076
8011,olive oil | rosemary | unsalted butter,3,olive oil,rosemary,unsalted butter,10,0.001001201441730076
8012,olive oil | rosemary | white wine,3,olive oil,rosemary,white wine,10,0.001001201441730076
8013,onion | parmesan | spaghetti,3,onion,parmesan,spaghetti,10,0.001001201441730076
8014,onion | parmesan | tomatoes,3,onion,parmesan,tomatoes,10,0.001001201441730076
8015,onion | passata | tomato purée,3,onion,passata,tomato purée,10,0.001001201441730076
8016,onion | plain flour | unsalted butter,3,onion,plain flour,unsalted butter,10,0.001001201441730076
8017,onion | potatoes | tomato purée,3,onion,potatoes,tomato purée,10,0.001001201441730076
8018,onion | potatoes | vegetable oil,3,onion,potatoes,vegetable oil,10,0.001001201441730076
8019,onion | rapeseed oil | vegetable stock,3,onion,rapeseed oil,vegetable stock,10,0.001001201441730076
8020,onion | red chilli | red pepper,3,onion,red chilli,red pepper,10,0.001001201441730076
8021,onion | smoked paprika | vegetable oil,3,onion,smoked paprika,vegetable oil,10,0.001001201441730076
8022,onion | tomato purée | worcestershire sauce,3,onion,tomato purée,worcestershire sauce,10,0.001001201441730076
8023,onion | turmeric | vegetable stock,3,onion,turmeric,vegetable stock,10,0.001001201441730076
8024,onions | parmesan | plain flour,3,onions,parmesan,plain flour,10,0.001001201441730076
8025,onions | parsley | plain flour,3,onions,parsley,plain flour,10,0.001001201441730076
8026,onions | rapeseed oil | red chilli,3,onions,rapeseed oil,red chilli,10,0.001001201441730076
8027,onions | tomato purée | tomatoes,3,onions,tomato purée,tomatoes,10,0.001001201441730076
8028,orange | unsalted butter | vanilla extract,3,orange,unsalted butter,vanilla extract,10,0.001001201441730076
8029,parmesan | plain flour | thyme,3,parmesan,plain flour,thyme,10,0.001001201441730076
8030,parmesan | spaghetti | tomato purée,3,parmesan,spaghetti,tomato purée,10,0.001001201441730076
8031,parsley | rapeseed oil | smoked paprika,3,parsley,rapeseed oil,smoked paprika,10,0.001001201441730076
8032,parsley | rapeseed oil | vegetable bouillon powder,3,parsley,rapeseed oil,vegetable bouillon powder,10,0.001001201441730076
8033,parsley | red onion | tomatoes,3,parsley,red onion,tomatoes,10,0.001001201441730076
8034,parsley | thyme | tomato purée,3,parsley,thyme,tomato purée,10,0.001001201441730076
8035,plain flour | potatoes | vegetable oil,3,plain flour,potatoes,vegetable oil,10,0.001001201441730076
8036,plain flour | salt | unsalted butter,3,plain flour,salt,unsalted butter,10,0.001001201441730076
8037,plain flour | smoked paprika | vegetable oil,3,plain flour,smoked paprika,vegetable oil,10,0.001001201441730076
8038,plain flour | sunflower oil | thyme,3,plain flour,sunflower oil,thyme,10,0.001001201441730076
8039,plain flour | thyme leaves | vegetable oil,3,plain flour,thyme leaves,vegetable oil,10,0.001001201441730076
8040,potatoes | rapeseed oil | vegetable bouillon powder,3,potatoes,rapeseed oil,vegetable bouillon powder,10,0.001001201441730076
8041,rapeseed oil | red onion | tomato purée,3,rapeseed oil,red onion,tomato purée,10,0.001001201441730076
8042,red chilli | red onion | smoked paprika,3,red chilli,red onion,smoked paprika,10,0.001001201441730076
8043,red chilli | sesame oil | vegetable oil,3,red chilli,sesame oil,vegetable oil,10,0.001001201441730076
8044,red chilli | sesame seeds | spring onions,3,red chilli,sesame seeds,spring onions,10,0.001001201441730076
8045,red onion | red wine vinegar | tomatoes,3,red onion,red wine vinegar,tomatoes,10,0.001001201441730076
8046,red wine | thyme | vegetable oil,3,red wine,thyme,vegetable oil,10,0.001001201441730076
8047,rice vinegar | sesame oil | vegetable oil,3,rice vinegar,sesame oil,vegetable oil,10,0.001001201441730076
8048,rice vinegar | sesame seeds | soy sauce,3,rice vinegar,sesame seeds,soy sauce,10,0.001001201441730076
8049,rice wine vinegar | sesame seeds | spring onions,3,rice wine vinegar,sesame seeds,spring onions,10,0.001001201441730076
8050,self-raising flour | vanilla extract | whole milk,3,self-raising flour,vanilla extract,whole milk,10,0.001001201441730076
8051,sesame oil | spring onions | sugar,3,sesame oil,spring onions,sugar,10,0.001001201441730076
8052,smoked paprika | tomato purée | vegetable oil,3,smoked paprika,tomato purée,vegetable oil,10,0.001001201441730076
8053,soy sauce | spring onions | sweet chilli sauce,3,soy sauce,spring onions,sweet chilli sauce,10,0.001001201441730076
8054,tomato purée | tomatoes | vegetable bouillon powder,3,tomato purée,tomatoes,vegetable bouillon powder,10,0.001001201441730076
