Rank,Ingredient,Original_Frequency,Random_Set_1_Frequency,Random_Set_2_Frequency,Random_Set_3_Frequency,Random_Set_4_Frequency,Random_Set_5_Frequency,Random_Set_6_Frequency,Random_Set_7_Frequency,Random_Set_8_Frequency,Random_Set_9_Frequency,Random_Set_10_Frequency
1,garlic,3104,3104,3104,3104,3104,3104,3104,3104,3104,3104,3104
2,olive oil,2141,2141,2141,2141,2141,2141,2141,2141,2141,2141,2141
3,butter,1817,1817,1817,1817,1817,1817,1817,1817,1817,1817,1817
4,plain flour,1643,1643,1643,1643,1643,1643,1643,1643,1643,1643,1643
5,eggs,1589,1589,1589,1589,1589,1589,1589,1589,1589,1589,1589
6,lemon,1357,1357,1357,1357,1357,1357,1357,1357,1357,1357,1357
7,onion,1152,1152,1152,1152,1152,1152,1152,1152,1152,1152,1152
8,golden caster sugar,962,962,962,962,962,962,962,962,962,962,962
9,caster sugar,942,942,942,942,942,942,942,942,942,942,942
10,vegetable oil,882,882,882,882,882,882,882,882,882,882,882
11,double cream,873,873,873,873,873,873,873,873,873,873,873
12,egg,793,793,793,793,793,793,793,793,793,793,793
13,icing sugar,777,777,777,777,777,777,777,777,777,777,777
14,milk,770,770,770,770,770,770,770,770,770,770,770
15,ginger,743,743,743,743,743,743,743,743,743,743,743
16,vanilla extract,724,724,724,724,724,724,724,724,724,724,724
17,spring onions,680,680,680,680,680,680,680,680,680,680,680
18,unsalted butter,673,673,673,673,673,673,673,673,673,673,673
19,coriander,669,669,669,669,669,669,669,669,669,669,669
20,baking powder,657,657,657,657,657,657,657,657,657,657,657
21,red onion,650,650,650,650,650,650,650,650,650,650,650
22,rapeseed oil,630,630,630,630,630,630,630,630,630,630,630
23,parsley,622,622,622,622,622,622,622,622,622,622,622
24,self-raising flour,585,585,585,585,585,585,585,585,585,585,585
25,parmesan,528,528,528,528,528,528,528,528,528,528,528
26,carrots,496,496,496,496,496,496,496,496,496,496,496
27,onions,485,485,485,485,485,485,485,485,485,485,485
28,red chilli,469,469,469,469,469,469,469,469,469,469,469
29,tomato purée,466,466,466,466,466,466,466,466,466,466,466
30,lime,461,461,461,461,461,461,461,461,461,461,461
31,extra virgin olive oil,460,460,460,460,460,460,460,460,460,460,460
32,sunflower oil,459,459,459,459,459,459,459,459,459,459,459
33,ground cumin,457,457,457,457,457,457,457,457,457,457,457
34,ground cinnamon,449,449,449,449,449,449,449,449,449,449,449
35,honey,429,429,429,429,429,429,429,429,429,429,429
36,thyme,417,417,417,417,417,417,417,417,417,417,417
37,cornflour,401,401,401,401,401,401,401,401,401,401,401
38,smoked paprika,400,400,400,400,400,400,400,400,400,400,400
39,light brown soft sugar,377,377,377,377,377,377,377,377,377,377,377
40,dark chocolate,373,373,373,373,373,373,373,373,373,373,373
41,chilli flakes,357,357,357,357,357,357,357,357,357,357,357
42,cinnamon,355,355,355,355,355,355,355,355,355,355,355
43,chopped tomatoes,348,348,348,348,348,348,348,348,348,348,348
44,tomatoes,344,344,344,344,344,344,344,344,344,344,344
45,cucumber,343,343,343,343,343,343,343,343,343,343,343
46,celery,342,342,342,342,342,342,342,342,342,342,342
47,orange,339,339,339,339,339,339,339,339,339,339,339
48,whole milk,334,334,334,334,334,334,334,334,334,334,334
49,ground coriander,330,330,330,330,330,330,330,330,330,330,330
50,bay leaves,323,323,323,323,323,323,323,323,323,323,323
51,cumin seeds,304,304,304,304,304,304,304,304,304,304,304
52,dijon mustard,301,301,301,301,301,301,301,301,301,301,301
53,cherry tomatoes,298,298,298,298,298,298,298,298,298,298,298
54,soy sauce,298,298,298,298,298,298,298,298,298,298,298
55,chicken stock,297,297,297,297,297,297,297,297,297,297,297
56,bicarbonate of soda,288,288,288,288,288,288,288,288,288,288,288
57,maple syrup,285,285,285,285,285,285,285,285,285,285,285
58,mint leaves,285,285,285,285,285,285,285,285,285,285,285
59,cocoa powder,282,282,282,282,282,282,282,282,282,282,282
60,ice,280,280,280,280,280,280,280,280,280,280,280
61,carrot,279,279,279,279,279,279,279,279,279,279,279
62,sesame oil,268,268,268,268,268,268,268,268,268,268,268
63,lemon juice,266,266,266,266,266,266,266,266,266,266,266
64,red wine vinegar,261,261,261,261,261,261,261,261,261,261,261
65,rosemary,246,246,246,246,246,246,246,246,246,246,246
66,sugar,245,245,245,245,245,245,245,245,245,245,245
67,feta,243,243,243,243,243,243,243,243,243,243,243
68,dill,240,240,240,240,240,240,240,240,240,240,240
69,sesame seeds,240,240,240,240,240,240,240,240,240,240,240
70,red pepper,239,239,239,239,239,239,239,239,239,239,239
71,dried oregano,233,233,233,233,233,233,233,233,233,233,233
72,juice,233,233,233,233,233,233,233,233,233,233,233
73,natural yogurt,231,231,231,231,231,231,231,231,231,231,231
74,vegetable stock,231,231,231,231,231,231,231,231,231,231,231
75,mayonnaise,223,223,223,223,223,223,223,223,223,223,223
76,coriander leaves,221,221,221,221,221,221,221,221,221,221,221
77,white wine vinegar,221,221,221,221,221,221,221,221,221,221,221
78,chickpeas,215,215,215,215,215,215,215,215,215,215,215
79,mint,213,213,213,213,213,213,213,213,213,213,213
80,chives,207,207,207,207,207,207,207,207,207,207,207
81,frozen peas,205,205,205,205,205,205,205,205,205,205,205
82,crème fraîche,202,202,202,202,202,202,202,202,202,202,202
83,limes,202,202,202,202,202,202,202,202,202,202,202
84,turmeric,198,198,198,198,198,198,198,198,198,198,198
85,salted butter,197,197,197,197,197,197,197,197,197,197,197
86,nutmeg,194,194,194,194,194,194,194,194,194,194,194
87,egg yolks,193,193,193,193,193,193,193,193,193,193,193
88,coconut milk,192,192,192,192,192,192,192,192,192,192,192
89,red onions,190,190,190,190,190,190,190,190,190,190,190
90,oil,189,189,189,189,189,189,189,189,189,189,189
91,potatoes,188,188,188,188,188,188,188,188,188,188,188
92,soured cream,186,186,186,186,186,186,186,186,186,186,186
93,fennel seeds,185,185,185,185,185,185,185,185,185,185,185
94,lemons,183,183,183,183,183,183,183,183,183,183,183
95,ground almonds,182,182,182,182,182,182,182,182,182,182,182
96,greek yogurt,180,180,180,180,180,180,180,180,180,180,180
97,ground turmeric,180,180,180,180,180,180,180,180,180,180,180
98,basil leaves,179,179,179,179,179,179,179,179,179,179,179
99,white wine,174,174,174,174,174,174,174,174,174,174,174
100,capers,170,170,170,170,170,170,170,170,170,170,170
101,balsamic vinegar,163,163,163,163,163,163,163,163,163,163,163
102,fast-action dried yeast,163,163,163,163,163,163,163,163,163,163,163
103,golden syrup,163,163,163,163,163,163,163,163,163,163,163
104,ground ginger,163,163,163,163,163,163,163,163,163,163,163
105,bay leaf,161,161,161,161,161,161,161,161,161,161,161
106,cider vinegar,160,160,160,160,160,160,160,160,160,160,160
107,flat-leaf parsley,160,160,160,160,160,160,160,160,160,160,160
108,wholegrain mustard,160,160,160,160,160,160,160,160,160,160,160
109,thyme leaves,159,159,159,159,159,159,159,159,159,159,159
110,white chocolate,158,158,158,158,158,158,158,158,158,158,158
111,leeks,157,157,157,157,157,157,157,157,157,157,157
112,basil,156,156,156,156,156,156,156,156,156,156,156
113,spinach,156,156,156,156,156,156,156,156,156,156,156
114,shallots,155,155,155,155,155,155,155,155,155,155,155
115,mozzarella,152,152,152,152,152,152,152,152,152,152,152
116,coriander seeds,150,150,150,150,150,150,150,150,150,150,150
117,courgettes,148,148,148,148,148,148,148,148,148,148,148
118,butternut squash,147,147,147,147,147,147,147,147,147,147,147
119,flaked almonds,147,147,147,147,147,147,147,147,147,147,147
120,salt,146,146,146,146,146,146,146,146,146,146,146
121,tahini,145,145,145,145,145,145,145,145,145,145,145
122,cayenne pepper,143,143,143,143,143,143,143,143,143,143,143
123,cheddar,143,143,143,143,143,143,143,143,143,143,143
124,green chilli,142,142,142,142,142,142,142,142,142,142,142
125,mature cheddar,142,142,142,142,142,142,142,142,142,142,142
126,pistachios,142,142,142,142,142,142,142,142,142,142,142
127,strong white bread flour,142,142,142,142,142,142,142,142,142,142,142
128,garam masala,141,141,141,141,141,141,141,141,141,141,141
129,sweet potatoes,139,139,139,139,139,139,139,139,139,139,139
130,red wine,138,138,138,138,138,138,138,138,138,138,138
131,star anise,138,138,138,138,138,138,138,138,138,138,138
132,rocket,137,137,137,137,137,137,137,137,137,137,137
133,vanilla bean paste,137,137,137,137,137,137,137,137,137,137,137
134,pine nuts,136,136,136,136,136,136,136,136,136,136,136
135,cauliflower,133,133,133,133,133,133,133,133,133,133,133
136,mascarpone,133,133,133,133,133,133,133,133,133,133,133
137,mixed spice,133,133,133,133,133,133,133,133,133,133,133
138,shallot,133,133,133,133,133,133,133,133,133,133,133
139,clear honey,132,132,132,132,132,132,132,132,132,132,132
140,avocado,130,130,130,130,130,130,130,130,130,130,130
141,baby spinach,130,130,130,130,130,130,130,130,130,130,130
142,pomegranate seeds,130,130,130,130,130,130,130,130,130,130,130
143,egg yolk,128,128,128,128,128,128,128,128,128,128,128
144,vegetable bouillon powder,126,126,126,126,126,126,126,126,126,126,126
145,chilli powder,125,125,125,125,125,125,125,125,125,125,125
146,egg whites,123,123,123,123,123,123,123,123,123,123,123
147,beef stock,121,121,121,121,121,121,121,121,121,121,121
148,black beans,121,121,121,121,121,121,121,121,121,121,121
149,black peppercorns,120,120,120,120,120,120,120,120,120,120,120
150,light muscovado sugar,120,120,120,120,120,120,120,120,120,120,120
151,flour,119,119,119,119,119,119,119,119,119,119,119
152,paprika,117,117,117,117,117,117,117,117,117,117,117
153,fish sauce,116,116,116,116,116,116,116,116,116,116,116
154,porridge oats,116,116,116,116,116,116,116,116,116,116,116
155,cold butter,114,114,114,114,114,114,114,114,114,114,114
156,radishes,114,114,114,114,114,114,114,114,114,114,114
157,ricotta,113,113,113,113,113,113,113,113,113,113,113
158,raspberries,112,112,112,112,112,112,112,112,112,112,112
159,strawberries,112,112,112,112,112,112,112,112,112,112,112
160,chicken breasts,110,110,110,110,110,110,110,110,110,110,110
161,granulated sugar,109,109,109,109,109,109,109,109,109,109,109
162,worcestershire sauce,108,108,108,108,108,108,108,108,108,108,108
163,courgette,106,106,106,106,106,106,106,106,106,106,106
164,basmati rice,105,105,105,105,105,105,105,105,105,105,105
165,sage leaves,105,105,105,105,105,105,105,105,105,105,105
166,buttermilk,104,104,104,104,104,104,104,104,104,104,104
167,passata,101,101,101,101,101,101,101,101,101,101,101
168,raisins,99,99,99,99,99,99,99,99,99,99,99
169,cloves,98,98,98,98,98,98,98,98,98,98,98
170,green beans,98,98,98,98,98,98,98,98,98,98,98
171,red peppers,98,98,98,98,98,98,98,98,98,98,98
172,walnuts,98,98,98,98,98,98,98,98,98,98,98
173,desiccated coconut,97,97,97,97,97,97,97,97,97,97,97
174,new potatoes,97,97,97,97,97,97,97,97,97,97,97
175,vodka,97,97,97,97,97,97,97,97,97,97,97
176,beetroot,95,95,95,95,95,95,95,95,95,95,95
177,chestnut mushrooms,95,95,95,95,95,95,95,95,95,95,95
178,oranges,95,95,95,95,95,95,95,95,95,95,95
179,curry powder,94,94,94,94,94,94,94,94,94,94,94
180,parsley leaves,94,94,94,94,94,94,94,94,94,94,94
181,aubergine,93,93,93,93,93,93,93,93,93,93,93
182,cardamom pods,93,93,93,93,93,93,93,93,93,93,93
183,crusty bread,92,92,92,92,92,92,92,92,92,92,92
184,leek,92,92,92,92,92,92,92,92,92,92,92
185,light soy sauce,92,92,92,92,92,92,92,92,92,92,92
186,red chillies,92,92,92,92,92,92,92,92,92,92,92
187,garlic granules,91,91,91,91,91,91,91,91,91,91,91
188,hazelnuts,91,91,91,91,91,91,91,91,91,91,91
189,fennel,90,90,90,90,90,90,90,90,90,90,90
190,rice,90,90,90,90,90,90,90,90,90,90,90
191,sherry vinegar,90,90,90,90,90,90,90,90,90,90,90
192,lime juice,88,88,88,88,88,88,88,88,88,88,88
193,sea salt flakes,88,88,88,88,88,88,88,88,88,88,88
194,watercress,87,87,87,87,87,87,87,87,87,87,87
195,demerara sugar,86,86,86,86,86,86,86,86,86,86,86
196,milk chocolate,86,86,86,86,86,86,86,86,86,86,86
197,pumpkin seeds,86,86,86,86,86,86,86,86,86,86,86
198,chipotle paste,85,85,85,85,85,85,85,85,85,85,85
199,apple cider vinegar,84,84,84,84,84,84,84,84,84,84,84
200,aubergines,84,84,84,84,84,84,84,84,84,84,84
201,maris piper potatoes,82,82,82,82,82,82,82,82,82,82,82
202,sultanas,82,82,82,82,82,82,82,82,82,82,82
203,coconut oil,81,81,81,81,81,81,81,81,81,81,81
204,rice vinegar,81,81,81,81,81,81,81,81,81,81,81
205,parsnips,80,80,80,80,80,80,80,80,80,80,80
206,potato,80,80,80,80,80,80,80,80,80,80,80
207,gin,79,79,79,79,79,79,79,79,79,79,79
208,green chillies,79,79,79,79,79,79,79,79,79,79,79
209,tomato,78,78,78,78,78,78,78,78,78,78,78
210,dried cranberries,77,77,77,77,77,77,77,77,77,77,77
211,full-fat milk,76,76,76,76,76,76,76,76,76,76,76
212,spring onion,76,76,76,76,76,76,76,76,76,76,76
213,ground nutmeg,75,75,75,75,75,75,75,75,75,75,75
214,banana shallots,74,74,74,74,74,74,74,74,74,74,74
215,english mustard powder,74,74,74,74,74,74,74,74,74,74,74
216,panko breadcrumbs,74,74,74,74,74,74,74,74,74,74,74
217,pecans,74,74,74,74,74,74,74,74,74,74,74
218,sea salt,74,74,74,74,74,74,74,74,74,74,74
219,butter beans,73,73,73,73,73,73,73,73,73,73,73
220,cream cheese,73,73,73,73,73,73,73,73,73,73,73
221,egg white,73,73,73,73,73,73,73,73,73,73,73
222,brussels sprouts,72,72,72,72,72,72,72,72,72,72,72
223,english mustard,72,72,72,72,72,72,72,72,72,72,72
224,red cabbage,72,72,72,72,72,72,72,72,72,72,72
225,kale,71,71,71,71,71,71,71,71,71,71,71
226,mango chutney,71,71,71,71,71,71,71,71,71,71,71
227,nigella seeds,71,71,71,71,71,71,71,71,71,71,71
228,semi-skimmed milk,71,71,71,71,71,71,71,71,71,71,71
229,beef mince,70,70,70,70,70,70,70,70,70,70,70
230,fresh breadcrumbs,69,69,69,69,69,69,69,69,69,69,69
231,mushrooms,69,69,69,69,69,69,69,69,69,69,69
232,soft cheese,69,69,69,69,69,69,69,69,69,69,69
233,white caster sugar,69,69,69,69,69,69,69,69,69,69,69
234,brown sugar,68,68,68,68,68,68,68,68,68,68,68
235,celeriac,68,68,68,68,68,68,68,68,68,68,68
236,dark soy sauce,67,67,67,67,67,67,67,67,67,67,67
237,floury potatoes,67,67,67,67,67,67,67,67,67,67,67
238,ground cloves,67,67,67,67,67,67,67,67,67,67,67
239,sweet smoked paprika,67,67,67,67,67,67,67,67,67,67,67
240,sweetcorn,67,67,67,67,67,67,67,67,67,67,67
241,dark brown soft sugar,65,65,65,65,65,65,65,65,65,65,65
242,broccoli,64,64,64,64,64,64,64,64,64,64,64
243,lemongrass,64,64,64,64,64,64,64,64,64,64,64
244,gruyère,63,63,63,63,63,63,63,63,63,63,63
245,saffron,62,62,62,62,62,62,62,62,62,62,62
246,vanilla pod,62,62,62,62,62,62,62,62,62,62,62
247,blueberries,61,61,61,61,61,61,61,61,61,61,61
248,smoked streaky bacon,61,61,61,61,61,61,61,61,61,61,61
249,brandy,60,60,60,60,60,60,60,60,60,60,60
250,sweet potato,60,60,60,60,60,60,60,60,60,60,60
251,rice wine vinegar,59,59,59,59,59,59,59,59,59,59,59
252,spaghetti,59,59,59,59,59,59,59,59,59,59,59
253,quinoa,58,58,58,58,58,58,58,58,58,58,58
254,chorizo,57,57,57,57,57,57,57,57,57,57,57
255,condensed milk,57,57,57,57,57,57,57,57,57,57,57
256,green salad,57,57,57,57,57,57,57,57,57,57,57
257,halloumi,57,57,57,57,57,57,57,57,57,57,57
258,mustard powder,57,57,57,57,57,57,57,57,57,57,57
259,cannellini beans,56,56,56,56,56,56,56,56,56,56,56
260,digestive biscuits,56,56,56,56,56,56,56,56,56,56,56
261,fresh coriander,56,56,56,56,56,56,56,56,56,56,56
262,tomato ketchup,56,56,56,56,56,56,56,56,56,56,56
263,apple,55,55,55,55,55,55,55,55,55,55,55
264,lamb mince,55,55,55,55,55,55,55,55,55,55,55
265,puff pastry,55,55,55,55,55,55,55,55,55,55,55
266,sage,55,55,55,55,55,55,55,55,55,55,55
267,skinless chicken breasts,55,55,55,55,55,55,55,55,55,55,55
268,chicken,54,54,54,54,54,54,54,54,54,54,54
269,filo pastry,54,54,54,54,54,54,54,54,54,54,54
270,mixed seeds,54,54,54,54,54,54,54,54,54,54,54
271,vanilla ice cream,54,54,54,54,54,54,54,54,54,54,54
272,white cabbage,54,54,54,54,54,54,54,54,54,54,54
273,brown basmati rice,53,53,53,53,53,53,53,53,53,53,53
274,dried porcini mushrooms,53,53,53,53,53,53,53,53,53,53,53
275,fine sea salt,53,53,53,53,53,53,53,53,53,53,53
276,green pepper,53,53,53,53,53,53,53,53,53,53,53
277,plum tomatoes,53,53,53,53,53,53,53,53,53,53,53
278,pomegranate molasses,53,53,53,53,53,53,53,53,53,53,53
279,raw king prawns,53,53,53,53,53,53,53,53,53,53,53
280,ready-rolled puff pastry,53,53,53,53,53,53,53,53,53,53,53
281,almond extract,52,52,52,52,52,52,52,52,52,52,52
282,sugar syrup,52,52,52,52,52,52,52,52,52,52,52
283,banana,51,51,51,51,51,51,51,51,51,51,51
284,bio yogurt,51,51,51,51,51,51,51,51,51,51,51
285,olive or rapeseed oil,51,51,51,51,51,51,51,51,51,51,51
286,soft light brown sugar,51,51,51,51,51,51,51,51,51,51,51
287,avocados,50,50,50,50,50,50,50,50,50,50,50
288,cold unsalted butter,50,50,50,50,50,50,50,50,50,50,50
289,harissa,50,50,50,50,50,50,50,50,50,50,50
290,lemon wedges,50,50,50,50,50,50,50,50,50,50,50
291,ripe tomatoes,50,50,50,50,50,50,50,50,50,50,50
292,breadcrumbs,49,49,49,49,49,49,49,49,49,49,49
293,ketchup,49,49,49,49,49,49,49,49,49,49,49
294,pork sausages,49,49,49,49,49,49,49,49,49,49,49
295,tamarind paste,49,49,49,49,49,49,49,49,49,49,49
296,tarragon,49,49,49,49,49,49,49,49,49,49,49
297,almonds,48,48,48,48,48,48,48,48,48,48,48
298,black pepper,48,48,48,48,48,48,48,48,48,48,48
299,coconut cream,48,48,48,48,48,48,48,48,48,48,48
300,dark muscovado sugar,48,48,48,48,48,48,48,48,48,48,48
301,groundnut oil,48,48,48,48,48,48,48,48,48,48,48
302,vegetable or sunflower oil,48,48,48,48,48,48,48,48,48,48,48
303,beansprouts,47,47,47,47,47,47,47,47,47,47,47
304,dried breadcrumbs,47,47,47,47,47,47,47,47,47,47,47
305,sumac,47,47,47,47,47,47,47,47,47,47,47
306,sweet chilli sauce,47,47,47,47,47,47,47,47,47,47,47
307,walnut halves,47,47,47,47,47,47,47,47,47,47,47
308,apricot jam,46,46,46,46,46,46,46,46,46,46,46
309,baby spinach leaves,46,46,46,46,46,46,46,46,46,46,46
310,bananas,46,46,46,46,46,46,46,46,46,46,46
311,dried apricots,46,46,46,46,46,46,46,46,46,46,46
312,flaky sea salt,46,46,46,46,46,46,46,46,46,46,46
313,garlic powder,46,46,46,46,46,46,46,46,46,46,46
314,ghee,46,46,46,46,46,46,46,46,46,46,46
315,pineapple,46,46,46,46,46,46,46,46,46,46,46
316,soft brown sugar,46,46,46,46,46,46,46,46,46,46,46
317,wholemeal flour,46,46,46,46,46,46,46,46,46,46,46
318,yellow pepper,46,46,46,46,46,46,46,46,46,46,46
319,asparagus,45,45,45,45,45,45,45,45,45,45,45
320,dark rum,45,45,45,45,45,45,45,45,45,45,45
321,full-fat soft cheese,45,45,45,45,45,45,45,45,45,45,45
322,pork mince,45,45,45,45,45,45,45,45,45,45,45
323,red lentils,45,45,45,45,45,45,45,45,45,45,45
324,sparkling water,45,45,45,45,45,45,45,45,45,45,45
325,blackberries,44,44,44,44,44,44,44,44,44,44,44
326,flavourless oil,44,44,44,44,44,44,44,44,44,44,44
327,lemon zest,44,44,44,44,44,44,44,44,44,44,44
328,lime wedges,44,44,44,44,44,44,44,44,44,44,44
329,mixed dried fruit,44,44,44,44,44,44,44,44,44,44,44
330,prosciutto,44,44,44,44,44,44,44,44,44,44,44
331,swede,44,44,44,44,44,44,44,44,44,44,44
332,vanilla paste,44,44,44,44,44,44,44,44,44,44,44
333,chestnuts,43,43,43,43,43,43,43,43,43,43,43
334,coconut yogurt,43,43,43,43,43,43,43,43,43,43,43
335,dried thyme,43,43,43,43,43,43,43,43,43,43,43
336,fresh thyme leaves,43,43,43,43,43,43,43,43,43,43,43
337,full-fat cream cheese,43,43,43,43,43,43,43,43,43,43,43
338,ground allspice,43,43,43,43,43,43,43,43,43,43,43
339,lemon curd,43,43,43,43,43,43,43,43,43,43,43
340,mango,43,43,43,43,43,43,43,43,43,43,43
341,mirin,43,43,43,43,43,43,43,43,43,43,43
342,orange juice,43,43,43,43,43,43,43,43,43,43,43
343,peppers,43,43,43,43,43,43,43,43,43,43,43
344,raspberry jam,43,43,43,43,43,43,43,43,43,43,43
345,sourdough,43,43,43,43,43,43,43,43,43,43,43
346,streaky bacon,43,43,43,43,43,43,43,43,43,43,43
347,caraway seeds,42,42,42,42,42,42,42,42,42,42,42
348,clementines,42,42,42,42,42,42,42,42,42,42,42
349,couscous,42,42,42,42,42,42,42,42,42,42,42
350,mild curry powder,42,42,42,42,42,42,42,42,42,42,42
351,peanut butter,42,42,42,42,42,42,42,42,42,42,42
352,dry white wine,41,41,41,41,41,41,41,41,41,41,41
353,gelatine,41,41,41,41,41,41,41,41,41,41,41
354,glacé cherries,41,41,41,41,41,41,41,41,41,41,41
355,risotto rice,41,41,41,41,41,41,41,41,41,41,41
356,single cream,41,41,41,41,41,41,41,41,41,41,41
357,apples,40,40,40,40,40,40,40,40,40,40,40
358,cranberry sauce,40,40,40,40,40,40,40,40,40,40,40
359,cumin,40,40,40,40,40,40,40,40,40,40,40
360,hot sauce,40,40,40,40,40,40,40,40,40,40,40
361,juniper berries,40,40,40,40,40,40,40,40,40,40,40
362,ripe avocado,40,40,40,40,40,40,40,40,40,40,40
363,salmon fillets,40,40,40,40,40,40,40,40,40,40,40
364,sausages,40,40,40,40,40,40,40,40,40,40,40
365,vegetable,40,40,40,40,40,40,40,40,40,40,40
366,white onion,40,40,40,40,40,40,40,40,40,40,40
367,chinese five-spice powder,39,39,39,39,39,39,39,39,39,39,39
368,hot vegetable stock,39,39,39,39,39,39,39,39,39,39,39
369,light brown sugar,39,39,39,39,39,39,39,39,39,39,39
370,prawns,39,39,39,39,39,39,39,39,39,39,39
371,slightly salted butter,39,39,39,39,39,39,39,39,39,39,39
372,sourdough bread,39,39,39,39,39,39,39,39,39,39,39
373,white bread,39,39,39,39,39,39,39,39,39,39,39
374,blanched almonds,38,38,38,38,38,38,38,38,38,38,38
375,cold-pressed rapeseed oil,38,38,38,38,38,38,38,38,38,38,38
376,fine salt,38,38,38,38,38,38,38,38,38,38,38
377,little gem lettuces,38,38,38,38,38,38,38,38,38,38,38
378,marzipan,38,38,38,38,38,38,38,38,38,38,38
379,rolled oats,38,38,38,38,38,38,38,38,38,38,38
380,smooth peanut butter,38,38,38,38,38,38,38,38,38,38,38
381,soda water,38,38,38,38,38,38,38,38,38,38,38
382,whole chicken,38,38,38,38,38,38,38,38,38,38,38
383,avocado stoned,37,37,37,37,37,37,37,37,37,37,37
384,brown rice,37,37,37,37,37,37,37,37,37,37,37
385,fresh ginger,37,37,37,37,37,37,37,37,37,37,37
386,oats,37,37,37,37,37,37,37,37,37,37,37
387,white pepper,37,37,37,37,37,37,37,37,37,37,37
388,banana shallot,36,36,36,36,36,36,36,36,36,36,36
389,fresh white breadcrumbs,36,36,36,36,36,36,36,36,36,36,36
390,ground white pepper,36,36,36,36,36,36,36,36,36,36,36
391,mustard seeds,36,36,36,36,36,36,36,36,36,36,36
392,pesto,36,36,36,36,36,36,36,36,36,36,36
393,prosecco,36,36,36,36,36,36,36,36,36,36,36
394,blanched hazelnuts,35,35,35,35,35,35,35,35,35,35,35
395,"boneless, skinless chicken thighs",35,35,35,35,35,35,35,35,35,35,35
396,cinnamon sticks,35,35,35,35,35,35,35,35,35,35,35
397,dried chilli flakes,35,35,35,35,35,35,35,35,35,35,35
398,elderflower cordial,35,35,35,35,35,35,35,35,35,35,35
399,ground cardamom,35,35,35,35,35,35,35,35,35,35,35
400,kalamata olives,35,35,35,35,35,35,35,35,35,35,35
401,oyster sauce,35,35,35,35,35,35,35,35,35,35,35
402,runny honey,35,35,35,35,35,35,35,35,35,35,35
403,smoked salmon,35,35,35,35,35,35,35,35,35,35,35
404,allspice,34,34,34,34,34,34,34,34,34,34,34
405,cocoa,34,34,34,34,34,34,34,34,34,34,34
406,dried mixed herbs,34,34,34,34,34,34,34,34,34,34,34
407,flatbreads,34,34,34,34,34,34,34,34,34,34,34
408,ham,34,34,34,34,34,34,34,34,34,34,34
409,low-salt soy sauce,34,34,34,34,34,34,34,34,34,34,34
410,rhubarb,34,34,34,34,34,34,34,34,34,34,34
411,rosewater,34,34,34,34,34,34,34,34,34,34,34
412,sriracha,34,34,34,34,34,34,34,34,34,34,34
413,apple juice,33,33,33,33,33,33,33,33,33,33,33
414,chia seeds,33,33,33,33,33,33,33,33,33,33,33
415,chicken breast,33,33,33,33,33,33,33,33,33,33,33
416,cooking chorizo,33,33,33,33,33,33,33,33,33,33,33
417,macaroni,33,33,33,33,33,33,33,33,33,33,33
418,soft butter,33,33,33,33,33,33,33,33,33,33,33
419,stem ginger,33,33,33,33,33,33,33,33,33,33,33
420,strong white flour,33,33,33,33,33,33,33,33,33,33,33
421,sunflower or vegetable oil,33,33,33,33,33,33,33,33,33,33,33
422,whipping cream,33,33,33,33,33,33,33,33,33,33,33
423,black mustard seeds,32,32,32,32,32,32,32,32,32,32,32
424,cashew nuts,32,32,32,32,32,32,32,32,32,32,32
425,chilli sauce,32,32,32,32,32,32,32,32,32,32,32
426,coriander stalks,32,32,32,32,32,32,32,32,32,32,32
427,crunchy peanut butter,32,32,32,32,32,32,32,32,32,32,32
428,eating apples,32,32,32,32,32,32,32,32,32,32,32
429,extra mature cheddar,32,32,32,32,32,32,32,32,32,32,32
430,oregano,32,32,32,32,32,32,32,32,32,32,32
431,pancetta,32,32,32,32,32,32,32,32,32,32,32
432,puy lentils,32,32,32,32,32,32,32,32,32,32,32
433,currants,31,31,31,31,31,31,31,31,31,31,31
434,curry leaves,31,31,31,31,31,31,31,31,31,31,31
435,hot chilli powder,31,31,31,31,31,31,31,31,31,31,31
436,kashmiri chilli powder,31,31,31,31,31,31,31,31,31,31,31
437,orzo,31,31,31,31,31,31,31,31,31,31,31
438,pak choi,31,31,31,31,31,31,31,31,31,31,31
439,pitted green olives,31,31,31,31,31,31,31,31,31,31,31
440,ripe avocados,31,31,31,31,31,31,31,31,31,31,31
441,sundried tomatoes,31,31,31,31,31,31,31,31,31,31,31
442,toasted flaked almonds,31,31,31,31,31,31,31,31,31,31,31
443,whole nutmeg,31,31,31,31,31,31,31,31,31,31,31
444,agave syrup,30,30,30,30,30,30,30,30,30,30,30
445,baguette,30,30,30,30,30,30,30,30,30,30,30
446,clotted cream,30,30,30,30,30,30,30,30,30,30,30
447,half-fat crème fraîche,30,30,30,30,30,30,30,30,30,30,30
448,icing sugar sieved,30,30,30,30,30,30,30,30,30,30,30
449,mild chilli powder,30,30,30,30,30,30,30,30,30,30,30
450,mixed nuts,30,30,30,30,30,30,30,30,30,30,30
451,paneer,30,30,30,30,30,30,30,30,30,30,30
452,pasta,30,30,30,30,30,30,30,30,30,30,30
453,peas,30,30,30,30,30,30,30,30,30,30,30
454,polenta,30,30,30,30,30,30,30,30,30,30,30
455,ripe bananas,30,30,30,30,30,30,30,30,30,30,30
456,squeeze of lemon juice,30,30,30,30,30,30,30,30,30,30,30
457,tamari,30,30,30,30,30,30,30,30,30,30,30
458,triple sec,30,30,30,30,30,30,30,30,30,30,30
459,yogurt,30,30,30,30,30,30,30,30,30,30,30
460,baking potatoes,29,29,29,29,29,29,29,29,29,29,29
461,black treacle,29,29,29,29,29,29,29,29,29,29,29
462,bramley apples,29,29,29,29,29,29,29,29,29,29,29
463,bread,29,29,29,29,29,29,29,29,29,29,29
464,bulgur wheat,29,29,29,29,29,29,29,29,29,29,29
465,cornichons,29,29,29,29,29,29,29,29,29,29,29
466,firm tofu,29,29,29,29,29,29,29,29,29,29,29
467,frozen spinach,29,29,29,29,29,29,29,29,29,29,29
468,green lentils,29,29,29,29,29,29,29,29,29,29,29
469,ground almond,29,29,29,29,29,29,29,29,29,29,29
470,hoisin sauce,29,29,29,29,29,29,29,29,29,29,29
471,ice cubes,29,29,29,29,29,29,29,29,29,29,29
472,onion granules,29,29,29,29,29,29,29,29,29,29,29
473,poppy seeds,29,29,29,29,29,29,29,29,29,29,29
474,ras el hanout,29,29,29,29,29,29,29,29,29,29,29
475,rose harissa,29,29,29,29,29,29,29,29,29,29,29
476,asparagus spears,28,28,28,28,28,28,28,28,28,28,28
477,button mushrooms,28,28,28,28,28,28,28,28,28,28,28
478,chicken wings,28,28,28,28,28,28,28,28,28,28,28
479,feta cheese,28,28,28,28,28,28,28,28,28,28,28
480,ground mace,28,28,28,28,28,28,28,28,28,28,28
481,hummus,28,28,28,28,28,28,28,28,28,28,28
482,light soft brown sugar,28,28,28,28,28,28,28,28,28,28,28
483,little gem lettuce,28,28,28,28,28,28,28,28,28,28,28
484,mixed peel,28,28,28,28,28,28,28,28,28,28,28
485,pearl barley,28,28,28,28,28,28,28,28,28,28,28
486,tarragon leaves,28,28,28,28,28,28,28,28,28,28,28
487,white rum,28,28,28,28,28,28,28,28,28,28,28
488,all-butter puff pastry,27,27,27,27,27,27,27,27,27,27,27
489,bitters,27,27,27,27,27,27,27,27,27,27,27
490,black sesame seeds,27,27,27,27,27,27,27,27,27,27,27
491,custard powder,27,27,27,27,27,27,27,27,27,27,27
492,green cardamom pods,27,27,27,27,27,27,27,27,27,27,27
493,ground black pepper,27,27,27,27,27,27,27,27,27,27,27
494,hot chicken stock,27,27,27,27,27,27,27,27,27,27,27
495,lime leaves,27,27,27,27,27,27,27,27,27,27,27
496,mincemeat,27,27,27,27,27,27,27,27,27,27,27
497,pears,27,27,27,27,27,27,27,27,27,27,27
498,pitted black olives,27,27,27,27,27,27,27,27,27,27,27
499,smoked bacon lardons,27,27,27,27,27,27,27,27,27,27,27
500,sweet paprika,27,27,27,27,27,27,27,27,27,27,27
501,za’atar,27,27,27,27,27,27,27,27,27,27,27
502,baby potatoes,26,26,26,26,26,26,26,26,26,26,26
503,black olives,26,26,26,26,26,26,26,26,26,26,26
504,chicken thighs,26,26,26,26,26,26,26,26,26,26,26
505,chocolate chips,26,26,26,26,26,26,26,26,26,26,26
506,coconut flakes,26,26,26,26,26,26,26,26,26,26,26
507,frozen raspberries,26,26,26,26,26,26,26,26,26,26,26
508,iceberg lettuce,26,26,26,26,26,26,26,26,26,26,26
509,king prawns,26,26,26,26,26,26,26,26,26,26,26
510,lard,26,26,26,26,26,26,26,26,26,26,26
511,malt vinegar,26,26,26,26,26,26,26,26,26,26,26
512,nutritional yeast,26,26,26,26,26,26,26,26,26,26,26
513,orange zest,26,26,26,26,26,26,26,26,26,26,26
514,pitted dates,26,26,26,26,26,26,26,26,26,26,26
515,skinless salmon fillets,26,26,26,26,26,26,26,26,26,26,26
516,water,26,26,26,26,26,26,26,26,26,26,26
517,ciabatta,25,25,25,25,25,25,25,25,25,25,25
518,coriander leaves only,25,25,25,25,25,25,25,25,25,25,25
519,flat-leaf parsley leaves,25,25,25,25,25,25,25,25,25,25,25
520,frozen sweetcorn,25,25,25,25,25,25,25,25,25,25,25
521,greek-style yogurt,25,25,25,25,25,25,25,25,25,25,25
522,ice cream,25,25,25,25,25,25,25,25,25,25,25
523,long-stem broccoli,25,25,25,25,25,25,25,25,25,25,25
524,palm sugar,25,25,25,25,25,25,25,25,25,25,25
525,pineapple juice,25,25,25,25,25,25,25,25,25,25,25
526,rosemary leaves,25,25,25,25,25,25,25,25,25,25,25
527,strawberry jam,25,25,25,25,25,25,25,25,25,25,25
528,sugar snap peas,25,25,25,25,25,25,25,25,25,25,25
529,sunflower seeds,25,25,25,25,25,25,25,25,25,25,25
530,watermelon,25,25,25,25,25,25,25,25,25,25,25
531,white crabmeat,25,25,25,25,25,25,25,25,25,25,25
532,anchovies,24,24,24,24,24,24,24,24,24,24,24
533,fresh pesto,24,24,24,24,24,24,24,24,24,24,24
534,green olives,24,24,24,24,24,24,24,24,24,24,24
535,kidney beans,24,24,24,24,24,24,24,24,24,24,24
536,pumpkin,24,24,24,24,24,24,24,24,24,24,24
537,purple sprouting broccoli,24,24,24,24,24,24,24,24,24,24,24
538,raw beetroot,24,24,24,24,24,24,24,24,24,24,24
539,rice flour,24,24,24,24,24,24,24,24,24,24,24
540,salad leaves,24,24,24,24,24,24,24,24,24,24,24
541,salted peanuts,24,24,24,24,24,24,24,24,24,24,24
542,skinless boneless chicken thighs,24,24,24,24,24,24,24,24,24,24,24
543,vegetable bouillon,24,24,24,24,24,24,24,24,24,24,24
544,wholemeal penne,24,24,24,24,24,24,24,24,24,24,24
545,almond milk,23,23,23,23,23,23,23,23,23,23,23
546,broad beans,23,23,23,23,23,23,23,23,23,23,23
547,burger buns,23,23,23,23,23,23,23,23,23,23,23
548,caramel,23,23,23,23,23,23,23,23,23,23,23
549,espresso,23,23,23,23,23,23,23,23,23,23,23
550,flour tortillas,23,23,23,23,23,23,23,23,23,23,23
551,gochujang,23,23,23,23,23,23,23,23,23,23,23
552,ground mixed spice,23,23,23,23,23,23,23,23,23,23,23
553,mussels,23,23,23,23,23,23,23,23,23,23,23
554,plain yogurt,23,23,23,23,23,23,23,23,23,23,23
555,roasted red peppers from a jar,23,23,23,23,23,23,23,23,23,23,23
556,tortilla chips,23,23,23,23,23,23,23,23,23,23,23
557,vegetable or chicken stock,23,23,23,23,23,23,23,23,23,23,23
558,vegetarian italian-style hard cheese,23,23,23,23,23,23,23,23,23,23,23
559,white miso,23,23,23,23,23,23,23,23,23,23,23
560,carton passata,22,22,22,22,22,22,22,22,22,22,22
561,cashews,22,22,22,22,22,22,22,22,22,22,22
562,cold pressed rapeseed oil,22,22,22,22,22,22,22,22,22,22,22
563,curry paste,22,22,22,22,22,22,22,22,22,22,22
564,dill leaves,22,22,22,22,22,22,22,22,22,22,22
565,fenugreek seeds,22,22,22,22,22,22,22,22,22,22,22
566,fresh bay leaves,22,22,22,22,22,22,22,22,22,22,22
567,gluten-free baking powder,22,22,22,22,22,22,22,22,22,22,22
568,harissa paste,22,22,22,22,22,22,22,22,22,22,22
569,mini marshmallows,22,22,22,22,22,22,22,22,22,22,22
570,peaches,22,22,22,22,22,22,22,22,22,22,22
571,peppercorns,22,22,22,22,22,22,22,22,22,22,22
572,red,22,22,22,22,22,22,22,22,22,22,22
573,red kidney beans,22,22,22,22,22,22,22,22,22,22,22
574,rice noodles,22,22,22,22,22,22,22,22,22,22,22
575,soft goat's cheese,22,22,22,22,22,22,22,22,22,22,22
576,whipped cream,22,22,22,22,22,22,22,22,22,22,22
577,anchovy fillets,21,21,21,21,21,21,21,21,21,21,21
578,beetroots,21,21,21,21,21,21,21,21,21,21,21
579,celery salt,21,21,21,21,21,21,21,21,21,21,21
580,cherries,21,21,21,21,21,21,21,21,21,21,21
581,chicken or vegetable stock,21,21,21,21,21,21,21,21,21,21,21
582,crispy onions,21,21,21,21,21,21,21,21,21,21,21
583,dark brown sugar,21,21,21,21,21,21,21,21,21,21,21
584,fat-free greek yogurt,21,21,21,21,21,21,21,21,21,21,21
585,fresh or frozen cranberries,21,21,21,21,21,21,21,21,21,21,21
586,juice and zest,21,21,21,21,21,21,21,21,21,21,21
587,roasted red peppers,21,21,21,21,21,21,21,21,21,21,21
588,rye bread,21,21,21,21,21,21,21,21,21,21,21
589,savoy cabbage,21,21,21,21,21,21,21,21,21,21,21
590,soft herbs,21,21,21,21,21,21,21,21,21,21,21
591,sprinkles,21,21,21,21,21,21,21,21,21,21,21
592,thick greek yogurt,21,21,21,21,21,21,21,21,21,21,21
593,treacle,21,21,21,21,21,21,21,21,21,21,21
594,whole cloves,21,21,21,21,21,21,21,21,21,21,21
595,yeast extract,21,21,21,21,21,21,21,21,21,21,21
596,amaretto,20,20,20,20,20,20,20,20,20,20,20
597,cherry tomatoes on the vine,20,20,20,20,20,20,20,20,20,20,20
598,chilli oil,20,20,20,20,20,20,20,20,20,20,20
599,dry cider,20,20,20,20,20,20,20,20,20,20,20
600,fennel bulbs,20,20,20,20,20,20,20,20,20,20,20
601,fine green beans,20,20,20,20,20,20,20,20,20,20,20
602,goat's cheese,20,20,20,20,20,20,20,20,20,20,20
603,hot smoked paprika,20,20,20,20,20,20,20,20,20,20,20
604,marmite,20,20,20,20,20,20,20,20,20,20,20
605,muscovado sugar,20,20,20,20,20,20,20,20,20,20,20
606,portobello mushrooms,20,20,20,20,20,20,20,20,20,20,20
607,self raising flour,20,20,20,20,20,20,20,20,20,20,20
608,shortcrust pastry,20,20,20,20,20,20,20,20,20,20,20
609,spring greens,20,20,20,20,20,20,20,20,20,20,20
610,vinegar,20,20,20,20,20,20,20,20,20,20,20
611,wholemeal spaghetti,20,20,20,20,20,20,20,20,20,20,20
612,baby carrots,19,19,19,19,19,19,19,19,19,19,19
613,baby new potatoes,19,19,19,19,19,19,19,19,19,19,19
614,brioche,19,19,19,19,19,19,19,19,19,19,19
615,cardamom pods seeds,19,19,19,19,19,19,19,19,19,19,19
616,cloudy apple juice,19,19,19,19,19,19,19,19,19,19,19
617,coffee liqueur,19,19,19,19,19,19,19,19,19,19,19
618,dark chocolate chips,19,19,19,19,19,19,19,19,19,19,19
619,liquid glucose,19,19,19,19,19,19,19,19,19,19,19
620,neutral oil,19,19,19,19,19,19,19,19,19,19,19
621,neutral-tasting oil,19,19,19,19,19,19,19,19,19,19,19
622,onion powder,19,19,19,19,19,19,19,19,19,19,19
623,pitted kalamata olives,19,19,19,19,19,19,19,19,19,19,19
624,salad,19,19,19,19,19,19,19,19,19,19,19
625,spelt flour,19,19,19,19,19,19,19,19,19,19,19
626,sushi rice,19,19,19,19,19,19,19,19,19,19,19
627,vanilla pod seeds,19,19,19,19,19,19,19,19,19,19,19
628,white miso paste,19,19,19,19,19,19,19,19,19,19,19
629,wholemeal bread,19,19,19,19,19,19,19,19,19,19,19
630,american mustard,18,18,18,18,18,18,18,18,18,18,18
631,beef,18,18,18,18,18,18,18,18,18,18,18
632,cavolo nero,18,18,18,18,18,18,18,18,18,18,18
633,chicken legs,18,18,18,18,18,18,18,18,18,18,18
634,clementine,18,18,18,18,18,18,18,18,18,18,18
635,cream of tartar,18,18,18,18,18,18,18,18,18,18,18
636,dates,18,18,18,18,18,18,18,18,18,18,18
637,dry sherry,18,18,18,18,18,18,18,18,18,18,18
638,egg noodles,18,18,18,18,18,18,18,18,18,18,18
639,evaporated milk,18,18,18,18,18,18,18,18,18,18,18
640,gelatine leaves,18,18,18,18,18,18,18,18,18,18,18
641,ginger beer,18,18,18,18,18,18,18,18,18,18,18
642,gluten-free plain flour,18,18,18,18,18,18,18,18,18,18,18
643,horseradish,18,18,18,18,18,18,18,18,18,18,18
644,lamb stock,18,18,18,18,18,18,18,18,18,18,18
645,light coconut milk,18,18,18,18,18,18,18,18,18,18,18
646,maris piper,18,18,18,18,18,18,18,18,18,18,18
647,miso paste,18,18,18,18,18,18,18,18,18,18,18
648,paella rice,18,18,18,18,18,18,18,18,18,18,18
649,pea shoots,18,18,18,18,18,18,18,18,18,18,18
650,pecorino,18,18,18,18,18,18,18,18,18,18,18
651,pepper,18,18,18,18,18,18,18,18,18,18,18
652,pistachio,18,18,18,18,18,18,18,18,18,18,18
653,ready-rolled shortcrust pastry,18,18,18,18,18,18,18,18,18,18,18
654,roasted peanuts,18,18,18,18,18,18,18,18,18,18,18
655,rocket leaves,18,18,18,18,18,18,18,18,18,18,18
656,rum,18,18,18,18,18,18,18,18,18,18,18
657,sichuan peppercorns,18,18,18,18,18,18,18,18,18,18,18
658,skimmed milk,18,18,18,18,18,18,18,18,18,18,18
659,"skinless, boneless chicken thighs",18,18,18,18,18,18,18,18,18,18,18
660,tortilla wraps,18,18,18,18,18,18,18,18,18,18,18
661,waxy potatoes,18,18,18,18,18,18,18,18,18,18,18
662,white chocolate chips,18,18,18,18,18,18,18,18,18,18,18
663,a few thyme,17,17,17,17,17,17,17,17,17,17,17
664,allspice berries,17,17,17,17,17,17,17,17,17,17,17
665,blue cheese,17,17,17,17,17,17,17,17,17,17,17
666,borlotti beans,17,17,17,17,17,17,17,17,17,17,17
667,bramley apple,17,17,17,17,17,17,17,17,17,17,17
668,campari,17,17,17,17,17,17,17,17,17,17,17
669,cauliflower florets,17,17,17,17,17,17,17,17,17,17,17
670,champagne,17,17,17,17,17,17,17,17,17,17,17
671,corn cobs,17,17,17,17,17,17,17,17,17,17,17
672,corn tortillas,17,17,17,17,17,17,17,17,17,17,17
673,dried mint,17,17,17,17,17,17,17,17,17,17,17
674,drizzle of olive oil,17,17,17,17,17,17,17,17,17,17,17
675,dry vermouth,17,17,17,17,17,17,17,17,17,17,17
676,horseradish sauce,17,17,17,17,17,17,17,17,17,17,17
677,jumbo oats,17,17,17,17,17,17,17,17,17,17,17
678,linguine,17,17,17,17,17,17,17,17,17,17,17
679,low-salt chicken stock,17,17,17,17,17,17,17,17,17,17,17
680,marmalade,17,17,17,17,17,17,17,17,17,17,17
681,marshmallows,17,17,17,17,17,17,17,17,17,17,17
682,milk chocolate chips,17,17,17,17,17,17,17,17,17,17,17
683,penne,17,17,17,17,17,17,17,17,17,17,17
684,pitta breads,17,17,17,17,17,17,17,17,17,17,17
685,plums,17,17,17,17,17,17,17,17,17,17,17
686,pomegranate juice,17,17,17,17,17,17,17,17,17,17,17
687,ripe banana,17,17,17,17,17,17,17,17,17,17,17
688,salt and pepper,17,17,17,17,17,17,17,17,17,17,17
689,tabasco,17,17,17,17,17,17,17,17,17,17,17
690,thai green curry paste,17,17,17,17,17,17,17,17,17,17,17
691,vanilla essence,17,17,17,17,17,17,17,17,17,17,17
692,vine tomatoes,17,17,17,17,17,17,17,17,17,17,17
693,walnut pieces,17,17,17,17,17,17,17,17,17,17,17
694,warm milk,17,17,17,17,17,17,17,17,17,17,17
695,white onions,17,17,17,17,17,17,17,17,17,17,17
696,almond butter,16,16,16,16,16,16,16,16,16,16,16
697,bacon lardons,16,16,16,16,16,16,16,16,16,16,16
698,barbecue sauce,16,16,16,16,16,16,16,16,16,16,16
699,boneless and skinless chicken thighs,16,16,16,16,16,16,16,16,16,16,16
700,bourbon,16,16,16,16,16,16,16,16,16,16,16
701,broccoli florets,16,16,16,16,16,16,16,16,16,16,16
702,chaat masala,16,16,16,16,16,16,16,16,16,16,16
703,chilli,16,16,16,16,16,16,16,16,16,16,16
704,crispy chilli oil,16,16,16,16,16,16,16,16,16,16,16
705,custard,16,16,16,16,16,16,16,16,16,16,16
706,gnocchi,16,16,16,16,16,16,16,16,16,16,16
707,ham hock,16,16,16,16,16,16,16,16,16,16,16
708,light brown muscovado sugar,16,16,16,16,16,16,16,16,16,16,16
709,little gem lettuces leaves,16,16,16,16,16,16,16,16,16,16,16
710,low-fat natural yogurt,16,16,16,16,16,16,16,16,16,16,16
711,orange blossom water,16,16,16,16,16,16,16,16,16,16,16
712,parsnip,16,16,16,16,16,16,16,16,16,16,16
713,preserved lemon,16,16,16,16,16,16,16,16,16,16,16
714,red chilli flakes,16,16,16,16,16,16,16,16,16,16,16
715,royal icing sugar,16,16,16,16,16,16,16,16,16,16,16
716,shaoxing rice wine,16,16,16,16,16,16,16,16,16,16,16
717,skinless chicken breast,16,16,16,16,16,16,16,16,16,16,16
718,soya milk,16,16,16,16,16,16,16,16,16,16,16
719,thai red curry paste,16,16,16,16,16,16,16,16,16,16,16
720,truffle oil,16,16,16,16,16,16,16,16,16,16,16
721,vegetarian feta,16,16,16,16,16,16,16,16,16,16,16
722,caramel sauce,15,15,15,15,15,15,15,15,15,15,15
723,chickpea,15,15,15,15,15,15,15,15,15,15,15
724,chickpea) flour,15,15,15,15,15,15,15,15,15,15,15
725,chipolatas,15,15,15,15,15,15,15,15,15,15,15
726,chocolate,15,15,15,15,15,15,15,15,15,15,15
727,chopping board,15,15,15,15,15,15,15,15,15,15,15
728,cocktail,15,15,15,15,15,15,15,15,15,15,15
729,coriander leaves and stalks,15,15,15,15,15,15,15,15,15,15,15
730,cranberry juice,15,15,15,15,15,15,15,15,15,15,15
731,cumin seed,15,15,15,15,15,15,15,15,15,15,15
732,dried lasagne sheets,15,15,15,15,15,15,15,15,15,15,15
733,dried yeast,15,15,15,15,15,15,15,15,15,15,15
734,extra virgin rapeseed oil,15,15,15,15,15,15,15,15,15,15,15
735,fondant icing sugar,15,15,15,15,15,15,15,15,15,15,15
736,fresh thyme,15,15,15,15,15,15,15,15,15,15,15
737,galangal,15,15,15,15,15,15,15,15,15,15,15
738,grenadine,15,15,15,15,15,15,15,15,15,15,15
739,lean beef mince,15,15,15,15,15,15,15,15,15,15,15
740,long-grain rice,15,15,15,15,15,15,15,15,15,15,15
741,mint leaves only,15,15,15,15,15,15,15,15,15,15,15
742,olive oil or rapeseed oil,15,15,15,15,15,15,15,15,15,15,15
743,orange liqueur,15,15,15,15,15,15,15,15,15,15,15
744,oregano leaves,15,15,15,15,15,15,15,15,15,15,15
745,pink peppercorns,15,15,15,15,15,15,15,15,15,15,15
746,pork shoulder,15,15,15,15,15,15,15,15,15,15,15
747,rapeseed or olive oil,15,15,15,15,15,15,15,15,15,15,15
748,shaohsing rice wine,15,15,15,15,15,15,15,15,15,15,15
749,strong bread flour,15,15,15,15,15,15,15,15,15,15,15
750,unsweetened almond milk,15,15,15,15,15,15,15,15,15,15,15
751,unwaxed lemon,15,15,15,15,15,15,15,15,15,15,15
752,white rice,15,15,15,15,15,15,15,15,15,15,15
753,xylitol,15,15,15,15,15,15,15,15,15,15,15
754,yellow mustard seeds,15,15,15,15,15,15,15,15,15,15,15
755,baby leaf spinach,14,14,14,14,14,14,14,14,14,14,14
756,baked beans,14,14,14,14,14,14,14,14,14,14,14
757,cheese,14,14,14,14,14,14,14,14,14,14,14
758,cider,14,14,14,14,14,14,14,14,14,14,14
759,creamed coconut,14,14,14,14,14,14,14,14,14,14,14
760,eating apple,14,14,14,14,14,14,14,14,14,14,14
761,fresh parsley,14,14,14,14,14,14,14,14,14,14,14
762,green vegetables,14,14,14,14,14,14,14,14,14,14,14
763,lemon peel,14,14,14,14,14,14,14,14,14,14,14
764,long grain rice,14,14,14,14,14,14,14,14,14,14,14
765,low-fat crème fraîche,14,14,14,14,14,14,14,14,14,14,14
766,mangetout,14,14,14,14,14,14,14,14,14,14,14
767,nut butter,14,14,14,14,14,14,14,14,14,14,14
768,pickled jalapeños,14,14,14,14,14,14,14,14,14,14,14
769,reduced-salt soy sauce,14,14,14,14,14,14,14,14,14,14,14
770,runner beans,14,14,14,14,14,14,14,14,14,14,14
771,sausagemeat,14,14,14,14,14,14,14,14,14,14,14
772,scotch bonnet chilli,14,14,14,14,14,14,14,14,14,14,14
773,semolina,14,14,14,14,14,14,14,14,14,14,14
774,spinach leaves,14,14,14,14,14,14,14,14,14,14,14
775,tequila,14,14,14,14,14,14,14,14,14,14,14
776,tortillas,14,14,14,14,14,14,14,14,14,14,14
777,turkey mince,14,14,14,14,14,14,14,14,14,14,14
778,unwaxed lemons,14,14,14,14,14,14,14,14,14,14,14
779,'00' flour,13,13,13,13,13,13,13,13,13,13,13
780,anchovies in oil,13,13,13,13,13,13,13,13,13,13,13
781,blood oranges,13,13,13,13,13,13,13,13,13,13,13
782,buckwheat flour,13,13,13,13,13,13,13,13,13,13,13
783,chorizo ring,13,13,13,13,13,13,13,13,13,13,13
784,cocoa powder sieved,13,13,13,13,13,13,13,13,13,13,13
785,dried  oregano,13,13,13,13,13,13,13,13,13,13,13
786,dried sage,13,13,13,13,13,13,13,13,13,13,13
787,flaked almond,13,13,13,13,13,13,13,13,13,13,13
788,fresh nutmeg,13,13,13,13,13,13,13,13,13,13,13
789,garlic cloves,13,13,13,13,13,13,13,13,13,13,13
790,garlic paste,13,13,13,13,13,13,13,13,13,13,13
791,gherkins,13,13,13,13,13,13,13,13,13,13,13
792,ginger paste,13,13,13,13,13,13,13,13,13,13,13
793,haricot beans,13,13,13,13,13,13,13,13,13,13,13
794,hot dog buns,13,13,13,13,13,13,13,13,13,13,13
795,instant coffee granules,13,13,13,13,13,13,13,13,13,13,13
796,jasmine rice,13,13,13,13,13,13,13,13,13,13,13
797,lean pork mince,13,13,13,13,13,13,13,13,13,13,13
798,little gem lettuce leaves,13,13,13,13,13,13,13,13,13,13,13
799,madeira,13,13,13,13,13,13,13,13,13,13,13
800,medjool dates,13,13,13,13,13,13,13,13,13,13,13
801,mini chocolate eggs,13,13,13,13,13,13,13,13,13,13,13
802,mixed beans,13,13,13,13,13,13,13,13,13,13,13
803,mixed peppers,13,13,13,13,13,13,13,13,13,13,13
804,passion fruits,13,13,13,13,13,13,13,13,13,13,13
805,peanuts,13,13,13,13,13,13,13,13,13,13,13
806,pink food colouring,13,13,13,13,13,13,13,13,13,13,13
807,pinto beans,13,13,13,13,13,13,13,13,13,13,13
808,pork fillet,13,13,13,13,13,13,13,13,13,13,13
809,sirloin steaks,13,13,13,13,13,13,13,13,13,13,13
810,skinless and boneless chicken thighs,13,13,13,13,13,13,13,13,13,13,13
811,strong coffee,13,13,13,13,13,13,13,13,13,13,13
812,tuna in spring water,13,13,13,13,13,13,13,13,13,13,13
813,turkey,13,13,13,13,13,13,13,13,13,13,13
814,very ripe bananas,13,13,13,13,13,13,13,13,13,13,13
815,beef shin,12,12,12,12,12,12,12,12,12,12,12
816,cayenne,12,12,12,12,12,12,12,12,12,12,12
817,cheddar cheese,12,12,12,12,12,12,12,12,12,12,12
818,chicory,12,12,12,12,12,12,12,12,12,12,12
819,cod fillets,12,12,12,12,12,12,12,12,12,12,12
820,cold salted butter,12,12,12,12,12,12,12,12,12,12,12
821,crystallised ginger,12,12,12,12,12,12,12,12,12,12,12
822,dried sour cherries,12,12,12,12,12,12,12,12,12,12,12
823,edible flowers,12,12,12,12,12,12,12,12,12,12,12
824,freeze-dried raspberries,12,12,12,12,12,12,12,12,12,12,12
825,fresh mint,12,12,12,12,12,12,12,12,12,12,12
826,full-fat natural yogurt,12,12,12,12,12,12,12,12,12,12,12
827,good grating of nutmeg,12,12,12,12,12,12,12,12,12,12,12
828,granny smith apple,12,12,12,12,12,12,12,12,12,12,12
829,granny smith apples,12,12,12,12,12,12,12,12,12,12,12
830,grapefruit,12,12,12,12,12,12,12,12,12,12,12
831,green apple,12,12,12,12,12,12,12,12,12,12,12
832,guacamole,12,12,12,12,12,12,12,12,12,12,12
833,jersey royal potatoes,12,12,12,12,12,12,12,12,12,12,12
834,lamb chops,12,12,12,12,12,12,12,12,12,12,12
835,lamb shoulder,12,12,12,12,12,12,12,12,12,12,12
836,lasagne sheets,12,12,12,12,12,12,12,12,12,12,12
837,lemonade,12,12,12,12,12,12,12,12,12,12,12
838,light olive oil,12,12,12,12,12,12,12,12,12,12,12
839,madras curry powder,12,12,12,12,12,12,12,12,12,12,12
840,manchego,12,12,12,12,12,12,12,12,12,12,12
841,mayo,12,12,12,12,12,12,12,12,12,12,12
842,mixed leaves,12,12,12,12,12,12,12,12,12,12,12
843,mixed mushrooms,12,12,12,12,12,12,12,12,12,12,12
844,natural bio yogurt,12,12,12,12,12,12,12,12,12,12,12
845,oat milk,12,12,12,12,12,12,12,12,12,12,12
846,peppermint extract,12,12,12,12,12,12,12,12,12,12,12
847,pomegranate seeds only,12,12,12,12,12,12,12,12,12,12,12
848,pul biber,12,12,12,12,12,12,12,12,12,12,12
849,redcurrant jelly,12,12,12,12,12,12,12,12,12,12,12
850,ripe peaches,12,12,12,12,12,12,12,12,12,12,12
851,rolled porridge oats,12,12,12,12,12,12,12,12,12,12,12
852,romaine lettuce,12,12,12,12,12,12,12,12,12,12,12
853,salmon fillet,12,12,12,12,12,12,12,12,12,12,12
854,sea bass fillets,12,12,12,12,12,12,12,12,12,12,12
855,silken tofu,12,12,12,12,12,12,12,12,12,12,12
856,skinless chicken breast fillets,12,12,12,12,12,12,12,12,12,12,12
857,smoked pancetta,12,12,12,12,12,12,12,12,12,12,12
858,spiced rum,12,12,12,12,12,12,12,12,12,12,12
859,squeeze of,12,12,12,12,12,12,12,12,12,12,12
860,stilton,12,12,12,12,12,12,12,12,12,12,12
861,suet,12,12,12,12,12,12,12,12,12,12,12
862,sweet shortcrust pastry,12,12,12,12,12,12,12,12,12,12,12
863,thai fish sauce,12,12,12,12,12,12,12,12,12,12,12
864,toast,12,12,12,12,12,12,12,12,12,12,12
865,white balsamic vinegar,12,12,12,12,12,12,12,12,12,12,12
866,white beans,12,12,12,12,12,12,12,12,12,12,12
867,whole blanched almonds,12,12,12,12,12,12,12,12,12,12,12
868,wholegrain rice,12,12,12,12,12,12,12,12,12,12,12
869,70% dark chocolate,11,11,11,11,11,11,11,11,11,11,11
870,amaretti biscuits,11,11,11,11,11,11,11,11,11,11,11
871,blood orange,11,11,11,11,11,11,11,11,11,11,11
872,chinese cabbage,11,11,11,11,11,11,11,11,11,11,11
873,chipotle chilli paste,11,11,11,11,11,11,11,11,11,11,11
874,cranberries,11,11,11,11,11,11,11,11,11,11,11
875,cress,11,11,11,11,11,11,11,11,11,11,11
876,dairy-free milk,11,11,11,11,11,11,11,11,11,11,11
877,dried chillies,11,11,11,11,11,11,11,11,11,11,11
878,dried red lentils,11,11,11,11,11,11,11,11,11,11,11
879,drizzle of extra virgin olive oil,11,11,11,11,11,11,11,11,11,11,11
880,dulce de leche,11,11,11,11,11,11,11,11,11,11,11
881,espresso powder,11,11,11,11,11,11,11,11,11,11,11
882,fajita seasoning,11,11,11,11,11,11,11,11,11,11,11
883,fino sherry,11,11,11,11,11,11,11,11,11,11,11
884,free-range eggs,11,11,11,11,11,11,11,11,11,11,11
885,fresh chicken stock,11,11,11,11,11,11,11,11,11,11,11
886,fresh coriander leaves,11,11,11,11,11,11,11,11,11,11,11
887,fresh gnocchi,11,11,11,11,11,11,11,11,11,11,11
888,fresh spinach,11,11,11,11,11,11,11,11,11,11,11
889,gooseberries,11,11,11,11,11,11,11,11,11,11,11
890,green peppers,11,11,11,11,11,11,11,11,11,11,11
891,ground  cinnamon,11,11,11,11,11,11,11,11,11,11,11
892,leftover roast chicken,11,11,11,11,11,11,11,11,11,11,11
893,leg of lamb,11,11,11,11,11,11,11,11,11,11,11
894,lemon thyme,11,11,11,11,11,11,11,11,11,11,11
895,maltesers,11,11,11,11,11,11,11,11,11,11,11
896,measuring spoons,11,11,11,11,11,11,11,11,11,11,11
897,mixed berries,11,11,11,11,11,11,11,11,11,11,11
898,mixed salad leaves,11,11,11,11,11,11,11,11,11,11,11
899,naan bread,11,11,11,11,11,11,11,11,11,11,11
900,noodles,11,11,11,11,11,11,11,11,11,11,11
901,parsley stalks and leaves,11,11,11,11,11,11,11,11,11,11,11
902,picked thyme leaves,11,11,11,11,11,11,11,11,11,11,11
903,pork chops,11,11,11,11,11,11,11,11,11,11,11
904,quick-cook polenta,11,11,11,11,11,11,11,11,11,11,11
905,red apples,11,11,11,11,11,11,11,11,11,11,11
906,red food colouring gel,11,11,11,11,11,11,11,11,11,11,11
907,roasted red pepper from,11,11,11,11,11,11,11,11,11,11,11
908,saffron strands,11,11,11,11,11,11,11,11,11,11,11
909,sesame seed,11,11,11,11,11,11,11,11,11,11,11
910,sharp knife,11,11,11,11,11,11,11,11,11,11,11
911,shortbread biscuits,11,11,11,11,11,11,11,11,11,11,11
912,shrimp paste,11,11,11,11,11,11,11,11,11,11,11
913,smoked mackerel fillets,11,11,11,11,11,11,11,11,11,11,11
914,squeeze of lemon,11,11,11,11,11,11,11,11,11,11,11
915,stout,11,11,11,11,11,11,11,11,11,11,11
916,sundried tomatoes in oil,11,11,11,11,11,11,11,11,11,11,11
917,tahini paste,11,11,11,11,11,11,11,11,11,11,11
918,tuna in olive oil,11,11,11,11,11,11,11,11,11,11,11
919,vanilla pod seeds only,11,11,11,11,11,11,11,11,11,11,11
920,vermicelli rice noodles,11,11,11,11,11,11,11,11,11,11,11
921,wasabi,11,11,11,11,11,11,11,11,11,11,11
922,whisky,11,11,11,11,11,11,11,11,11,11,11
923,white fondant icing,11,11,11,11,11,11,11,11,11,11,11
924,white sugar,11,11,11,11,11,11,11,11,11,11,11
925,wild garlic leaves,11,11,11,11,11,11,11,11,11,11,11
926,xanthan gum,11,11,11,11,11,11,11,11,11,11,11
927,almond flour,10,10,10,10,10,10,10,10,10,10,10
928,baby pak choi,10,10,10,10,10,10,10,10,10,10,10
929,"boneless, skinless chicken breasts",10,10,10,10,10,10,10,10,10,10,10
930,brioche burger buns,10,10,10,10,10,10,10,10,10,10,10
931,candied peel,10,10,10,10,10,10,10,10,10,10,10
932,chicken breast fillets,10,10,10,10,10,10,10,10,10,10,10
933,chicken drumsticks,10,10,10,10,10,10,10,10,10,10,10
934,chillies,10,10,10,10,10,10,10,10,10,10,10
935,clams,10,10,10,10,10,10,10,10,10,10,10
936,coriander stalks and leaves,10,10,10,10,10,10,10,10,10,10,10
937,curly kale,10,10,10,10,10,10,10,10,10,10,10
938,dairy-free spread,10,10,10,10,10,10,10,10,10,10,10
939,dark or milk chocolate,10,10,10,10,10,10,10,10,10,10,10
940,dried figs,10,10,10,10,10,10,10,10,10,10,10
941,fat-free natural yogurt,10,10,10,10,10,10,10,10,10,10,10
942,fine cornmeal,10,10,10,10,10,10,10,10,10,10,10
943,fine semolina,10,10,10,10,10,10,10,10,10,10,10
944,fresh dill,10,10,10,10,10,10,10,10,10,10,10
945,fresh or frozen peas,10,10,10,10,10,10,10,10,10,10,10
946,frozen pea,10,10,10,10,10,10,10,10,10,10,10
947,full-fat coconut milk,10,10,10,10,10,10,10,10,10,10,10
948,full-fat greek yogurt,10,10,10,10,10,10,10,10,10,10,10
949,generous grating of nutmeg,10,10,10,10,10,10,10,10,10,10,10
950,good-quality chicken stock,10,10,10,10,10,10,10,10,10,10,10
951,green bean,10,10,10,10,10,10,10,10,10,10,10
952,hot chilli sauce,10,10,10,10,10,10,10,10,10,10,10
953,irish cream liqueur,10,10,10,10,10,10,10,10,10,10,10
954,kimchi,10,10,10,10,10,10,10,10,10,10,10
955,leftover roast turkey,10,10,10,10,10,10,10,10,10,10,10
956,long-stemmed broccoli,10,10,10,10,10,10,10,10,10,10,10
957,low-salt vegetable stock,10,10,10,10,10,10,10,10,10,10,10
958,matcha powder,10,10,10,10,10,10,10,10,10,10,10
959,mild curry paste,10,10,10,10,10,10,10,10,10,10,10
960,milk of your choice,10,10,10,10,10,10,10,10,10,10,10
961,mixed dried herbs,10,10,10,10,10,10,10,10,10,10,10
962,nduja,10,10,10,10,10,10,10,10,10,10,10
963,new potato,10,10,10,10,10,10,10,10,10,10,10
964,parsley stalks,10,10,10,10,10,10,10,10,10,10,10
965,passion fruit,10,10,10,10,10,10,10,10,10,10,10
966,pineapple chunks,10,10,10,10,10,10,10,10,10,10,10
967,plain wholemeal flour,10,10,10,10,10,10,10,10,10,10,10
968,pork belly,10,10,10,10,10,10,10,10,10,10,10
969,port,10,10,10,10,10,10,10,10,10,10,10
970,preserved lemons,10,10,10,10,10,10,10,10,10,10,10
971,prunes,10,10,10,10,10,10,10,10,10,10,10
972,pudding rice,10,10,10,10,10,10,10,10,10,10,10
973,pumpkin purée,10,10,10,10,10,10,10,10,10,10,10
974,raw prawns,10,10,10,10,10,10,10,10,10,10,10
975,red food colouring,10,10,10,10,10,10,10,10,10,10,10
976,red grapes,10,10,10,10,10,10,10,10,10,10,10
977,rigatoni,10,10,10,10,10,10,10,10,10,10,10
978,roasted unsalted peanuts,10,10,10,10,10,10,10,10,10,10,10
979,smoked bacon,10,10,10,10,10,10,10,10,10,10,10
980,squeeze of juice,10,10,10,10,10,10,10,10,10,10,10
981,stem ginger in syrup,10,10,10,10,10,10,10,10,10,10,10
982,stock,10,10,10,10,10,10,10,10,10,10,10
983,tenderstem broccoli,10,10,10,10,10,10,10,10,10,10,10
984,teriyaki sauce,10,10,10,10,10,10,10,10,10,10,10
985,white peppercorns,10,10,10,10,10,10,10,10,10,10,10
986,whole almonds,10,10,10,10,10,10,10,10,10,10,10
987,whole garlic,10,10,10,10,10,10,10,10,10,10,10
988,wooden spoon,10,10,10,10,10,10,10,10,10,10,10
989,0% fat greek yogurt,9,9,9,9,9,9,9,9,9,9,9
990,a little icing sugar,9,9,9,9,9,9,9,9,9,9,9
991,asparagus woody ends,9,9,9,9,9,9,9,9,9,9,9
992,baby gem lettuces,9,9,9,9,9,9,9,9,9,9,9
993,basil leaves only,9,9,9,9,9,9,9,9,9,9,9
994,braising steak,9,9,9,9,9,9,9,9,9,9,9
995,buckwheat,9,9,9,9,9,9,9,9,9,9,9
996,cacao powder,9,9,9,9,9,9,9,9,9,9,9
997,cajun seasoning,9,9,9,9,9,9,9,9,9,9,9
998,camembert,9,9,9,9,9,9,9,9,9,9,9
999,chicken stock cubes,9,9,9,9,9,9,9,9,9,9,9
1000,chicken thighs skin on,9,9,9,9,9,9,9,9,9,9,9
1001,chorizo skin,9,9,9,9,9,9,9,9,9,9,9
1002,cognac,9,9,9,9,9,9,9,9,9,9,9
1003,cooking apple,9,9,9,9,9,9,9,9,9,9,9
1004,croissants,9,9,9,9,9,9,9,9,9,9,9
1005,crème de cassis,9,9,9,9,9,9,9,9,9,9,9
1006,dark soft brown sugar,9,9,9,9,9,9,9,9,9,9,9
1007,dessert apples,9,9,9,9,9,9,9,9,9,9,9
1008,dried cherries,9,9,9,9,9,9,9,9,9,9,9
1009,easy-cook brown rice,9,9,9,9,9,9,9,9,9,9,9
1010,emmental,9,9,9,9,9,9,9,9,9,9,9
1011,fast-action yeast,9,9,9,9,9,9,9,9,9,9,9
1012,figs,9,9,9,9,9,9,9,9,9,9,9
1013,fine polenta,9,9,9,9,9,9,9,9,9,9,9
1014,floury potato,9,9,9,9,9,9,9,9,9,9,9
1015,fresh basil,9,9,9,9,9,9,9,9,9,9,9
1016,fresh mint leaves,9,9,9,9,9,9,9,9,9,9,9
1017,frozen blueberries,9,9,9,9,9,9,9,9,9,9,9
1018,gherkin,9,9,9,9,9,9,9,9,9,9,9
1019,giant couscous,9,9,9,9,9,9,9,9,9,9,9
1020,ginger biscuits,9,9,9,9,9,9,9,9,9,9,9
1021,golden granulated sugar,9,9,9,9,9,9,9,9,9,9,9
1022,golden icing sugar,9,9,9,9,9,9,9,9,9,9,9
1023,gorgonzola,9,9,9,9,9,9,9,9,9,9,9
1024,green food colouring gel,9,9,9,9,9,9,9,9,9,9,9
1025,ground  cumin,9,9,9,9,9,9,9,9,9,9,9
1026,halloumi cheese,9,9,9,9,9,9,9,9,9,9,9
1027,jacket potatoes,9,9,9,9,9,9,9,9,9,9,9
1028,lamb,9,9,9,9,9,9,9,9,9,9,9
1029,lamb shanks,9,9,9,9,9,9,9,9,9,9,9
1030,lemon thyme leaves,9,9,9,9,9,9,9,9,9,9,9
1031,maraschino cherries,9,9,9,9,9,9,9,9,9,9,9
1032,measuring jug,9,9,9,9,9,9,9,9,9,9,9
1033,mixed herbs,9,9,9,9,9,9,9,9,9,9,9
1034,nori,9,9,9,9,9,9,9,9,9,9,9
1035,olive or  rapeseed oil,9,9,9,9,9,9,9,9,9,9,9
1036,orange pepper,9,9,9,9,9,9,9,9,9,9,9
1037,pear,9,9,9,9,9,9,9,9,9,9,9
1038,pecan halves,9,9,9,9,9,9,9,9,9,9,9
1039,pink grapefruit,9,9,9,9,9,9,9,9,9,9,9
1040,pitted medjool dates,9,9,9,9,9,9,9,9,9,9,9
1041,plain chocolate,9,9,9,9,9,9,9,9,9,9,9
1042,plain white flour,9,9,9,9,9,9,9,9,9,9,9
1043,plant-based milk,9,9,9,9,9,9,9,9,9,9,9
1044,radish,9,9,9,9,9,9,9,9,9,9,9
1045,raisin,9,9,9,9,9,9,9,9,9,9,9
1046,rapeseed oil or vegetable oil,9,9,9,9,9,9,9,9,9,9,9
1047,rapeseed or sunflower oil,9,9,9,9,9,9,9,9,9,9,9
1048,red chilli powder,9,9,9,9,9,9,9,9,9,9,9
1049,ripe avocado stoned,9,9,9,9,9,9,9,9,9,9,9
1050,ripe mango,9,9,9,9,9,9,9,9,9,9,9
1051,ripe pears,9,9,9,9,9,9,9,9,9,9,9
1052,root ginger,9,9,9,9,9,9,9,9,9,9,9
1053,samphire,9,9,9,9,9,9,9,9,9,9,9
1054,sherry,9,9,9,9,9,9,9,9,9,9,9
1055,skinless chicken thighs,9,9,9,9,9,9,9,9,9,9,9
1056,smoked tofu,9,9,9,9,9,9,9,9,9,9,9
1057,squash,9,9,9,9,9,9,9,9,9,9,9
1058,squid,9,9,9,9,9,9,9,9,9,9,9
1059,steamed rice,9,9,9,9,9,9,9,9,9,9,9
1060,stem ginger from a jar,9,9,9,9,9,9,9,9,9,9,9
1061,stewing beef,9,9,9,9,9,9,9,9,9,9,9
1062,strong cheddar,9,9,9,9,9,9,9,9,9,9,9
1063,sundried tomato paste,9,9,9,9,9,9,9,9,9,9,9
1064,thai basil,9,9,9,9,9,9,9,9,9,9,9
1065,thai basil leaves,9,9,9,9,9,9,9,9,9,9,9
1066,tofu,9,9,9,9,9,9,9,9,9,9,9
1067,tonic water,9,9,9,9,9,9,9,9,9,9,9
1068,toppings of your choice,9,9,9,9,9,9,9,9,9,9,9
1069,unsalted cashew nuts,9,9,9,9,9,9,9,9,9,9,9
1070,vegetable or rapeseed oil,9,9,9,9,9,9,9,9,9,9,9
1071,white sesame seeds,9,9,9,9,9,9,9,9,9,9,9
1072,wild mushrooms,9,9,9,9,9,9,9,9,9,9,9
1073,a little oil,8,8,8,8,8,8,8,8,8,8,8
1074,avocado oil,8,8,8,8,8,8,8,8,8,8,8
1075,baby plum tomatoes,8,8,8,8,8,8,8,8,8,8,8
1076,baking potato,8,8,8,8,8,8,8,8,8,8,8
1077,braising beef,8,8,8,8,8,8,8,8,8,8,8
1078,brioche hot dog buns,8,8,8,8,8,8,8,8,8,8,8
1079,broccoli broken into florets,8,8,8,8,8,8,8,8,8,8,8
1080,brown sauce,8,8,8,8,8,8,8,8,8,8,8
1081,buffalo mozzarella,8,8,8,8,8,8,8,8,8,8,8
1082,burrata,8,8,8,8,8,8,8,8,8,8,8
1083,butter or margarine,8,8,8,8,8,8,8,8,8,8,8
1084,butter very soft,8,8,8,8,8,8,8,8,8,8,8
1085,cajun spice mix,8,8,8,8,8,8,8,8,8,8,8
1086,caper,8,8,8,8,8,8,8,8,8,8,8
1087,celery seeds,8,8,8,8,8,8,8,8,8,8,8
1088,chapatis,8,8,8,8,8,8,8,8,8,8,8
1089,chicken or beef stock,8,8,8,8,8,8,8,8,8,8,8
1090,chicken or lamb stock,8,8,8,8,8,8,8,8,8,8,8
1091,chilli bean sauce,8,8,8,8,8,8,8,8,8,8,8
1092,chocolate hazelnut spread,8,8,8,8,8,8,8,8,8,8,8
1093,chutney,8,8,8,8,8,8,8,8,8,8,8
1094,coconut rum,8,8,8,8,8,8,8,8,8,8,8
1095,coconut shavings,8,8,8,8,8,8,8,8,8,8,8
1096,coconut water,8,8,8,8,8,8,8,8,8,8,8
1097,coffee,8,8,8,8,8,8,8,8,8,8,8
1098,cottage cheese,8,8,8,8,8,8,8,8,8,8,8
1099,cream,8,8,8,8,8,8,8,8,8,8,8
1100,dill fronds,8,8,8,8,8,8,8,8,8,8,8
1101,dried apricot,8,8,8,8,8,8,8,8,8,8,8
1102,dried fruit,8,8,8,8,8,8,8,8,8,8,8
1103,dried green lentils,8,8,8,8,8,8,8,8,8,8,8
1104,dried red chillies,8,8,8,8,8,8,8,8,8,8,8
1105,dried shiitake mushrooms,8,8,8,8,8,8,8,8,8,8,8
1106,duck legs,8,8,8,8,8,8,8,8,8,8,8
1107,edible gold spray,8,8,8,8,8,8,8,8,8,8,8
1108,elderflower liqueur,8,8,8,8,8,8,8,8,8,8,8
1109,fat-free yogurt,8,8,8,8,8,8,8,8,8,8,8
1110,fennel seed,8,8,8,8,8,8,8,8,8,8,8
1111,filo pastry sheets,8,8,8,8,8,8,8,8,8,8,8
1112,firm pears,8,8,8,8,8,8,8,8,8,8,8
1113,fish pie mix,8,8,8,8,8,8,8,8,8,8,8
1114,flaked sea salt,8,8,8,8,8,8,8,8,8,8,8
1115,flat mushrooms,8,8,8,8,8,8,8,8,8,8,8
1116,flat rice noodles,8,8,8,8,8,8,8,8,8,8,8
1117,french beans,8,8,8,8,8,8,8,8,8,8,8
1118,fresh basil leaves,8,8,8,8,8,8,8,8,8,8,8
1119,fresh or frozen raspberries,8,8,8,8,8,8,8,8,8,8,8
1120,frozen berries,8,8,8,8,8,8,8,8,8,8,8
1121,gingernut biscuits,8,8,8,8,8,8,8,8,8,8,8
1122,glucose syrup,8,8,8,8,8,8,8,8,8,8,8
1123,gluten-free self-raising flour,8,8,8,8,8,8,8,8,8,8,8
1124,good-quality mayonnaise,8,8,8,8,8,8,8,8,8,8,8
1125,good-quality olive oil,8,8,8,8,8,8,8,8,8,8,8
1126,grana padano,8,8,8,8,8,8,8,8,8,8,8
1127,green food colouring,8,8,8,8,8,8,8,8,8,8,8
1128,ground  coriander,8,8,8,8,8,8,8,8,8,8,8
1129,hemp seeds,8,8,8,8,8,8,8,8,8,8,8
1130,instant coffee,8,8,8,8,8,8,8,8,8,8,8
1131,instant espresso powder,8,8,8,8,8,8,8,8,8,8,8
1132,jalapeño,8,8,8,8,8,8,8,8,8,8,8
1133,jam,8,8,8,8,8,8,8,8,8,8,8
1134,jerk seasoning,8,8,8,8,8,8,8,8,8,8,8
1135,jerusalem artichokes,8,8,8,8,8,8,8,8,8,8,8
1136,king edward potatoes,8,8,8,8,8,8,8,8,8,8,8
1137,kirsch,8,8,8,8,8,8,8,8,8,8,8
1138,korma paste,8,8,8,8,8,8,8,8,8,8,8
1139,lamb cutlets,8,8,8,8,8,8,8,8,8,8,8
1140,low-fat coconut milk,8,8,8,8,8,8,8,8,8,8,8
1141,low-sodium soy sauce,8,8,8,8,8,8,8,8,8,8,8
1142,mackerel fillets,8,8,8,8,8,8,8,8,8,8,8
1143,marsala,8,8,8,8,8,8,8,8,8,8,8
1144,mustard,8,8,8,8,8,8,8,8,8,8,8
1145,olives,8,8,8,8,8,8,8,8,8,8,8
1146,onion seeds,8,8,8,8,8,8,8,8,8,8,8
1147,orange peel,8,8,8,8,8,8,8,8,8,8,8
1148,pecan nuts,8,8,8,8,8,8,8,8,8,8,8
1149,pickled ginger,8,8,8,8,8,8,8,8,8,8,8
1150,plain yoghurt,8,8,8,8,8,8,8,8,8,8,8
1151,plant milk,8,8,8,8,8,8,8,8,8,8,8
1152,porridge oat,8,8,8,8,8,8,8,8,8,8,8
1153,radicchio,8,8,8,8,8,8,8,8,8,8,8
1154,raisins or sultanas,8,8,8,8,8,8,8,8,8,8,8
1155,ready-rolled all-butter puff pastry,8,8,8,8,8,8,8,8,8,8,8
1156,ready-to-eat beansprouts,8,8,8,8,8,8,8,8,8,8,8
1157,red leicester,8,8,8,8,8,8,8,8,8,8,8
1158,ribbon,8,8,8,8,8,8,8,8,8,8,8
1159,ripe figs,8,8,8,8,8,8,8,8,8,8,8
1160,rump steak,8,8,8,8,8,8,8,8,8,8,8
1161,saffron threads,8,8,8,8,8,8,8,8,8,8,8
1162,shiitake mushrooms,8,8,8,8,8,8,8,8,8,8,8
1163,"skin-on, bone-in chicken thighs",8,8,8,8,8,8,8,8,8,8,8
1164,smoked ham,8,8,8,8,8,8,8,8,8,8,8
1165,smoked streaky bacon rashers,8,8,8,8,8,8,8,8,8,8,8
1166,soft corn tortillas,8,8,8,8,8,8,8,8,8,8,8
1167,soft dark brown sugar,8,8,8,8,8,8,8,8,8,8,8
1168,spring onions ends,8,8,8,8,8,8,8,8,8,8,8
1169,sticky rice,8,8,8,8,8,8,8,8,8,8,8
1170,stir-fry vegetables,8,8,8,8,8,8,8,8,8,8,8
1171,strawberry,8,8,8,8,8,8,8,8,8,8,8
1172,sushi ginger,8,8,8,8,8,8,8,8,8,8,8
1173,sweet sherry,8,8,8,8,8,8,8,8,8,8,8
1174,tagliatelle,8,8,8,8,8,8,8,8,8,8,8
1175,thin-stemmed broccoli,8,8,8,8,8,8,8,8,8,8,8
1176,unsalted peanuts,8,8,8,8,8,8,8,8,8,8,8
1177,vegan margarine,8,8,8,8,8,8,8,8,8,8,8
1178,vegan vegetable stock,8,8,8,8,8,8,8,8,8,8,8
1179,vegetarian hard cheese,8,8,8,8,8,8,8,8,8,8,8
1180,white potatoes,8,8,8,8,8,8,8,8,8,8,8
1181,wholemeal spelt flour,8,8,8,8,8,8,8,8,8,8,8
1182,wraps,8,8,8,8,8,8,8,8,8,8,8
1183,za'atar,8,8,8,8,8,8,8,8,8,8,8
1184,absinthe,7,7,7,7,7,7,7,7,7,7,7
1185,all-purpose seasoning,7,7,7,7,7,7,7,7,7,7,7
1186,apricots,7,7,7,7,7,7,7,7,7,7,7
1187,aquafaba,7,7,7,7,7,7,7,7,7,7,7
1188,asparagus tips,7,7,7,7,7,7,7,7,7,7,7
1189,baby's milk,7,7,7,7,7,7,7,7,7,7,7
1190,bacon,7,7,7,7,7,7,7,7,7,7,7
1191,baking soda,7,7,7,7,7,7,7,7,7,7,7
1192,banana chips,7,7,7,7,7,7,7,7,7,7,7
1193,beef or chicken stock,7,7,7,7,7,7,7,7,7,7,7
1194,black pudding,7,7,7,7,7,7,7,7,7,7,7
1195,bone-in chicken thighs,7,7,7,7,7,7,7,7,7,7,7
1196,bone-in chicken thighs skin,7,7,7,7,7,7,7,7,7,7,7
1197,bowl,7,7,7,7,7,7,7,7,7,7,7
1198,brown rice miso,7,7,7,7,7,7,7,7,7,7,7
1199,caster or granulated sugar,7,7,7,7,7,7,7,7,7,7,7
1200,cherry tomato,7,7,7,7,7,7,7,7,7,7,7
1201,chestnut purée,7,7,7,7,7,7,7,7,7,7,7
1202,chicken thighs skin,7,7,7,7,7,7,7,7,7,7,7
1203,chinese five spice,7,7,7,7,7,7,7,7,7,7,7
1204,chipotle chilli flakes,7,7,7,7,7,7,7,7,7,7,7
1205,ciabatta bread mix,7,7,7,7,7,7,7,7,7,7,7
1206,coarse crystal sea salt,7,7,7,7,7,7,7,7,7,7,7
1207,coarse sea salt,7,7,7,7,7,7,7,7,7,7,7
1208,coconut,7,7,7,7,7,7,7,7,7,7,7
1209,coleslaw,7,7,7,7,7,7,7,7,7,7,7
1210,coriander seed,7,7,7,7,7,7,7,7,7,7,7
1211,coriander stems,7,7,7,7,7,7,7,7,7,7,7
1212,cornmeal,7,7,7,7,7,7,7,7,7,7,7
1213,cream or ice cream,7,7,7,7,7,7,7,7,7,7,7
1214,crumpets,7,7,7,7,7,7,7,7,7,7,7
1215,crème de cacao,7,7,7,7,7,7,7,7,7,7,7
1216,dried chickpeas,7,7,7,7,7,7,7,7,7,7,7
1217,dried curry leaves,7,7,7,7,7,7,7,7,7,7,7
1218,dried rosemary,7,7,7,7,7,7,7,7,7,7,7
1219,drizzle of oil,7,7,7,7,7,7,7,7,7,7,7
1220,edible gold leaf,7,7,7,7,7,7,7,7,7,7,7
1221,fat red chilli,7,7,7,7,7,7,7,7,7,7,7
1222,fine beans,7,7,7,7,7,7,7,7,7,7,7
1223,flat leaf parsley,7,7,7,7,7,7,7,7,7,7,7
1224,floury  potatoes,7,7,7,7,7,7,7,7,7,7,7
1225,food colouring,7,7,7,7,7,7,7,7,7,7,7
1226,freeze-dried strawberry,7,7,7,7,7,7,7,7,7,7,7
1227,fresh lasagne sheets,7,7,7,7,7,7,7,7,7,7,7
1228,fresh lime juice,7,7,7,7,7,7,7,7,7,7,7
1229,fresh pineapple,7,7,7,7,7,7,7,7,7,7,7
1230,fresh raspberries,7,7,7,7,7,7,7,7,7,7,7
1231,fresh yeast,7,7,7,7,7,7,7,7,7,7,7
1232,frozen mixed berries,7,7,7,7,7,7,7,7,7,7,7
1233,garlic salt,7,7,7,7,7,7,7,7,7,7,7
1234,ginger nut biscuits,7,7,7,7,7,7,7,7,7,7,7
1235,gluten-free vegetable stock,7,7,7,7,7,7,7,7,7,7,7
1236,goji berries,7,7,7,7,7,7,7,7,7,7,7
1237,gooseberry,7,7,7,7,7,7,7,7,7,7,7
1238,greek-style natural yogurt,7,7,7,7,7,7,7,7,7,7,7
1239,ground flaxseed,7,7,7,7,7,7,7,7,7,7,7
1240,herbs,7,7,7,7,7,7,7,7,7,7,7
1241,hot beef stock,7,7,7,7,7,7,7,7,7,7,7
1242,jalapeños,7,7,7,7,7,7,7,7,7,7,7
1243,jumbo porridge oats,7,7,7,7,7,7,7,7,7,7,7
1244,kidney beans in chilli sauce,7,7,7,7,7,7,7,7,7,7,7
1245,lamb or chicken stock,7,7,7,7,7,7,7,7,7,7,7
1246,low-fat mayonnaise,7,7,7,7,7,7,7,7,7,7,7
1247,mace blades,7,7,7,7,7,7,7,7,7,7,7
1248,meringue nests,7,7,7,7,7,7,7,7,7,7,7
1249,mild cheddar,7,7,7,7,7,7,7,7,7,7,7
1250,milled flaxseed,7,7,7,7,7,7,7,7,7,7,7
1251,mixed radishes,7,7,7,7,7,7,7,7,7,7,7
1252,mixed tomatoes,7,7,7,7,7,7,7,7,7,7,7
1253,mozzarella or cheddar,7,7,7,7,7,7,7,7,7,7,7
1254,nuts,7,7,7,7,7,7,7,7,7,7,7
1255,orange bitters,7,7,7,7,7,7,7,7,7,7,7
1256,oven gloves,7,7,7,7,7,7,7,7,7,7,7
1257,panko or coarse dried breadcrumbs,7,7,7,7,7,7,7,7,7,7,7
1258,parma ham,7,7,7,7,7,7,7,7,7,7,7
1259,parmesan rind,7,7,7,7,7,7,7,7,7,7,7
1260,pasta shapes,7,7,7,7,7,7,7,7,7,7,7
1261,pickled onions,7,7,7,7,7,7,7,7,7,7,7
1262,pickled red cabbage,7,7,7,7,7,7,7,7,7,7,7
1263,pink food colouring gel,7,7,7,7,7,7,7,7,7,7,7
1264,pink grapefruit juice,7,7,7,7,7,7,7,7,7,7,7
1265,pittas,7,7,7,7,7,7,7,7,7,7,7
1266,pitted olives,7,7,7,7,7,7,7,7,7,7,7
1267,pork,7,7,7,7,7,7,7,7,7,7,7
1268,pork shoulder steaks,7,7,7,7,7,7,7,7,7,7,7
1269,potato flour,7,7,7,7,7,7,7,7,7,7,7
1270,pouch cooked puy lentils,7,7,7,7,7,7,7,7,7,7,7
1271,pumpkin seed,7,7,7,7,7,7,7,7,7,7,7
1272,rapeseed,7,7,7,7,7,7,7,7,7,7,7
1273,red bird's-eye chillies,7,7,7,7,7,7,7,7,7,7,7
1274,red chicory,7,7,7,7,7,7,7,7,7,7,7
1275,ripe pear,7,7,7,7,7,7,7,7,7,7,7
1276,roasted salted peanuts,7,7,7,7,7,7,7,7,7,7,7
1277,romano peppers,7,7,7,7,7,7,7,7,7,7,7
1278,rose water,7,7,7,7,7,7,7,7,7,7,7
1279,rosé wine,7,7,7,7,7,7,7,7,7,7,7
1280,rye flour,7,7,7,7,7,7,7,7,7,7,7
1281,salted caramel sauce,7,7,7,7,7,7,7,7,7,7,7
1282,saucepan,7,7,7,7,7,7,7,7,7,7,7
1283,sauerkraut,7,7,7,7,7,7,7,7,7,7,7
1284,semolina flour,7,7,7,7,7,7,7,7,7,7,7
1285,serrano ham,7,7,7,7,7,7,7,7,7,7,7
1286,shaohsing wine,7,7,7,7,7,7,7,7,7,7,7
1287,skinless chicken thigh fillets,7,7,7,7,7,7,7,7,7,7,7
1288,sloe gin,7,7,7,7,7,7,7,7,7,7,7
1289,soft white breadcrumbs,7,7,7,7,7,7,7,7,7,7,7
1290,soy milk,7,7,7,7,7,7,7,7,7,7,7
1291,sponge fingers,7,7,7,7,7,7,7,7,7,7,7
1292,sriracha chilli sauce,7,7,7,7,7,7,7,7,7,7,7
1293,straight-to-wok udon noodles,7,7,7,7,7,7,7,7,7,7,7
1294,strong black coffee,7,7,7,7,7,7,7,7,7,7,7
1295,sugar snap pea,7,7,7,7,7,7,7,7,7,7,7
1296,sunflower,7,7,7,7,7,7,7,7,7,7,7
1297,sunflower or  vegetable oil,7,7,7,7,7,7,7,7,7,7,7
1298,sweet vermouth,7,7,7,7,7,7,7,7,7,7,7
1299,sweetened condensed milk,7,7,7,7,7,7,7,7,7,7,7
1300,tempeh,7,7,7,7,7,7,7,7,7,7,7
1301,tomato juice,7,7,7,7,7,7,7,7,7,7,7
1302,unsmoked bacon lardons,7,7,7,7,7,7,7,7,7,7,7
1303,unsweetened soya milk,7,7,7,7,7,7,7,7,7,7,7
1304,vegan dark chocolate,7,7,7,7,7,7,7,7,7,7,7
1305,vermouth,7,7,7,7,7,7,7,7,7,7,7
1306,wasabi paste,7,7,7,7,7,7,7,7,7,7,7
1307,weighing scales,7,7,7,7,7,7,7,7,7,7,7
1308,whipping or double cream,7,7,7,7,7,7,7,7,7,7,7
1309,wholegrain or dijon mustard,7,7,7,7,7,7,7,7,7,7,7
1310,wholewheat penne,7,7,7,7,7,7,7,7,7,7,7
1311,a few  thyme,6,6,6,6,6,6,6,6,6,6,6
1312,a few chives,6,6,6,6,6,6,6,6,6,6,6
1313,a few mint leaves,6,6,6,6,6,6,6,6,6,6,6
1314,anchovy fillets in oil,6,6,6,6,6,6,6,6,6,6,6
1315,aperol,6,6,6,6,6,6,6,6,6,6,6
1316,baby corn,6,6,6,6,6,6,6,6,6,6,6
1317,baby new potato,6,6,6,6,6,6,6,6,6,6,6
1318,balsamic glaze,6,6,6,6,6,6,6,6,6,6,6
1319,beef brisket,6,6,6,6,6,6,6,6,6,6,6
1320,beef fillet,6,6,6,6,6,6,6,6,6,6,6
1321,beef stock cubes,6,6,6,6,6,6,6,6,6,6,6
1322,biscuits,6,6,6,6,6,6,6,6,6,6,6
1323,black cardamom pods,6,6,6,6,6,6,6,6,6,6,6
1324,blackcurrant jam,6,6,6,6,6,6,6,6,6,6,6
1325,boiling water,6,6,6,6,6,6,6,6,6,6,6
1326,boneless chicken thighs,6,6,6,6,6,6,6,6,6,6,6
1327,boneless pork belly,6,6,6,6,6,6,6,6,6,6,6
1328,brie,6,6,6,6,6,6,6,6,6,6,6
1329,brown bread,6,6,6,6,6,6,6,6,6,6,6
1330,brown miso paste,6,6,6,6,6,6,6,6,6,6,6
1331,cabbage,6,6,6,6,6,6,6,6,6,6,6
1332,canned caramel,6,6,6,6,6,6,6,6,6,6,6
1333,canned chickpeas,6,6,6,6,6,6,6,6,6,6,6
1334,cashew nut butter,6,6,6,6,6,6,6,6,6,6,6
1335,cheese slices,6,6,6,6,6,6,6,6,6,6,6
1336,cherry jam,6,6,6,6,6,6,6,6,6,6,6
1337,chervil,6,6,6,6,6,6,6,6,6,6,6
1338,chestnut mushroom,6,6,6,6,6,6,6,6,6,6,6
1339,chicken livers,6,6,6,6,6,6,6,6,6,6,6
1340,chicken mince,6,6,6,6,6,6,6,6,6,6,6
1341,chicken stock or vegetable stock,6,6,6,6,6,6,6,6,6,6,6
1342,chocolate sprinkles,6,6,6,6,6,6,6,6,6,6,6
1343,ciabatta rolls,6,6,6,6,6,6,6,6,6,6,6
1344,clarified butter,6,6,6,6,6,6,6,6,6,6,6
1345,cold  butter,6,6,6,6,6,6,6,6,6,6,6
1346,cold water,6,6,6,6,6,6,6,6,6,6,6
1347,coloured sprinkles,6,6,6,6,6,6,6,6,6,6,6
1348,cooking apples,6,6,6,6,6,6,6,6,6,6,6
1349,corn,6,6,6,6,6,6,6,6,6,6,6
1350,corn on the cobs,6,6,6,6,6,6,6,6,6,6,6
1351,cornflakes,6,6,6,6,6,6,6,6,6,6,6
1352,crème fraîche or double cream,6,6,6,6,6,6,6,6,6,6,6
1353,cumberland sausages,6,6,6,6,6,6,6,6,6,6,6
1354,dairy-free dark chocolate,6,6,6,6,6,6,6,6,6,6,6
1355,dark brown muscovado sugar,6,6,6,6,6,6,6,6,6,6,6
1356,double cream or crème fraîche,6,6,6,6,6,6,6,6,6,6,6
1357,double or whipping cream,6,6,6,6,6,6,6,6,6,6,6
1358,dried basil,6,6,6,6,6,6,6,6,6,6,6
1359,dried egg noodles,6,6,6,6,6,6,6,6,6,6,6
1360,dried fast-action yeast,6,6,6,6,6,6,6,6,6,6,6
1361,dried fenugreek leaves,6,6,6,6,6,6,6,6,6,6,6
1362,dried puy lentils,6,6,6,6,6,6,6,6,6,6,6
1363,dried red chilli flakes,6,6,6,6,6,6,6,6,6,6,6
1364,dried rose petals,6,6,6,6,6,6,6,6,6,6,6
1365,duck breasts,6,6,6,6,6,6,6,6,6,6,6
1366,dukkah,6,6,6,6,6,6,6,6,6,6,6
1367,edamame beans,6,6,6,6,6,6,6,6,6,6,6
1368,edible glitter,6,6,6,6,6,6,6,6,6,6,6
1369,edible gold lustre,6,6,6,6,6,6,6,6,6,6,6
1370,eggs whites and yolks,6,6,6,6,6,6,6,6,6,6,6
1371,eggs yolks and whites,6,6,6,6,6,6,6,6,6,6,6
1372,extra-firm tofu,6,6,6,6,6,6,6,6,6,6,6
1373,extra-mature cheddar,6,6,6,6,6,6,6,6,6,6,6
1374,fast action yeast,6,6,6,6,6,6,6,6,6,6,6
1375,firm mozzarella,6,6,6,6,6,6,6,6,6,6,6
1376,fish stock,6,6,6,6,6,6,6,6,6,6,6
1377,flatbread,6,6,6,6,6,6,6,6,6,6,6
1378,freeze-dried raspberry,6,6,6,6,6,6,6,6,6,6,6
1379,fresh cranberries,6,6,6,6,6,6,6,6,6,6,6
1380,fresh curry leaves,6,6,6,6,6,6,6,6,6,6,6
1381,fresh herbs,6,6,6,6,6,6,6,6,6,6,6
1382,fresh or dried breadcrumbs,6,6,6,6,6,6,6,6,6,6,6
1383,fresh orange juice,6,6,6,6,6,6,6,6,6,6,6
1384,fresh oregano,6,6,6,6,6,6,6,6,6,6,6
1385,fresh oregano leaves,6,6,6,6,6,6,6,6,6,6,6
1386,frozen  peas,6,6,6,6,6,6,6,6,6,6,6
1387,frozen edamame beans,6,6,6,6,6,6,6,6,6,6,6
1388,frozen french fries,6,6,6,6,6,6,6,6,6,6,6
1389,frozen soya beans,6,6,6,6,6,6,6,6,6,6,6
1390,garlic purée,6,6,6,6,6,6,6,6,6,6,6
1391,garlic-infused oil,6,6,6,6,6,6,6,6,6,6,6
1392,ginger purée,6,6,6,6,6,6,6,6,6,6,6
1393,gluten-free flour,6,6,6,6,6,6,6,6,6,6,6
1394,granola,6,6,6,6,6,6,6,6,6,6,6
1395,grapeseed oil,6,6,6,6,6,6,6,6,6,6,6
1396,gravy,6,6,6,6,6,6,6,6,6,6,6
1397,green cardamom pods seeds,6,6,6,6,6,6,6,6,6,6,6
1398,ground fenugreek,6,6,6,6,6,6,6,6,6,6,6
1399,ground rice,6,6,6,6,6,6,6,6,6,6,6
1400,hazelnut liqueur,6,6,6,6,6,6,6,6,6,6,6
1401,hot chicken or vegetable stock,6,6,6,6,6,6,6,6,6,6,6
1402,jam sugar,6,6,6,6,6,6,6,6,6,6,6
1403,kecap manis,6,6,6,6,6,6,6,6,6,6,6
1404,lamb leg steaks,6,6,6,6,6,6,6,6,6,6,6
1405,leaf gelatine,6,6,6,6,6,6,6,6,6,6,6
1406,lemon wedge,6,6,6,6,6,6,6,6,6,6,6
1407,lemon zest pared,6,6,6,6,6,6,6,6,6,6,6
1408,lettuce leaves,6,6,6,6,6,6,6,6,6,6,6
1409,litre vegetable stock,6,6,6,6,6,6,6,6,6,6,6
1410,macadamia nuts,6,6,6,6,6,6,6,6,6,6,6
1411,madeira cake,6,6,6,6,6,6,6,6,6,6,6
1412,mangoes,6,6,6,6,6,6,6,6,6,6,6
1413,maraschino cherry,6,6,6,6,6,6,6,6,6,6,6
1414,mini eggs,6,6,6,6,6,6,6,6,6,6,6
1415,mint sauce,6,6,6,6,6,6,6,6,6,6,6
1416,mixing bowl,6,6,6,6,6,6,6,6,6,6,6
1417,mooli,6,6,6,6,6,6,6,6,6,6,6
1418,oatcakes,6,6,6,6,6,6,6,6,6,6,6
1419,oil or butter,6,6,6,6,6,6,6,6,6,6,6
1420,onion marmalade,6,6,6,6,6,6,6,6,6,6,6
1421,onion salt,6,6,6,6,6,6,6,6,6,6,6
1422,orecchiette,6,6,6,6,6,6,6,6,6,6,6
1423,pastrami,6,6,6,6,6,6,6,6,6,6,6
1424,peach,6,6,6,6,6,6,6,6,6,6,6
1425,pecans or walnuts,6,6,6,6,6,6,6,6,6,6,6
1426,pepperoni,6,6,6,6,6,6,6,6,6,6,6
1427,pimm's,6,6,6,6,6,6,6,6,6,6,6
1428,pistachio paste,6,6,6,6,6,6,6,6,6,6,6
1429,pitted black kalamata olive,6,6,6,6,6,6,6,6,6,6,6
1430,pitted prunes,6,6,6,6,6,6,6,6,6,6,6
1431,plain bio yogurt,6,6,6,6,6,6,6,6,6,6,6
1432,popcorn kernels,6,6,6,6,6,6,6,6,6,6,6
1433,pretzels,6,6,6,6,6,6,6,6,6,6,6
1434,quail’s eggs,6,6,6,6,6,6,6,6,6,6,6
1435,quark,6,6,6,6,6,6,6,6,6,6,6
1436,ramen noodles,6,6,6,6,6,6,6,6,6,6,6
1437,raw apple cider vinegar,6,6,6,6,6,6,6,6,6,6,6
1438,raw beetroots,6,6,6,6,6,6,6,6,6,6,6
1439,raw peeled king prawns,6,6,6,6,6,6,6,6,6,6,6
1440,ready-to-eat dried apricots,6,6,6,6,6,6,6,6,6,6,6
1441,red onion chutney,6,6,6,6,6,6,6,6,6,6,6
1442,red split lentils,6,6,6,6,6,6,6,6,6,6,6
1443,red thai curry paste,6,6,6,6,6,6,6,6,6,6,6
1444,red vermouth,6,6,6,6,6,6,6,6,6,6,6
1445,reduced-salt vegetable bouillon,6,6,6,6,6,6,6,6,6,6,6
1446,refried beans,6,6,6,6,6,6,6,6,6,6,6
1447,ripe avocado stoned and,6,6,6,6,6,6,6,6,6,6,6
1448,ripe tomato,6,6,6,6,6,6,6,6,6,6,6
1449,roasted hazelnuts,6,6,6,6,6,6,6,6,6,6,6
1450,roasted red pepper,6,6,6,6,6,6,6,6,6,6,6
1451,rocket leaf,6,6,6,6,6,6,6,6,6,6,6
1452,rocket salad,6,6,6,6,6,6,6,6,6,6,6
1453,sachets fast-action dried yeast,6,6,6,6,6,6,6,6,6,6,6
1454,sake,6,6,6,6,6,6,6,6,6,6,6
1455,saké,6,6,6,6,6,6,6,6,6,6,6
1456,salsa,6,6,6,6,6,6,6,6,6,6,6
1457,sardines in olive oil,6,6,6,6,6,6,6,6,6,6,6
1458,scotch bonnet chillies,6,6,6,6,6,6,6,6,6,6,6
1459,scotch whisky,6,6,6,6,6,6,6,6,6,6,6
1460,shaoxing wine,6,6,6,6,6,6,6,6,6,6,6
1461,sirloin steak,6,6,6,6,6,6,6,6,6,6,6
1462,skinless cod fillets,6,6,6,6,6,6,6,6,6,6,6
1463,smoked haddock,6,6,6,6,6,6,6,6,6,6,6
1464,smoked mackerel,6,6,6,6,6,6,6,6,6,6,6
1465,smoked sweet paprika,6,6,6,6,6,6,6,6,6,6,6
1466,soba noodles,6,6,6,6,6,6,6,6,6,6,6
1467,spelt wholemeal flour,6,6,6,6,6,6,6,6,6,6,6
1468,spray oil,6,6,6,6,6,6,6,6,6,6,6
1469,squeeze of lime juice,6,6,6,6,6,6,6,6,6,6,6
1470,stale bread,6,6,6,6,6,6,6,6,6,6,6
1471,streaky bacon rashers,6,6,6,6,6,6,6,6,6,6,6
1472,sweetcorn cobs,6,6,6,6,6,6,6,6,6,6,6
1473,szechuan peppercorns,6,6,6,6,6,6,6,6,6,6,6
1474,tabasco sauce,6,6,6,6,6,6,6,6,6,6,6
1475,thyme leaves only,6,6,6,6,6,6,6,6,6,6,6
1476,tikka curry paste,6,6,6,6,6,6,6,6,6,6,6
1477,tikka masala curry paste,6,6,6,6,6,6,6,6,6,6,6
1478,tikka masala paste,6,6,6,6,6,6,6,6,6,6,6
1479,tomato passata,6,6,6,6,6,6,6,6,6,6,6
1480,tomato salsa,6,6,6,6,6,6,6,6,6,6,6
1481,tuna,6,6,6,6,6,6,6,6,6,6,6
1482,turkey or chicken stock,6,6,6,6,6,6,6,6,6,6,6
1483,turnips,6,6,6,6,6,6,6,6,6,6,6
1484,vanilla pod split lengthways,6,6,6,6,6,6,6,6,6,6,6
1485,vanilla pods,6,6,6,6,6,6,6,6,6,6,6
1486,vegan spread,6,6,6,6,6,6,6,6,6,6,6
1487,vegetable or olive oil,6,6,6,6,6,6,6,6,6,6,6
1488,vegetable suet,6,6,6,6,6,6,6,6,6,6,6
1489,warm water,6,6,6,6,6,6,6,6,6,6,6
1490,white vinegar,6,6,6,6,6,6,6,6,6,6,6
1491,wholemeal tortilla wraps,6,6,6,6,6,6,6,6,6,6,6
1492,wild garlic,6,6,6,6,6,6,6,6,6,6,6
1493,wooden skewers,6,6,6,6,6,6,6,6,6,6,6
1494,yellow food colouring,6,6,6,6,6,6,6,6,6,6,6
1495,yuzu juice,6,6,6,6,6,6,6,6,6,6,6
1496,zest,6,6,6,6,6,6,6,6,6,6,6
1497,‘00’ pasta flour,6,6,6,6,6,6,6,6,6,6,6
1498,a few thyme leaves,5,5,5,5,5,5,5,5,5,5,5
1499,a little butter,5,5,5,5,5,5,5,5,5,5,5
1500,a little sunflower oil,5,5,5,5,5,5,5,5,5,5,5
1501,agave nectar,5,5,5,5,5,5,5,5,5,5,5
1502,aleppo chilli flakes,5,5,5,5,5,5,5,5,5,5,5
1503,anchovies in olive oil,5,5,5,5,5,5,5,5,5,5,5
1504,anchovy,5,5,5,5,5,5,5,5,5,5,5
1505,apple sauce,5,5,5,5,5,5,5,5,5,5,5
1506,baby leeks,5,5,5,5,5,5,5,5,5,5,5
1507,bagels,5,5,5,5,5,5,5,5,5,5,5
1508,baguettes,5,5,5,5,5,5,5,5,5,5,5
1509,baking parchment,5,5,5,5,5,5,5,5,5,5,5
1510,bamboo shoots,5,5,5,5,5,5,5,5,5,5,5
1511,basil pesto,5,5,5,5,5,5,5,5,5,5,5
1512,bavette steak,5,5,5,5,5,5,5,5,5,5,5
1513,bbq sauce,5,5,5,5,5,5,5,5,5,5,5
1514,beansprout,5,5,5,5,5,5,5,5,5,5,5
1515,beaten egg,5,5,5,5,5,5,5,5,5,5,5
1516,beef meatballs,5,5,5,5,5,5,5,5,5,5,5
1517,beef short ribs,5,5,5,5,5,5,5,5,5,5,5
1518,berries,5,5,5,5,5,5,5,5,5,5,5
1519,bird's-eye chilli,5,5,5,5,5,5,5,5,5,5,5
1520,black,5,5,5,5,5,5,5,5,5,5,5
1521,black and white sesame seeds,5,5,5,5,5,5,5,5,5,5,5
1522,black beans or kidney beans,5,5,5,5,5,5,5,5,5,5,5
1523,black food colouring,5,5,5,5,5,5,5,5,5,5,5
1524,black onion seeds,5,5,5,5,5,5,5,5,5,5,5
1525,black writing icing,5,5,5,5,5,5,5,5,5,5,5
1526,blackcurrants,5,5,5,5,5,5,5,5,5,5,5
1527,bouillon powder,5,5,5,5,5,5,5,5,5,5,5
1528,brazil nuts,5,5,5,5,5,5,5,5,5,5,5
1529,brioche buns,5,5,5,5,5,5,5,5,5,5,5
1530,brown crabmeat,5,5,5,5,5,5,5,5,5,5,5
1531,brown miso,5,5,5,5,5,5,5,5,5,5,5
1532,brown mustard seeds,5,5,5,5,5,5,5,5,5,5,5
1533,brown rice vinegar,5,5,5,5,5,5,5,5,5,5,5
1534,butter frozen,5,5,5,5,5,5,5,5,5,5,5
1535,butter/margarine,5,5,5,5,5,5,5,5,5,5,5
1536,buttermilk or natural yogurt,5,5,5,5,5,5,5,5,5,5,5
1537,candlenuts,5,5,5,5,5,5,5,5,5,5,5
1538,capacity,5,5,5,5,5,5,5,5,5,5,5
1539,caster sugar or honey,5,5,5,5,5,5,5,5,5,5,5
1540,cavolo nero stalks,5,5,5,5,5,5,5,5,5,5,5
1541,chard,5,5,5,5,5,5,5,5,5,5,5
1542,chargrilled artichokes,5,5,5,5,5,5,5,5,5,5,5
1543,cherry,5,5,5,5,5,5,5,5,5,5,5
1544,chicken stock powder,5,5,5,5,5,5,5,5,5,5,5
1545,chicken thigh fillets,5,5,5,5,5,5,5,5,5,5,5
1546,chilli jam,5,5,5,5,5,5,5,5,5,5,5
1547,chinkiang black rice vinegar,5,5,5,5,5,5,5,5,5,5,5
1548,chocolate buttons,5,5,5,5,5,5,5,5,5,5,5
1549,chocolate eggs,5,5,5,5,5,5,5,5,5,5,5
1550,chocolate mini eggs,5,5,5,5,5,5,5,5,5,5,5
1551,chocolate-coated coffee beans,5,5,5,5,5,5,5,5,5,5,5
1552,chunky peanut butter,5,5,5,5,5,5,5,5,5,5,5
1553,cider or white wine vinegar,5,5,5,5,5,5,5,5,5,5,5
1554,clementine juice,5,5,5,5,5,5,5,5,5,5,5
1555,cocktail cherry,5,5,5,5,5,5,5,5,5,5,5
1556,cola,5,5,5,5,5,5,5,5,5,5,5
1557,coriander relish,5,5,5,5,5,5,5,5,5,5,5
1558,corned beef,5,5,5,5,5,5,5,5,5,5,5
1559,crackers,5,5,5,5,5,5,5,5,5,5,5
1560,creamed horseradish,5,5,5,5,5,5,5,5,5,5,5
1561,crispy bacon,5,5,5,5,5,5,5,5,5,5,5
1562,crispy fried onions,5,5,5,5,5,5,5,5,5,5,5
1563,croissant dough,5,5,5,5,5,5,5,5,5,5,5
1564,cucumbers,5,5,5,5,5,5,5,5,5,5,5
1565,dairy-free margarine,5,5,5,5,5,5,5,5,5,5,5
1566,dark ale,5,5,5,5,5,5,5,5,5,5,5
1567,dessert apple,5,5,5,5,5,5,5,5,5,5,5
1568,dijon or wholegrain mustard,5,5,5,5,5,5,5,5,5,5,5
1569,dill stalks,5,5,5,5,5,5,5,5,5,5,5
1570,disaronno,5,5,5,5,5,5,5,5,5,5,5
1571,dried ancho chillies,5,5,5,5,5,5,5,5,5,5,5
1572,dried bay leaves,5,5,5,5,5,5,5,5,5,5,5
1573,dried flat rice noodles,5,5,5,5,5,5,5,5,5,5,5
1574,dried mango,5,5,5,5,5,5,5,5,5,5,5
1575,dried marjoram,5,5,5,5,5,5,5,5,5,5,5
1576,drizzle of  olive oil,5,5,5,5,5,5,5,5,5,5,5
1577,dry sherry or white wine,5,5,5,5,5,5,5,5,5,5,5
1578,elderflowers,5,5,5,5,5,5,5,5,5,5,5
1579,fajita spice mix,5,5,5,5,5,5,5,5,5,5,5
1580,fillet steak,5,5,5,5,5,5,5,5,5,5,5
1581,forced rhubarb,5,5,5,5,5,5,5,5,5,5,5
1582,four-seed mix,5,5,5,5,5,5,5,5,5,5,5
1583,freeze-dried strawberries,5,5,5,5,5,5,5,5,5,5,5
1584,fresh  coriander,5,5,5,5,5,5,5,5,5,5,5
1585,fresh custard,5,5,5,5,5,5,5,5,5,5,5
1586,fresh figs,5,5,5,5,5,5,5,5,5,5,5
1587,fresh jalapeños,5,5,5,5,5,5,5,5,5,5,5
1588,fresh sage,5,5,5,5,5,5,5,5,5,5,5
1589,fresh tomatoes,5,5,5,5,5,5,5,5,5,5,5
1590,frozen baby broad beans,5,5,5,5,5,5,5,5,5,5,5
1591,frozen cranberries,5,5,5,5,5,5,5,5,5,5,5
1592,frozen edamame,5,5,5,5,5,5,5,5,5,5,5
1593,frozen petit pois,5,5,5,5,5,5,5,5,5,5,5
1594,full-bodied red wine,5,5,5,5,5,5,5,5,5,5,5
1595,garlic &amp,5,5,5,5,5,5,5,5,5,5,5
1596,ginger and garlic paste,5,5,5,5,5,5,5,5,5,5,5
1597,ginger wine,5,5,5,5,5,5,5,5,5,5,5
1598,golden marzipan,5,5,5,5,5,5,5,5,5,5,5
1599,good olive oil,5,5,5,5,5,5,5,5,5,5,5
1600,goose fat,5,5,5,5,5,5,5,5,5,5,5
1601,granny smiths apples,5,5,5,5,5,5,5,5,5,5,5
1602,gravadlax,5,5,5,5,5,5,5,5,5,5,5
1603,green chutney,5,5,5,5,5,5,5,5,5,5,5
1604,green grapes,5,5,5,5,5,5,5,5,5,5,5
1605,ground  almonds,5,5,5,5,5,5,5,5,5,5,5
1606,ground  turmeric,5,5,5,5,5,5,5,5,5,5,5
1607,ground espresso,5,5,5,5,5,5,5,5,5,5,5
1608,hazelnut oil,5,5,5,5,5,5,5,5,5,5,5
1609,heritage tomatoes,5,5,5,5,5,5,5,5,5,5,5
1610,hot  chicken stock,5,5,5,5,5,5,5,5,5,5,5
1611,hot vegetable,5,5,5,5,5,5,5,5,5,5,5
1612,instant yeast,5,5,5,5,5,5,5,5,5,5,5
1613,lager,5,5,5,5,5,5,5,5,5,5,5
1614,lean minced beef,5,5,5,5,5,5,5,5,5,5,5
1615,leftover,5,5,5,5,5,5,5,5,5,5,5
1616,leftover turkey,5,5,5,5,5,5,5,5,5,5,5
1617,lemon extract,5,5,5,5,5,5,5,5,5,5,5
1618,lentils,5,5,5,5,5,5,5,5,5,5,5
1619,light spelt flour,5,5,5,5,5,5,5,5,5,5,5
1620,lime wedge,5,5,5,5,5,5,5,5,5,5,5
1621,limoncello,5,5,5,5,5,5,5,5,5,5,5
1622,liquid smoke,5,5,5,5,5,5,5,5,5,5,5
1623,litre vegetable oil,5,5,5,5,5,5,5,5,5,5,5
1624,long red chilli,5,5,5,5,5,5,5,5,5,5,5
1625,malt extract,5,5,5,5,5,5,5,5,5,5,5
1626,malt powder,5,5,5,5,5,5,5,5,5,5,5
1627,malted milk biscuits,5,5,5,5,5,5,5,5,5,5,5
1628,malted milk drink powder,5,5,5,5,5,5,5,5,5,5,5
1629,margarine,5,5,5,5,5,5,5,5,5,5,5
1630,mash,5,5,5,5,5,5,5,5,5,5,5
1631,mature  cheddar,5,5,5,5,5,5,5,5,5,5,5
1632,membrillo (quince paste),5,5,5,5,5,5,5,5,5,5,5
1633,merguez sausages,5,5,5,5,5,5,5,5,5,5,5
1634,mild olive oil,5,5,5,5,5,5,5,5,5,5,5
1635,milk or dark chocolate,5,5,5,5,5,5,5,5,5,5,5
1636,mini mozzarella balls,5,5,5,5,5,5,5,5,5,5,5
1637,naan breads,5,5,5,5,5,5,5,5,5,5,5
1638,naans,5,5,5,5,5,5,5,5,5,5,5
1639,opener,5,5,5,5,5,5,5,5,5,5,5
1640,oysters,5,5,5,5,5,5,5,5,5,5,5
1641,pale ale,5,5,5,5,5,5,5,5,5,5,5
1642,pared orange zest,5,5,5,5,5,5,5,5,5,5,5
1643,parmesan shavings,5,5,5,5,5,5,5,5,5,5,5
1644,parsley leaves only,5,5,5,5,5,5,5,5,5,5,5
1645,parsley or coriander,5,5,5,5,5,5,5,5,5,5,5
1646,pasta shells,5,5,5,5,5,5,5,5,5,5,5
1647,pearl sugar,5,5,5,5,5,5,5,5,5,5,5
1648,pernod,5,5,5,5,5,5,5,5,5,5,5
1649,pickled chillies,5,5,5,5,5,5,5,5,5,5,5
1650,plum tomato,5,5,5,5,5,5,5,5,5,5,5
1651,polenta or cornmeal,5,5,5,5,5,5,5,5,5,5,5
1652,pomegranate,5,5,5,5,5,5,5,5,5,5,5
1653,popping candy,5,5,5,5,5,5,5,5,5,5,5
1654,pork tenderloin,5,5,5,5,5,5,5,5,5,5,5
1655,pouch cooked brown rice,5,5,5,5,5,5,5,5,5,5,5
1656,preserving sugar,5,5,5,5,5,5,5,5,5,5,5
1657,quantity pizza dough,5,5,5,5,5,5,5,5,5,5,5
1658,raspberry liqueur,5,5,5,5,5,5,5,5,5,5,5
1659,raw cashews,5,5,5,5,5,5,5,5,5,5,5
1660,ready-cooked beetroot,5,5,5,5,5,5,5,5,5,5,5
1661,ready-rolled  puff pastry,5,5,5,5,5,5,5,5,5,5,5
1662,red apple,5,5,5,5,5,5,5,5,5,5,5
1663,red bird's-eye chilli,5,5,5,5,5,5,5,5,5,5,5
1664,red lentil,5,5,5,5,5,5,5,5,5,5,5
1665,red or green chilli,5,5,5,5,5,5,5,5,5,5,5
1666,red pesto,5,5,5,5,5,5,5,5,5,5,5
1667,reduced-fat crème fraîche,5,5,5,5,5,5,5,5,5,5,5
1668,rice or noodles,5,5,5,5,5,5,5,5,5,5,5
1669,rich tea biscuits,5,5,5,5,5,5,5,5,5,5,5
1670,ricotta cheese,5,5,5,5,5,5,5,5,5,5,5
1671,ripe plums,5,5,5,5,5,5,5,5,5,5,5
1672,rolled oat,5,5,5,5,5,5,5,5,5,5,5
1673,rolls,5,5,5,5,5,5,5,5,5,5,5
1674,rose harissa paste,5,5,5,5,5,5,5,5,5,5,5
1675,ruby port,5,5,5,5,5,5,5,5,5,5,5
1676,salad cress,5,5,5,5,5,5,5,5,5,5,5
1677,salami,5,5,5,5,5,5,5,5,5,5,5
1678,salted  butter,5,5,5,5,5,5,5,5,5,5,5
1679,salted caramel,5,5,5,5,5,5,5,5,5,5,5
1680,salted pretzels,5,5,5,5,5,5,5,5,5,5,5
1681,sauce,5,5,5,5,5,5,5,5,5,5,5
1682,scotch bonnet pepper,5,5,5,5,5,5,5,5,5,5,5
1683,seedless raspberry jam,5,5,5,5,5,5,5,5,5,5,5
1684,semi-dried tomatoes,5,5,5,5,5,5,5,5,5,5,5
1685,sherry or red wine vinegar,5,5,5,5,5,5,5,5,5,5,5
1686,short pasta,5,5,5,5,5,5,5,5,5,5,5
1687,skin-on chicken breasts,5,5,5,5,5,5,5,5,5,5,5
1688,skinless  chicken breasts,5,5,5,5,5,5,5,5,5,5,5
1689,smoked back bacon,5,5,5,5,5,5,5,5,5,5,5
1690,smoked bacon rashers,5,5,5,5,5,5,5,5,5,5,5
1691,smoked haddock fillets,5,5,5,5,5,5,5,5,5,5,5
1692,smoked salmon trimmings,5,5,5,5,5,5,5,5,5,5,5
1693,smoked sea salt,5,5,5,5,5,5,5,5,5,5,5
1694,smooth apricot jam,5,5,5,5,5,5,5,5,5,5,5
1695,soft  brown sugar,5,5,5,5,5,5,5,5,5,5,5
1696,sour cream,5,5,5,5,5,5,5,5,5,5,5
1697,sourdough starter,5,5,5,5,5,5,5,5,5,5,5
1698,soured cream or crème fraîche,5,5,5,5,5,5,5,5,5,5,5
1699,soya cream,5,5,5,5,5,5,5,5,5,5,5
1700,sparkling wine,5,5,5,5,5,5,5,5,5,5,5
1701,steamed greens,5,5,5,5,5,5,5,5,5,5,5
1702,stewing venison,5,5,5,5,5,5,5,5,5,5,5
1703,strawberry or raspberry jam,5,5,5,5,5,5,5,5,5,5,5
1704,string,5,5,5,5,5,5,5,5,5,5,5
1705,sultana,5,5,5,5,5,5,5,5,5,5,5
1706,sultanas or raisins,5,5,5,5,5,5,5,5,5,5,5
1707,sweetcorn from,5,5,5,5,5,5,5,5,5,5,5
1708,sweetheart cabbage,5,5,5,5,5,5,5,5,5,5,5
1709,taleggio,5,5,5,5,5,5,5,5,5,5,5
1710,teaspoon,5,5,5,5,5,5,5,5,5,5,5
1711,tequila blanco,5,5,5,5,5,5,5,5,5,5,5
1712,thick natural yogurt,5,5,5,5,5,5,5,5,5,5,5
1713,three-seed mix,5,5,5,5,5,5,5,5,5,5,5
1714,tomato paste,5,5,5,5,5,5,5,5,5,5,5
1715,tomato purée,5,5,5,5,5,5,5,5,5,5,5
1716,trout fillets,5,5,5,5,5,5,5,5,5,5,5
1717,turkey breast,5,5,5,5,5,5,5,5,5,5,5
1718,turkey crown,5,5,5,5,5,5,5,5,5,5,5
1719,tzatziki,5,5,5,5,5,5,5,5,5,5,5
1720,unsalted butter very soft,5,5,5,5,5,5,5,5,5,5,5
1721,unsalted cashews,5,5,5,5,5,5,5,5,5,5,5
1722,unwaxed orange,5,5,5,5,5,5,5,5,5,5,5
1723,veg stock,5,5,5,5,5,5,5,5,5,5,5
1724,vegan butter,5,5,5,5,5,5,5,5,5,5,5
1725,vegan red wine,5,5,5,5,5,5,5,5,5,5,5
1726,vegetables,5,5,5,5,5,5,5,5,5,5,5
1727,venison,5,5,5,5,5,5,5,5,5,5,5
1728,walnut oil,5,5,5,5,5,5,5,5,5,5,5
1729,white granulated sugar,5,5,5,5,5,5,5,5,5,5,5
1730,white mushrooms,5,5,5,5,5,5,5,5,5,5,5
1731,white spelt flour,5,5,5,5,5,5,5,5,5,5,5
1732,white wine or vermouth,5,5,5,5,5,5,5,5,5,5,5
1733,whole cherry tomatoes,5,5,5,5,5,5,5,5,5,5,5
1734,wild rice,5,5,5,5,5,5,5,5,5,5,5
1735,wild rocket,5,5,5,5,5,5,5,5,5,5,5
1736,wild salmon fillets,5,5,5,5,5,5,5,5,5,5,5
1737,yellow split peas,5,5,5,5,5,5,5,5,5,5,5
1738,young leaf spinach,5,5,5,5,5,5,5,5,5,5,5
1739,", ripe avocados",4,4,4,4,4,4,4,4,4,4,4
1740,0% fat probiotic plain yogurt,4,4,4,4,4,4,4,4,4,4,4
1741,12% fat beef mince,4,4,4,4,4,4,4,4,4,4,4
1742,a few dill,4,4,4,4,4,4,4,4,4,4,4
1743,active dry yeast,4,4,4,4,4,4,4,4,4,4,4
1744,ajwain seeds,4,4,4,4,4,4,4,4,4,4,4
1745,arborio rice,4,4,4,4,4,4,4,4,4,4,4
1746,arborio risotto rice,4,4,4,4,4,4,4,4,4,4,4
1747,asafoetida,4,4,4,4,4,4,4,4,4,4,4
1748,baby aubergines,4,4,4,4,4,4,4,4,4,4,4
1749,baby carrot,4,4,4,4,4,4,4,4,4,4,4
1750,baby chestnut mushrooms,4,4,4,4,4,4,4,4,4,4,4
1751,baby gem lettuce,4,4,4,4,4,4,4,4,4,4,4
1752,baby gem lettuce leaves,4,4,4,4,4,4,4,4,4,4,4
1753,baby leaf salad,4,4,4,4,4,4,4,4,4,4,4
1754,baharat spice mix,4,4,4,4,4,4,4,4,4,4,4
1755,baileys,4,4,4,4,4,4,4,4,4,4,4
1756,barley,4,4,4,4,4,4,4,4,4,4,4
1757,black bean,4,4,4,4,4,4,4,4,4,4,4
1758,black peppercorn,4,4,4,4,4,4,4,4,4,4,4
1759,black rice vinegar,4,4,4,4,4,4,4,4,4,4,4
1760,black sugar paste,4,4,4,4,4,4,4,4,4,4,4
1761,black-eyed beans,4,4,4,4,4,4,4,4,4,4,4
1762,blueberry,4,4,4,4,4,4,4,4,4,4,4
1763,boneless pork shoulder,4,4,4,4,4,4,4,4,4,4,4
1764,boneless skinless chicken breasts,4,4,4,4,4,4,4,4,4,4,4
1765,braeburn apples,4,4,4,4,4,4,4,4,4,4,4
1766,bread mix,4,4,4,4,4,4,4,4,4,4,4
1767,brioche rolls,4,4,4,4,4,4,4,4,4,4,4
1768,broad bean,4,4,4,4,4,4,4,4,4,4,4
1769,brown onions,4,4,4,4,4,4,4,4,4,4,4
1770,butter bean,4,4,4,4,4,4,4,4,4,4,4
1771,cachaça,4,4,4,4,4,4,4,4,4,4,4
1772,cake board,4,4,4,4,4,4,4,4,4,4,4
1773,calvados,4,4,4,4,4,4,4,4,4,4,4
1774,canned sweetcorn,4,4,4,4,4,4,4,4,4,4,4
1775,cannellini beans in water,4,4,4,4,4,4,4,4,4,4,4
1776,caramel or dulce de leche,4,4,4,4,4,4,4,4,4,4,4
1777,cardamom seeds,4,4,4,4,4,4,4,4,4,4,4
1778,cauliflower leaves,4,4,4,4,4,4,4,4,4,4,4
1779,cauliflowers,4,4,4,4,4,4,4,4,4,4,4
1780,celery heart,4,4,4,4,4,4,4,4,4,4,4
1781,celery stalks,4,4,4,4,4,4,4,4,4,4,4
1782,chantenay carrots,4,4,4,4,4,4,4,4,4,4,4
1783,chapati flour,4,4,4,4,4,4,4,4,4,4,4
1784,chargrilled artichokes in oil,4,4,4,4,4,4,4,4,4,4,4
1785,cherries in kirsch,4,4,4,4,4,4,4,4,4,4,4
1786,cherry brandy,4,4,4,4,4,4,4,4,4,4,4
1787,chicken mini fillets,4,4,4,4,4,4,4,4,4,4,4
1788,chicken pieces,4,4,4,4,4,4,4,4,4,4,4
1789,chicken thighs on,4,4,4,4,4,4,4,4,4,4,4
1790,chicory leaves,4,4,4,4,4,4,4,4,4,4,4
1791,chinese five-spice,4,4,4,4,4,4,4,4,4,4,4
1792,chinese leaf,4,4,4,4,4,4,4,4,4,4,4
1793,chinese rice vinegar,4,4,4,4,4,4,4,4,4,4,4
1794,chipolata sausages,4,4,4,4,4,4,4,4,4,4,4
1795,chips,4,4,4,4,4,4,4,4,4,4,4
1796,chocolate ice cream,4,4,4,4,4,4,4,4,4,4,4
1797,chocolate spread,4,4,4,4,4,4,4,4,4,4,4
1798,cocktail cherries,4,4,4,4,4,4,4,4,4,4,4
1799,cocktail sausages,4,4,4,4,4,4,4,4,4,4,4
1800,cocktail sticks,4,4,4,4,4,4,4,4,4,4,4
1801,coconut flour,4,4,4,4,4,4,4,4,4,4,4
1802,coconut ice cream,4,4,4,4,4,4,4,4,4,4,4
1803,cod fillet,4,4,4,4,4,4,4,4,4,4,4
1804,coffee granules,4,4,4,4,4,4,4,4,4,4,4
1805,cointreau,4,4,4,4,4,4,4,4,4,4,4
1806,colander,4,4,4,4,4,4,4,4,4,4,4
1807,cold lard,4,4,4,4,4,4,4,4,4,4,4
1808,cold slightly salted butter,4,4,4,4,4,4,4,4,4,4,4
1809,comté,4,4,4,4,4,4,4,4,4,4,4
1810,cooked green lentils,4,4,4,4,4,4,4,4,4,4,4
1811,coriander stalks only,4,4,4,4,4,4,4,4,4,4,4
1812,crabmeat,4,4,4,4,4,4,4,4,4,4,4
1813,crispy fried shallots,4,4,4,4,4,4,4,4,4,4,4
1814,cucumber ends,4,4,4,4,4,4,4,4,4,4,4
1815,cumin powder,4,4,4,4,4,4,4,4,4,4,4
1816,curly parsley,4,4,4,4,4,4,4,4,4,4,4
1817,damsons,4,4,4,4,4,4,4,4,4,4,4
1818,dark beer,4,4,4,4,4,4,4,4,4,4,4
1819,date molasses,4,4,4,4,4,4,4,4,4,4,4
1820,dips,4,4,4,4,4,4,4,4,4,4,4
1821,disposable piping bags,4,4,4,4,4,4,4,4,4,4,4
1822,dried banana chips,4,4,4,4,4,4,4,4,4,4,4
1823,dried breadcrumb,4,4,4,4,4,4,4,4,4,4,4
1824,dried chinese mushrooms,4,4,4,4,4,4,4,4,4,4,4
1825,dried lavender,4,4,4,4,4,4,4,4,4,4,4
1826,dried medium egg noodles,4,4,4,4,4,4,4,4,4,4,4
1827,dried mushrooms,4,4,4,4,4,4,4,4,4,4,4
1828,dried pasta,4,4,4,4,4,4,4,4,4,4,4
1829,dried spaghetti,4,4,4,4,4,4,4,4,4,4,4
1830,drizzle of flavourless oil,4,4,4,4,4,4,4,4,4,4,4
1831,drizzle olive oil,4,4,4,4,4,4,4,4,4,4,4
1832,duck eggs,4,4,4,4,4,4,4,4,4,4,4
1833,duck fat,4,4,4,4,4,4,4,4,4,4,4
1834,edamame,4,4,4,4,4,4,4,4,4,4,4
1835,fat-free  yogurt,4,4,4,4,4,4,4,4,4,4,4
1836,fig jam,4,4,4,4,4,4,4,4,4,4,4
1837,fine polenta or cornmeal,4,4,4,4,4,4,4,4,4,4,4
1838,firm goat's cheese,4,4,4,4,4,4,4,4,4,4,4
1839,food colouring pastes,4,4,4,4,4,4,4,4,4,4,4
1840,fortified oat milk,4,4,4,4,4,4,4,4,4,4,4
1841,fortified soya milk,4,4,4,4,4,4,4,4,4,4,4
1842,freekeh,4,4,4,4,4,4,4,4,4,4,4
1843,fresh  breadcrumb,4,4,4,4,4,4,4,4,4,4,4
1844,fresh  breadcrumbs,4,4,4,4,4,4,4,4,4,4,4
1845,fresh apricots,4,4,4,4,4,4,4,4,4,4,4
1846,fresh bay leaf,4,4,4,4,4,4,4,4,4,4,4
1847,fresh beef stock,4,4,4,4,4,4,4,4,4,4,4
1848,fresh chillies,4,4,4,4,4,4,4,4,4,4,4
1849,fresh coconut,4,4,4,4,4,4,4,4,4,4,4
1850,fresh horseradish,4,4,4,4,4,4,4,4,4,4,4
1851,fresh or dried curry leaves,4,4,4,4,4,4,4,4,4,4,4
1852,fresh or frozen cranberry,4,4,4,4,4,4,4,4,4,4,4
1853,fresh pineapple chunks,4,4,4,4,4,4,4,4,4,4,4
1854,fresh root ginger,4,4,4,4,4,4,4,4,4,4,4
1855,fresh rosemary,4,4,4,4,4,4,4,4,4,4,4
1856,fresh turmeric,4,4,4,4,4,4,4,4,4,4,4
1857,full fat soft cheese,4,4,4,4,4,4,4,4,4,4,4
1858,fusilli,4,4,4,4,4,4,4,4,4,4,4
1859,garlic bread,4,4,4,4,4,4,4,4,4,4,4
1860,garlic bulbs,4,4,4,4,4,4,4,4,4,4,4
1861,garlic butter,4,4,4,4,4,4,4,4,4,4,4
1862,garlic crusher,4,4,4,4,4,4,4,4,4,4,4
1863,ginger ale,4,4,4,4,4,4,4,4,4,4,4
1864,ginger nuts,4,4,4,4,4,4,4,4,4,4,4
1865,ginger syrup,4,4,4,4,4,4,4,4,4,4,4
1866,goat’s cheese,4,4,4,4,4,4,4,4,4,4,4
1867,gochujang paste,4,4,4,4,4,4,4,4,4,4,4
1868,gold edible glitter,4,4,4,4,4,4,4,4,4,4,4
1869,golden beetroot,4,4,4,4,4,4,4,4,4,4,4
1870,golden sultanas,4,4,4,4,4,4,4,4,4,4,4
1871,good grating nutmeg,4,4,4,4,4,4,4,4,4,4,4
1872,good squeeze of lemon juice,4,4,4,4,4,4,4,4,4,4,4
1873,good-quality pork sausages,4,4,4,4,4,4,4,4,4,4,4
1874,good-quality sausages,4,4,4,4,4,4,4,4,4,4,4
1875,good-quality vegan white wine vinegar,4,4,4,4,4,4,4,4,4,4,4
1876,grapefruit juice,4,4,4,4,4,4,4,4,4,4,4
1877,grapes,4,4,4,4,4,4,4,4,4,4,4
1878,green peppercorns in brine,4,4,4,4,4,4,4,4,4,4,4
1879,green veg,4,4,4,4,4,4,4,4,4,4,4
1880,greens,4,4,4,4,4,4,4,4,4,4,4
1881,ground  black pepper,4,4,4,4,4,4,4,4,4,4,4
1882,ground fennel seeds,4,4,4,4,4,4,4,4,4,4,4
1883,ground flaxseeds,4,4,4,4,4,4,4,4,4,4,4
1884,groundnut or sunflower oil,4,4,4,4,4,4,4,4,4,4,4
1885,guinness,4,4,4,4,4,4,4,4,4,4,4
1886,hole punch,4,4,4,4,4,4,4,4,4,4,4
1887,hot cross buns,4,4,4,4,4,4,4,4,4,4,4
1888,hot horseradish sauce,4,4,4,4,4,4,4,4,4,4,4
1889,hot paprika,4,4,4,4,4,4,4,4,4,4,4
1890,hot pepper sauce,4,4,4,4,4,4,4,4,4,4,4
1891,hot water,4,4,4,4,4,4,4,4,4,4,4
1892,icing eyes,4,4,4,4,4,4,4,4,4,4,4
1893,instant polenta,4,4,4,4,4,4,4,4,4,4,4
1894,irish cream,4,4,4,4,4,4,4,4,4,4,4
1895,jalapeno chilli,4,4,4,4,4,4,4,4,4,4,4
1896,jalapeno chillies,4,4,4,4,4,4,4,4,4,4,4
1897,juice and zest 0.5,4,4,4,4,4,4,4,4,4,4,4
1898,kefir,4,4,4,4,4,4,4,4,4,4,4
1899,kiwi,4,4,4,4,4,4,4,4,4,4,4
1900,kiwi fruit,4,4,4,4,4,4,4,4,4,4,4
1901,korma curry paste,4,4,4,4,4,4,4,4,4,4,4
1902,lamb leg,4,4,4,4,4,4,4,4,4,4,4
1903,lamb neck fillet,4,4,4,4,4,4,4,4,4,4,4
1904,lamb or beef stock,4,4,4,4,4,4,4,4,4,4,4
1905,lamb's lettuce,4,4,4,4,4,4,4,4,4,4,4
1906,lancashire cheese,4,4,4,4,4,4,4,4,4,4,4
1907,lean lamb mince,4,4,4,4,4,4,4,4,4,4,4
1908,lean pork fillet,4,4,4,4,4,4,4,4,4,4,4
1909,leftover chicken,4,4,4,4,4,4,4,4,4,4,4
1910,lemon half,4,4,4,4,4,4,4,4,4,4,4
1911,lemon juice only,4,4,4,4,4,4,4,4,4,4,4
1912,lemongrass paste,4,4,4,4,4,4,4,4,4,4,4
1913,lettuce,4,4,4,4,4,4,4,4,4,4,4
1914,light condensed milk,4,4,4,4,4,4,4,4,4,4,4
1915,light cream cheese,4,4,4,4,4,4,4,4,4,4,4
1916,light mayonnaise,4,4,4,4,4,4,4,4,4,4,4
1917,lime half,4,4,4,4,4,4,4,4,4,4,4
1918,lime pickle,4,4,4,4,4,4,4,4,4,4,4
1919,lime zest,4,4,4,4,4,4,4,4,4,4,4
1920,linseeds,4,4,4,4,4,4,4,4,4,4,4
1921,lobster,4,4,4,4,4,4,4,4,4,4,4
1922,lolly,4,4,4,4,4,4,4,4,4,4,4
1923,long pasta,4,4,4,4,4,4,4,4,4,4,4
1924,long-grain brown rice,4,4,4,4,4,4,4,4,4,4,4
1925,lotus biscoff biscuits,4,4,4,4,4,4,4,4,4,4,4
1926,low-salt stock,4,4,4,4,4,4,4,4,4,4,4
1927,low-salt veg stock,4,4,4,4,4,4,4,4,4,4,4
1928,low-sodium,4,4,4,4,4,4,4,4,4,4,4
1929,low-sodium vegetable stock,4,4,4,4,4,4,4,4,4,4,4
1930,mace,4,4,4,4,4,4,4,4,4,4,4
1931,mackerel,4,4,4,4,4,4,4,4,4,4,4
1932,maltesers chocolate mini bunnies,4,4,4,4,4,4,4,4,4,4,4
1933,mango juice,4,4,4,4,4,4,4,4,4,4,4
1934,maris piper potato,4,4,4,4,4,4,4,4,4,4,4
1935,mascarpone or soft cheese,4,4,4,4,4,4,4,4,4,4,4
1936,mild red chilli,4,4,4,4,4,4,4,4,4,4,4
1937,mince pies,4,4,4,4,4,4,4,4,4,4,4
1938,mini meringues,4,4,4,4,4,4,4,4,4,4,4
1939,mini pretzels,4,4,4,4,4,4,4,4,4,4,4
1940,mixed leaf,4,4,4,4,4,4,4,4,4,4,4
1941,mixed olives,4,4,4,4,4,4,4,4,4,4,4
1942,mixed sesame seeds,4,4,4,4,4,4,4,4,4,4,4
1943,muslin,4,4,4,4,4,4,4,4,4,4,4
1944,natural marzipan,4,4,4,4,4,4,4,4,4,4,4
1945,oatmeal,4,4,4,4,4,4,4,4,4,4,4
1946,okra,4,4,4,4,4,4,4,4,4,4,4
1947,olive oil spray,4,4,4,4,4,4,4,4,4,4,4
1948,orange food colouring,4,4,4,4,4,4,4,4,4,4,4
1949,orange peel twist,4,4,4,4,4,4,4,4,4,4,4
1950,oven-ready turkey neck,4,4,4,4,4,4,4,4,4,4,4
1951,padron peppers,4,4,4,4,4,4,4,4,4,4,4
1952,paintbrush,4,4,4,4,4,4,4,4,4,4,4
1953,pak choi leaves,4,4,4,4,4,4,4,4,4,4,4
1954,pancetta cubes,4,4,4,4,4,4,4,4,4,4,4
1955,panettone,4,4,4,4,4,4,4,4,4,4,4
1956,papaya,4,4,4,4,4,4,4,4,4,4,4
1957,pared lemon zest,4,4,4,4,4,4,4,4,4,4,4
1958,parsley leaves and stalks,4,4,4,4,4,4,4,4,4,4,4
1959,pastry brush,4,4,4,4,4,4,4,4,4,4,4
1960,peach schnapps,4,4,4,4,4,4,4,4,4,4,4
1961,pearl onions,4,4,4,4,4,4,4,4,4,4,4
1962,penne pasta,4,4,4,4,4,4,4,4,4,4,4
1963,peppers (any colour),4,4,4,4,4,4,4,4,4,4,4
1964,peppery salad,4,4,4,4,4,4,4,4,4,4,4
1965,pisco,4,4,4,4,4,4,4,4,4,4,4
1966,pistachio butter,4,4,4,4,4,4,4,4,4,4,4
1967,podded peas,4,4,4,4,4,4,4,4,4,4,4
1968,pointed cabbage,4,4,4,4,4,4,4,4,4,4,4
1969,pork chipolatas,4,4,4,4,4,4,4,4,4,4,4
1970,pork shoulder joint,4,4,4,4,4,4,4,4,4,4,4
1971,pork spare ribs,4,4,4,4,4,4,4,4,4,4,4
1972,potato and greens,4,4,4,4,4,4,4,4,4,4,4
1973,potato starch,4,4,4,4,4,4,4,4,4,4,4
1974,pouch cooked quinoa,4,4,4,4,4,4,4,4,4,4,4
1975,pouch mixed grains,4,4,4,4,4,4,4,4,4,4,4
1976,prawn,4,4,4,4,4,4,4,4,4,4,4
1977,quantity eclairs and crème pâtissière recipe - see link in method,4,4,4,4,4,4,4,4,4,4,4
1978,raisins soaked in hot water,4,4,4,4,4,4,4,4,4,4,4
1979,rapeseed or vegetable oil,4,4,4,4,4,4,4,4,4,4,4
1980,raspberry jelly,4,4,4,4,4,4,4,4,4,4,4
1981,raw,4,4,4,4,4,4,4,4,4,4,4
1982,raw peeled prawns,4,4,4,4,4,4,4,4,4,4,4
1983,ready-to-roll white fondant icing,4,4,4,4,4,4,4,4,4,4,4
1984,red and green food colouring gels,4,4,4,4,4,4,4,4,4,4,4
1985,red curry paste,4,4,4,4,4,4,4,4,4,4,4
1986,red food colouring paste,4,4,4,4,4,4,4,4,4,4,4
1987,red leicester cheese,4,4,4,4,4,4,4,4,4,4,4
1988,reduced salt soy sauce,4,4,4,4,4,4,4,4,4,4,4
1989,reduced-fat coconut milk,4,4,4,4,4,4,4,4,4,4,4
1990,reduced-salt chicken stock,4,4,4,4,4,4,4,4,4,4,4
1991,reduced-salt vegetable stock,4,4,4,4,4,4,4,4,4,4,4
1992,rice pops,4,4,4,4,4,4,4,4,4,4,4
1993,rice vermicelli noodles,4,4,4,4,4,4,4,4,4,4,4
1994,rice wine,4,4,4,4,4,4,4,4,4,4,4
1995,ripe mango stoned,4,4,4,4,4,4,4,4,4,4,4
1996,ripe mangoes,4,4,4,4,4,4,4,4,4,4,4
1997,ripe strawberries,4,4,4,4,4,4,4,4,4,4,4
1998,roasted cashews,4,4,4,4,4,4,4,4,4,4,4
1999,roasted peppers from a jar,4,4,4,4,4,4,4,4,4,4,4
2000,rolled beef brisket,4,4,4,4,4,4,4,4,4,4,4
2001,rotis,4,4,4,4,4,4,4,4,4,4,4
2002,rye whiskey,4,4,4,4,4,4,4,4,4,4,4
2003,sage & onion stuffing mix,4,4,4,4,4,4,4,4,4,4,4
2004,salmon,4,4,4,4,4,4,4,4,4,4,4
2005,salted anchovies,4,4,4,4,4,4,4,4,4,4,4
2006,scotch bonnet peppers,4,4,4,4,4,4,4,4,4,4,4
2007,seville orange marmalade,4,4,4,4,4,4,4,4,4,4,4
2008,shortbread,4,4,4,4,4,4,4,4,4,4,4
2009,side of salmon,4,4,4,4,4,4,4,4,4,4,4
2010,single or double cream,4,4,4,4,4,4,4,4,4,4,4
2011,skin-on salmon fillets,4,4,4,4,4,4,4,4,4,4,4
2012,skinless cod loin,4,4,4,4,4,4,4,4,4,4,4
2013,skinless cod loins,4,4,4,4,4,4,4,4,4,4,4
2014,skinless wild salmon fillets,4,4,4,4,4,4,4,4,4,4,4
2015,smoked salmon slices,4,4,4,4,4,4,4,4,4,4,4
2016,smoked salt,4,4,4,4,4,4,4,4,4,4,4
2017,soft dried apricots,4,4,4,4,4,4,4,4,4,4,4
2018,soft goat’s cheese,4,4,4,4,4,4,4,4,4,4,4
2019,spring onions whites,4,4,4,4,4,4,4,4,4,4,4
2020,sprouting broccoli,4,4,4,4,4,4,4,4,4,4,4
2021,sprouts,4,4,4,4,4,4,4,4,4,4,4
2022,steamed broccoli,4,4,4,4,4,4,4,4,4,4,4
2023,sticky tape,4,4,4,4,4,4,4,4,4,4,4
2024,stir-fry veg,4,4,4,4,4,4,4,4,4,4,4
2025,stoned dates,4,4,4,4,4,4,4,4,4,4,4
2026,strong beef stock,4,4,4,4,4,4,4,4,4,4,4
2027,strong wholemeal flour,4,4,4,4,4,4,4,4,4,4,4
2028,sundried tomato purée,4,4,4,4,4,4,4,4,4,4,4
2029,sunflower oil or rapeseed oil,4,4,4,4,4,4,4,4,4,4,4
2030,sunflower or rapeseed oil,4,4,4,4,4,4,4,4,4,4,4
2031,sweet potato fries,4,4,4,4,4,4,4,4,4,4,4
2032,sweet potato wedges,4,4,4,4,4,4,4,4,4,4,4
2033,taleggio cheese,4,4,4,4,4,4,4,4,4,4,4
2034,tandoori paste,4,4,4,4,4,4,4,4,4,4,4
2035,tarragon leaves only,4,4,4,4,4,4,4,4,4,4,4
2036,thick custard,4,4,4,4,4,4,4,4,4,4,4
2037,thick greek-style yogurt,4,4,4,4,4,4,4,4,4,4,4
2038,thyme or rosemary,4,4,4,4,4,4,4,4,4,4,4
2039,toasted coconut flakes,4,4,4,4,4,4,4,4,4,4,4
2040,toasted flaked almond,4,4,4,4,4,4,4,4,4,4,4
2041,tomatoes with herbs,4,4,4,4,4,4,4,4,4,4,4
2042,tortilla,4,4,4,4,4,4,4,4,4,4,4
2043,tuna in brine,4,4,4,4,4,4,4,4,4,4,4
2044,turkey thigh mince,4,4,4,4,4,4,4,4,4,4,4
2045,turmeric powder,4,4,4,4,4,4,4,4,4,4,4
2046,turnip,4,4,4,4,4,4,4,4,4,4,4
2047,unwaxed lime,4,4,4,4,4,4,4,4,4,4,4
2048,vanilla,4,4,4,4,4,4,4,4,4,4,4
2049,vanilla sugar,4,4,4,4,4,4,4,4,4,4,4
2050,vegetarian mincemeat,4,4,4,4,4,4,4,4,4,4,4
2051,vegetarian sausages,4,4,4,4,4,4,4,4,4,4,4
2052,walnut,4,4,4,4,4,4,4,4,4,4,4
2053,water chestnuts,4,4,4,4,4,4,4,4,4,4,4
2054,watercress salad,4,4,4,4,4,4,4,4,4,4,4
2055,wheat-free tamari,4,4,4,4,4,4,4,4,4,4,4
2056,white breadcrumbs,4,4,4,4,4,4,4,4,4,4,4
2057,white fish fillets,4,4,4,4,4,4,4,4,4,4,4
2058,white icing,4,4,4,4,4,4,4,4,4,4,4
2059,white marshmallows,4,4,4,4,4,4,4,4,4,4,4
2060,white mini marshmallows,4,4,4,4,4,4,4,4,4,4,4
2061,white ready-to-roll icing,4,4,4,4,4,4,4,4,4,4,4
2062,white sugarpaste,4,4,4,4,4,4,4,4,4,4,4
2063,white vermouth,4,4,4,4,4,4,4,4,4,4,4
2064,whole cucumber,4,4,4,4,4,4,4,4,4,4,4
2065,whole cumin seeds,4,4,4,4,4,4,4,4,4,4,4
2066,whole duck,4,4,4,4,4,4,4,4,4,4,4
2067,whole egg,4,4,4,4,4,4,4,4,4,4,4
2068,whole eggs,4,4,4,4,4,4,4,4,4,4,4
2069,wholegrain basmati rice,4,4,4,4,4,4,4,4,4,4,4
2070,wholemeal pitta bread,4,4,4,4,4,4,4,4,4,4,4
2071,wholemeal pitta breads,4,4,4,4,4,4,4,4,4,4,4
2072,wholemeal pittas,4,4,4,4,4,4,4,4,4,4,4
2073,wholemeal plain flour,4,4,4,4,4,4,4,4,4,4,4
2074,wholemeal rye flour,4,4,4,4,4,4,4,4,4,4,4
2075,wilted greens,4,4,4,4,4,4,4,4,4,4,4
2076,‘00’ flour,4,4,4,4,4,4,4,4,4,4,4
2077,15% fat beef mince,3,3,3,3,3,3,3,3,3,3,3
2078,85% dark chocolate,3,3,3,3,3,3,3,3,3,3,3
2079,a few coriander,3,3,3,3,3,3,3,3,3,3,3
2080,a few knobs of butter,3,3,3,3,3,3,3,3,3,3,3
2081,a few rosemary,3,3,3,3,3,3,3,3,3,3,3
2082,a little flour,3,3,3,3,3,3,3,3,3,3,3
2083,a little olive oil,3,3,3,3,3,3,3,3,3,3,3
2084,a little rapeseed oil,3,3,3,3,3,3,3,3,3,3,3
2085,a pasta machine,3,3,3,3,3,3,3,3,3,3,3
2086,aldi specially selected 100% british beef wagyu ribeye steaks,3,3,3,3,3,3,3,3,3,3,3
2087,almond,3,3,3,3,3,3,3,3,3,3,3
2088,almond essence,3,3,3,3,3,3,3,3,3,3,3
2089,almond or coconut milk,3,3,3,3,3,3,3,3,3,3,3
2090,apple cider,3,3,3,3,3,3,3,3,3,3,3
2091,arabic mixed spice,3,3,3,3,3,3,3,3,3,3,3
2092,artichoke hearts,3,3,3,3,3,3,3,3,3,3,3
2093,asparagus ends,3,3,3,3,3,3,3,3,3,3,3
2094,baby  spinach,3,3,3,3,3,3,3,3,3,3,3
2095,baby back pork ribs,3,3,3,3,3,3,3,3,3,3,3
2096,baby carrots halved lengthways,3,3,3,3,3,3,3,3,3,3,3
2097,baby corn halved lengthways,3,3,3,3,3,3,3,3,3,3,3
2098,baby cucumbers,3,3,3,3,3,3,3,3,3,3,3
2099,baby kale,3,3,3,3,3,3,3,3,3,3,3
2100,baby onions,3,3,3,3,3,3,3,3,3,3,3
2101,baby spinach wilted in a pan,3,3,3,3,3,3,3,3,3,3,3
2102,back bacon,3,3,3,3,3,3,3,3,3,3,3
2103,baked sweet potatoes,3,3,3,3,3,3,3,3,3,3,3
2104,baking camembert with a cross,3,3,3,3,3,3,3,3,3,3,3
2105,barberries,3,3,3,3,3,3,3,3,3,3,3
2106,basil stalks,3,3,3,3,3,3,3,3,3,3,3
2107,beef cheeks,3,3,3,3,3,3,3,3,3,3,3
2108,beef mince 10% fat,3,3,3,3,3,3,3,3,3,3,3
2109,beef or lamb mince,3,3,3,3,3,3,3,3,3,3,3
2110,beef or vegetable suet,3,3,3,3,3,3,3,3,3,3,3
2111,beef roasting joint,3,3,3,3,3,3,3,3,3,3,3
2112,beef suet,3,3,3,3,3,3,3,3,3,3,3
2113,beef tomato,3,3,3,3,3,3,3,3,3,3,3
2114,beer,3,3,3,3,3,3,3,3,3,3,3
2115,bio greek yogurt,3,3,3,3,3,3,3,3,3,3,3
2116,black beans undrained,3,3,3,3,3,3,3,3,3,3,3
2117,black cherries in kirsch,3,3,3,3,3,3,3,3,3,3,3
2118,black fondant icing,3,3,3,3,3,3,3,3,3,3,3
2119,black olives pitted,3,3,3,3,3,3,3,3,3,3,3
2120,black or white sesame seeds,3,3,3,3,3,3,3,3,3,3,3
2121,blackberry jam,3,3,3,3,3,3,3,3,3,3,3
2122,blanched almond,3,3,3,3,3,3,3,3,3,3,3
2123,blanco tequila,3,3,3,3,3,3,3,3,3,3,3
2124,blocks all-butter puff pastry,3,3,3,3,3,3,3,3,3,3,3
2125,blood orange juice,3,3,3,3,3,3,3,3,3,3,3
2126,blue curaçao,3,3,3,3,3,3,3,3,3,3,3
2127,boiling vegetable stock,3,3,3,3,3,3,3,3,3,3,3
2128,bone-in leg of lamb,3,3,3,3,3,3,3,3,3,3,3
2129,"bone-in, skin-on chicken thighs",3,3,3,3,3,3,3,3,3,3,3
2130,boneless skinless chicken thighs,3,3,3,3,3,3,3,3,3,3,3
2131,"boneless, skinless  chicken thighs",3,3,3,3,3,3,3,3,3,3,3
2132,bourbon biscuits,3,3,3,3,3,3,3,3,3,3,3
2133,braeburn apple,3,3,3,3,3,3,3,3,3,3,3
2134,bread rolls,3,3,3,3,3,3,3,3,3,3,3
2135,breadcrumb,3,3,3,3,3,3,3,3,3,3,3
2136,breadsticks,3,3,3,3,3,3,3,3,3,3,3
2137,broad beans podded,3,3,3,3,3,3,3,3,3,3,3
2138,broccoli spears,3,3,3,3,3,3,3,3,3,3,3
2139,brown basmati,3,3,3,3,3,3,3,3,3,3,3
2140,brown lentils,3,3,3,3,3,3,3,3,3,3,3
2141,brown rice miso paste,3,3,3,3,3,3,3,3,3,3,3
2142,buffalo hot sauce,3,3,3,3,3,3,3,3,3,3,3
2143,butter or ghee,3,3,3,3,3,3,3,3,3,3,3
2144,butter or olive oil,3,3,3,3,3,3,3,3,3,3,3
2145,buttermilk or kefir,3,3,3,3,3,3,3,3,3,3,3
2146,cadbury creme eggs®,3,3,3,3,3,3,3,3,3,3,3
2147,candy canes,3,3,3,3,3,3,3,3,3,3,3
2148,cannellini bean,3,3,3,3,3,3,3,3,3,3,3
2149,caper berries,3,3,3,3,3,3,3,3,3,3,3
2150,caramel from,3,3,3,3,3,3,3,3,3,3,3
2151,caramelised onion chutney,3,3,3,3,3,3,3,3,3,3,3
2152,cardamom pod,3,3,3,3,3,3,3,3,3,3,3
2153,carton  passata,3,3,3,3,3,3,3,3,3,3,3
2154,cashew butter,3,3,3,3,3,3,3,3,3,3,3
2155,cauliflower rice,3,3,3,3,3,3,3,3,3,3,3
2156,chana daal,3,3,3,3,3,3,3,3,3,3,3
2157,chapatti flour,3,3,3,3,3,3,3,3,3,3,3
2158,chardonnay vinegar,3,3,3,3,3,3,3,3,3,3,3
2159,cheese sauce,3,3,3,3,3,3,3,3,3,3,3
2160,cherry tomatoes preferably on the vine,3,3,3,3,3,3,3,3,3,3,3
2161,chestnut or button mushrooms,3,3,3,3,3,3,3,3,3,3,3
2162,chicken bouillon,3,3,3,3,3,3,3,3,3,3,3
2163,chicken or turkey stock,3,3,3,3,3,3,3,3,3,3,3
2164,chicken thighs bone,3,3,3,3,3,3,3,3,3,3,3
2165,chicken thighs skinless and boneless,3,3,3,3,3,3,3,3,3,3,3
2166,chilli bean paste,3,3,3,3,3,3,3,3,3,3,3
2167,chinese black vinegar,3,3,3,3,3,3,3,3,3,3,3
2168,chinese rice wine,3,3,3,3,3,3,3,3,3,3,3
2169,chipotle peppers in adobo sauce,3,3,3,3,3,3,3,3,3,3,3
2170,chocolate 70% cocoa,3,3,3,3,3,3,3,3,3,3,3
2171,chocolate balls,3,3,3,3,3,3,3,3,3,3,3
2172,chocolate bitters,3,3,3,3,3,3,3,3,3,3,3
2173,chocolate coated malt balls,3,3,3,3,3,3,3,3,3,3,3
2174,chocolate digestives,3,3,3,3,3,3,3,3,3,3,3
2175,chocolate sauce,3,3,3,3,3,3,3,3,3,3,3
2176,chocolate shavings,3,3,3,3,3,3,3,3,3,3,3
2177,chorizo-style sausages,3,3,3,3,3,3,3,3,3,3,3
2178,clotted cream and jam,3,3,3,3,3,3,3,3,3,3,3
2179,coconut extract,3,3,3,3,3,3,3,3,3,3,3
2180,coconut milk yogurt,3,3,3,3,3,3,3,3,3,3,3
2181,cod loin,3,3,3,3,3,3,3,3,3,3,3
2182,cod loin fillets,3,3,3,3,3,3,3,3,3,3,3
2183,coffee beans,3,3,3,3,3,3,3,3,3,3,3
2184,cold lager,3,3,3,3,3,3,3,3,3,3,3
2185,colourful sprinkles,3,3,3,3,3,3,3,3,3,3,3
2186,cookies,3,3,3,3,3,3,3,3,3,3,3
2187,cooking  chorizo,3,3,3,3,3,3,3,3,3,3,3
2188,cooled boiled water,3,3,3,3,3,3,3,3,3,3,3
2189,cooling rack,3,3,3,3,3,3,3,3,3,3,3
2190,coriander stems and leaves,3,3,3,3,3,3,3,3,3,3,3
2191,corn cob,3,3,3,3,3,3,3,3,3,3,3
2192,cos lettuce,3,3,3,3,3,3,3,3,3,3,3
2193,courgetti,3,3,3,3,3,3,3,3,3,3,3
2194,cranberries fresh or frozen,3,3,3,3,3,3,3,3,3,3,3
2195,cream or custard,3,3,3,3,3,3,3,3,3,3,3
2196,crispy rice cereal,3,3,3,3,3,3,3,3,3,3,3
2197,crunchy  peanut butter,3,3,3,3,3,3,3,3,3,3,3
2198,crustless white bread,3,3,3,3,3,3,3,3,3,3,3
2199,crusty  bread,3,3,3,3,3,3,3,3,3,3,3
2200,crusty bread rolls,3,3,3,3,3,3,3,3,3,3,3
2201,crusty white bread,3,3,3,3,3,3,3,3,3,3,3
2202,crème fraîche or cream,3,3,3,3,3,3,3,3,3,3,3
2203,curd cheese,3,3,3,3,3,3,3,3,3,3,3
2204,curried chickpeas,3,3,3,3,3,3,3,3,3,3,3
2205,curry powder mild,3,3,3,3,3,3,3,3,3,3,3
2206,dairy-free yogurt,3,3,3,3,3,3,3,3,3,3,3
2207,danish blue cheese,3,3,3,3,3,3,3,3,3,3,3
2208,dark chocolate broken up,3,3,3,3,3,3,3,3,3,3,3
2209,dark chocolate digestive biscuits,3,3,3,3,3,3,3,3,3,3,3
2210,dark chocolate digestives,3,3,3,3,3,3,3,3,3,3,3
2211,dark maple syrup,3,3,3,3,3,3,3,3,3,3,3
2212,"dark, milk or white chocolate",3,3,3,3,3,3,3,3,3,3,3
2213,dashi,3,3,3,3,3,3,3,3,3,3,3
2214,dijion mustard,3,3,3,3,3,3,3,3,3,3,3
2215,dill leaves only,3,3,3,3,3,3,3,3,3,3,3
2216,dried herbs,3,3,3,3,3,3,3,3,3,3,3
2217,dried onion flakes,3,3,3,3,3,3,3,3,3,3,3
2218,dried porcini,3,3,3,3,3,3,3,3,3,3,3
2219,dried porcini mushroom,3,3,3,3,3,3,3,3,3,3,3
2220,dried red chilli,3,3,3,3,3,3,3,3,3,3,3
2221,dried split red lentils,3,3,3,3,3,3,3,3,3,3,3
2222,dried tarragon,3,3,3,3,3,3,3,3,3,3,3
2223,dried wholewheat noodles,3,3,3,3,3,3,3,3,3,3,3
2224,drizzle of  oil,3,3,3,3,3,3,3,3,3,3,3
2225,drizzle of rapeseed oil,3,3,3,3,3,3,3,3,3,3,3
2226,dry gin,3,3,3,3,3,3,3,3,3,3,3
2227,dry roasted peanuts,3,3,3,3,3,3,3,3,3,3,3
2228,duck breasts skin,3,3,3,3,3,3,3,3,3,3,3
2229,edible gold glitter,3,3,3,3,3,3,3,3,3,3,3
2230,edible rice paper,3,3,3,3,3,3,3,3,3,3,3
2231,edible rose petals,3,3,3,3,3,3,3,3,3,3,3
2232,edible silver balls,3,3,3,3,3,3,3,3,3,3,3
2233,eggs soft-boiled,3,3,3,3,3,3,3,3,3,3,3
2234,eggs whites only,3,3,3,3,3,3,3,3,3,3,3
2235,eggs yolks only,3,3,3,3,3,3,3,3,3,3,3
2236,elderflower,3,3,3,3,3,3,3,3,3,3,3
2237,extra virgin olive or rapeseed oil,3,3,3,3,3,3,3,3,3,3,3
2238,fat green chilli,3,3,3,3,3,3,3,3,3,3,3
2239,fat green chillies,3,3,3,3,3,3,3,3,3,3,3
2240,fat red chillies,3,3,3,3,3,3,3,3,3,3,3
2241,festive spice,3,3,3,3,3,3,3,3,3,3,3
2242,festive sprinkles,3,3,3,3,3,3,3,3,3,3,3
2243,fine dried breadcrumbs,3,3,3,3,3,3,3,3,3,3,3
2244,fish,3,3,3,3,3,3,3,3,3,3,3
2245,fish fingers,3,3,3,3,3,3,3,3,3,3,3
2246,fish stock cube,3,3,3,3,3,3,3,3,3,3,3
2247,flat-leaf parsley leaves only,3,3,3,3,3,3,3,3,3,3,3
2248,focaccia,3,3,3,3,3,3,3,3,3,3,3
2249,fontina,3,3,3,3,3,3,3,3,3,3,3
2250,food colouring gels,3,3,3,3,3,3,3,3,3,3,3
2251,food colourings,3,3,3,3,3,3,3,3,3,3,3
2252,frankfurters,3,3,3,3,3,3,3,3,3,3,3
2253,free-range chicken,3,3,3,3,3,3,3,3,3,3,3
2254,fresh  pesto,3,3,3,3,3,3,3,3,3,3,3
2255,fresh breadcrumb,3,3,3,3,3,3,3,3,3,3,3
2256,fresh brown breadcrumbs,3,3,3,3,3,3,3,3,3,3,3
2257,fresh chilli,3,3,3,3,3,3,3,3,3,3,3
2258,fresh lemon juice,3,3,3,3,3,3,3,3,3,3,3
2259,fresh or frozen blueberries,3,3,3,3,3,3,3,3,3,3,3
2260,fresh or frozen broad beans,3,3,3,3,3,3,3,3,3,3,3
2261,fresh tarragon,3,3,3,3,3,3,3,3,3,3,3
2262,fresh tomato salsa,3,3,3,3,3,3,3,3,3,3,3
2263,fresh vegetable stock,3,3,3,3,3,3,3,3,3,3,3
2264,frozen blackberries,3,3,3,3,3,3,3,3,3,3,3
2265,frozen broad beans,3,3,3,3,3,3,3,3,3,3,3
2266,frozen butter,3,3,3,3,3,3,3,3,3,3,3
2267,frozen cherries,3,3,3,3,3,3,3,3,3,3,3
2268,frozen leaf spinach,3,3,3,3,3,3,3,3,3,3,3
2269,frozen petits pois,3,3,3,3,3,3,3,3,3,3,3
2270,frozen seafood mix,3,3,3,3,3,3,3,3,3,3,3
2271,frozen strawberries,3,3,3,3,3,3,3,3,3,3,3
2272,fruitcake,3,3,3,3,3,3,3,3,3,3,3
2273,full fat cream cheese,3,3,3,3,3,3,3,3,3,3,3
2274,full-fat  greek yogurt,3,3,3,3,3,3,3,3,3,3,3
2275,full-fat crème fraîche,3,3,3,3,3,3,3,3,3,3,3
2276,full-fat plain yogurt,3,3,3,3,3,3,3,3,3,3,3
2277,full-fat soured cream,3,3,3,3,3,3,3,3,3,3,3
2278,full-fat yogurt,3,3,3,3,3,3,3,3,3,3,3
2279,garam marsala,3,3,3,3,3,3,3,3,3,3,3
2280,garlic & herb cream cheese,3,3,3,3,3,3,3,3,3,3,3
2281,garlic mayonnaise,3,3,3,3,3,3,3,3,3,3,3
2282,garlic oil,3,3,3,3,3,3,3,3,3,3,3
2283,gel food colourings,3,3,3,3,3,3,3,3,3,3,3
2284,ghee or butter,3,3,3,3,3,3,3,3,3,3,3
2285,ghee or vegetable oil,3,3,3,3,3,3,3,3,3,3,3
2286,ginger &amp,3,3,3,3,3,3,3,3,3,3,3
2287,ginger cordial,3,3,3,3,3,3,3,3,3,3,3
2288,gluten-free oats,3,3,3,3,3,3,3,3,3,3,3
2289,gluten-free soy sauce,3,3,3,3,3,3,3,3,3,3,3
2290,gold lustre,3,3,3,3,3,3,3,3,3,3,3
2291,golden ale,3,3,3,3,3,3,3,3,3,3,3
2292,golden raisins,3,3,3,3,3,3,3,3,3,3,3
2293,golden rum,3,3,3,3,3,3,3,3,3,3,3
2294,good chicken stock,3,3,3,3,3,3,3,3,3,3,3
2295,good grating of fresh nutmeg,3,3,3,3,3,3,3,3,3,3,3
2296,good pinch saffron,3,3,3,3,3,3,3,3,3,3,3
2297,good-quality beef stock,3,3,3,3,3,3,3,3,3,3,3
2298,good-quality milk chocolate,3,3,3,3,3,3,3,3,3,3,3
2299,granary bread,3,3,3,3,3,3,3,3,3,3,3
2300,grand marnier,3,3,3,3,3,3,3,3,3,3,3
2301,grater,3,3,3,3,3,3,3,3,3,3,3
2302,greek extra virgin olive oil,3,3,3,3,3,3,3,3,3,3,3
2303,green,3,3,3,3,3,3,3,3,3,3,3
2304,green beans ends,3,3,3,3,3,3,3,3,3,3,3
2305,green or red chilli,3,3,3,3,3,3,3,3,3,3,3
2306,green salad leaves,3,3,3,3,3,3,3,3,3,3,3
2307,ground,3,3,3,3,3,3,3,3,3,3,3
2308,ground  ginger,3,3,3,3,3,3,3,3,3,3,3
2309,ground coffee,3,3,3,3,3,3,3,3,3,3,3
2310,ground paprika,3,3,3,3,3,3,3,3,3,3,3
2311,ground star anise,3,3,3,3,3,3,3,3,3,3,3
2312,gruyère cheese,3,3,3,3,3,3,3,3,3,3,3
2313,gruyère or cheddar,3,3,3,3,3,3,3,3,3,3,3
2314,guinea fowl,3,3,3,3,3,3,3,3,3,3,3
2315,haddock fillet,3,3,3,3,3,3,3,3,3,3,3
2316,half-fat soured cream,3,3,3,3,3,3,3,3,3,3,3
2317,haricot or cannellini beans,3,3,3,3,3,3,3,3,3,3,3
2318,hazelnut or walnut oil,3,3,3,3,3,3,3,3,3,3,3
2319,hot dogs,3,3,3,3,3,3,3,3,3,3,3
2320,hot fish stock,3,3,3,3,3,3,3,3,3,3,3
2321,hot vegetable bouillon,3,3,3,3,3,3,3,3,3,3,3
2322,hot-smoked salmon,3,3,3,3,3,3,3,3,3,3,3
2323,hundreds and thousands,3,3,3,3,3,3,3,3,3,3,3
2324,ice cream cones,3,3,3,3,3,3,3,3,3,3,3
2325,ice cream or custard,3,3,3,3,3,3,3,3,3,3,3
2326,irish whiskey,3,3,3,3,3,3,3,3,3,3,3
2327,jackfruit,3,3,3,3,3,3,3,3,3,3,3
2328,jaggery or light muscovado sugar,3,3,3,3,3,3,3,3,3,3,3
2329,jam and clotted cream,3,3,3,3,3,3,3,3,3,3,3
2330,jam jar,3,3,3,3,3,3,3,3,3,3,3
2331,jars,3,3,3,3,3,3,3,3,3,3,3
2332,jerk paste,3,3,3,3,3,3,3,3,3,3,3
2333,jersey royals,3,3,3,3,3,3,3,3,3,3,3
2334,jord oat drink,3,3,3,3,3,3,3,3,3,3,3
2335,jumbo rolled oats,3,3,3,3,3,3,3,3,3,3,3
2336,kaffir lime leaves,3,3,3,3,3,3,3,3,3,3,3
2337,kale large stalks,3,3,3,3,3,3,3,3,3,3,3
2338,kale leaves,3,3,3,3,3,3,3,3,3,3,3
2339,kale or cavolo nero,3,3,3,3,3,3,3,3,3,3,3
2340,kale stalks,3,3,3,3,3,3,3,3,3,3,3
2341,kidney beans in water,3,3,3,3,3,3,3,3,3,3,3
2342,king edward,3,3,3,3,3,3,3,3,3,3,3
2343,kiwis,3,3,3,3,3,3,3,3,3,3,3
2344,la medida espadin mezcal,3,3,3,3,3,3,3,3,3,3,3
2345,lamb neck,3,3,3,3,3,3,3,3,3,3,3
2346,lamb neck fillets,3,3,3,3,3,3,3,3,3,3,3
2347,lean beef steak,3,3,3,3,3,3,3,3,3,3,3
2348,lean turkey breast mince,3,3,3,3,3,3,3,3,3,3,3
2349,leftover basic lentils,3,3,3,3,3,3,3,3,3,3,3
2350,leftover beef,3,3,3,3,3,3,3,3,3,3,3
2351,leftover chicken fat,3,3,3,3,3,3,3,3,3,3,3
2352,leftover christmas pudding,3,3,3,3,3,3,3,3,3,3,3
2353,leftover cooked turkey,3,3,3,3,3,3,3,3,3,3,3
2354,leftover garlic &amp,3,3,3,3,3,3,3,3,3,3,3
2355,leftover roast potatoes,3,3,3,3,3,3,3,3,3,3,3
2356,leftover spicy greens,3,3,3,3,3,3,3,3,3,3,3
2357,leftover stuffing,3,3,3,3,3,3,3,3,3,3,3
2358,leftover traybake lamb kebab,3,3,3,3,3,3,3,3,3,3,3
2359,lemon bitters,3,3,3,3,3,3,3,3,3,3,3
2360,lemon zest and juice,3,3,3,3,3,3,3,3,3,3,3
2361,lemon zest only,3,3,3,3,3,3,3,3,3,3,3
2362,light red wine,3,3,3,3,3,3,3,3,3,3,3
2363,lime slices,3,3,3,3,3,3,3,3,3,3,3
2364,limes zest and juice,3,3,3,3,3,3,3,3,3,3,3
2365,liquid chicken stock,3,3,3,3,3,3,3,3,3,3,3
2366,litre chicken stock,3,3,3,3,3,3,3,3,3,3,3
2367,litre hot vegetable stock,3,3,3,3,3,3,3,3,3,3,3
2368,litre sunflower oil,3,3,3,3,3,3,3,3,3,3,3
2369,litre vegetable,3,3,3,3,3,3,3,3,3,3,3
2370,litre whole milk,3,3,3,3,3,3,3,3,3,3,3
2371,long shallot,3,3,3,3,3,3,3,3,3,3,3
2372,long stem broccoli,3,3,3,3,3,3,3,3,3,3,3
2373,long-grain white rice,3,3,3,3,3,3,3,3,3,3,3
2374,low salt beef stock,3,3,3,3,3,3,3,3,3,3,3
2375,low-fat  mayonnaise,3,3,3,3,3,3,3,3,3,3,3
2376,low-fat  natural yogurt,3,3,3,3,3,3,3,3,3,3,3
2377,low-fat cream cheese,3,3,3,3,3,3,3,3,3,3,3
2378,low-salt  soy sauce,3,3,3,3,3,3,3,3,3,3,3
2379,lychee liqueur,3,3,3,3,3,3,3,3,3,3,3
2380,lychees,3,3,3,3,3,3,3,3,3,3,3
2381,lychees in syrup,3,3,3,3,3,3,3,3,3,3,3
2382,madras curry paste,3,3,3,3,3,3,3,3,3,3,3
2383,malibu,3,3,3,3,3,3,3,3,3,3,3
2384,malted milk powder,3,3,3,3,3,3,3,3,3,3,3
2385,maltesers mini bunnies,3,3,3,3,3,3,3,3,3,3,3
2386,mange tout,3,3,3,3,3,3,3,3,3,3,3
2387,mango chunks,3,3,3,3,3,3,3,3,3,3,3
2388,marjoram,3,3,3,3,3,3,3,3,3,3,3
2389,masa harina,3,3,3,3,3,3,3,3,3,3,3
2390,mascarpone cheese,3,3,3,3,3,3,3,3,3,3,3
2391,mature cheddar cheese,3,3,3,3,3,3,3,3,3,3,3
2392,measuring scales,3,3,3,3,3,3,3,3,3,3,3
2393,meatballs,3,3,3,3,3,3,3,3,3,3,3
2394,medjool date stoned,3,3,3,3,3,3,3,3,3,3,3
2395,medjool dates pitted,3,3,3,3,3,3,3,3,3,3,3
2396,melon,3,3,3,3,3,3,3,3,3,3,3
2397,metal,3,3,3,3,3,3,3,3,3,3,3
2398,metal skewers,3,3,3,3,3,3,3,3,3,3,3
2399,micro herbs,3,3,3,3,3,3,3,3,3,3,3
2400,mild  curry powder,3,3,3,3,3,3,3,3,3,3,3
2401,mild or medium curry powder,3,3,3,3,3,3,3,3,3,3,3
2402,milk chocolate broken up,3,3,3,3,3,3,3,3,3,3,3
2403,milk powder,3,3,3,3,3,3,3,3,3,3,3
2404,mineral water,3,3,3,3,3,3,3,3,3,3,3
2405,mixed candied peel,3,3,3,3,3,3,3,3,3,3,3
2406,mixed grains,3,3,3,3,3,3,3,3,3,3,3
2407,mixed leaf salad,3,3,3,3,3,3,3,3,3,3,3
2408,mixed salad,3,3,3,3,3,3,3,3,3,3,3
2409,monterey jack,3,3,3,3,3,3,3,3,3,3,3
2410,mortadella,3,3,3,3,3,3,3,3,3,3,3
2411,mozzarella pearls,3,3,3,3,3,3,3,3,3,3,3
2412,msg,3,3,3,3,3,3,3,3,3,3,3
2413,mushroom ketchup,3,3,3,3,3,3,3,3,3,3,3
2414,natural full-fat yogurt,3,3,3,3,3,3,3,3,3,3,3
2415,natural greek yogurt,3,3,3,3,3,3,3,3,3,3,3
2416,nectarines,3,3,3,3,3,3,3,3,3,3,3
2417,nests wholemeal noodles,3,3,3,3,3,3,3,3,3,3,3
2418,non-alcoholic gin,3,3,3,3,3,3,3,3,3,3,3
2419,nori sheets,3,3,3,3,3,3,3,3,3,3,3
2420,nutritional yeast flakes,3,3,3,3,3,3,3,3,3,3,3
2421,oat,3,3,3,3,3,3,3,3,3,3,3
2422,oat flour,3,3,3,3,3,3,3,3,3,3,3
2423,oil spray,3,3,3,3,3,3,3,3,3,3,3
2424,olive oil or butter,3,3,3,3,3,3,3,3,3,3,3
2425,olive or vegetable oil,3,3,3,3,3,3,3,3,3,3,3
2426,olives pitted,3,3,3,3,3,3,3,3,3,3,3
2427,omega seed mix,3,3,3,3,3,3,3,3,3,3,3
2428,orange extract,3,3,3,3,3,3,3,3,3,3,3
2429,orange twist,3,3,3,3,3,3,3,3,3,3,3
2430,orange zest only,3,3,3,3,3,3,3,3,3,3,3
2431,orange zest pared,3,3,3,3,3,3,3,3,3,3,3
2432,organic cocoa powder,3,3,3,3,3,3,3,3,3,3,3
2433,orzo pasta,3,3,3,3,3,3,3,3,3,3,3
2434,panko,3,3,3,3,3,3,3,3,3,3,3
2435,parmesan cheese,3,3,3,3,3,3,3,3,3,3,3
2436,parmigiano-reggiano,3,3,3,3,3,3,3,3,3,3,3
2437,parsley or chives,3,3,3,3,3,3,3,3,3,3,3
2438,passata or chopped tomatoes,3,3,3,3,3,3,3,3,3,3,3
2439,peanut or almond butter,3,3,3,3,3,3,3,3,3,3,3
2440,pearled spelt,3,3,3,3,3,3,3,3,3,3,3
2441,pedro ximénez sherry,3,3,3,3,3,3,3,3,3,3,3
2442,penne or rigatoni pasta,3,3,3,3,3,3,3,3,3,3,3
2443,peppermint candy canes,3,3,3,3,3,3,3,3,3,3,3
2444,philadelphia intense garlic &amp; herbs,3,3,3,3,3,3,3,3,3,3,3
2445,piccalilli,3,3,3,3,3,3,3,3,3,3,3
2446,pickled cherry peppers,3,3,3,3,3,3,3,3,3,3,3
2447,pickled jalapeño,3,3,3,3,3,3,3,3,3,3,3
2448,pickled red onions,3,3,3,3,3,3,3,3,3,3,3
2449,pickles,3,3,3,3,3,3,3,3,3,3,3
2450,pineapple pieces,3,3,3,3,3,3,3,3,3,3,3
2451,pink,3,3,3,3,3,3,3,3,3,3,3
2452,pink gin,3,3,3,3,3,3,3,3,3,3,3
2453,pink grapefruits,3,3,3,3,3,3,3,3,3,3,3
2454,piping bags,3,3,3,3,3,3,3,3,3,3,3
2455,pistachio nuts,3,3,3,3,3,3,3,3,3,3,3
2456,pitta bread,3,3,3,3,3,3,3,3,3,3,3
2457,pizza sauce,3,3,3,3,3,3,3,3,3,3,3
2458,plain hummus,3,3,3,3,3,3,3,3,3,3,3
2459,plain tortilla chips,3,3,3,3,3,3,3,3,3,3,3
2460,plain wholemeal spelt flour,3,3,3,3,3,3,3,3,3,3,3
2461,plant-based double cream,3,3,3,3,3,3,3,3,3,3,3
2462,plump garlic,3,3,3,3,3,3,3,3,3,3,3
2463,pomegranate seeds removed,3,3,3,3,3,3,3,3,3,3,3
2464,popcorn,3,3,3,3,3,3,3,3,3,3,3
2465,pork belly skin,3,3,3,3,3,3,3,3,3,3,3
2466,pork loin,3,3,3,3,3,3,3,3,3,3,3
2467,pork loin steaks,3,3,3,3,3,3,3,3,3,3,3
2468,pork meatballs,3,3,3,3,3,3,3,3,3,3,3
2469,pork or chicken stock,3,3,3,3,3,3,3,3,3,3,3
2470,pork ribs,3,3,3,3,3,3,3,3,3,3,3
2471,pork skin,3,3,3,3,3,3,3,3,3,3,3
2472,potatoes maris piper,3,3,3,3,3,3,3,3,3,3,3
2473,pouch cooked grains,3,3,3,3,3,3,3,3,3,3,3
2474,pouch cooked wholegrain rice,3,3,3,3,3,3,3,3,3,3,3
2475,pouch puy lentils,3,3,3,3,3,3,3,3,3,3,3
2476,pouch ready-cooked puy lentils,3,3,3,3,3,3,3,3,3,3,3
2477,pouch ready-to-eat puy lentils,3,3,3,3,3,3,3,3,3,3,3
2478,poussin,3,3,3,3,3,3,3,3,3,3,3
2479,pre-cooked puy lentils,3,3,3,3,3,3,3,3,3,3,3
2480,pre-made pancakes,3,3,3,3,3,3,3,3,3,3,3
2481,preserved lemon flesh,3,3,3,3,3,3,3,3,3,3,3
2482,preserved lemon rind,3,3,3,3,3,3,3,3,3,3,3
2483,preserved lemon skin only,3,3,3,3,3,3,3,3,3,3,3
2484,pretzel pieces,3,3,3,3,3,3,3,3,3,3,3
2485,protein powder,3,3,3,3,3,3,3,3,3,3,3
2486,puffed rice cereal,3,3,3,3,3,3,3,3,3,3,3
2487,quail eggs,3,3,3,3,3,3,3,3,3,3,3
2488,quaker rolled oats,3,3,3,3,3,3,3,3,3,3,3
2489,queso fresco,3,3,3,3,3,3,3,3,3,3,3
2490,quince,3,3,3,3,3,3,3,3,3,3,3
2491,quince paste,3,3,3,3,3,3,3,3,3,3,3
2492,raita,3,3,3,3,3,3,3,3,3,3,3
2493,raspberry sorbet,3,3,3,3,3,3,3,3,3,3,3
2494,raw king  prawns,3,3,3,3,3,3,3,3,3,3,3
2495,raw prawn,3,3,3,3,3,3,3,3,3,3,3
2496,raw prawns shelled,3,3,3,3,3,3,3,3,3,3,3
2497,raw shelled king prawns,3,3,3,3,3,3,3,3,3,3,3
2498,ready-made shortcrust pastry,3,3,3,3,3,3,3,3,3,3,3
2499,ready-to-eat dried apricot,3,3,3,3,3,3,3,3,3,3,3
2500,ready-to-eat puy lentils,3,3,3,3,3,3,3,3,3,3,3
2501,ready-to-roll fondant icing,3,3,3,3,3,3,3,3,3,3,3
2502,red chilli seeds,3,3,3,3,3,3,3,3,3,3,3
2503,red gel food colouring,3,3,3,3,3,3,3,3,3,3,3
2504,red mullet,3,3,3,3,3,3,3,3,3,3,3
2505,red onion ends,3,3,3,3,3,3,3,3,3,3,3
2506,red or pink food colouring,3,3,3,3,3,3,3,3,3,3,3
2507,red or white onion,3,3,3,3,3,3,3,3,3,3,3
2508,red pepper from,3,3,3,3,3,3,3,3,3,3,3
2509,red peppers from a jar,3,3,3,3,3,3,3,3,3,3,3
2510,reduced-fat  coconut milk,3,3,3,3,3,3,3,3,3,3,3
2511,reduced-fat hummus,3,3,3,3,3,3,3,3,3,3,3
2512,reduced-salt  vegetable stock,3,3,3,3,3,3,3,3,3,3,3
2513,reposado tequila,3,3,3,3,3,3,3,3,3,3,3
2514,rice noodle,3,3,3,3,3,3,3,3,3,3,3
2515,rice or white wine vinegar,3,3,3,3,3,3,3,3,3,3,3
2516,rice paper wraps,3,3,3,3,3,3,3,3,3,3,3
2517,ripe  bananas,3,3,3,3,3,3,3,3,3,3,3
2518,ripe nectarines,3,3,3,3,3,3,3,3,3,3,3
2519,ripe passion fruits,3,3,3,3,3,3,3,3,3,3,3
2520,ripe passion fruits flesh scooped out,3,3,3,3,3,3,3,3,3,3,3
2521,ripe pineapple,3,3,3,3,3,3,3,3,3,3,3
2522,roast turkey slices,3,3,3,3,3,3,3,3,3,3,3
2523,roasted vegetables,3,3,3,3,3,3,3,3,3,3,3
2524,rock salt,3,3,3,3,3,3,3,3,3,3,3
2525,rocket or watercress,3,3,3,3,3,3,3,3,3,3,3
2526,romaine lettuce leaves,3,3,3,3,3,3,3,3,3,3,3
2527,romaine lettuces leaves,3,3,3,3,3,3,3,3,3,3,3
2528,rotisserie chicken,3,3,3,3,3,3,3,3,3,3,3
2529,round lettuce,3,3,3,3,3,3,3,3,3,3,3
2530,round lettuce leaves,3,3,3,3,3,3,3,3,3,3,3
2531,royal icing,3,3,3,3,3,3,3,3,3,3,3
2532,rustic bread,3,3,3,3,3,3,3,3,3,3,3
2533,sage &amp; onion stuffing mix,3,3,3,3,3,3,3,3,3,3,3
2534,salad potatoes,3,3,3,3,3,3,3,3,3,3,3
2535,salted peanut,3,3,3,3,3,3,3,3,3,3,3
2536,sardines,3,3,3,3,3,3,3,3,3,3,3
2537,sausages of your choice,3,3,3,3,3,3,3,3,3,3,3
2538,scales,3,3,3,3,3,3,3,3,3,3,3
2539,seaweed,3,3,3,3,3,3,3,3,3,3,3
2540,seaweed flakes,3,3,3,3,3,3,3,3,3,3,3
2541,seeds,3,3,3,3,3,3,3,3,3,3,3
2542,seeds from 1 pomegranate,3,3,3,3,3,3,3,3,3,3,3
2543,sesame snaps,3,3,3,3,3,3,3,3,3,3,3
2544,set honey,3,3,3,3,3,3,3,3,3,3,3
2545,shop-bought,3,3,3,3,3,3,3,3,3,3,3
2546,shop-bought harissa,3,3,3,3,3,3,3,3,3,3,3
2547,short-grain pudding rice,3,3,3,3,3,3,3,3,3,3,3
2548,short-grain rice,3,3,3,3,3,3,3,3,3,3,3
2549,sichuan pepper,3,3,3,3,3,3,3,3,3,3,3
2550,sieve,3,3,3,3,3,3,3,3,3,3,3
2551,silverskin pickled onions,3,3,3,3,3,3,3,3,3,3,3
2552,skewers,3,3,3,3,3,3,3,3,3,3,3
2553,skin-on and bone-in chicken thighs,3,3,3,3,3,3,3,3,3,3,3
2554,skin-on chicken thighs,3,3,3,3,3,3,3,3,3,3,3
2555,skinless and boneless salmon fillets,3,3,3,3,3,3,3,3,3,3,3
2556,skinless hake fillets,3,3,3,3,3,3,3,3,3,3,3
2557,skinless salmon fillet,3,3,3,3,3,3,3,3,3,3,3
2558,skinless smoked haddock,3,3,3,3,3,3,3,3,3,3,3
2559,"skinless, boneless chicken breasts",3,3,3,3,3,3,3,3,3,3,3
2560,"skinless, boneless salmon fillets",3,3,3,3,3,3,3,3,3,3,3
2561,slightly salted butter very soft,3,3,3,3,3,3,3,3,3,3,3
2562,smoked,3,3,3,3,3,3,3,3,3,3,3
2563,smooth lotus biscoff spread,3,3,3,3,3,3,3,3,3,3,3
2564,soft blue cheese,3,3,3,3,3,3,3,3,3,3,3
2565,soft flour tortillas,3,3,3,3,3,3,3,3,3,3,3
2566,soft pitted dates,3,3,3,3,3,3,3,3,3,3,3
2567,soft salted butter,3,3,3,3,3,3,3,3,3,3,3
2568,soft thyme leaves,3,3,3,3,3,3,3,3,3,3,3
2569,soft unsalted butter,3,3,3,3,3,3,3,3,3,3,3
2570,soft white bread,3,3,3,3,3,3,3,3,3,3,3
2571,soy,3,3,3,3,3,3,3,3,3,3,3
2572,soya yogurt,3,3,3,3,3,3,3,3,3,3,3
2573,spanish onion,3,3,3,3,3,3,3,3,3,3,3
2574,spanish smoked paprika,3,3,3,3,3,3,3,3,3,3,3
2575,speculoos biscuits,3,3,3,3,3,3,3,3,3,3,3
2576,spelt,3,3,3,3,3,3,3,3,3,3,3
2577,spring roll wrappers,3,3,3,3,3,3,3,3,3,3,3
2578,sprinkles of your choice,3,3,3,3,3,3,3,3,3,3,3
2579,squeeze lemon juice,3,3,3,3,3,3,3,3,3,3,3
2580,squeeze of lemon or lime juice,3,3,3,3,3,3,3,3,3,3,3
2581,stale crusty bread,3,3,3,3,3,3,3,3,3,3,3
2582,stale sourdough,3,3,3,3,3,3,3,3,3,3,3
2583,stale white bread,3,3,3,3,3,3,3,3,3,3,3
2584,starchy potatoes,3,3,3,3,3,3,3,3,3,3,3
2585,steak,3,3,3,3,3,3,3,3,3,3,3
2586,stewing steak,3,3,3,3,3,3,3,3,3,3,3
2587,stick celery,3,3,3,3,3,3,3,3,3,3,3
2588,straight-to-wok noodles,3,3,3,3,3,3,3,3,3,3,3
2589,string or ribbon,3,3,3,3,3,3,3,3,3,3,3
2590,strong chicken stock,3,3,3,3,3,3,3,3,3,3,3
2591,sub rolls,3,3,3,3,3,3,3,3,3,3,3
2592,sunflower oil or vegetable oil,3,3,3,3,3,3,3,3,3,3,3
2593,sunflower or groundnut oil,3,3,3,3,3,3,3,3,3,3,3
2594,sweet  smoked paprika,3,3,3,3,3,3,3,3,3,3,3
2595,sweetcorn in water,3,3,3,3,3,3,3,3,3,3,3
2596,swiss cheese,3,3,3,3,3,3,3,3,3,3,3
2597,tablespoon,3,3,3,3,3,3,3,3,3,3,3
2598,taco seasoning,3,3,3,3,3,3,3,3,3,3,3
2599,taco shells,3,3,3,3,3,3,3,3,3,3,3
2600,tamarind chutney,3,3,3,3,3,3,3,3,3,3,3
2601,tamarind purée,3,3,3,3,3,3,3,3,3,3,3
2602,tandoori masala powder,3,3,3,3,3,3,3,3,3,3,3
2603,tea towel or kitchen paper,3,3,3,3,3,3,3,3,3,3,3
2604,teabags,3,3,3,3,3,3,3,3,3,3,3
2605,the syrup from the jar,3,3,3,3,3,3,3,3,3,3,3
2606,thick white bread,3,3,3,3,3,3,3,3,3,3,3
2607,thin forced rhubarb,3,3,3,3,3,3,3,3,3,3,3
2608,tomato & vegetable purée,3,3,3,3,3,3,3,3,3,3,3
2609,tomato pasta sauce,3,3,3,3,3,3,3,3,3,3,3
2610,tomato sauce,3,3,3,3,3,3,3,3,3,3,3
2611,tomatoes seeds,3,3,3,3,3,3,3,3,3,3,3
2612,tomatoes with garlic,3,3,3,3,3,3,3,3,3,3,3
2613,tortillas wraps,3,3,3,3,3,3,3,3,3,3,3
2614,tuna steaks,3,3,3,3,3,3,3,3,3,3,3
2615,turkey breast steaks,3,3,3,3,3,3,3,3,3,3,3
2616,turkey crown on the bone,3,3,3,3,3,3,3,3,3,3,3
2617,undyed smoked haddock fillets,3,3,3,3,3,3,3,3,3,3,3
2618,universal dough,3,3,3,3,3,3,3,3,3,3,3
2619,unsalted  butter,3,3,3,3,3,3,3,3,3,3,3
2620,unsalted butter room temperature,3,3,3,3,3,3,3,3,3,3,3
2621,unsmoked streaky bacon,3,3,3,3,3,3,3,3,3,3,3
2622,unsweetened soy milk,3,3,3,3,3,3,3,3,3,3,3
2623,unsweetened vegan milk,3,3,3,3,3,3,3,3,3,3,3
2624,urad dal,3,3,3,3,3,3,3,3,3,3,3
2625,vanilla custard,3,3,3,3,3,3,3,3,3,3,3
2626,vanilla or almond extract,3,3,3,3,3,3,3,3,3,3,3
2627,vanilla pod halved lengthways,3,3,3,3,3,3,3,3,3,3,3
2628,vanilla pod split down,3,3,3,3,3,3,3,3,3,3,3
2629,vanilla pods seeds,3,3,3,3,3,3,3,3,3,3,3
2630,vanilla pudding,3,3,3,3,3,3,3,3,3,3,3
2631,vanilla syrup,3,3,3,3,3,3,3,3,3,3,3
2632,vegan bouillon powder,3,3,3,3,3,3,3,3,3,3,3
2633,vegan butter block,3,3,3,3,3,3,3,3,3,3,3
2634,vegan cheese,3,3,3,3,3,3,3,3,3,3,3
2635,vegan chocolate chips,3,3,3,3,3,3,3,3,3,3,3
2636,vegan puff pastry,3,3,3,3,3,3,3,3,3,3,3
2637,vegan white wine,3,3,3,3,3,3,3,3,3,3,3
2638,vegetable peeler,3,3,3,3,3,3,3,3,3,3,3
2639,vegetable stock cube,3,3,3,3,3,3,3,3,3,3,3
2640,vegetable stock cubes,3,3,3,3,3,3,3,3,3,3,3
2641,vegetable stock pot,3,3,3,3,3,3,3,3,3,3,3
2642,vegetable stock powder,3,3,3,3,3,3,3,3,3,3,3
2643,vegetarian mozzarella,3,3,3,3,3,3,3,3,3,3,3
2644,vegetarian parmesan-style cheese,3,3,3,3,3,3,3,3,3,3,3
2645,vegetarian pesto,3,3,3,3,3,3,3,3,3,3,3
2646,vegetarian-style parmesan,3,3,3,3,3,3,3,3,3,3,3
2647,venison mince,3,3,3,3,3,3,3,3,3,3,3
2648,very soft butter,3,3,3,3,3,3,3,3,3,3,3
2649,vine tomato,3,3,3,3,3,3,3,3,3,3,3
2650,vine-ripened tomatoes,3,3,3,3,3,3,3,3,3,3,3
2651,wheat,3,3,3,3,3,3,3,3,3,3,3
2652,whey,3,3,3,3,3,3,3,3,3,3,3
2653,whiskey,3,3,3,3,3,3,3,3,3,3,3
2654,white,3,3,3,3,3,3,3,3,3,3,3
2655,white bread mix,3,3,3,3,3,3,3,3,3,3,3
2656,white chocolate chunks,3,3,3,3,3,3,3,3,3,3,3
2657,white fish,3,3,3,3,3,3,3,3,3,3,3
2658,white fondant,3,3,3,3,3,3,3,3,3,3,3
2659,white marzipan,3,3,3,3,3,3,3,3,3,3,3
2660,white sourdough,3,3,3,3,3,3,3,3,3,3,3
2661,whole  black peppercorns,3,3,3,3,3,3,3,3,3,3,3
2662,whole  chicken,3,3,3,3,3,3,3,3,3,3,3
2663,whole  milk,3,3,3,3,3,3,3,3,3,3,3
2664,whole chicken around,3,3,3,3,3,3,3,3,3,3,3
2665,whole chicken wings,3,3,3,3,3,3,3,3,3,3,3
2666,whole cooked chestnuts,3,3,3,3,3,3,3,3,3,3,3
2667,whole natural yogurt,3,3,3,3,3,3,3,3,3,3,3
2668,whole peppercorns,3,3,3,3,3,3,3,3,3,3,3
2669,whole plum tomatoes,3,3,3,3,3,3,3,3,3,3,3
2670,whole star anise,3,3,3,3,3,3,3,3,3,3,3
2671,"whole, skin-on almonds",3,3,3,3,3,3,3,3,3,3,3
2672,wholemeal basmati rice,3,3,3,3,3,3,3,3,3,3,3
2673,wholemeal self-raising flour,3,3,3,3,3,3,3,3,3,3,3
2674,wholemeal soda bread,3,3,3,3,3,3,3,3,3,3,3
2675,wholemeal tortillas,3,3,3,3,3,3,3,3,3,3,3
2676,wholewheat couscous,3,3,3,3,3,3,3,3,3,3,3
2677,wholewheat flour,3,3,3,3,3,3,3,3,3,3,3
2678,wholewheat spaghetti,3,3,3,3,3,3,3,3,3,3,3
2679,wood chips,3,3,3,3,3,3,3,3,3,3,3
2680,wooden lolly sticks,3,3,3,3,3,3,3,3,3,3,3
2681,yellow peppers,3,3,3,3,3,3,3,3,3,3,3
2682,young spinach leaves,3,3,3,3,3,3,3,3,3,3,3
2683,your chosen glaze,3,3,3,3,3,3,3,3,3,3,3
2684,your favourite bread,3,3,3,3,3,3,3,3,3,3,3
2685,", very ripe bananas",2,2,2,2,2,2,2,2,2,2,2
2686,0% bio-yogurt,2,2,2,2,2,2,2,2,2,2,2
2687,0% fat greek-style yogurt,2,2,2,2,2,2,2,2,2,2,2
2688,2% greek yogurt,2,2,2,2,2,2,2,2,2,2,2
2689,5% fat steak mince,2,2,2,2,2,2,2,2,2,2,2
2690,a drizzle of flavourless oil,2,2,2,2,2,2,2,2,2,2,2
2691,a drizzle of honey,2,2,2,2,2,2,2,2,2,2,2
2692,a drizzle of olive oil,2,2,2,2,2,2,2,2,2,2,2
2693,a few basil leaves,2,2,2,2,2,2,2,2,2,2,2
2694,a few coriander leaves,2,2,2,2,2,2,2,2,2,2,2
2695,a few lettuce leaves,2,2,2,2,2,2,2,2,2,2,2
2696,a few mint,2,2,2,2,2,2,2,2,2,2,2
2697,a few parsley,2,2,2,2,2,2,2,2,2,2,2
2698,a good grating of nutmeg,2,2,2,2,2,2,2,2,2,2,2
2699,a grating of fresh nutmeg,2,2,2,2,2,2,2,2,2,2,2
2700,a grating of nutmeg,2,2,2,2,2,2,2,2,2,2,2
2701,a lemon,2,2,2,2,2,2,2,2,2,2,2
2702,a little,2,2,2,2,2,2,2,2,2,2,2
2703,a little lemon juice,2,2,2,2,2,2,2,2,2,2,2
2704,a little smoked paprika,2,2,2,2,2,2,2,2,2,2,2
2705,a little vegetable,2,2,2,2,2,2,2,2,2,2,2
2706,active dried yeast,2,2,2,2,2,2,2,2,2,2,2
2707,active sourdough starter,2,2,2,2,2,2,2,2,2,2,2
2708,advocaat,2,2,2,2,2,2,2,2,2,2,2
2709,aged balsamic vinegar,2,2,2,2,2,2,2,2,2,2,2
2710,ajwain,2,2,2,2,2,2,2,2,2,2,2
2711,alcohol-free gin,2,2,2,2,2,2,2,2,2,2,2
2712,aldi specially selected lightly smoked scottish salmon fillet,2,2,2,2,2,2,2,2,2,2,2
2713,aleppo chilli pepper flakes,2,2,2,2,2,2,2,2,2,2,2
2714,all purpose seasoning,2,2,2,2,2,2,2,2,2,2,2
2715,all-butter  puff pastry,2,2,2,2,2,2,2,2,2,2,2
2716,almond flakes,2,2,2,2,2,2,2,2,2,2,2
2717,almond milk chocolate,2,2,2,2,2,2,2,2,2,2,2
2718,amaretto liqueur,2,2,2,2,2,2,2,2,2,2,2
2719,amchoor powder,2,2,2,2,2,2,2,2,2,2,2
2720,american-style mustard,2,2,2,2,2,2,2,2,2,2,2
2721,amontillado sherry,2,2,2,2,2,2,2,2,2,2,2
2722,anchovy fillet,2,2,2,2,2,2,2,2,2,2,2
2723,anchovy fillets in oil from a jar,2,2,2,2,2,2,2,2,2,2,2
2724,anchovy fillets in olive oil,2,2,2,2,2,2,2,2,2,2,2
2725,and save the rest,2,2,2,2,2,2,2,2,2,2,2
2726,angostura bitters,2,2,2,2,2,2,2,2,2,2,2
2727,apple coleslaw,2,2,2,2,2,2,2,2,2,2,2
2728,apricot,2,2,2,2,2,2,2,2,2,2,2
2729,apricot halves,2,2,2,2,2,2,2,2,2,2,2
2730,arrowroot powder,2,2,2,2,2,2,2,2,2,2,2
2731,artichoke,2,2,2,2,2,2,2,2,2,2,2
2732,artichokes,2,2,2,2,2,2,2,2,2,2,2
2733,artichokes from a jar,2,2,2,2,2,2,2,2,2,2,2
2734,artichokes in oil,2,2,2,2,2,2,2,2,2,2,2
2735,asian greens,2,2,2,2,2,2,2,2,2,2,2
2736,assam tea leaves,2,2,2,2,2,2,2,2,2,2,2
2737,baby aubergine,2,2,2,2,2,2,2,2,2,2,2
2738,baby button mushrooms,2,2,2,2,2,2,2,2,2,2,2
2739,baby courgettes,2,2,2,2,2,2,2,2,2,2,2
2740,baby cucumber,2,2,2,2,2,2,2,2,2,2,2
2741,baby fennel,2,2,2,2,2,2,2,2,2,2,2
2742,baby gem lettuces leaves,2,2,2,2,2,2,2,2,2,2,2
2743,baby heritage carrots,2,2,2,2,2,2,2,2,2,2,2
2744,baby parsnips,2,2,2,2,2,2,2,2,2,2,2
2745,baby turnips,2,2,2,2,2,2,2,2,2,2,2
2746,baileys chocolate liqueur,2,2,2,2,2,2,2,2,2,2,2
2747,baking tray,2,2,2,2,2,2,2,2,2,2,2
2748,balsamic or red wine vinegar,2,2,2,2,2,2,2,2,2,2,2
2749,balti paste,2,2,2,2,2,2,2,2,2,2,2
2750,banana slices,2,2,2,2,2,2,2,2,2,2,2
2751,barley couscous,2,2,2,2,2,2,2,2,2,2,2
2752,basa fillets,2,2,2,2,2,2,2,2,2,2,2
2753,basmati & wild rice,2,2,2,2,2,2,2,2,2,2,2
2754,batch roasted red pepper sauce,2,2,2,2,2,2,2,2,2,2,2
2755,bay leaf scrunched up,2,2,2,2,2,2,2,2,2,2,2
2756,bay leaves and chopped thyme,2,2,2,2,2,2,2,2,2,2,2
2757,bean curd skin,2,2,2,2,2,2,2,2,2,2,2
2758,beef burgers,2,2,2,2,2,2,2,2,2,2,2
2759,beef or lamb stock,2,2,2,2,2,2,2,2,2,2,2
2760,beef or vegetable stock,2,2,2,2,2,2,2,2,2,2,2
2761,beef steak,2,2,2,2,2,2,2,2,2,2,2
2762,bengal gram (chana dal),2,2,2,2,2,2,2,2,2,2,2
2763,berries and maple syrup,2,2,2,2,2,2,2,2,2,2,2
2764,big pinch chilli flakes,2,2,2,2,2,2,2,2,2,2,2
2765,bio-yogurt,2,2,2,2,2,2,2,2,2,2,2
2766,birds-eye chilli,2,2,2,2,2,2,2,2,2,2,2
2767,bird’s-eye chilli,2,2,2,2,2,2,2,2,2,2,2
2768,biscoff spread,2,2,2,2,2,2,2,2,2,2,2
2769,black cardamom pod,2,2,2,2,2,2,2,2,2,2,2
2770,black cherry jam,2,2,2,2,2,2,2,2,2,2,2
2771,black edible icing pen,2,2,2,2,2,2,2,2,2,2,2
2772,black edible writing pen,2,2,2,2,2,2,2,2,2,2,2
2773,black fondant,2,2,2,2,2,2,2,2,2,2,2
2774,black food writing pen,2,2,2,2,2,2,2,2,2,2,2
2775,black icing pen,2,2,2,2,2,2,2,2,2,2,2
2776,black or yellow mustard seeds,2,2,2,2,2,2,2,2,2,2,2
2777,black rice,2,2,2,2,2,2,2,2,2,2,2
2778,black seedless grapes,2,2,2,2,2,2,2,2,2,2,2
2779,black-eyed bean from,2,2,2,2,2,2,2,2,2,2,2
2780,blackberries fresh or frozen,2,2,2,2,2,2,2,2,2,2,2
2781,blanched  almonds,2,2,2,2,2,2,2,2,2,2,2
2782,blanched hazelnut,2,2,2,2,2,2,2,2,2,2,2
2783,blue food colouring,2,2,2,2,2,2,2,2,2,2,2
2784,blue food colouring paste,2,2,2,2,2,2,2,2,2,2,2
2785,blueberries raspberries,2,2,2,2,2,2,2,2,2,2,2
2786,blueberry jam,2,2,2,2,2,2,2,2,2,2,2
2787,bombay mix,2,2,2,2,2,2,2,2,2,2,2
2788,boneless beef brisket,2,2,2,2,2,2,2,2,2,2,2
2789,boneless beef shin,2,2,2,2,2,2,2,2,2,2,2
2790,boneless lamb breasts,2,2,2,2,2,2,2,2,2,2,2
2791,boneless lamb shoulder,2,2,2,2,2,2,2,2,2,2,2
2792,boneless pork belly skin,2,2,2,2,2,2,2,2,2,2,2
2793,boneless pork leg,2,2,2,2,2,2,2,2,2,2,2
2794,boneless pork shoulder joint,2,2,2,2,2,2,2,2,2,2,2
2795,boneless unsmoked gammon joint tied,2,2,2,2,2,2,2,2,2,2,2
2796,"boneless, skinless chicken breast",2,2,2,2,2,2,2,2,2,2,2
2797,"boneless, skinless chicken thigh fillets",2,2,2,2,2,2,2,2,2,2,2
2798,"boneless, skinless turkey breast",2,2,2,2,2,2,2,2,2,2,2
2799,bouquet garni,2,2,2,2,2,2,2,2,2,2,2
2800,bourbon or rye whiskey,2,2,2,2,2,2,2,2,2,2,2
2801,bourbon whiskey,2,2,2,2,2,2,2,2,2,2,2
2802,boursin cheese,2,2,2,2,2,2,2,2,2,2,2
2803,braising lamb,2,2,2,2,2,2,2,2,2,2,2
2804,brandy butter or custard,2,2,2,2,2,2,2,2,2,2,2
2805,brandy or dark rum,2,2,2,2,2,2,2,2,2,2,2
2806,brandy or rum,2,2,2,2,2,2,2,2,2,2,2
2807,bread and butter,2,2,2,2,2,2,2,2,2,2,2
2808,bread or rye,2,2,2,2,2,2,2,2,2,2,2
2809,bread roll,2,2,2,2,2,2,2,2,2,2,2
2810,brioche crumbs,2,2,2,2,2,2,2,2,2,2,2
2811,brisket,2,2,2,2,2,2,2,2,2,2,2
2812,broad beans double-podded,2,2,2,2,2,2,2,2,2,2,2
2813,brown onion,2,2,2,2,2,2,2,2,2,2,2
2814,brown or palm sugar,2,2,2,2,2,2,2,2,2,2,2
2815,brown shrimp,2,2,2,2,2,2,2,2,2,2,2
2816,browns,2,2,2,2,2,2,2,2,2,2,2
2817,brussels sprout,2,2,2,2,2,2,2,2,2,2,2
2818,buffalo  mozzarella,2,2,2,2,2,2,2,2,2,2,2
2819,bulb fennel,2,2,2,2,2,2,2,2,2,2,2
2820,bulghar wheat,2,2,2,2,2,2,2,2,2,2,2
2821,buns,2,2,2,2,2,2,2,2,2,2,2
2822,burger cheese,2,2,2,2,2,2,2,2,2,2,2
2823,butter in one block,2,2,2,2,2,2,2,2,2,2,2
2824,butter ketchup and brown sauce,2,2,2,2,2,2,2,2,2,2,2
2825,butter or flavourless oil,2,2,2,2,2,2,2,2,2,2,2
2826,butter or oil,2,2,2,2,2,2,2,2,2,2,2
2827,butter room temperature,2,2,2,2,2,2,2,2,2,2,2
2828,"butter, maple syrup",2,2,2,2,2,2,2,2,2,2,2
2829,buttered kale,2,2,2,2,2,2,2,2,2,2,2
2830,buttered toast,2,2,2,2,2,2,2,2,2,2,2
2831,butterhead lettuce leaves,2,2,2,2,2,2,2,2,2,2,2
2832,buttermilk or plain yogurt,2,2,2,2,2,2,2,2,2,2,2
2833,cajun-style seasoning,2,2,2,2,2,2,2,2,2,2,2
2834,cake,2,2,2,2,2,2,2,2,2,2,2
2835,cake boards,2,2,2,2,2,2,2,2,2,2,2
2836,cake dowels,2,2,2,2,2,2,2,2,2,2,2
2837,cal  oil spray,2,2,2,2,2,2,2,2,2,2,2
2838,cal cooking spray,2,2,2,2,2,2,2,2,2,2,2
2839,candied lemon peel,2,2,2,2,2,2,2,2,2,2,2
2840,candied orange,2,2,2,2,2,2,2,2,2,2,2
2841,candy cane,2,2,2,2,2,2,2,2,2,2,2
2842,canned caramel or dulce de leche,2,2,2,2,2,2,2,2,2,2,2
2843,canned potatoes,2,2,2,2,2,2,2,2,2,2,2
2844,canned pumpkin purée,2,2,2,2,2,2,2,2,2,2,2
2845,cannellini or butter beans,2,2,2,2,2,2,2,2,2,2,2
2846,cannellini or haricot beans,2,2,2,2,2,2,2,2,2,2,2
2847,caper in brine,2,2,2,2,2,2,2,2,2,2,2
2848,capers in brine,2,2,2,2,2,2,2,2,2,2,2
2849,capers in vinegar,2,2,2,2,2,2,2,2,2,2,2
2850,caramel wafers,2,2,2,2,2,2,2,2,2,2,2
2851,caramel-filled chocolates,2,2,2,2,2,2,2,2,2,2,2
2852,caramelised red onion chutney,2,2,2,2,2,2,2,2,2,2,2
2853,caraway or fennel seeds,2,2,2,2,2,2,2,2,2,2,2
2854,card,2,2,2,2,2,2,2,2,2,2,2
2855,cardamom pod seeds,2,2,2,2,2,2,2,2,2,2,2
2856,cardamom powder,2,2,2,2,2,2,2,2,2,2,2
2857,carnation caramel,2,2,2,2,2,2,2,2,2,2,2
2858,carom seeds (ajwain,2,2,2,2,2,2,2,2,2,2,2
2859,carton tomato passata,2,2,2,2,2,2,2,2,2,2,2
2860,cashel blue cheese,2,2,2,2,2,2,2,2,2,2,2
2861,cashew,2,2,2,2,2,2,2,2,2,2,2
2862,cassis,2,2,2,2,2,2,2,2,2,2,2
2863,cavolo nero kale,2,2,2,2,2,2,2,2,2,2,2
2864,cavolo nero leaves,2,2,2,2,2,2,2,2,2,2,2
2865,celery leaves,2,2,2,2,2,2,2,2,2,2,2
2866,challah bread,2,2,2,2,2,2,2,2,2,2,2
2867,chana dhal,2,2,2,2,2,2,2,2,2,2,2
2868,chard leaves,2,2,2,2,2,2,2,2,2,2,2
2869,chard stalks,2,2,2,2,2,2,2,2,2,2,2
2870,chargrilled vegetables,2,2,2,2,2,2,2,2,2,2,2
2871,cheek,2,2,2,2,2,2,2,2,2,2,2
2872,cheeks,2,2,2,2,2,2,2,2,2,2,2
2873,cherries pitted,2,2,2,2,2,2,2,2,2,2,2
2874,cherry compote,2,2,2,2,2,2,2,2,2,2,2
2875,cherry juice,2,2,2,2,2,2,2,2,2,2,2
2876,cherry liqueur,2,2,2,2,2,2,2,2,2,2,2
2877,chestnut,2,2,2,2,2,2,2,2,2,2,2
2878,chicken breast skin on,2,2,2,2,2,2,2,2,2,2,2
2879,chicken breasts around,2,2,2,2,2,2,2,2,2,2,2
2880,chicken breasts skin,2,2,2,2,2,2,2,2,2,2,2
2881,chicken fillet,2,2,2,2,2,2,2,2,2,2,2
2882,chicken gravy,2,2,2,2,2,2,2,2,2,2,2
2883,chicken jointed,2,2,2,2,2,2,2,2,2,2,2
2884,chicken or fish stock,2,2,2,2,2,2,2,2,2,2,2
2885,chicken or pork stock,2,2,2,2,2,2,2,2,2,2,2
2886,chicken spatchcocked,2,2,2,2,2,2,2,2,2,2,2
2887,chicken thighs boneless and skinless,2,2,2,2,2,2,2,2,2,2,2
2888,chickpeas in water,2,2,2,2,2,2,2,2,2,2,2
2889,chickpeas undrained,2,2,2,2,2,2,2,2,2,2,2
2890,chilli garlic sauce,2,2,2,2,2,2,2,2,2,2,2
2891,chilli powder hot,2,2,2,2,2,2,2,2,2,2,2
2892,chinese leaf cabbage,2,2,2,2,2,2,2,2,2,2,2
2893,chinese leaves,2,2,2,2,2,2,2,2,2,2,2
2894,chinese pancakes,2,2,2,2,2,2,2,2,2,2,2
2895,chipotle hot sauce,2,2,2,2,2,2,2,2,2,2,2
2896,chipotle sauce,2,2,2,2,2,2,2,2,2,2,2
2897,chocolate &amp,2,2,2,2,2,2,2,2,2,2,2
2898,chocolate 50% cocoa,2,2,2,2,2,2,2,2,2,2,2
2899,chocolate digestive biscuits,2,2,2,2,2,2,2,2,2,2,2
2900,chocolate flakes,2,2,2,2,2,2,2,2,2,2,2
2901,chocolate wafers,2,2,2,2,2,2,2,2,2,2,2
2902,chocolate-coated biscuit,2,2,2,2,2,2,2,2,2,2,2
2903,chocolate-covered malted milk balls,2,2,2,2,2,2,2,2,2,2,2
2904,chorizo sausages,2,2,2,2,2,2,2,2,2,2,2
2905,chutney of your choice,2,2,2,2,2,2,2,2,2,2,2
2906,ciabatta loaves,2,2,2,2,2,2,2,2,2,2,2
2907,ciabatta roll,2,2,2,2,2,2,2,2,2,2,2
2908,cider or apple juice,2,2,2,2,2,2,2,2,2,2,2
2909,cinnamon powder,2,2,2,2,2,2,2,2,2,2,2
2910,citric acid,2,2,2,2,2,2,2,2,2,2,2
2911,citrus juicer,2,2,2,2,2,2,2,2,2,2,2
2912,clear rice vinegar,2,2,2,2,2,2,2,2,2,2,2
2913,clementines zest,2,2,2,2,2,2,2,2,2,2,2
2914,coarse white breadcrumbs,2,2,2,2,2,2,2,2,2,2,2
2915,cocoa nibs,2,2,2,2,2,2,2,2,2,2,2
2916,cocoa or cacao powder,2,2,2,2,2,2,2,2,2,2,2
2917,cocoa sieved,2,2,2,2,2,2,2,2,2,2,2
2918,coconut chunks,2,2,2,2,2,2,2,2,2,2,2
2919,coconut drinking milk,2,2,2,2,2,2,2,2,2,2,2
2920,coconut liqueur,2,2,2,2,2,2,2,2,2,2,2
2921,coconut oil or butter,2,2,2,2,2,2,2,2,2,2,2
2922,coconut oil or olive oil,2,2,2,2,2,2,2,2,2,2,2
2923,coconut oil or vegetable oil,2,2,2,2,2,2,2,2,2,2,2
2924,coconut sugar,2,2,2,2,2,2,2,2,2,2,2
2925,cod,2,2,2,2,2,2,2,2,2,2,2
2926,cod loins,2,2,2,2,2,2,2,2,2,2,2
2927,coffee bean,2,2,2,2,2,2,2,2,2,2,2
2928,coffee ice cream,2,2,2,2,2,2,2,2,2,2,2
2929,coffee or vanilla ice cream,2,2,2,2,2,2,2,2,2,2,2
2930,cold leftover porridge,2,2,2,2,2,2,2,2,2,2,2
2931,cold milk,2,2,2,2,2,2,2,2,2,2,2
2932,cold vegetable stock,2,2,2,2,2,2,2,2,2,2,2
2933,comté cheese,2,2,2,2,2,2,2,2,2,2,2
2934,conference pears,2,2,2,2,2,2,2,2,2,2,2
2935,cooked beetroot,2,2,2,2,2,2,2,2,2,2,2
2936,cooking chorizo sausages,2,2,2,2,2,2,2,2,2,2,2
2937,cooking spray,2,2,2,2,2,2,2,2,2,2,2
2938,coriander including stalks,2,2,2,2,2,2,2,2,2,2,2
2939,coriander leaves and lime wedges,2,2,2,2,2,2,2,2,2,2,2
2940,coriander or flat-leaf parsley,2,2,2,2,2,2,2,2,2,2,2
2941,coriander or mint,2,2,2,2,2,2,2,2,2,2,2
2942,coriander or mint leaves,2,2,2,2,2,2,2,2,2,2,2
2943,coriander powder,2,2,2,2,2,2,2,2,2,2,2
2944,coriander root,2,2,2,2,2,2,2,2,2,2,2
2945,corn flour,2,2,2,2,2,2,2,2,2,2,2
2946,corn kernels,2,2,2,2,2,2,2,2,2,2,2
2947,corn oil,2,2,2,2,2,2,2,2,2,2,2
2948,corn or flour tortillas,2,2,2,2,2,2,2,2,2,2,2
2949,corn tacos,2,2,2,2,2,2,2,2,2,2,2
2950,corn tortilla,2,2,2,2,2,2,2,2,2,2,2
2951,corn tortilla chips,2,2,2,2,2,2,2,2,2,2,2
2952,corn tortilla wraps,2,2,2,2,2,2,2,2,2,2,2
2953,cornflour or plain flour,2,2,2,2,2,2,2,2,2,2,2
2954,cornichons and pickled onions,2,2,2,2,2,2,2,2,2,2,2
2955,courgette ends,2,2,2,2,2,2,2,2,2,2,2
2956,couscous or rice,2,2,2,2,2,2,2,2,2,2,2
2957,cox’s apples,2,2,2,2,2,2,2,2,2,2,2
2958,crab apples,2,2,2,2,2,2,2,2,2,2,2
2959,cracked black peppercorns,2,2,2,2,2,2,2,2,2,2,2
2960,cranberry jelly,2,2,2,2,2,2,2,2,2,2,2
2961,cream crackers,2,2,2,2,2,2,2,2,2,2,2
2962,cream or vanilla ice cream,2,2,2,2,2,2,2,2,2,2,2
2963,creamy blue cheese,2,2,2,2,2,2,2,2,2,2,2
2964,crema,2,2,2,2,2,2,2,2,2,2,2
2965,creme eggs,2,2,2,2,2,2,2,2,2,2,2
2966,crème,2,2,2,2,2,2,2,2,2,2,2
2967,crisp green salad,2,2,2,2,2,2,2,2,2,2,2
2968,crisp lettuce leaves from,2,2,2,2,2,2,2,2,2,2,2
2969,crispy chilli in oil,2,2,2,2,2,2,2,2,2,2,2
2970,crispy fried  onions,2,2,2,2,2,2,2,2,2,2,2
2971,crispy seaweed,2,2,2,2,2,2,2,2,2,2,2
2972,crunchy  amaretti biscuit,2,2,2,2,2,2,2,2,2,2,2
2973,crunchy  amaretti biscuits,2,2,2,2,2,2,2,2,2,2,2
2974,crystallised,2,2,2,2,2,2,2,2,2,2,2
2975,crystallised rose petals,2,2,2,2,2,2,2,2,2,2,2
2976,crème de menthe,2,2,2,2,2,2,2,2,2,2,2
2977,crème de mure,2,2,2,2,2,2,2,2,2,2,2
2978,crème fraîche and fresh herbs,2,2,2,2,2,2,2,2,2,2,2
2979,crème fraîche or ice cream,2,2,2,2,2,2,2,2,2,2,2
2980,crème fraîche or natural yogurt,2,2,2,2,2,2,2,2,2,2,2
2981,crème fraîche or vanilla ice cream,2,2,2,2,2,2,2,2,2,2,2
2982,crème fraîche yogurt,2,2,2,2,2,2,2,2,2,2,2
2983,crème-filled chocolate sandwich biscuits,2,2,2,2,2,2,2,2,2,2,2
2984,crème-filled chocolate sandwich cookies,2,2,2,2,2,2,2,2,2,2,2
2985,cucumber seeds,2,2,2,2,2,2,2,2,2,2,2
2986,cupcake cases,2,2,2,2,2,2,2,2,2,2,2
2987,cured meats,2,2,2,2,2,2,2,2,2,2,2
2988,currant,2,2,2,2,2,2,2,2,2,2,2
2989,curry leaves fresh,2,2,2,2,2,2,2,2,2,2,2
2990,curry powder of your choice,2,2,2,2,2,2,2,2,2,2,2
2991,custard cream,2,2,2,2,2,2,2,2,2,2,2
2992,custard cream biscuits,2,2,2,2,2,2,2,2,2,2,2
2993,daikon,2,2,2,2,2,2,2,2,2,2,2
2994,dairy free milk,2,2,2,2,2,2,2,2,2,2,2
2995,dairy-free  butter,2,2,2,2,2,2,2,2,2,2,2
2996,dairy-free butter,2,2,2,2,2,2,2,2,2,2,2
2997,dairy-free coconut yogurt,2,2,2,2,2,2,2,2,2,2,2
2998,dairy-free puff pastry,2,2,2,2,2,2,2,2,2,2,2
2999,dark blue fondant icing,2,2,2,2,2,2,2,2,2,2,2
3000,dark chocolate chip,2,2,2,2,2,2,2,2,2,2,2
3001,dark chocolate drops,2,2,2,2,2,2,2,2,2,2,2
3002,dark chocolate shavings,2,2,2,2,2,2,2,2,2,2,2
3003,dark cocoa powder,2,2,2,2,2,2,2,2,2,2,2
3004,dark cooking chocolate,2,2,2,2,2,2,2,2,2,2,2
3005,dark mint chocolate,2,2,2,2,2,2,2,2,2,2,2
3006,dark rye flour,2,2,2,2,2,2,2,2,2,2,2
3007,dashi powder,2,2,2,2,2,2,2,2,2,2,2
3008,date and tamarind sauce,2,2,2,2,2,2,2,2,2,2,2
3009,date syrup,2,2,2,2,2,2,2,2,2,2,2
3010,dates stoned,2,2,2,2,2,2,2,2,2,2,2
3011,dessert wine,2,2,2,2,2,2,2,2,2,2,2
3012,dessicated coconut,2,2,2,2,2,2,2,2,2,2,2
3013,digestive biscuit,2,2,2,2,2,2,2,2,2,2,2
3014,dill mint,2,2,2,2,2,2,2,2,2,2,2
3015,dill most,2,2,2,2,2,2,2,2,2,2,2
3016,dill pickles,2,2,2,2,2,2,2,2,2,2,2
3017,dips of your choice,2,2,2,2,2,2,2,2,2,2,2
3018,disposable piping bag,2,2,2,2,2,2,2,2,2,2,2
3019,distilled malt vinegar,2,2,2,2,2,2,2,2,2,2,2
3020,dressed crab,2,2,2,2,2,2,2,2,2,2,2
3021,dried  rose petals,2,2,2,2,2,2,2,2,2,2,2
3022,dried  thyme,2,2,2,2,2,2,2,2,2,2,2
3023,dried active yeast,2,2,2,2,2,2,2,2,2,2,2
3024,dried ancho chilli,2,2,2,2,2,2,2,2,2,2,2
3025,dried apple,2,2,2,2,2,2,2,2,2,2,2
3026,dried barberries,2,2,2,2,2,2,2,2,2,2,2
3027,dried black beans,2,2,2,2,2,2,2,2,2,2,2
3028,dried brown lentils,2,2,2,2,2,2,2,2,2,2,2
3029,dried camomile flowers,2,2,2,2,2,2,2,2,2,2,2
3030,dried cannellini beans,2,2,2,2,2,2,2,2,2,2,2
3031,dried chipotle chilli,2,2,2,2,2,2,2,2,2,2,2
3032,dried dill,2,2,2,2,2,2,2,2,2,2,2
3033,dried egg noodle,2,2,2,2,2,2,2,2,2,2,2
3034,dried english mustard powder,2,2,2,2,2,2,2,2,2,2,2
3035,dried fast action yeast,2,2,2,2,2,2,2,2,2,2,2
3036,dried fig,2,2,2,2,2,2,2,2,2,2,2
3037,dried fruits,2,2,2,2,2,2,2,2,2,2,2
3038,dried kashmiri chillies,2,2,2,2,2,2,2,2,2,2,2
3039,dried mixed mushrooms,2,2,2,2,2,2,2,2,2,2,2
3040,dried parsley,2,2,2,2,2,2,2,2,2,2,2
3041,dried quinoa,2,2,2,2,2,2,2,2,2,2,2
3042,dried seaweed,2,2,2,2,2,2,2,2,2,2,2
3043,dried shrimp,2,2,2,2,2,2,2,2,2,2,2
3044,dried sichuan chillies,2,2,2,2,2,2,2,2,2,2,2
3045,dried udon noodles,2,2,2,2,2,2,2,2,2,2,2
3046,dried white breadcrumbs,2,2,2,2,2,2,2,2,2,2,2
3047,dried whole shiitake mushrooms,2,2,2,2,2,2,2,2,2,2,2
3048,dried wild  mushrooms,2,2,2,2,2,2,2,2,2,2,2
3049,dried wild mushrooms,2,2,2,2,2,2,2,2,2,2,2
3050,dried yellow split peas,2,2,2,2,2,2,2,2,2,2,2
3051,drizzle of  extra virgin olive oil,2,2,2,2,2,2,2,2,2,2,2
3052,drizzle of honey,2,2,2,2,2,2,2,2,2,2,2
3053,drizzle of olive or rapeseed oil,2,2,2,2,2,2,2,2,2,2,2
3054,drizzle of sunflower oil,2,2,2,2,2,2,2,2,2,2,2
3055,drizzle of truffle oil,2,2,2,2,2,2,2,2,2,2,2
3056,drizzle of vegetable,2,2,2,2,2,2,2,2,2,2,2
3057,drizzle of vegetable oil,2,2,2,2,2,2,2,2,2,2,2
3058,dry red wine,2,2,2,2,2,2,2,2,2,2,2
3059,duck,2,2,2,2,2,2,2,2,2,2,2
3060,duck breast,2,2,2,2,2,2,2,2,2,2,2
3061,duck or goose fat,2,2,2,2,2,2,2,2,2,2,2
3062,dukkah spice mix,2,2,2,2,2,2,2,2,2,2,2
3063,dulce de leche caramel,2,2,2,2,2,2,2,2,2,2,2
3064,dulche de leche,2,2,2,2,2,2,2,2,2,2,2
3065,earl grey tea bags,2,2,2,2,2,2,2,2,2,2,2
3066,earl grey teabag,2,2,2,2,2,2,2,2,2,2,2
3067,easter chocolates,2,2,2,2,2,2,2,2,2,2,2
3068,easter treats,2,2,2,2,2,2,2,2,2,2,2
3069,eating  apple,2,2,2,2,2,2,2,2,2,2,2
3070,eating apple core,2,2,2,2,2,2,2,2,2,2,2
3071,echalion shallot,2,2,2,2,2,2,2,2,2,2,2
3072,edible glue,2,2,2,2,2,2,2,2,2,2,2
3073,edible silver or gold glitter spray,2,2,2,2,2,2,2,2,2,2,2
3074,egg and 1 yolk,2,2,2,2,2,2,2,2,2,2,2
3075,egg yolk only,2,2,2,2,2,2,2,2,2,2,2
3076,eggs whites,2,2,2,2,2,2,2,2,2,2,2
3077,elbow macaroni,2,2,2,2,2,2,2,2,2,2,2
3078,elderberries,2,2,2,2,2,2,2,2,2,2,2
3079,english muffin,2,2,2,2,2,2,2,2,2,2,2
3080,english muffins,2,2,2,2,2,2,2,2,2,2,2
3081,espadin mezcal,2,2,2,2,2,2,2,2,2,2,2
3082,espresso coffee,2,2,2,2,2,2,2,2,2,2,2
3083,even-sized potatoes,2,2,2,2,2,2,2,2,2,2,2
3084,extra firm tofu,2,2,2,2,2,2,2,2,2,2,2
3085,extra virgin  rapeseed oil,2,2,2,2,2,2,2,2,2,2,2
3086,extra-firm  tofu,2,2,2,2,2,2,2,2,2,2,2
3087,extra-thick double cream,2,2,2,2,2,2,2,2,2,2,2
3088,extra-virgin olive oil,2,2,2,2,2,2,2,2,2,2,2
3089,falafel,2,2,2,2,2,2,2,2,2,2,2
3090,falafels,2,2,2,2,2,2,2,2,2,2,2
3091,fast action dried yeast,2,2,2,2,2,2,2,2,2,2,2
3092,fast-action dried  yeast,2,2,2,2,2,2,2,2,2,2,2
3093,fat asparagus spears,2,2,2,2,2,2,2,2,2,2,2
3094,fat-free  greek yogurt,2,2,2,2,2,2,2,2,2,2,2
3095,fatty pork mince,2,2,2,2,2,2,2,2,2,2,2
3096,fenugreek,2,2,2,2,2,2,2,2,2,2,2
3097,fig,2,2,2,2,2,2,2,2,2,2,2
3098,filled chocolate biscuits,2,2,2,2,2,2,2,2,2,2,2
3099,fillet steaks,2,2,2,2,2,2,2,2,2,2,2
3100,fine breadcrumbs,2,2,2,2,2,2,2,2,2,2,2
3101,fine bulgur wheat,2,2,2,2,2,2,2,2,2,2,2
3102,fine matzo meal,2,2,2,2,2,2,2,2,2,2,2
3103,fine polenta or ground almonds,2,2,2,2,2,2,2,2,2,2,2
3104,fine trimmed green beans,2,2,2,2,2,2,2,2,2,2,2
3105,firm  tofu,2,2,2,2,2,2,2,2,2,2,2
3106,firm tomatoes,2,2,2,2,2,2,2,2,2,2,2
3107,"firm, round cabbage",2,2,2,2,2,2,2,2,2,2,2
3108,fish fillets,2,2,2,2,2,2,2,2,2,2,2
3109,fish or chicken stock,2,2,2,2,2,2,2,2,2,2,2
3110,five spice,2,2,2,2,2,2,2,2,2,2,2
3111,five-spice powder,2,2,2,2,2,2,2,2,2,2,2
3112,flageolet beans,2,2,2,2,2,2,2,2,2,2,2
3113,flaked coconut,2,2,2,2,2,2,2,2,2,2,2
3114,flaky salt,2,2,2,2,2,2,2,2,2,2,2
3115,flame raisins,2,2,2,2,2,2,2,2,2,2,2
3116,flat-leaf  parsley,2,2,2,2,2,2,2,2,2,2,2
3117,flat-leaf parsley leaves and stalks,2,2,2,2,2,2,2,2,2,2,2
3118,flatbreads or wraps,2,2,2,2,2,2,2,2,2,2,2
3119,flatbreads rice,2,2,2,2,2,2,2,2,2,2,2
3120,flaxseed,2,2,2,2,2,2,2,2,2,2,2
3121,flour seasoned,2,2,2,2,2,2,2,2,2,2,2
3122,flour tortilla wraps,2,2,2,2,2,2,2,2,2,2,2
3123,flower tape,2,2,2,2,2,2,2,2,2,2,2
3124,follow remainder of ingredients in the classic hot cross buns recipe below,2,2,2,2,2,2,2,2,2,2,2
3125,fondant  icing sugar,2,2,2,2,2,2,2,2,2,2,2
3126,fondant icing,2,2,2,2,2,2,2,2,2,2,2
3127,food colouring gel,2,2,2,2,2,2,2,2,2,2,2
3128,food colouring of your choice,2,2,2,2,2,2,2,2,2,2,2
3129,food colouring paste,2,2,2,2,2,2,2,2,2,2,2
3130,food colouring paste of your choice,2,2,2,2,2,2,2,2,2,2,2
3131,forced rhubarb stalks,2,2,2,2,2,2,2,2,2,2,2
3132,fortified soya yogurt,2,2,2,2,2,2,2,2,2,2,2
3133,free range eggs,2,2,2,2,2,2,2,2,2,2,2
3134,free-range egg whites,2,2,2,2,2,2,2,2,2,2,2
3135,freeze-dried  raspberries,2,2,2,2,2,2,2,2,2,2,2
3136,french breakfast radishes,2,2,2,2,2,2,2,2,2,2,2
3137,fresh,2,2,2,2,2,2,2,2,2,2,2
3138,fresh  ginger,2,2,2,2,2,2,2,2,2,2,2
3139,fresh  thyme leaf,2,2,2,2,2,2,2,2,2,2,2
3140,"fresh basil or oregano leaves, chilli oil and vegan parmesan",2,2,2,2,2,2,2,2,2,2,2
3141,fresh blueberries,2,2,2,2,2,2,2,2,2,2,2
3142,fresh cherries pitted,2,2,2,2,2,2,2,2,2,2,2
3143,fresh cherry tomatoes,2,2,2,2,2,2,2,2,2,2,2
3144,fresh chicken or vegetable stock,2,2,2,2,2,2,2,2,2,2,2
3145,fresh chives,2,2,2,2,2,2,2,2,2,2,2
3146,fresh clams,2,2,2,2,2,2,2,2,2,2,2
3147,fresh clementine juice,2,2,2,2,2,2,2,2,2,2,2
3148,fresh eggs,2,2,2,2,2,2,2,2,2,2,2
3149,fresh lamb stock,2,2,2,2,2,2,2,2,2,2,2
3150,fresh lasagne,2,2,2,2,2,2,2,2,2,2,2
3151,fresh lavender,2,2,2,2,2,2,2,2,2,2,2
3152,fresh mackerel,2,2,2,2,2,2,2,2,2,2,2
3153,fresh mango,2,2,2,2,2,2,2,2,2,2,2
3154,fresh mussels,2,2,2,2,2,2,2,2,2,2,2
3155,fresh or dried lime leaves,2,2,2,2,2,2,2,2,2,2,2
3156,fresh or frozen  cranberries,2,2,2,2,2,2,2,2,2,2,2
3157,fresh or frozen pea,2,2,2,2,2,2,2,2,2,2,2
3158,fresh parsley leaves,2,2,2,2,2,2,2,2,2,2,2
3159,fresh peas,2,2,2,2,2,2,2,2,2,2,2
3160,fresh sage leaves,2,2,2,2,2,2,2,2,2,2,2
3161,fresh vanilla custard,2,2,2,2,2,2,2,2,2,2,2
3162,fresh white  breadcrumbs,2,2,2,2,2,2,2,2,2,2,2
3163,fresh wholemeal breadcrumb,2,2,2,2,2,2,2,2,2,2,2
3164,fried eggs,2,2,2,2,2,2,2,2,2,2,2
3165,fromage frais,2,2,2,2,2,2,2,2,2,2,2
3166,frozen  raspberries,2,2,2,2,2,2,2,2,2,2,2
3167,frozen chopped spinach,2,2,2,2,2,2,2,2,2,2,2
3168,frozen lamb mince,2,2,2,2,2,2,2,2,2,2,2
3169,frozen oven chips,2,2,2,2,2,2,2,2,2,2,2
3170,frozen peppers,2,2,2,2,2,2,2,2,2,2,2
3171,frozen pineapple chunks,2,2,2,2,2,2,2,2,2,2,2
3172,frozen podded edamame beans,2,2,2,2,2,2,2,2,2,2,2
3173,frozen shelled edamame beans,2,2,2,2,2,2,2,2,2,2,2
3174,frozen sliced mixed peppers,2,2,2,2,2,2,2,2,2,2,2
3175,frozen soya bean,2,2,2,2,2,2,2,2,2,2,2
3176,fruit,2,2,2,2,2,2,2,2,2,2,2
3177,fruit &amp,2,2,2,2,2,2,2,2,2,2,2
3178,frying pan,2,2,2,2,2,2,2,2,2,2,2
3179,full fat coconut milk,2,2,2,2,2,2,2,2,2,2,2
3180,full-fat  crème fraîche,2,2,2,2,2,2,2,2,2,2,2
3181,full-fat  milk,2,2,2,2,2,2,2,2,2,2,2
3182,full-fat natural bio yoghurt,2,2,2,2,2,2,2,2,2,2,2
3183,full-fat natural bio yogurt,2,2,2,2,2,2,2,2,2,2,2
3184,full-fat natural bio-yogurt,2,2,2,2,2,2,2,2,2,2,2
3185,gammon,2,2,2,2,2,2,2,2,2,2,2
3186,garlic and ginger paste,2,2,2,2,2,2,2,2,2,2,2
3187,generous grating nutmeg,2,2,2,2,2,2,2,2,2,2,2
3188,generous grating of,2,2,2,2,2,2,2,2,2,2,2
3189,generous squeeze juice 0.5 lime,2,2,2,2,2,2,2,2,2,2,2
3190,giant couscous tossed,2,2,2,2,2,2,2,2,2,2,2
3191,gin or vodka,2,2,2,2,2,2,2,2,2,2,2
3192,ginger & garlic paste,2,2,2,2,2,2,2,2,2,2,2
3193,ginger half,2,2,2,2,2,2,2,2,2,2,2
3194,"ginger half grated, half",2,2,2,2,2,2,2,2,2,2,2
3195,ginger powder,2,2,2,2,2,2,2,2,2,2,2
3196,glacé cherries sprinkles,2,2,2,2,2,2,2,2,2,2,2
3197,glacé cherry,2,2,2,2,2,2,2,2,2,2,2
3198,glue,2,2,2,2,2,2,2,2,2,2,2
3199,gluten-free  baking powder,2,2,2,2,2,2,2,2,2,2,2
3200,gluten-free bread flour,2,2,2,2,2,2,2,2,2,2,2
3201,gluten-free dark chocolate,2,2,2,2,2,2,2,2,2,2,2
3202,gluten-free digestive biscuits,2,2,2,2,2,2,2,2,2,2,2
3203,gluten-free jumbo oats,2,2,2,2,2,2,2,2,2,2,2
3204,gluten-free vegetable bouillon,2,2,2,2,2,2,2,2,2,2,2
3205,goat meat,2,2,2,2,2,2,2,2,2,2,2
3206,goat's curd,2,2,2,2,2,2,2,2,2,2,2
3207,gochugaru chilli flakes,2,2,2,2,2,2,2,2,2,2,2
3208,gochujang chilli paste,2,2,2,2,2,2,2,2,2,2,2
3209,gold,2,2,2,2,2,2,2,2,2,2,2
3210,gold sprinkles,2,2,2,2,2,2,2,2,2,2,2
3211,golden linseeds,2,2,2,2,2,2,2,2,2,2,2
3212,golden or white caster sugar,2,2,2,2,2,2,2,2,2,2,2
3213,gomashio,2,2,2,2,2,2,2,2,2,2,2
3214,good crusty bread,2,2,2,2,2,2,2,2,2,2,2
3215,good drizzle of clear honey,2,2,2,2,2,2,2,2,2,2,2
3216,good grating  nutmeg,2,2,2,2,2,2,2,2,2,2,2
3217,good handful,2,2,2,2,2,2,2,2,2,2,2
3218,good handfuls rocket leaves,2,2,2,2,2,2,2,2,2,2,2
3219,good pinch chilli flakes,2,2,2,2,2,2,2,2,2,2,2
3220,good quality olive oil,2,2,2,2,2,2,2,2,2,2,2
3221,good rapeseed oil,2,2,2,2,2,2,2,2,2,2,2
3222,good-quality barbecue sauce,2,2,2,2,2,2,2,2,2,2,2
3223,good-quality bread,2,2,2,2,2,2,2,2,2,2,2
3224,good-quality candied orange,2,2,2,2,2,2,2,2,2,2,2
3225,good-quality extra virgin olive oil,2,2,2,2,2,2,2,2,2,2,2
3226,good-quality honey,2,2,2,2,2,2,2,2,2,2,2
3227,good-quality pork sausage,2,2,2,2,2,2,2,2,2,2,2
3228,good-quality red wine vinegar,2,2,2,2,2,2,2,2,2,2,2
3229,good-quality ricotta,2,2,2,2,2,2,2,2,2,2,2
3230,good-quality sausages meat squeezed from the skins,2,2,2,2,2,2,2,2,2,2,2
3231,good-quality vanilla ice cream,2,2,2,2,2,2,2,2,2,2,2
3232,good-quality white chocolate,2,2,2,2,2,2,2,2,2,2,2
3233,good-quality white truffle oil,2,2,2,2,2,2,2,2,2,2,2
3234,granulated white sugar,2,2,2,2,2,2,2,2,2,2,2
3235,grapefruit wedge,2,2,2,2,2,2,2,2,2,2,2
3236,grating of fresh  nutmeg,2,2,2,2,2,2,2,2,2,2,2
3237,greek yoghurt,2,2,2,2,2,2,2,2,2,2,2
3238,green  cardamom pods,2,2,2,2,2,2,2,2,2,2,2
3239,green  food colouring,2,2,2,2,2,2,2,2,2,2,2
3240,green and pink food colouring,2,2,2,2,2,2,2,2,2,2,2
3241,green cabbage,2,2,2,2,2,2,2,2,2,2,2
3242,green card,2,2,2,2,2,2,2,2,2,2,2
3243,green cardamom,2,2,2,2,2,2,2,2,2,2,2
3244,green fondant icing,2,2,2,2,2,2,2,2,2,2,2
3245,green food colouring paste,2,2,2,2,2,2,2,2,2,2,2
3246,green gel food colouring,2,2,2,2,2,2,2,2,2,2,2
3247,green jalapeño,2,2,2,2,2,2,2,2,2,2,2
3248,green jalapeño chilli,2,2,2,2,2,2,2,2,2,2,2
3249,green papaya,2,2,2,2,2,2,2,2,2,2,2
3250,green pesto,2,2,2,2,2,2,2,2,2,2,2
3251,green tea leaves,2,2,2,2,2,2,2,2,2,2,2
3252,green thai curry paste,2,2,2,2,2,2,2,2,2,2,2
3253,green tomatoes,2,2,2,2,2,2,2,2,2,2,2
3254,green whole leaf tea,2,2,2,2,2,2,2,2,2,2,2
3255,ground  allspice,2,2,2,2,2,2,2,2,2,2,2
3256,ground  flaxseed,2,2,2,2,2,2,2,2,2,2,2
3257,ground  mace,2,2,2,2,2,2,2,2,2,2,2
3258,ground  white pepper,2,2,2,2,2,2,2,2,2,2,2
3259,ground cinnamon or mixed spice,2,2,2,2,2,2,2,2,2,2,2
3260,ground coriander and cumin,2,2,2,2,2,2,2,2,2,2,2
3261,ground pepper,2,2,2,2,2,2,2,2,2,2,2
3262,ground peppercorns,2,2,2,2,2,2,2,2,2,2,2
3263,ground pimento,2,2,2,2,2,2,2,2,2,2,2
3264,ground sichuan peppercorns,2,2,2,2,2,2,2,2,2,2,2
3265,gruyère comté,2,2,2,2,2,2,2,2,2,2,2
3266,guanciale,2,2,2,2,2,2,2,2,2,2,2
3267,habanero chilli flakes,2,2,2,2,2,2,2,2,2,2,2
3268,haggis,2,2,2,2,2,2,2,2,2,2,2
3269,hake fillets,2,2,2,2,2,2,2,2,2,2,2
3270,ham diced slightly,2,2,2,2,2,2,2,2,2,2,2
3271,ham hocks,2,2,2,2,2,2,2,2,2,2,2
3272,hanful of fresh herbs,2,2,2,2,2,2,2,2,2,2,2
3273,hazelnut,2,2,2,2,2,2,2,2,2,2,2
3274,hazelnut chocolate spread,2,2,2,2,2,2,2,2,2,2,2
3275,heather honey,2,2,2,2,2,2,2,2,2,2,2
3276,heirloom tomato,2,2,2,2,2,2,2,2,2,2,2
3277,hemp protein powder,2,2,2,2,2,2,2,2,2,2,2
3278,hen’s eggs,2,2,2,2,2,2,2,2,2,2,2
3279,hispi,2,2,2,2,2,2,2,2,2,2,2
3280,holly,2,2,2,2,2,2,2,2,2,2,2
3281,honey nut cornflakes,2,2,2,2,2,2,2,2,2,2,2
3282,honey-roasted peanuts,2,2,2,2,2,2,2,2,2,2,2
3283,honeycomb broken into shards,2,2,2,2,2,2,2,2,2,2,2
3284,honeycomb pieces,2,2,2,2,2,2,2,2,2,2,2
3285,honjozo sake,2,2,2,2,2,2,2,2,2,2,2
3286,horseradish cream,2,2,2,2,2,2,2,2,2,2,2
3287,hot  chicken or vegetable stock,2,2,2,2,2,2,2,2,2,2,2
3288,hot  chilli powder,2,2,2,2,2,2,2,2,2,2,2
3289,hot  vegetable stock,2,2,2,2,2,2,2,2,2,2,2
3290,hot chocolate powder,2,2,2,2,2,2,2,2,2,2,2
3291,hot curry paste,2,2,2,2,2,2,2,2,2,2,2
3292,hot espresso,2,2,2,2,2,2,2,2,2,2,2
3293,hot fish,2,2,2,2,2,2,2,2,2,2,2
3294,hot grated horseradish,2,2,2,2,2,2,2,2,2,2,2
3295,hot low-salt vegetable stock,2,2,2,2,2,2,2,2,2,2,2
3296,hot smoked salmon,2,2,2,2,2,2,2,2,2,2,2
3297,hot smoked salmon fillets,2,2,2,2,2,2,2,2,2,2,2
3298,hot smoked trout fillets,2,2,2,2,2,2,2,2,2,2,2
3299,hot smoked trout or salmon,2,2,2,2,2,2,2,2,2,2,2
3300,hot sriracha chilli sauce,2,2,2,2,2,2,2,2,2,2,2
3301,hot strong coffee,2,2,2,2,2,2,2,2,2,2,2
3302,hot vegan vegetable stock,2,2,2,2,2,2,2,2,2,2,2
3303,ice cream or double cream,2,2,2,2,2,2,2,2,2,2,2
3304,iceberg lettuce leaves,2,2,2,2,2,2,2,2,2,2,2
3305,icing,2,2,2,2,2,2,2,2,2,2,2
3306,icing made from royal icing sugar,2,2,2,2,2,2,2,2,2,2,2
3307,icing pens,2,2,2,2,2,2,2,2,2,2,2
3308,in cinnamon,2,2,2,2,2,2,2,2,2,2,2
3309,instant  polenta,2,2,2,2,2,2,2,2,2,2,2
3310,instant coffee powder,2,2,2,2,2,2,2,2,2,2,2
3311,instant dried yeast,2,2,2,2,2,2,2,2,2,2,2
3312,instant rice noodles,2,2,2,2,2,2,2,2,2,2,2
3313,italian herbs,2,2,2,2,2,2,2,2,2,2,2
3314,italian pork sausages,2,2,2,2,2,2,2,2,2,2,2
3315,jackfruit in water,2,2,2,2,2,2,2,2,2,2,2
3316,jaggery,2,2,2,2,2,2,2,2,2,2,2
3317,jalapeños from,2,2,2,2,2,2,2,2,2,2,2
3318,jam jars,2,2,2,2,2,2,2,2,2,2,2
3319,jam of your choice,2,2,2,2,2,2,2,2,2,2,2
3320,jamón ibérico,2,2,2,2,2,2,2,2,2,2,2
3321,japanese rice,2,2,2,2,2,2,2,2,2,2,2
3322,jelly sweets,2,2,2,2,2,2,2,2,2,2,2
3323,jersey royal new potatoes,2,2,2,2,2,2,2,2,2,2,2
3324,jumbo porridge oat,2,2,2,2,2,2,2,2,2,2,2
3325,kahlúa,2,2,2,2,2,2,2,2,2,2,2
3326,kale stalks removed,2,2,2,2,2,2,2,2,2,2,2
3327,kale thick stalks removed,2,2,2,2,2,2,2,2,2,2,2
3328,kale woody stalks removed,2,2,2,2,2,2,2,2,2,2,2
3329,kalonji,2,2,2,2,2,2,2,2,2,2,2
3330,kataifi pastry,2,2,2,2,2,2,2,2,2,2,2
3331,kewpie mayonnaise,2,2,2,2,2,2,2,2,2,2,2
3332,kidney bean,2,2,2,2,2,2,2,2,2,2,2
3333,kitchen paper,2,2,2,2,2,2,2,2,2,2,2
3334,kitchen scissors,2,2,2,2,2,2,2,2,2,2,2
3335,kohlrabi,2,2,2,2,2,2,2,2,2,2,2
3336,korean chilli flakes,2,2,2,2,2,2,2,2,2,2,2
3337,kumquats,2,2,2,2,2,2,2,2,2,2,2
3338,lamb loin,2,2,2,2,2,2,2,2,2,2,2
3339,lamb meatballs,2,2,2,2,2,2,2,2,2,2,2
3340,lamb rumps,2,2,2,2,2,2,2,2,2,2,2
3341,lamb's liver,2,2,2,2,2,2,2,2,2,2,2
3342,lamb’s lettuce,2,2,2,2,2,2,2,2,2,2,2
3343,lean fillet steak,2,2,2,2,2,2,2,2,2,2,2
3344,lean lamb leg steak,2,2,2,2,2,2,2,2,2,2,2
3345,lean lamb steaks,2,2,2,2,2,2,2,2,2,2,2
3346,lean pork shoulder,2,2,2,2,2,2,2,2,2,2,2
3347,lean pork tenderloin,2,2,2,2,2,2,2,2,2,2,2
3348,leaves,2,2,2,2,2,2,2,2,2,2,2
3349,leaves from,2,2,2,2,2,2,2,2,2,2,2
3350,leaves gelatine,2,2,2,2,2,2,2,2,2,2,2
3351,lebanese cucumbers,2,2,2,2,2,2,2,2,2,2,2
3352,leftover avocado sauce,2,2,2,2,2,2,2,2,2,2,2
3353,"leftover coconut, curry leaf &amp",2,2,2,2,2,2,2,2,2,2,2
3354,leftover cooked bavette steak,2,2,2,2,2,2,2,2,2,2,2
3355,leftover cooked chicken,2,2,2,2,2,2,2,2,2,2,2
3356,leftover cooked ham,2,2,2,2,2,2,2,2,2,2,2
3357,leftover cooked stuffing,2,2,2,2,2,2,2,2,2,2,2
3358,leftover giardiniera,2,2,2,2,2,2,2,2,2,2,2
3359,leftover gravy,2,2,2,2,2,2,2,2,2,2,2
3360,leftover ham,2,2,2,2,2,2,2,2,2,2,2
3361,leftover herby green aïoli,2,2,2,2,2,2,2,2,2,2,2
3362,leftover meatballs,2,2,2,2,2,2,2,2,2,2,2
3363,leftover pork,2,2,2,2,2,2,2,2,2,2,2
3364,leftover ragu,2,2,2,2,2,2,2,2,2,2,2
3365,leftover rice with prawns,2,2,2,2,2,2,2,2,2,2,2
3366,leftover roasted garlic,2,2,2,2,2,2,2,2,2,2,2
3367,leftover summery beans,2,2,2,2,2,2,2,2,2,2,2
3368,leftover tomato sauce,2,2,2,2,2,2,2,2,2,2,2
3369,lemon 0.5,2,2,2,2,2,2,2,2,2,2,2
3370,lemon drizzle cake,2,2,2,2,2,2,2,2,2,2,2
3371,lemon pared,2,2,2,2,2,2,2,2,2,2,2
3372,lemon pared zest,2,2,2,2,2,2,2,2,2,2,2
3373,lemon pared zest only,2,2,2,2,2,2,2,2,2,2,2
3374,lemon peel twist,2,2,2,2,2,2,2,2,2,2,2
3375,lemon slices,2,2,2,2,2,2,2,2,2,2,2
3376,lemon sorbet,2,2,2,2,2,2,2,2,2,2,2
3377,lemons both,2,2,2,2,2,2,2,2,2,2,2
3378,lengthways,2,2,2,2,2,2,2,2,2,2,2
3379,levain,2,2,2,2,2,2,2,2,2,2,2
3380,light  olive oil,2,2,2,2,2,2,2,2,2,2,2
3381,light ale,2,2,2,2,2,2,2,2,2,2,2
3382,light brown soft  sugar,2,2,2,2,2,2,2,2,2,2,2
3383,light crème fraîche,2,2,2,2,2,2,2,2,2,2,2
3384,light or dark brown soft sugar,2,2,2,2,2,2,2,2,2,2,2
3385,light soft cheese,2,2,2,2,2,2,2,2,2,2,2
3386,lighter halloumi,2,2,2,2,2,2,2,2,2,2,2
3387,lime and an edible flower,2,2,2,2,2,2,2,2,2,2,2
3388,lime and grapefruit juice),2,2,2,2,2,2,2,2,2,2,2
3389,lime marmalade,2,2,2,2,2,2,2,2,2,2,2
3390,lime syrup,2,2,2,2,2,2,2,2,2,2,2
3391,lime zest and juice,2,2,2,2,2,2,2,2,2,2,2
3392,lime zest pared,2,2,2,2,2,2,2,2,2,2,2
3393,lingonberry,2,2,2,2,2,2,2,2,2,2,2
3394,lingonberry jam,2,2,2,2,2,2,2,2,2,2,2
3395,liquid aminos or tamari,2,2,2,2,2,2,2,2,2,2,2
3396,litre  sunflower oil,2,2,2,2,2,2,2,2,2,2,2
3397,litre  vegetable stock,2,2,2,2,2,2,2,2,2,2,2
3398,litre beef stock,2,2,2,2,2,2,2,2,2,2,2
3399,litre milk,2,2,2,2,2,2,2,2,2,2,2
3400,litre vodka,2,2,2,2,2,2,2,2,2,2,2
3401,little gem leaves,2,2,2,2,2,2,2,2,2,2,2
3402,live bio yogurt,2,2,2,2,2,2,2,2,2,2,2
3403,lollipops,2,2,2,2,2,2,2,2,2,2,2
3404,lolly sticks,2,2,2,2,2,2,2,2,2,2,2
3405,long green chilli,2,2,2,2,2,2,2,2,2,2,2
3406,long red chillies,2,2,2,2,2,2,2,2,2,2,2
3407,long-stem broccoli steamed,2,2,2,2,2,2,2,2,2,2,2
3408,lovage,2,2,2,2,2,2,2,2,2,2,2
3409,low salt soy sauce,2,2,2,2,2,2,2,2,2,2,2
3410,low sodium soy sauce,2,2,2,2,2,2,2,2,2,2,2
3411,low-fat cottage cheese,2,2,2,2,2,2,2,2,2,2,2
3412,low-fat greek yogurt,2,2,2,2,2,2,2,2,2,2,2
3413,low-fat greek-style yogurt,2,2,2,2,2,2,2,2,2,2,2
3414,low-fat soft cheese,2,2,2,2,2,2,2,2,2,2,2
3415,low-fat yogurt,2,2,2,2,2,2,2,2,2,2,2
3416,low-salt tamari,2,2,2,2,2,2,2,2,2,2,2
3417,low-salt vegetable,2,2,2,2,2,2,2,2,2,2,2
3418,low-sodium light soy sauce,2,2,2,2,2,2,2,2,2,2,2
3419,low-sugar ketchup,2,2,2,2,2,2,2,2,2,2,2
3420,lychee juice,2,2,2,2,2,2,2,2,2,2,2
3421,lychee syrup,2,2,2,2,2,2,2,2,2,2,2
3422,m&amp;m's® choco eggs,2,2,2,2,2,2,2,2,2,2,2
3423,m&amp;m's® minis,2,2,2,2,2,2,2,2,2,2,2
3424,macadamia nut,2,2,2,2,2,2,2,2,2,2,2
3425,mace blade,2,2,2,2,2,2,2,2,2,2,2
3426,madeira wine,2,2,2,2,2,2,2,2,2,2,2
3427,madras spice paste,2,2,2,2,2,2,2,2,2,2,2
3428,malt,2,2,2,2,2,2,2,2,2,2,2
3429,manchego cheese,2,2,2,2,2,2,2,2,2,2,2
3430,mandarin,2,2,2,2,2,2,2,2,2,2,2
3431,mandarins,2,2,2,2,2,2,2,2,2,2,2
3432,mangetout halved lengthways,2,2,2,2,2,2,2,2,2,2,2
3433,mango cheek,2,2,2,2,2,2,2,2,2,2,2
3434,mango powder,2,2,2,2,2,2,2,2,2,2,2
3435,mango sorbet,2,2,2,2,2,2,2,2,2,2,2
3436,maple syrup and icing sugar,2,2,2,2,2,2,2,2,2,2,2
3437,margarine or butter,2,2,2,2,2,2,2,2,2,2,2
3438,marjoram or oregano,2,2,2,2,2,2,2,2,2,2,2
3439,marrow,2,2,2,2,2,2,2,2,2,2,2
3440,marsala or madeira,2,2,2,2,2,2,2,2,2,2,2
3441,marsala wine,2,2,2,2,2,2,2,2,2,2,2
3442,massaman curry paste,2,2,2,2,2,2,2,2,2,2,2
3443,matcha tea powder,2,2,2,2,2,2,2,2,2,2,2
3444,mature cheddar gruyère,2,2,2,2,2,2,2,2,2,2,2
3445,mature or extra mature cheddar,2,2,2,2,2,2,2,2,2,2,2
3446,mature vegetarian cheddar,2,2,2,2,2,2,2,2,2,2,2
3447,matzo,2,2,2,2,2,2,2,2,2,2,2
3448,matzo meal,2,2,2,2,2,2,2,2,2,2,2
3449,meringue kisses,2,2,2,2,2,2,2,2,2,2,2
3450,mescal,2,2,2,2,2,2,2,2,2,2,2
3451,mexican chilli powder,2,2,2,2,2,2,2,2,2,2,2
3452,mexican crema,2,2,2,2,2,2,2,2,2,2,2
3453,mezcal,2,2,2,2,2,2,2,2,2,2,2
3454,microwave basmati rice,2,2,2,2,2,2,2,2,2,2,2
3455,microwave rice,2,2,2,2,2,2,2,2,2,2,2
3456,mild or medium curry paste,2,2,2,2,2,2,2,2,2,2,2
3457,mild salsa,2,2,2,2,2,2,2,2,2,2,2
3458,milk any kind,2,2,2,2,2,2,2,2,2,2,2
3459,milk chocolate chunks,2,2,2,2,2,2,2,2,2,2,2
3460,milk chocolate fingers,2,2,2,2,2,2,2,2,2,2,2
3461,milk or dark chocolate chips,2,2,2,2,2,2,2,2,2,2,2
3462,milled seeds,2,2,2,2,2,2,2,2,2,2,2
3463,milled seeds with flax and chia,2,2,2,2,2,2,2,2,2,2,2
3464,mini  chocolate beans,2,2,2,2,2,2,2,2,2,2,2
3465,mini bread rolls,2,2,2,2,2,2,2,2,2,2,2
3466,mini cucumbers,2,2,2,2,2,2,2,2,2,2,2
3467,mini muffin,2,2,2,2,2,2,2,2,2,2,2
3468,mint or basil leaves,2,2,2,2,2,2,2,2,2,2,2
3469,mint or coriander,2,2,2,2,2,2,2,2,2,2,2
3470,mint or coriander leaves,2,2,2,2,2,2,2,2,2,2,2
3471,mint stems removed,2,2,2,2,2,2,2,2,2,2,2
3472,mint woody stalks removed,2,2,2,2,2,2,2,2,2,2,2
3473,miso,2,2,2,2,2,2,2,2,2,2,2
3474,mixed  berries,2,2,2,2,2,2,2,2,2,2,2
3475,mixed basmati &amp; wild rice,2,2,2,2,2,2,2,2,2,2,2
3476,mixed chopped herbs,2,2,2,2,2,2,2,2,2,2,2
3477,mixed coloured peppers,2,2,2,2,2,2,2,2,2,2,2
3478,mixed dried fruit and peel,2,2,2,2,2,2,2,2,2,2,2
3479,mixed fruit,2,2,2,2,2,2,2,2,2,2,2
3480,mixed green leaves,2,2,2,2,2,2,2,2,2,2,2
3481,mixed green salad,2,2,2,2,2,2,2,2,2,2,2
3482,mixed heritage  tomatoes,2,2,2,2,2,2,2,2,2,2,2
3483,mixed nuts of your choice,2,2,2,2,2,2,2,2,2,2,2
3484,mixed rocket salad,2,2,2,2,2,2,2,2,2,2,2
3485,mixed soft herbs,2,2,2,2,2,2,2,2,2,2,2
3486,mixed spinach,2,2,2,2,2,2,2,2,2,2,2
3487,mixed stir-fry vegetables,2,2,2,2,2,2,2,2,2,2,2
3488,mixed summer berries,2,2,2,2,2,2,2,2,2,2,2
3489,mixed white and brown crabmeat,2,2,2,2,2,2,2,2,2,2,2
3490,mixed wild mushrooms,2,2,2,2,2,2,2,2,2,2,2
3491,molasses,2,2,2,2,2,2,2,2,2,2,2
3492,monterey jack cheese,2,2,2,2,2,2,2,2,2,2,2
3493,morello cherry jam,2,2,2,2,2,2,2,2,2,2,2
3494,mozzarella balls,2,2,2,2,2,2,2,2,2,2,2
3495,muffin cases,2,2,2,2,2,2,2,2,2,2,2
3496,multicoloured sprinkles,2,2,2,2,2,2,2,2,2,2,2
3497,multicoloured sugar-coated chocolate buttons,2,2,2,2,2,2,2,2,2,2,2
3498,multigrain crispbreads,2,2,2,2,2,2,2,2,2,2,2
3499,mushroom,2,2,2,2,2,2,2,2,2,2,2
3500,mushroom pâté,2,2,2,2,2,2,2,2,2,2,2
3501,mustard cress,2,2,2,2,2,2,2,2,2,2,2
3502,naan,2,2,2,2,2,2,2,2,2,2,2
3503,natural bio-yogurt,2,2,2,2,2,2,2,2,2,2,2
3504,natural or greek yogurt,2,2,2,2,2,2,2,2,2,2,2
3505,natural yoghurt,2,2,2,2,2,2,2,2,2,2,2
3506,nests wholewheat noodles,2,2,2,2,2,2,2,2,2,2,2
3507,neutral-flavoured oil,2,2,2,2,2,2,2,2,2,2,2
3508,new potatoes larger,2,2,2,2,2,2,2,2,2,2,2
3509,north atlantic prawns,2,2,2,2,2,2,2,2,2,2,2
3510,nutella,2,2,2,2,2,2,2,2,2,2,2
3511,nuts of your choice,2,2,2,2,2,2,2,2,2,2,2
3512,oil or ghee,2,2,2,2,2,2,2,2,2,2,2
3513,olive or  vegetable oil,2,2,2,2,2,2,2,2,2,2,2
3514,olive or lemon peel,2,2,2,2,2,2,2,2,2,2,2
3515,onion chutney,2,2,2,2,2,2,2,2,2,2,2
3516,onion skin on,2,2,2,2,2,2,2,2,2,2,2
3517,or steamed greens,2,2,2,2,2,2,2,2,2,2,2
3518,orange &amp; brandy mincemeat,2,2,2,2,2,2,2,2,2,2,2
3519,orange blossom honey,2,2,2,2,2,2,2,2,2,2,2
3520,orange clementine,2,2,2,2,2,2,2,2,2,2,2
3521,orange essence,2,2,2,2,2,2,2,2,2,2,2
3522,orange flower water,2,2,2,2,2,2,2,2,2,2,2
3523,orange gel food colouring,2,2,2,2,2,2,2,2,2,2,2
3524,orange jelly,2,2,2,2,2,2,2,2,2,2,2
3525,orange milk chocolate,2,2,2,2,2,2,2,2,2,2,2
3526,orange wedge,2,2,2,2,2,2,2,2,2,2,2
3527,oregano or thyme,2,2,2,2,2,2,2,2,2,2,2
3528,oreos,2,2,2,2,2,2,2,2,2,2,2
3529,oven-ready duck,2,2,2,2,2,2,2,2,2,2,2
3530,oven-ready turkey with the neck,2,2,2,2,2,2,2,2,2,2,2
3531,overripe bananas,2,2,2,2,2,2,2,2,2,2,2
3532,oyster mushrooms,2,2,2,2,2,2,2,2,2,2,2
3533,paella or risotto rice,2,2,2,2,2,2,2,2,2,2,2
3534,paintbrushes,2,2,2,2,2,2,2,2,2,2,2
3535,pancetta or bacon lardons,2,2,2,2,2,2,2,2,2,2,2
3536,pancetta slices,2,2,2,2,2,2,2,2,2,2,2
3537,paneer each,2,2,2,2,2,2,2,2,2,2,2
3538,pappardelle,2,2,2,2,2,2,2,2,2,2,2
3539,pappardelle pasta,2,2,2,2,2,2,2,2,2,2,2
3540,pared zest 1 orange,2,2,2,2,2,2,2,2,2,2,2
3541,parmesan and crusty bread,2,2,2,2,2,2,2,2,2,2,2
3542,parmesan or cheddar,2,2,2,2,2,2,2,2,2,2,2
3543,parsley or basil,2,2,2,2,2,2,2,2,2,2,2
3544,parsley or mint,2,2,2,2,2,2,2,2,2,2,2
3545,parsley stalks only,2,2,2,2,2,2,2,2,2,2,2
3546,passion fruit curd,2,2,2,2,2,2,2,2,2,2,2
3547,passion fruit juice,2,2,2,2,2,2,2,2,2,2,2
3548,passion fruit liqueur,2,2,2,2,2,2,2,2,2,2,2
3549,passion fruit seeds,2,2,2,2,2,2,2,2,2,2,2
3550,passion fruits flesh scooped out,2,2,2,2,2,2,2,2,2,2,2
3551,passoa,2,2,2,2,2,2,2,2,2,2,2
3552,pea protein or vegan protein powder,2,2,2,2,2,2,2,2,2,2,2
3553,peanut oil,2,2,2,2,2,2,2,2,2,2,2
3554,pear halves in juice,2,2,2,2,2,2,2,2,2,2,2
3555,pearl couscous,2,2,2,2,2,2,2,2,2,2,2
3556,peas and mash,2,2,2,2,2,2,2,2,2,2,2
3557,peas frozen,2,2,2,2,2,2,2,2,2,2,2
3558,pecan,2,2,2,2,2,2,2,2,2,2,2
3559,pecorino parmesan,2,2,2,2,2,2,2,2,2,2,2
3560,pecorino romano,2,2,2,2,2,2,2,2,2,2,2
3561,peeled tomatoes,2,2,2,2,2,2,2,2,2,2,2
3562,pepper sauce,2,2,2,2,2,2,2,2,2,2,2
3563,peppermint essence,2,2,2,2,2,2,2,2,2,2,2
3564,peppers (mix of red,2,2,2,2,2,2,2,2,2,2,2
3565,peppers different,2,2,2,2,2,2,2,2,2,2,2
3566,peppery salad leaves,2,2,2,2,2,2,2,2,2,2,2
3567,perilla leaves,2,2,2,2,2,2,2,2,2,2,2
3568,persimmons,2,2,2,2,2,2,2,2,2,2,2
3569,peychaud’s bitters,2,2,2,2,2,2,2,2,2,2,2
3570,pickle,2,2,2,2,2,2,2,2,2,2,2
3571,pickled cucumbers,2,2,2,2,2,2,2,2,2,2,2
3572,pickled jalapeño chillies,2,2,2,2,2,2,2,2,2,2,2
3573,pickled silverskin onions,2,2,2,2,2,2,2,2,2,2,2
3574,pickled sushi ginger,2,2,2,2,2,2,2,2,2,2,2
3575,pickled walnuts,2,2,2,2,2,2,2,2,2,2,2
3576,pico de gallo,2,2,2,2,2,2,2,2,2,2,2
3577,pilau rice,2,2,2,2,2,2,2,2,2,2,2
3578,pimm’s,2,2,2,2,2,2,2,2,2,2,2
3579,pineapple rings,2,2,2,2,2,2,2,2,2,2,2
3580,pineapple rings in juice,2,2,2,2,2,2,2,2,2,2,2
3581,pink  food colouring,2,2,2,2,2,2,2,2,2,2,2
3582,pink and purple food colouring,2,2,2,2,2,2,2,2,2,2,2
3583,pink and white marshmallows,2,2,2,2,2,2,2,2,2,2,2
3584,pink himalayan  salt,2,2,2,2,2,2,2,2,2,2,2
3585,pink himalayan salt,2,2,2,2,2,2,2,2,2,2,2
3586,piquillo peppers,2,2,2,2,2,2,2,2,2,2,2
3587,piri-piri sauce,2,2,2,2,2,2,2,2,2,2,2
3588,pistachio kernels,2,2,2,2,2,2,2,2,2,2,2
3589,pitted black olive,2,2,2,2,2,2,2,2,2,2,2
3590,pitted cherries,2,2,2,2,2,2,2,2,2,2,2
3591,pizza base mix,2,2,2,2,2,2,2,2,2,2,2
3592,plain peanuts,2,2,2,2,2,2,2,2,2,2,2
3593,plain tortillas,2,2,2,2,2,2,2,2,2,2,2
3594,plant cream,2,2,2,2,2,2,2,2,2,2,2
3595,plantains,2,2,2,2,2,2,2,2,2,2,2
3596,plum jam,2,2,2,2,2,2,2,2,2,2,2
3597,plum sauce,2,2,2,2,2,2,2,2,2,2,2
3598,poached salmon fillets,2,2,2,2,2,2,2,2,2,2,2
3599,pointed or hispi cabbage,2,2,2,2,2,2,2,2,2,2,2
3600,pointed spring cabbage,2,2,2,2,2,2,2,2,2,2,2
3601,poitín,2,2,2,2,2,2,2,2,2,2,2
3602,pomegranate molasses or balsamic vinegar,2,2,2,2,2,2,2,2,2,2,2
3603,pomelo,2,2,2,2,2,2,2,2,2,2,2
3604,poppadums,2,2,2,2,2,2,2,2,2,2,2
3605,poppy seed,2,2,2,2,2,2,2,2,2,2,2
3606,porcini powder,2,2,2,2,2,2,2,2,2,2,2
3607,pork & herb sausages,2,2,2,2,2,2,2,2,2,2,2
3608,pork belly slices,2,2,2,2,2,2,2,2,2,2,2
3609,pork loin skin,2,2,2,2,2,2,2,2,2,2,2
3610,pork sausage,2,2,2,2,2,2,2,2,2,2,2
3611,pork sausages skins,2,2,2,2,2,2,2,2,2,2,2
3612,pork sausages squeezed out,2,2,2,2,2,2,2,2,2,2,2
3613,pork scratchings,2,2,2,2,2,2,2,2,2,2,2
3614,pork steaks,2,2,2,2,2,2,2,2,2,2,2
3615,port or red wine,2,2,2,2,2,2,2,2,2,2,2
3616,portobellini or chestnut mushrooms,2,2,2,2,2,2,2,2,2,2,2
3617,potato and wilted spinach,2,2,2,2,2,2,2,2,2,2,2
3618,potato starch or cornflour,2,2,2,2,2,2,2,2,2,2,2
3619,potatoes in water,2,2,2,2,2,2,2,2,2,2,2
3620,pouch  cooked,2,2,2,2,2,2,2,2,2,2,2
3621,pouch  mixed grains,2,2,2,2,2,2,2,2,2,2,2
3622,pouch cooked chestnuts,2,2,2,2,2,2,2,2,2,2,2
3623,pouch cooked mixed grains,2,2,2,2,2,2,2,2,2,2,2
3624,pouch microwaveable brown rice,2,2,2,2,2,2,2,2,2,2,2
3625,pouch wholegrain rice,2,2,2,2,2,2,2,2,2,2,2
3626,poussin spatchcocked,2,2,2,2,2,2,2,2,2,2,2
3627,prawn cracker,2,2,2,2,2,2,2,2,2,2,2
3628,prawn crackers,2,2,2,2,2,2,2,2,2,2,2
3629,prawns shells on,2,2,2,2,2,2,2,2,2,2,2
3630,prepared pineapple,2,2,2,2,2,2,2,2,2,2,2
3631,prepared pineapple chunks,2,2,2,2,2,2,2,2,2,2,2
3632,prepared squid and tentacles,2,2,2,2,2,2,2,2,2,2,2
3633,prepared squid tubes,2,2,2,2,2,2,2,2,2,2,2
3634,preserved lemons rind only,2,2,2,2,2,2,2,2,2,2,2
3635,prosciutto or parma ham,2,2,2,2,2,2,2,2,2,2,2
3636,puff pastry sheets,2,2,2,2,2,2,2,2,2,2,2
3637,puffed brown rice,2,2,2,2,2,2,2,2,2,2,2
3638,puffed rice,2,2,2,2,2,2,2,2,2,2,2
3639,purple sprouting or tenderstem broccoli,2,2,2,2,2,2,2,2,2,2,2
3640,quail's eggs,2,2,2,2,2,2,2,2,2,2,2
3641,quantity of ultimate bbq spice blend,2,2,2,2,2,2,2,2,2,2,2
3642,quantity pie pastry,2,2,2,2,2,2,2,2,2,2,2
3643,queen scallops,2,2,2,2,2,2,2,2,2,2,2
3644,quick cook polenta,2,2,2,2,2,2,2,2,2,2,2
3645,quick-cook brown basmati or wild rice,2,2,2,2,2,2,2,2,2,2,2
3646,quorn mince,2,2,2,2,2,2,2,2,2,2,2
3647,racks baby back pork ribs,2,2,2,2,2,2,2,2,2,2,2
3648,rainbow radishes,2,2,2,2,2,2,2,2,2,2,2
3649,rainbow sprinkles,2,2,2,2,2,2,2,2,2,2,2
3650,"rapeseed, vegetable",2,2,2,2,2,2,2,2,2,2,2
3651,raw  king prawn,2,2,2,2,2,2,2,2,2,2,2
3652,raw honey,2,2,2,2,2,2,2,2,2,2,2
3653,raw jumbo king prawns,2,2,2,2,2,2,2,2,2,2,2
3654,ready rolled puff pastry,2,2,2,2,2,2,2,2,2,2,2
3655,ready salted  crisps,2,2,2,2,2,2,2,2,2,2,2
3656,ready-cooked lentils,2,2,2,2,2,2,2,2,2,2,2
3657,ready-cooked puy lentils,2,2,2,2,2,2,2,2,2,2,2
3658,ready-cooked quinoa,2,2,2,2,2,2,2,2,2,2,2
3659,ready-made custard,2,2,2,2,2,2,2,2,2,2,2
3660,ready-made meatballs,2,2,2,2,2,2,2,2,2,2,2
3661,ready-made sweet shortcrust pastry,2,2,2,2,2,2,2,2,2,2,2
3662,ready-made vanilla custard,2,2,2,2,2,2,2,2,2,2,2
3663,ready-rolled puff pastry sheets,2,2,2,2,2,2,2,2,2,2,2
3664,ready-rolled white fondant icing,2,2,2,2,2,2,2,2,2,2,2
3665,ready-to-eat apricots,2,2,2,2,2,2,2,2,2,2,2
3666,ready-to-eat mixed grain pouch,2,2,2,2,2,2,2,2,2,2,2
3667,ready-to-eat smoked mackerel fillets,2,2,2,2,2,2,2,2,2,2,2
3668,ready-to-roll icing,2,2,2,2,2,2,2,2,2,2,2
3669,ready-to-roll marzipan,2,2,2,2,2,2,2,2,2,2,2
3670,ready-to-roll white icing,2,2,2,2,2,2,2,2,2,2,2
3671,ready-washed spinach,2,2,2,2,2,2,2,2,2,2,2
3672,red  food colouring,2,2,2,2,2,2,2,2,2,2,2
3673,red (bird's-eye) chilli,2,2,2,2,2,2,2,2,2,2,2
3674,red and 1 green chilli,2,2,2,2,2,2,2,2,2,2,2
3675,red berries,2,2,2,2,2,2,2,2,2,2,2
3676,red chillies seeds,2,2,2,2,2,2,2,2,2,2,2
3677,red colouring,2,2,2,2,2,2,2,2,2,2,2
3678,red kidney beans in chilli sauce,2,2,2,2,2,2,2,2,2,2,2
3679,red miso paste,2,2,2,2,2,2,2,2,2,2,2
3680,red onion marmalade,2,2,2,2,2,2,2,2,2,2,2
3681,red or orange pepper,2,2,2,2,2,2,2,2,2,2,2
3682,red or white wine,2,2,2,2,2,2,2,2,2,2,2
3683,red or white wine vinegar,2,2,2,2,2,2,2,2,2,2,2
3684,red or yellow peppers,2,2,2,2,2,2,2,2,2,2,2
3685,red romano pepper,2,2,2,2,2,2,2,2,2,2,2
3686,red romano peppers,2,2,2,2,2,2,2,2,2,2,2
3687,red-skinned potatoes,2,2,2,2,2,2,2,2,2,2,2
3688,redcurrant,2,2,2,2,2,2,2,2,2,2,2
3689,reduced fat coconut milk,2,2,2,2,2,2,2,2,2,2,2
3690,reduced-fat mature cheddar,2,2,2,2,2,2,2,2,2,2,2
3691,reduced-fat mozzarella,2,2,2,2,2,2,2,2,2,2,2
3692,reduced-salt  soy sauce,2,2,2,2,2,2,2,2,2,2,2
3693,reduced-salt beef stock,2,2,2,2,2,2,2,2,2,2,2
3694,reduced-salt vegetable,2,2,2,2,2,2,2,2,2,2,2
3695,rib-eye steak,2,2,2,2,2,2,2,2,2,2,2
3696,rice and coriander,2,2,2,2,2,2,2,2,2,2,2
3697,rice and stir-fried greens,2,2,2,2,2,2,2,2,2,2,2
3698,rice crispies,2,2,2,2,2,2,2,2,2,2,2
3699,rice or roti,2,2,2,2,2,2,2,2,2,2,2
3700,rice syrup,2,2,2,2,2,2,2,2,2,2,2
3701,rice wine or cider vinegar,2,2,2,2,2,2,2,2,2,2,2
3702,ricotta or bio yogurt,2,2,2,2,2,2,2,2,2,2,2
3703,ricotta per person,2,2,2,2,2,2,2,2,2,2,2
3704,ricotta salata pecorino,2,2,2,2,2,2,2,2,2,2,2
3705,rigatoni pasta,2,2,2,2,2,2,2,2,2,2,2
3706,rindless pork belly,2,2,2,2,2,2,2,2,2,2,2
3707,ripe  avocado,2,2,2,2,2,2,2,2,2,2,2
3708,ripe apricots,2,2,2,2,2,2,2,2,2,2,2
3709,ripe but firm avocado,2,2,2,2,2,2,2,2,2,2,2
3710,ripe but firm avocados,2,2,2,2,2,2,2,2,2,2,2
3711,ripe cherry tomatoes,2,2,2,2,2,2,2,2,2,2,2
3712,ripe hass avocados,2,2,2,2,2,2,2,2,2,2,2
3713,ripe nectarines stoned,2,2,2,2,2,2,2,2,2,2,2
3714,ripe plum tomatoes,2,2,2,2,2,2,2,2,2,2,2
3715,ripe sloes,2,2,2,2,2,2,2,2,2,2,2
3716,ripe tomatoes on the vine,2,2,2,2,2,2,2,2,2,2,2
3717,ripe vine tomatoes,2,2,2,2,2,2,2,2,2,2,2
3718,"ripe, juicy tomatoes",2,2,2,2,2,2,2,2,2,2,2
3719,ritz crackers,2,2,2,2,2,2,2,2,2,2,2
3720,roast potatoes,2,2,2,2,2,2,2,2,2,2,2
3721,roasted and chopped hazelnuts,2,2,2,2,2,2,2,2,2,2,2
3722,roasted curry powder,2,2,2,2,2,2,2,2,2,2,2
3723,roasted peppers,2,2,2,2,2,2,2,2,2,2,2
3724,roasted red peppers from,2,2,2,2,2,2,2,2,2,2,2
3725,roasted unsalted cashews,2,2,2,2,2,2,2,2,2,2,2
3726,roasting tin,2,2,2,2,2,2,2,2,2,2,2
3727,rock oysters,2,2,2,2,2,2,2,2,2,2,2
3728,rolling pin,2,2,2,2,2,2,2,2,2,2,2
3729,romaine,2,2,2,2,2,2,2,2,2,2,2
3730,romano pepper,2,2,2,2,2,2,2,2,2,2,2
3731,roquefort,2,2,2,2,2,2,2,2,2,2,2
3732,rose or sweet white vermouth,2,2,2,2,2,2,2,2,2,2,2
3733,rose syrup,2,2,2,2,2,2,2,2,2,2,2
3734,rosemary leaves only,2,2,2,2,2,2,2,2,2,2,2
3735,rosemary needles,2,2,2,2,2,2,2,2,2,2,2
3736,rosemary springs,2,2,2,2,2,2,2,2,2,2,2
3737,rosemary tied together,2,2,2,2,2,2,2,2,2,2,2
3738,rosewater or vanilla extract,2,2,2,2,2,2,2,2,2,2,2
3739,round cake board,2,2,2,2,2,2,2,2,2,2,2
3740,round cookie cutter,2,2,2,2,2,2,2,2,2,2,2
3741,round cutter,2,2,2,2,2,2,2,2,2,2,2
3742,round shallots,2,2,2,2,2,2,2,2,2,2,2
3743,round wholemeal pitta breads,2,2,2,2,2,2,2,2,2,2,2
3744,royal gala apples,2,2,2,2,2,2,2,2,2,2,2
3745,rum or brandy,2,2,2,2,2,2,2,2,2,2,2
3746,rump steaks,2,2,2,2,2,2,2,2,2,2,2
3747,runny  honey,2,2,2,2,2,2,2,2,2,2,2
3748,rye crackers,2,2,2,2,2,2,2,2,2,2,2
3749,rye or sourdough bread,2,2,2,2,2,2,2,2,2,2,2
3750,rye or spelt flour,2,2,2,2,2,2,2,2,2,2,2
3751,sachets squid,2,2,2,2,2,2,2,2,2,2,2
3752,salad or baked beans,2,2,2,2,2,2,2,2,2,2,2
3753,salmon fillet skin on,2,2,2,2,2,2,2,2,2,2,2
3754,salmon fillet skin removed,2,2,2,2,2,2,2,2,2,2,2
3755,salmon fillets skin,2,2,2,2,2,2,2,2,2,2,2
3756,salsa verde,2,2,2,2,2,2,2,2,2,2,2
3757,salt cod,2,2,2,2,2,2,2,2,2,2,2
3758,salt-free sweetcorn,2,2,2,2,2,2,2,2,2,2,2
3759,salted dairy-free plant butter,2,2,2,2,2,2,2,2,2,2,2
3760,salted pistachios,2,2,2,2,2,2,2,2,2,2,2
3761,salted popcorn,2,2,2,2,2,2,2,2,2,2,2
3762,salted tortilla chips,2,2,2,2,2,2,2,2,2,2,2
3763,salted vegan block butter,2,2,2,2,2,2,2,2,2,2,2
3764,sambal oelek,2,2,2,2,2,2,2,2,2,2,2
3765,sardines in oil,2,2,2,2,2,2,2,2,2,2,2
3766,satsumas,2,2,2,2,2,2,2,2,2,2,2
3767,saucepan with,2,2,2,2,2,2,2,2,2,2,2
3768,sausage,2,2,2,2,2,2,2,2,2,2,2
3769,sauternes,2,2,2,2,2,2,2,2,2,2,2
3770,savoiardi sponge fingers,2,2,2,2,2,2,2,2,2,2,2
3771,savoy cabbage leaves,2,2,2,2,2,2,2,2,2,2,2
3772,scissors,2,2,2,2,2,2,2,2,2,2,2
3773,scrumpy cider,2,2,2,2,2,2,2,2,2,2,2
3774,sea bass,2,2,2,2,2,2,2,2,2,2,2
3775,sea salt and freshly ground black pepper,2,2,2,2,2,2,2,2,2,2,2
3776,seasonal greens,2,2,2,2,2,2,2,2,2,2,2
3777,seasonal vegetables,2,2,2,2,2,2,2,2,2,2,2
3778,seasoned flour,2,2,2,2,2,2,2,2,2,2,2
3779,seedless raspberry,2,2,2,2,2,2,2,2,2,2,2
3780,seedless red grapes,2,2,2,2,2,2,2,2,2,2,2
3781,seeds from 0.5 pomegranate,2,2,2,2,2,2,2,2,2,2,2
3782,seeds from 1 vanilla pod,2,2,2,2,2,2,2,2,2,2,2
3783,seeds from 8 cardamom pods,2,2,2,2,2,2,2,2,2,2,2
3784,self-raising wholemeal flour,2,2,2,2,2,2,2,2,2,2,2
3785,semi-dried tomato in oil from a jar,2,2,2,2,2,2,2,2,2,2,2
3786,semolina or plain flour,2,2,2,2,2,2,2,2,2,2,2
3787,sesame oil sriracha,2,2,2,2,2,2,2,2,2,2,2
3788,shaosing wine,2,2,2,2,2,2,2,2,2,2,2
3789,sharp green apple,2,2,2,2,2,2,2,2,2,2,2
3790,shichimi togarashi,2,2,2,2,2,2,2,2,2,2,2
3791,shop-bought crostini,2,2,2,2,2,2,2,2,2,2,2
3792,shop-bought fresh custard,2,2,2,2,2,2,2,2,2,2,2
3793,shop-bought puff pastry,2,2,2,2,2,2,2,2,2,2,2
3794,shop-bought shortcrust pastry,2,2,2,2,2,2,2,2,2,2,2
3795,short pasta of your choice,2,2,2,2,2,2,2,2,2,2,2
3796,shoulder of lamb,2,2,2,2,2,2,2,2,2,2,2
3797,side of salmon pin-boned and scaled,2,2,2,2,2,2,2,2,2,2,2
3798,sieved apricot jam,2,2,2,2,2,2,2,2,2,2,2
3799,silver balls,2,2,2,2,2,2,2,2,2,2,2
3800,silver edible glitter,2,2,2,2,2,2,2,2,2,2,2
3801,silver leaf,2,2,2,2,2,2,2,2,2,2,2
3802,"single, double",2,2,2,2,2,2,2,2,2,2,2
3803,sirloin or rump steak,2,2,2,2,2,2,2,2,2,2,2
3804,sirloin steak fat removed,2,2,2,2,2,2,2,2,2,2,2
3805,skin-on cod fillets,2,2,2,2,2,2,2,2,2,2,2
3806,skinless,2,2,2,2,2,2,2,2,2,2,2
3807,skinless  cod fillets,2,2,2,2,2,2,2,2,2,2,2
3808,skinless  salmon fillets,2,2,2,2,2,2,2,2,2,2,2
3809,skinless boneless chicken thighs fillets,2,2,2,2,2,2,2,2,2,2,2
3810,skinless chicken breast fillet,2,2,2,2,2,2,2,2,2,2,2
3811,skinless chicken drumsticks,2,2,2,2,2,2,2,2,2,2,2
3812,skinless chicken thighs fillets,2,2,2,2,2,2,2,2,2,2,2
3813,skinless chicken thighs on the bone,2,2,2,2,2,2,2,2,2,2,2
3814,skinless cod fillet,2,2,2,2,2,2,2,2,2,2,2
3815,skinless hazelnuts,2,2,2,2,2,2,2,2,2,2,2
3816,skinless pollock fillets,2,2,2,2,2,2,2,2,2,2,2
3817,skinless smoked haddock fillet,2,2,2,2,2,2,2,2,2,2,2
3818,skinless wild salmon,2,2,2,2,2,2,2,2,2,2,2
3819,"skinless, boneless  chicken thighs",2,2,2,2,2,2,2,2,2,2,2
3820,"skinless, boneless chicken thigh fillets",2,2,2,2,2,2,2,2,2,2,2
3821,skinny fries,2,2,2,2,2,2,2,2,2,2,2
3822,slightly stale white bread,2,2,2,2,2,2,2,2,2,2,2
3823,slim leeks,2,2,2,2,2,2,2,2,2,2,2
3824,smarties,2,2,2,2,2,2,2,2,2,2,2
3825,smoked  paprika,2,2,2,2,2,2,2,2,2,2,2
3826,smoked cheddar,2,2,2,2,2,2,2,2,2,2,2
3827,smoked haddock fillet,2,2,2,2,2,2,2,2,2,2,2
3828,smoked ham slices,2,2,2,2,2,2,2,2,2,2,2
3829,smoked lardons,2,2,2,2,2,2,2,2,2,2,2
3830,smoked mackerel skin,2,2,2,2,2,2,2,2,2,2,2
3831,smoked or regular paprika,2,2,2,2,2,2,2,2,2,2,2
3832,smoked pancetta rashers,2,2,2,2,2,2,2,2,2,2,2
3833,smoked streaky  bacon,2,2,2,2,2,2,2,2,2,2,2
3834,smoked trout,2,2,2,2,2,2,2,2,2,2,2
3835,"smoked, streaky bacon",2,2,2,2,2,2,2,2,2,2,2
3836,smooth almond butter,2,2,2,2,2,2,2,2,2,2,2
3837,smooth or crunchy peanut butter,2,2,2,2,2,2,2,2,2,2,2
3838,soda,2,2,2,2,2,2,2,2,2,2,2
3839,soda bread,2,2,2,2,2,2,2,2,2,2,2
3840,soft  salted butter,2,2,2,2,2,2,2,2,2,2,2
3841,soft corn tacos,2,2,2,2,2,2,2,2,2,2,2
3842,soft dried fig,2,2,2,2,2,2,2,2,2,2,2
3843,soft lettuce leaves,2,2,2,2,2,2,2,2,2,2,2
3844,soft margarine,2,2,2,2,2,2,2,2,2,2,2
3845,soft pitted prunes,2,2,2,2,2,2,2,2,2,2,2
3846,soft ricotta,2,2,2,2,2,2,2,2,2,2,2
3847,soft rindless goat's cheese,2,2,2,2,2,2,2,2,2,2,2
3848,soft rindless goat's cheese log,2,2,2,2,2,2,2,2,2,2,2
3849,soft vegetarian goat's cheese,2,2,2,2,2,2,2,2,2,2,2
3850,soft white rolls,2,2,2,2,2,2,2,2,2,2,2
3851,soft-boiled egg,2,2,2,2,2,2,2,2,2,2,2
3852,some chopped spring onion,2,2,2,2,2,2,2,2,2,2,2
3853,sour cherries,2,2,2,2,2,2,2,2,2,2,2
3854,sourdough breadcrumbs,2,2,2,2,2,2,2,2,2,2,2
3855,sourdough or bloomer,2,2,2,2,2,2,2,2,2,2,2
3856,sourdough or crusty bread,2,2,2,2,2,2,2,2,2,2,2
3857,sourdough slices,2,2,2,2,2,2,2,2,2,2,2
3858,sourdough toast,2,2,2,2,2,2,2,2,2,2,2
3859,soured cream and lime wedges,2,2,2,2,2,2,2,2,2,2,2
3860,spanish brandy,2,2,2,2,2,2,2,2,2,2,2
3861,spatula,2,2,2,2,2,2,2,2,2,2,2
3862,speculoos biscuit spread,2,2,2,2,2,2,2,2,2,2,2
3863,spinach & ricotta ravioli,2,2,2,2,2,2,2,2,2,2,2
3864,spinach any coarse stalks,2,2,2,2,2,2,2,2,2,2,2
3865,split red lentils,2,2,2,2,2,2,2,2,2,2,2
3866,spray of oil,2,2,2,2,2,2,2,2,2,2,2
3867,spring onions whites and greens,2,2,2,2,2,2,2,2,2,2,2
3868,spring onions whites only,2,2,2,2,2,2,2,2,2,2,2
3869,squeeze of lime,2,2,2,2,2,2,2,2,2,2,2
3870,squirty cream,2,2,2,2,2,2,2,2,2,2,2
3871,stalk lemongrass,2,2,2,2,2,2,2,2,2,2,2
3872,star cutter,2,2,2,2,2,2,2,2,2,2,2
3873,star sprinkles,2,2,2,2,2,2,2,2,2,2,2
3874,starch,2,2,2,2,2,2,2,2,2,2,2
3875,starchy potato,2,2,2,2,2,2,2,2,2,2,2
3876,steaks,2,2,2,2,2,2,2,2,2,2,2
3877,steamed basmati rice,2,2,2,2,2,2,2,2,2,2,2
3878,steamed bok choi,2,2,2,2,2,2,2,2,2,2,2
3879,steamed milk,2,2,2,2,2,2,2,2,2,2,2
3880,stem ginger syrup,2,2,2,2,2,2,2,2,2,2,2
3881,stencil,2,2,2,2,2,2,2,2,2,2,2
3882,stewing lamb,2,2,2,2,2,2,2,2,2,2,2
3883,stoned black olives,2,2,2,2,2,2,2,2,2,2,2
3884,stoned date,2,2,2,2,2,2,2,2,2,2,2
3885,straight to wok noodles,2,2,2,2,2,2,2,2,2,2,2
3886,straight-to-wok egg noodles,2,2,2,2,2,2,2,2,2,2,2
3887,streaky smoked bacon,2,2,2,2,2,2,2,2,2,2,2
3888,strips,2,2,2,2,2,2,2,2,2,2,2
3889,strong black coffee cooled,2,2,2,2,2,2,2,2,2,2,2
3890,strong espresso,2,2,2,2,2,2,2,2,2,2,2
3891,strong flour,2,2,2,2,2,2,2,2,2,2,2
3892,strong hot coffee,2,2,2,2,2,2,2,2,2,2,2
3893,strong plain flour,2,2,2,2,2,2,2,2,2,2,2
3894,strong wholemeal bread flour,2,2,2,2,2,2,2,2,2,2,2
3895,stuffed green olives,2,2,2,2,2,2,2,2,2,2,2
3896,sugar cubes,2,2,2,2,2,2,2,2,2,2,2
3897,sugar snap,2,2,2,2,2,2,2,2,2,2,2
3898,sugar snap peas halved lengthways,2,2,2,2,2,2,2,2,2,2,2
3899,sugar sprinkles,2,2,2,2,2,2,2,2,2,2,2
3900,sundried tomato pesto,2,2,2,2,2,2,2,2,2,2,2
3901,sunflower or olive oil,2,2,2,2,2,2,2,2,2,2,2
3902,sunflower or veg oil,2,2,2,2,2,2,2,2,2,2,2
3903,sunflower seed,2,2,2,2,2,2,2,2,2,2,2
3904,sweet chilli dipping sauce,2,2,2,2,2,2,2,2,2,2,2
3905,sweet red vermouth,2,2,2,2,2,2,2,2,2,2,2
3906,sweets and sprinkles,2,2,2,2,2,2,2,2,2,2,2
3907,swiss chard,2,2,2,2,2,2,2,2,2,2,2
3908,syrup,2,2,2,2,2,2,2,2,2,2,2
3909,t-bone steak,2,2,2,2,2,2,2,2,2,2,2
3910,taco or fajita seasoning,2,2,2,2,2,2,2,2,2,2,2
3911,tacos,2,2,2,2,2,2,2,2,2,2,2
3912,tagine paste,2,2,2,2,2,2,2,2,2,2,2
3913,tamarind,2,2,2,2,2,2,2,2,2,2,2
3914,tamarind sauce,2,2,2,2,2,2,2,2,2,2,2
3915,tandoori or tikka spice paste,2,2,2,2,2,2,2,2,2,2,2
3916,tangerines,2,2,2,2,2,2,2,2,2,2,2
3917,tartare sauce,2,2,2,2,2,2,2,2,2,2,2
3918,thai basil and coriander,2,2,2,2,2,2,2,2,2,2,2
3919,thai chillies,2,2,2,2,2,2,2,2,2,2,2
3920,thai sweet chilli dipping sauce,2,2,2,2,2,2,2,2,2,2,2
3921,the brine,2,2,2,2,2,2,2,2,2,2,2
3922,thick  greek yogurt,2,2,2,2,2,2,2,2,2,2,2
3923,thick white fish fillets,2,2,2,2,2,2,2,2,2,2,2
3924,thick yogurt,2,2,2,2,2,2,2,2,2,2,2
3925,thick-cut bacon,2,2,2,2,2,2,2,2,2,2,2
3926,thick-cut pork chops,2,2,2,2,2,2,2,2,2,2,2
3927,thin-cut pork loin steaks,2,2,2,2,2,2,2,2,2,2,2
3928,thyme leaf,2,2,2,2,2,2,2,2,2,2,2
3929,thyme rosemary,2,2,2,2,2,2,2,2,2,2,2
3930,tiny squirt tomato purée,2,2,2,2,2,2,2,2,2,2,2
3931,toffee,2,2,2,2,2,2,2,2,2,2,2
3932,toffee popcorn,2,2,2,2,2,2,2,2,2,2,2
3933,toffees,2,2,2,2,2,2,2,2,2,2,2
3934,togarashi,2,2,2,2,2,2,2,2,2,2,2
3935,tomatillos,2,2,2,2,2,2,2,2,2,2,2
3936,tomato salad,2,2,2,2,2,2,2,2,2,2,2
3937,tomatoes on the vine,2,2,2,2,2,2,2,2,2,2,2
3938,toppings,2,2,2,2,2,2,2,2,2,2,2
3939,total sweet (xylitol),2,2,2,2,2,2,2,2,2,2,2
3940,triangular bread thins,2,2,2,2,2,2,2,2,2,2,2
3941,trofie pasta,2,2,2,2,2,2,2,2,2,2,2
3942,tuna steak in spring water,2,2,2,2,2,2,2,2,2,2,2
3943,turkey bacon,2,2,2,2,2,2,2,2,2,2,2
3944,turkey breast mince,2,2,2,2,2,2,2,2,2,2,2
3945,turkey escalopes,2,2,2,2,2,2,2,2,2,2,2
3946,turkey meat,2,2,2,2,2,2,2,2,2,2,2
3947,turkey neck,2,2,2,2,2,2,2,2,2,2,2
3948,turkish chilli flakes,2,2,2,2,2,2,2,2,2,2,2
3949,udon noodles,2,2,2,2,2,2,2,2,2,2,2
3950,unblanched hazelnuts,2,2,2,2,2,2,2,2,2,2,2
3951,undyed smoked haddock fillet,2,2,2,2,2,2,2,2,2,2,2
3952,"unroasted, unsalted  cashews",2,2,2,2,2,2,2,2,2,2,2
3953,unsalted butter or coconut oil,2,2,2,2,2,2,2,2,2,2,2
3954,unsalted pistachios,2,2,2,2,2,2,2,2,2,2,2
3955,unsalted roasted peanuts,2,2,2,2,2,2,2,2,2,2,2
3956,unsalted shelled pistachios,2,2,2,2,2,2,2,2,2,2,2
3957,unsmoked boneless gammon joint,2,2,2,2,2,2,2,2,2,2,2
3958,unsweetened desiccated coconut,2,2,2,2,2,2,2,2,2,2,2
3959,unwaxed oranges,2,2,2,2,2,2,2,2,2,2,2
3960,urfa chilli flakes,2,2,2,2,2,2,2,2,2,2,2
3961,vanilla bean extract,2,2,2,2,2,2,2,2,2,2,2
3962,vanilla bean pod,2,2,2,2,2,2,2,2,2,2,2
3963,vanilla bean seeds,2,2,2,2,2,2,2,2,2,2,2
3964,vanilla pod split in half,2,2,2,2,2,2,2,2,2,2,2
3965,vanilla pod split lengthways and seeds,2,2,2,2,2,2,2,2,2,2,2
3966,vanilla pod split lengthways and seeds scraped out,2,2,2,2,2,2,2,2,2,2,2
3967,vanilla pod split open,2,2,2,2,2,2,2,2,2,2,2
3968,vanilla vodka,2,2,2,2,2,2,2,2,2,2,2
3969,veg or chicken stock,2,2,2,2,2,2,2,2,2,2,2
3970,vegan  mayonnaise,2,2,2,2,2,2,2,2,2,2,2
3971,vegan block butter,2,2,2,2,2,2,2,2,2,2,2
3972,vegan coconut yogurt,2,2,2,2,2,2,2,2,2,2,2
3973,vegan cream alternative,2,2,2,2,2,2,2,2,2,2,2
3974,vegan margarine or butter,2,2,2,2,2,2,2,2,2,2,2
3975,vegan mayo,2,2,2,2,2,2,2,2,2,2,2
3976,vegan mayonnaise,2,2,2,2,2,2,2,2,2,2,2
3977,vegan milk,2,2,2,2,2,2,2,2,2,2,2
3978,vegan parmesan,2,2,2,2,2,2,2,2,2,2,2
3979,vegan sausages,2,2,2,2,2,2,2,2,2,2,2
3980,vegan soft cheese,2,2,2,2,2,2,2,2,2,2,2
3981,vegetable oil or rapeseed oil,2,2,2,2,2,2,2,2,2,2,2
3982,vegetable oil or spray oil,2,2,2,2,2,2,2,2,2,2,2
3983,vegetable or coconut oil,2,2,2,2,2,2,2,2,2,2,2
3984,vegetable or ham stock,2,2,2,2,2,2,2,2,2,2,2
3985,vegetables of your choice,2,2,2,2,2,2,2,2,2,2,2
3986,vegetarian blue cheese,2,2,2,2,2,2,2,2,2,2,2
3987,vegetarian brie,2,2,2,2,2,2,2,2,2,2,2
3988,vegetarian mature cheddar,2,2,2,2,2,2,2,2,2,2,2
3989,vegetarian suet,2,2,2,2,2,2,2,2,2,2,2
3990,venison sausages,2,2,2,2,2,2,2,2,2,2,2
3991,vermicelli,2,2,2,2,2,2,2,2,2,2,2
3992,vermicelli noodles,2,2,2,2,2,2,2,2,2,2,2
3993,vermicelli rice noodle,2,2,2,2,2,2,2,2,2,2,2
3994,vermouth or white wine,2,2,2,2,2,2,2,2,2,2,2
3995,very fresh eggs,2,2,2,2,2,2,2,2,2,2,2
3996,very ripe  bananas,2,2,2,2,2,2,2,2,2,2,2
3997,very ripe passion fruits,2,2,2,2,2,2,2,2,2,2,2
3998,very ripe tomatoes,2,2,2,2,2,2,2,2,2,2,2
3999,vine cherry tomatoes,2,2,2,2,2,2,2,2,2,2,2
4000,vinegar of your choice,2,2,2,2,2,2,2,2,2,2,2
4001,walnuts or pecans,2,2,2,2,2,2,2,2,2,2,2
4002,warm beef stock,2,2,2,2,2,2,2,2,2,2,2
4003,warm chicken stock,2,2,2,2,2,2,2,2,2,2,2
4004,warm vegetable stock,2,2,2,2,2,2,2,2,2,2,2
4005,watercress or baby spinach,2,2,2,2,2,2,2,2,2,2,2
4006,watercress or rocket,2,2,2,2,2,2,2,2,2,2,2
4007,watermelon skin and seeds,2,2,2,2,2,2,2,2,2,2,2
4008,waxy  potatoes,2,2,2,2,2,2,2,2,2,2,2
4009,wedge of lime,2,2,2,2,2,2,2,2,2,2,2
4010,wheat gluten,2,2,2,2,2,2,2,2,2,2,2
4011,wheatberries,2,2,2,2,2,2,2,2,2,2,2
4012,whipped or  squirty cream,2,2,2,2,2,2,2,2,2,2,2
4013,white  cabbage,2,2,2,2,2,2,2,2,2,2,2
4014,white  marshmallows,2,2,2,2,2,2,2,2,2,2,2
4015,white baguette,2,2,2,2,2,2,2,2,2,2,2
4016,white balsamic,2,2,2,2,2,2,2,2,2,2,2
4017,white bean,2,2,2,2,2,2,2,2,2,2,2
4018,white breadcrumb,2,2,2,2,2,2,2,2,2,2,2
4019,white button mushrooms,2,2,2,2,2,2,2,2,2,2,2
4020,white chia seeds,2,2,2,2,2,2,2,2,2,2,2
4021,white chicory,2,2,2,2,2,2,2,2,2,2,2
4022,white chocolate truffles,2,2,2,2,2,2,2,2,2,2,2
4023,white grape juice,2,2,2,2,2,2,2,2,2,2,2
4024,white long grain rice,2,2,2,2,2,2,2,2,2,2,2
4025,white sauerkraut,2,2,2,2,2,2,2,2,2,2,2
4026,white sugar paste,2,2,2,2,2,2,2,2,2,2,2
4027,whole,2,2,2,2,2,2,2,2,2,2,2
4028,whole  nutmeg,2,2,2,2,2,2,2,2,2,2,2
4029,whole  star anise,2,2,2,2,2,2,2,2,2,2,2
4030,whole almond,2,2,2,2,2,2,2,2,2,2,2
4031,whole beetroot,2,2,2,2,2,2,2,2,2,2,2
4032,whole black peppercorns,2,2,2,2,2,2,2,2,2,2,2
4033,whole blanched hazelnuts,2,2,2,2,2,2,2,2,2,2,2
4034,whole camembert,2,2,2,2,2,2,2,2,2,2,2
4035,whole chicken spatchcocked,2,2,2,2,2,2,2,2,2,2,2
4036,whole clove,2,2,2,2,2,2,2,2,2,2,2
4037,whole garlic cloves,2,2,2,2,2,2,2,2,2,2,2
4038,whole green chillies,2,2,2,2,2,2,2,2,2,2,2
4039,whole lamb leg,2,2,2,2,2,2,2,2,2,2,2
4040,whole large eggs,2,2,2,2,2,2,2,2,2,2,2
4041,whole milk powder,2,2,2,2,2,2,2,2,2,2,2
4042,whole oat milk,2,2,2,2,2,2,2,2,2,2,2
4043,whole pecans,2,2,2,2,2,2,2,2,2,2,2
4044,whole red mullet,2,2,2,2,2,2,2,2,2,2,2
4045,whole sardines,2,2,2,2,2,2,2,2,2,2,2
4046,wholegrain seeded bread,2,2,2,2,2,2,2,2,2,2,2
4047,wholemeal breadcrumbs,2,2,2,2,2,2,2,2,2,2,2
4048,wholemeal burger buns,2,2,2,2,2,2,2,2,2,2,2
4049,wholemeal couscous,2,2,2,2,2,2,2,2,2,2,2
4050,wholemeal flatbreads,2,2,2,2,2,2,2,2,2,2,2
4051,wholemeal fusilli,2,2,2,2,2,2,2,2,2,2,2
4052,wholemeal noodle nests,2,2,2,2,2,2,2,2,2,2,2
4053,wholemeal noodles,2,2,2,2,2,2,2,2,2,2,2
4054,wholemeal pasta,2,2,2,2,2,2,2,2,2,2,2
4055,wholemeal pitta,2,2,2,2,2,2,2,2,2,2,2
4056,wholemeal sourdough,2,2,2,2,2,2,2,2,2,2,2
4057,wholemeal toast,2,2,2,2,2,2,2,2,2,2,2
4058,wholemeal tortilla wrap,2,2,2,2,2,2,2,2,2,2,2
4059,wholewheat lasagne sheets,2,2,2,2,2,2,2,2,2,2,2
4060,wholewheat noodles,2,2,2,2,2,2,2,2,2,2,2
4061,wholewheat tortillas,2,2,2,2,2,2,2,2,2,2,2
4062,"wide-mouthed, flip-top jar sterilised",2,2,2,2,2,2,2,2,2,2,2
4063,wild garlic butter,2,2,2,2,2,2,2,2,2,2,2
4064,wilted spinach,2,2,2,2,2,2,2,2,2,2,2
4065,woody herbs,2,2,2,2,2,2,2,2,2,2,2
4066,yellow food colouring paste,2,2,2,2,2,2,2,2,2,2,2
4067,yellow sugar paste,2,2,2,2,2,2,2,2,2,2,2
4068,yoghurt,2,2,2,2,2,2,2,2,2,2,2
4069,young nettle leaves,2,2,2,2,2,2,2,2,2,2,2
4070,your favourite bread bread,2,2,2,2,2,2,2,2,2,2,2
4071,% fat natural yogurt,1,1,1,1,1,1,1,1,1,1,1
4072,& zest 1 lemon,1,1,1,1,1,1,1,1,1,1,1
4073,&frac12,1,1,1,1,1,1,1,1,1,1,1
4074,'00'  flour,1,1,1,1,1,1,1,1,1,1,1
4075,'cheeks' from a whole granny smiths apple,1,1,1,1,1,1,1,1,1,1,1
4076,(depending on size),1,1,1,1,1,1,1,1,1,1,1
4077,(reserve the rest,1,1,1,1,1,1,1,1,1,1,1
4078,(serve the remainder),1,1,1,1,1,1,1,1,1,1,1
4079,", raw",1,1,1,1,1,1,1,1,1,1,1
4080,", raw beetroot",1,1,1,1,1,1,1,1,1,1,1
4081,", ripe bananas",1,1,1,1,1,1,1,1,1,1,1
4082,", ripe passion fruit",1,1,1,1,1,1,1,1,1,1,1
4083,", ripe tomatoes",1,1,1,1,1,1,1,1,1,1,1
4084,", ripe, firm tomatoes",1,1,1,1,1,1,1,1,1,1,1
4085,", round  white",1,1,1,1,1,1,1,1,1,1,1
4086,", skinless chicken breast",1,1,1,1,1,1,1,1,1,1,1
4087,", strong black coffee",1,1,1,1,1,1,1,1,1,1,1
4088,", taken out of the fridge 1hr before cooking",1,1,1,1,1,1,1,1,1,1,1
4089,", thin holly branches",1,1,1,1,1,1,1,1,1,1,1
4090,", very ripe banana",1,1,1,1,1,1,1,1,1,1,1
4091,-1 lime,1,1,1,1,1,1,1,1,1,1,1
4092,-hot mustard,1,1,1,1,1,1,1,1,1,1,1
4093,-hot red chilli,1,1,1,1,1,1,1,1,1,1,1
4094,-hot red chillies,1,1,1,1,1,1,1,1,1,1,1
4095,-to-large savoy cabbage,1,1,1,1,1,1,1,1,1,1,1
4096,0%  bio-yogurt,1,1,1,1,1,1,1,1,1,1,1
4097,0%  natural yogurt,1,1,1,1,1,1,1,1,1,1,1
4098,0% bio yogurt,1,1,1,1,1,1,1,1,1,1,1
4099,0% fat  bio-yogurt,1,1,1,1,1,1,1,1,1,1,1
4100,0% fat  greek yogurt,1,1,1,1,1,1,1,1,1,1,1
4101,0% fat  natural yogurt,1,1,1,1,1,1,1,1,1,1,1
4102,0% fat bio yogurt,1,1,1,1,1,1,1,1,1,1,1
4103,0% fat greek yoghurt,1,1,1,1,1,1,1,1,1,1,1
4104,0% fat natural greek yogurt,1,1,1,1,1,1,1,1,1,1,1
4105,0% fat natural yogurt,1,1,1,1,1,1,1,1,1,1,1
4106,0% fat probiotic  natural yogurt mixed with &frac12,1,1,1,1,1,1,1,1,1,1,1
4107,0% fat probiotic  yogurt,1,1,1,1,1,1,1,1,1,1,1
4108,0% fat probiotic yogurt,1,1,1,1,1,1,1,1,1,1,1
4109,0% greek yogurt,1,1,1,1,1,1,1,1,1,1,1
4110,0% plain probiotic yogurt,1,1,1,1,1,1,1,1,1,1,1
4111,0.25 large,1,1,1,1,1,1,1,1,1,1,1
4112,00 pasta flour,1,1,1,1,1,1,1,1,1,1,1
4113,1-litre tubs vanilla ice cream,1,1,1,1,1,1,1,1,1,1,1
4114,10% fat  greek yogurt,1,1,1,1,1,1,1,1,1,1,1
4115,10-hole silicone chocolate mould trays,1,1,1,1,1,1,1,1,1,1,1
4116,100% crunchy peanut butter,1,1,1,1,1,1,1,1,1,1,1
4117,12-hole madeleine,1,1,1,1,1,1,1,1,1,1,1
4118,12-hole mini muffin,1,1,1,1,1,1,1,1,1,1,1
4119,12-litre fermenting bucket,1,1,1,1,1,1,1,1,1,1,1
4120,15-20% fat beef mince,1,1,1,1,1,1,1,1,1,1,1
4121,15-ounce can petite diced tomatoes,1,1,1,1,1,1,1,1,1,1,1
4122,1cm-thick pad thai rice noodles,1,1,1,1,1,1,1,1,1,1,1
4123,2 trout fillets,1,1,1,1,1,1,1,1,1,1,1
4124,20% beef mince,1,1,1,1,1,1,1,1,1,1,1
4125,20% fat lamb mince,1,1,1,1,1,1,1,1,1,1,1
4126,20% fat pork mince,1,1,1,1,1,1,1,1,1,1,1
4127,25cm-long  rosemary stalks,1,1,1,1,1,1,1,1,1,1,1
4128,2cm-thick  tuna steaks,1,1,1,1,1,1,1,1,1,1,1
4129,3% fat turkey thigh mince,1,1,1,1,1,1,1,1,1,1,1
4130,5%  beef mince,1,1,1,1,1,1,1,1,1,1,1
4131,5% fat  beef mince,1,1,1,1,1,1,1,1,1,1,1
4132,5% fat  steak mince,1,1,1,1,1,1,1,1,1,1,1
4133,5% fat beef mince,1,1,1,1,1,1,1,1,1,1,1
4134,5% fat pork mince,1,1,1,1,1,1,1,1,1,1,1
4135,5% lean beef mince,1,1,1,1,1,1,1,1,1,1,1
4136,5%-fat pork mince,1,1,1,1,1,1,1,1,1,1,1
4137,5%-fat steak mince,1,1,1,1,1,1,1,1,1,1,1
4138,6-bone rack of pork skin,1,1,1,1,1,1,1,1,1,1,1
4139,6-bone racks of venison french,1,1,1,1,1,1,1,1,1,1,1
4140,70% cocoa chocolate,1,1,1,1,1,1,1,1,1,1,1
4141,70% cocoa powder the best,1,1,1,1,1,1,1,1,1,1,1
4142,70% dark chocolate chunks,1,1,1,1,1,1,1,1,1,1,1
4143,70% good-quality cocoa powder,1,1,1,1,1,1,1,1,1,1,1
4144,800ml-1l low-salt vegetable stock,1,1,1,1,1,1,1,1,1,1,1
4145,8baby turnips,1,1,1,1,1,1,1,1,1,1,1
4146,a,1,1,1,1,1,1,1,1,1,1,1
4147,a 2-litre sterilised jar,1,1,1,1,1,1,1,1,1,1,1
4148,a 250g chorizo ring,1,1,1,1,1,1,1,1,1,1,1
4149,a bamboo steamer,1,1,1,1,1,1,1,1,1,1,1
4150,a big handful watercress,1,1,1,1,1,1,1,1,1,1,1
4151,a big mint,1,1,1,1,1,1,1,1,1,1,1
4152,a big stalk of,1,1,1,1,1,1,1,1,1,1,1
4153,a cake board,1,1,1,1,1,1,1,1,1,1,1
4154,a cinnamon,1,1,1,1,1,1,1,1,1,1,1
4155,a dressed salad,1,1,1,1,1,1,1,1,1,1,1
4156,a drizzle of buffalo hot sauce,1,1,1,1,1,1,1,1,1,1,1
4157,a drizzle of dark chocolate,1,1,1,1,1,1,1,1,1,1,1
4158,a few  dill,1,1,1,1,1,1,1,1,1,1,1
4159,a few  lettuce leaves,1,1,1,1,1,1,1,1,1,1,1
4160,a few bay leaves,1,1,1,1,1,1,1,1,1,1,1
4161,a few capers,1,1,1,1,1,1,1,1,1,1,1
4162,a few celery leaves,1,1,1,1,1,1,1,1,1,1,1
4163,a few chive flowers,1,1,1,1,1,1,1,1,1,1,1
4164,a few chopped mint leaves,1,1,1,1,1,1,1,1,1,1,1
4165,a few chunks of bread,1,1,1,1,1,1,1,1,1,1,1
4166,a few coriander or thai basil leaves,1,1,1,1,1,1,1,1,1,1,1
4167,a few cornichons,1,1,1,1,1,1,1,1,1,1,1
4168,a few crunchy  lettuce leaves,1,1,1,1,1,1,1,1,1,1,1
4169,a few crushed,1,1,1,1,1,1,1,1,1,1,1
4170,a few curry leaves,1,1,1,1,1,1,1,1,1,1,1
4171,a few doilies in different,1,1,1,1,1,1,1,1,1,1,1
4172,a few dried banana chips,1,1,1,1,1,1,1,1,1,1,1
4173,a few drops almond essence,1,1,1,1,1,1,1,1,1,1,1
4174,a few drops almond extract,1,1,1,1,1,1,1,1,1,1,1
4175,a few drops arbequina,1,1,1,1,1,1,1,1,1,1,1
4176,a few drops hot sauce,1,1,1,1,1,1,1,1,1,1,1
4177,a few drops red food colouring,1,1,1,1,1,1,1,1,1,1,1
4178,a few drops rosewater,1,1,1,1,1,1,1,1,1,1,1
4179,a few drops yellow food colouring,1,1,1,1,1,1,1,1,1,1,1
4180,a few edible flowers from the garden,1,1,1,1,1,1,1,1,1,1,1
4181,a few fennel tops,1,1,1,1,1,1,1,1,1,1,1
4182,a few flaked almonds,1,1,1,1,1,1,1,1,1,1,1
4183,a few fresh  thyme leaves,1,1,1,1,1,1,1,1,1,1,1
4184,a few fresh herb,1,1,1,1,1,1,1,1,1,1,1
4185,a few fresh mint leaves,1,1,1,1,1,1,1,1,1,1,1
4186,a few fresh strawberries,1,1,1,1,1,1,1,1,1,1,1
4187,a few fresh thyme,1,1,1,1,1,1,1,1,1,1,1
4188,a few ginger biscuits,1,1,1,1,1,1,1,1,1,1,1
4189,a few gratings of fresh nutmeg,1,1,1,1,1,1,1,1,1,1,1
4190,a few grinds of,1,1,1,1,1,1,1,1,1,1,1
4191,a few ice cubes,1,1,1,1,1,1,1,1,1,1,1
4192,a few leaves of basil,1,1,1,1,1,1,1,1,1,1,1
4193,a few leaves of oregano,1,1,1,1,1,1,1,1,1,1,1
4194,a few lemon slices,1,1,1,1,1,1,1,1,1,1,1
4195,a few lemon thyme,1,1,1,1,1,1,1,1,1,1,1
4196,a few lemon wedges,1,1,1,1,1,1,1,1,1,1,1
4197,a few mini  marshmallows,1,1,1,1,1,1,1,1,1,1,1
4198,a few oregano,1,1,1,1,1,1,1,1,1,1,1
4199,a few pecans,1,1,1,1,1,1,1,1,1,1,1
4200,a few peppercorns,1,1,1,1,1,1,1,1,1,1,1
4201,a few picked elderflowers,1,1,1,1,1,1,1,1,1,1,1
4202,a few plastic straws,1,1,1,1,1,1,1,1,1,1,1
4203,a few raisins,1,1,1,1,1,1,1,1,1,1,1
4204,a few sea salt flakes,1,1,1,1,1,1,1,1,1,1,1
4205,a few sichuan peppercorns,1,1,1,1,1,1,1,1,1,1,1
4206,a few sliced spring onions,1,1,1,1,1,1,1,1,1,1,1
4207,a few splashes  grenadine,1,1,1,1,1,1,1,1,1,1,1
4208,a few stalks of,1,1,1,1,1,1,1,1,1,1,1
4209,a few stems long-stem broccoli,1,1,1,1,1,1,1,1,1,1,1
4210,a few strands of spaghetti,1,1,1,1,1,1,1,1,1,1,1
4211,a few sweets,1,1,1,1,1,1,1,1,1,1,1
4212,a few tarragon,1,1,1,1,1,1,1,1,1,1,1
4213,a few tbsp seedless raspberry jam,1,1,1,1,1,1,1,1,1,1,1
4214,a few torn basil leaves,1,1,1,1,1,1,1,1,1,1,1
4215,a few whole basil leaves,1,1,1,1,1,1,1,1,1,1,1
4216,a fine paintbrush,1,1,1,1,1,1,1,1,1,1,1
4217,a fishmonger gift voucher,1,1,1,1,1,1,1,1,1,1,1
4218,a generous grating fresh nutmeg,1,1,1,1,1,1,1,1,1,1,1
4219,a generous grating of nutmeg,1,1,1,1,1,1,1,1,1,1,1
4220,a good chunk of cheese,1,1,1,1,1,1,1,1,1,1,1
4221,a good pinch of,1,1,1,1,1,1,1,1,1,1,1
4222,a good sized handful mangetout,1,1,1,1,1,1,1,1,1,1,1
4223,a handful fresh flat-leaf parsley,1,1,1,1,1,1,1,1,1,1,1
4224,a large salad,1,1,1,1,1,1,1,1,1,1,1
4225,a large tea towel baking cloth,1,1,1,1,1,1,1,1,1,1,1
4226,a lime,1,1,1,1,1,1,1,1,1,1,1
4227,a little  flour,1,1,1,1,1,1,1,1,1,1,1
4228,a little  milk,1,1,1,1,1,1,1,1,1,1,1
4229,a little  mustard,1,1,1,1,1,1,1,1,1,1,1
4230,a little  oil,1,1,1,1,1,1,1,1,1,1,1
4231,a little caster sugar,1,1,1,1,1,1,1,1,1,1,1
4232,a little cayenne pepper,1,1,1,1,1,1,1,1,1,1,1
4233,a little chopped mint,1,1,1,1,1,1,1,1,1,1,1
4234,a little cocoa,1,1,1,1,1,1,1,1,1,1,1
4235,a little cocoa powder,1,1,1,1,1,1,1,1,1,1,1
4236,a little curry paste,1,1,1,1,1,1,1,1,1,1,1
4237,a little dairy-free sunflower spread,1,1,1,1,1,1,1,1,1,1,1
4238,a little english mustard,1,1,1,1,1,1,1,1,1,1,1
4239,a little extra virgin olive oil,1,1,1,1,1,1,1,1,1,1,1
4240,a little food colouring paste,1,1,1,1,1,1,1,1,1,1,1
4241,a little grated nutmeg,1,1,1,1,1,1,1,1,1,1,1
4242,a little lime juice,1,1,1,1,1,1,1,1,1,1,1
4243,a little milk,1,1,1,1,1,1,1,1,1,1,1
4244,a little nutmeg,1,1,1,1,1,1,1,1,1,1,1
4245,a little plain flour,1,1,1,1,1,1,1,1,1,1,1
4246,a little rapeseed,1,1,1,1,1,1,1,1,1,1,1
4247,a little red or purple artificial food colouring,1,1,1,1,1,1,1,1,1,1,1
4248,a little semolina,1,1,1,1,1,1,1,1,1,1,1
4249,a little sesame oil,1,1,1,1,1,1,1,1,1,1,1
4250,a little sifted cocoa powder,1,1,1,1,1,1,1,1,1,1,1
4251,a little soft butter,1,1,1,1,1,1,1,1,1,1,1
4252,a little sunflower oil or vegetable oil,1,1,1,1,1,1,1,1,1,1,1
4253,a mixed pack of sweetcorn peas,1,1,1,1,1,1,1,1,1,1,1
4254,a mixture of food colouring gels,1,1,1,1,1,1,1,1,1,1,1
4255,a pin,1,1,1,1,1,1,1,1,1,1,1
4256,a pinch ground cardamom,1,1,1,1,1,1,1,1,1,1,1
4257,a red onion,1,1,1,1,1,1,1,1,1,1,1
4258,a ruler,1,1,1,1,1,1,1,1,1,1,1
4259,"a sieve, jug/bowl",1,1,1,1,1,1,1,1,1,1,1
4260,a sprinkle of ground cinnamon,1,1,1,1,1,1,1,1,1,1,1
4261,a straw,1,1,1,1,1,1,1,1,1,1,1
4262,a sushi mat,1,1,1,1,1,1,1,1,1,1,1
4263,a thin slice root ginger,1,1,1,1,1,1,1,1,1,1,1
4264,a thumb-sized piece of,1,1,1,1,1,1,1,1,1,1,1
4265,a twist of grapefruit zest,1,1,1,1,1,1,1,1,1,1,1
4266,a twist of pared lemon,1,1,1,1,1,1,1,1,1,1,1
4267,a very ripe banana,1,1,1,1,1,1,1,1,1,1,1
4268,a very ripe mango,1,1,1,1,1,1,1,1,1,1,1
4269,a wedge of lime,1,1,1,1,1,1,1,1,1,1,1
4270,a wedge of orange,1,1,1,1,1,1,1,1,1,1,1
4271,a whole nutmeg),1,1,1,1,1,1,1,1,1,1,1
4272,acetate roll,1,1,1,1,1,1,1,1,1,1,1
4273,achuete oil,1,1,1,1,1,1,1,1,1,1,1
4274,ackee,1,1,1,1,1,1,1,1,1,1,1
4275,acorn flour,1,1,1,1,1,1,1,1,1,1,1
4276,acrylic paint,1,1,1,1,1,1,1,1,1,1,1
4277,active 100% hydration starter see tip,1,1,1,1,1,1,1,1,1,1,1
4278,active rye starter,1,1,1,1,1,1,1,1,1,1,1
4279,active white  sourdough starter,1,1,1,1,1,1,1,1,1,1,1
4280,additional caster sugar,1,1,1,1,1,1,1,1,1,1,1
4281,additional toppings of your choice,1,1,1,1,1,1,1,1,1,1,1
4282,aduki beans in water,1,1,1,1,1,1,1,1,1,1,1
4283,after eights,1,1,1,1,1,1,1,1,1,1,1
4284,agar agar flakes,1,1,1,1,1,1,1,1,1,1,1
4285,agar powder,1,1,1,1,1,1,1,1,1,1,1
4286,agar-agar,1,1,1,1,1,1,1,1,1,1,1
4287,agar-agar flakes,1,1,1,1,1,1,1,1,1,1,1
4288,agave nectar or clear honey,1,1,1,1,1,1,1,1,1,1,1
4289,agave nectar or honey,1,1,1,1,1,1,1,1,1,1,1
4290,agave or honey,1,1,1,1,1,1,1,1,1,1,1
4291,agave salt,1,1,1,1,1,1,1,1,1,1,1
4292,aged parmesan,1,1,1,1,1,1,1,1,1,1,1
4293,air-dried or wild boar ham,1,1,1,1,1,1,1,1,1,1,1
4294,ajvar,1,1,1,1,1,1,1,1,1,1,1
4295,ajwain or cumin seeds,1,1,1,1,1,1,1,1,1,1,1
4296,ají amarillo chilli paste,1,1,1,1,1,1,1,1,1,1,1
4297,ají amarillo paste,1,1,1,1,1,1,1,1,1,1,1
4298,alcohol about 40% proof,1,1,1,1,1,1,1,1,1,1,1
4299,alcohol-free spirit,1,1,1,1,1,1,1,1,1,1,1
4300,alcoholic ginger beer,1,1,1,1,1,1,1,1,1,1,1
4301,aldi specially selected lightly smoked scottish salmon fillets,1,1,1,1,1,1,1,1,1,1,1
4302,ale,1,1,1,1,1,1,1,1,1,1,1
4303,ale or beer,1,1,1,1,1,1,1,1,1,1,1
4304,ale or stout,1,1,1,1,1,1,1,1,1,1,1
4305,aleppo pepper,1,1,1,1,1,1,1,1,1,1,1
4306,aleppo pepper flakes,1,1,1,1,1,1,1,1,1,1,1
4307,all butter puff pastry,1,1,1,1,1,1,1,1,1,1,1
4308,all butter shortbread biscuits,1,1,1,1,1,1,1,1,1,1,1
4309,all butter shortcrust pastry,1,1,1,1,1,1,1,1,1,1,1
4310,all purpose flour,1,1,1,1,1,1,1,1,1,1,1
4311,all-bran or shreddies,1,1,1,1,1,1,1,1,1,1,1
4312,all-butter  shortbreads rounds,1,1,1,1,1,1,1,1,1,1,1
4313,all-butter croissants,1,1,1,1,1,1,1,1,1,1,1
4314,all-butter ready-rolled puff pastry,1,1,1,1,1,1,1,1,1,1,1
4315,all-butter shortcrust pastry,1,1,1,1,1,1,1,1,1,1,1
4316,allspice berries ground using,1,1,1,1,1,1,1,1,1,1,1
4317,allspice berry,1,1,1,1,1,1,1,1,1,1,1
4318,allspice or mixed spice,1,1,1,1,1,1,1,1,1,1,1
4319,almond cantuccini or biscotti,1,1,1,1,1,1,1,1,1,1,1
4320,almond liqueur,1,1,1,1,1,1,1,1,1,1,1
4321,almond milk coconut milk or full-fat milk,1,1,1,1,1,1,1,1,1,1,1
4322,almond milk or cow’s milk,1,1,1,1,1,1,1,1,1,1,1
4323,almond milk or milk of your choice,1,1,1,1,1,1,1,1,1,1,1
4324,almond milk unsweetened,1,1,1,1,1,1,1,1,1,1,1
4325,almond nut butter,1,1,1,1,1,1,1,1,1,1,1
4326,almond yogurt,1,1,1,1,1,1,1,1,1,1,1
4327,almonds gold pearls and icing sugar,1,1,1,1,1,1,1,1,1,1,1
4328,almonds with skins,1,1,1,1,1,1,1,1,1,1,1
4329,alphonso mango,1,1,1,1,1,1,1,1,1,1,1
4330,alpro almond drink unsweetened,1,1,1,1,1,1,1,1,1,1,1
4331,alpro coconut drink unsweetened,1,1,1,1,1,1,1,1,1,1,1
4332,amalfi or unwaxed  lemon,1,1,1,1,1,1,1,1,1,1,1
4333,amaranth,1,1,1,1,1,1,1,1,1,1,1
4334,amaretto or orange liqueur,1,1,1,1,1,1,1,1,1,1,1
4335,amarillo chilli,1,1,1,1,1,1,1,1,1,1,1
4336,amchur (mango powder),1,1,1,1,1,1,1,1,1,1,1
4337,american cheese or mild cheddar,1,1,1,1,1,1,1,1,1,1,1
4338,american mustard and ketchup,1,1,1,1,1,1,1,1,1,1,1
4339,american yellow mustard,1,1,1,1,1,1,1,1,1,1,1
4340,american-style hot sauce,1,1,1,1,1,1,1,1,1,1,1
4341,amount of white and black ready-to-roll fondant icing,1,1,1,1,1,1,1,1,1,1,1
4342,amount white fondant icing,1,1,1,1,1,1,1,1,1,1,1
4343,anaheim peppers,1,1,1,1,1,1,1,1,1,1,1
4344,anardana,1,1,1,1,1,1,1,1,1,1,1
4345,ancho chilli,1,1,1,1,1,1,1,1,1,1,1
4346,ancho chilli powder,1,1,1,1,1,1,1,1,1,1,1
4347,ancho chillies,1,1,1,1,1,1,1,1,1,1,1
4348,ancho dried chillies seeds,1,1,1,1,1,1,1,1,1,1,1
4349,ancho reyes verde liqueur,1,1,1,1,1,1,1,1,1,1,1
4350,anchovies drained of oil,1,1,1,1,1,1,1,1,1,1,1
4351,anchovy fillets cut lengthways,1,1,1,1,1,1,1,1,1,1,1
4352,anchovy-stuffed olives,1,1,1,1,1,1,1,1,1,1,1
4353,and prepared squid,1,1,1,1,1,1,1,1,1,1,1
4354,and rolled pork shoulder skin,1,1,1,1,1,1,1,1,1,1,1
4355,anise seeds,1,1,1,1,1,1,1,1,1,1,1
4356,another good melting cheese,1,1,1,1,1,1,1,1,1,1,1
4357,antica formula red vermouth,1,1,1,1,1,1,1,1,1,1,1
4358,aperitif,1,1,1,1,1,1,1,1,1,1,1
4359,aperitif wine,1,1,1,1,1,1,1,1,1,1,1
4360,aperol or campari,1,1,1,1,1,1,1,1,1,1,1
4361,apple & pear juice,1,1,1,1,1,1,1,1,1,1,1
4362,apple and elderflower juice,1,1,1,1,1,1,1,1,1,1,1
4363,apple cider vinegar  apple cider vinegar,1,1,1,1,1,1,1,1,1,1,1
4364,apple crisps,1,1,1,1,1,1,1,1,1,1,1
4365,apple flesh,1,1,1,1,1,1,1,1,1,1,1
4366,apple fruit crisps,1,1,1,1,1,1,1,1,1,1,1
4367,apple juice from concentrate,1,1,1,1,1,1,1,1,1,1,1
4368,apple or pear cider,1,1,1,1,1,1,1,1,1,1,1
4369,apple purée,1,1,1,1,1,1,1,1,1,1,1
4370,apple sauce cranberry,1,1,1,1,1,1,1,1,1,1,1
4371,apple sauce pickle or chutney,1,1,1,1,1,1,1,1,1,1,1
4372,apple skin-on,1,1,1,1,1,1,1,1,1,1,1
4373,apple wedges,1,1,1,1,1,1,1,1,1,1,1
4374,applewood smoked cheese,1,1,1,1,1,1,1,1,1,1,1
4375,approx,1,1,1,1,1,1,1,1,1,1,1
4376,approx 1.5kg tomatoes,1,1,1,1,1,1,1,1,1,1,1
4377,approx 12 medium-sized tomatoes,1,1,1,1,1,1,1,1,1,1,1
4378,approx 25g grated,1,1,1,1,1,1,1,1,1,1,1
4379,approx 30g grated,1,1,1,1,1,1,1,1,1,1,1
4380,approx 80g pack,1,1,1,1,1,1,1,1,1,1,1
4381,apricot cake glaze,1,1,1,1,1,1,1,1,1,1,1
4382,apricot conserve,1,1,1,1,1,1,1,1,1,1,1
4383,apricot halves in light syrup,1,1,1,1,1,1,1,1,1,1,1
4384,apricot in fruit juice,1,1,1,1,1,1,1,1,1,1,1
4385,apricot liqueur,1,1,1,1,1,1,1,1,1,1,1
4386,aqua faba,1,1,1,1,1,1,1,1,1,1,1
4387,aquavit,1,1,1,1,1,1,1,1,1,1,1
4388,arabic bread,1,1,1,1,1,1,1,1,1,1,1
4389,arbequina,1,1,1,1,1,1,1,1,1,1,1
4390,arbol chillies,1,1,1,1,1,1,1,1,1,1,1
4391,arla lactofree cream,1,1,1,1,1,1,1,1,1,1,1
4392,arla lactofree spreadable butter,1,1,1,1,1,1,1,1,1,1,1
4393,arla lactofree whole milk,1,1,1,1,1,1,1,1,1,1,1
4394,armagnac,1,1,1,1,1,1,1,1,1,1,1
4395,armagnac or  brandy,1,1,1,1,1,1,1,1,1,1,1
4396,armagnac or brandy,1,1,1,1,1,1,1,1,1,1,1
4397,aromat,1,1,1,1,1,1,1,1,1,1,1
4398,around 200g  of,1,1,1,1,1,1,1,1,1,1,1
4399,around 4 ice cubes,1,1,1,1,1,1,1,1,1,1,1
4400,around 400g granulated or white caster sugar,1,1,1,1,1,1,1,1,1,1,1
4401,around 400g preserving sugar,1,1,1,1,1,1,1,1,1,1,1
4402,around 750g jam sugar,1,1,1,1,1,1,1,1,1,1,1
4403,around 8 basil leaves,1,1,1,1,1,1,1,1,1,1,1
4404,arrowroot,1,1,1,1,1,1,1,1,1,1,1
4405,artichoke antipasto,1,1,1,1,1,1,1,1,1,1,1
4406,artichoke hearts drained really,1,1,1,1,1,1,1,1,1,1,1
4407,artichoke hearts from a can,1,1,1,1,1,1,1,1,1,1,1
4408,artichoke hearts from a jar,1,1,1,1,1,1,1,1,1,1,1
4409,artichoke hearts in brine,1,1,1,1,1,1,1,1,1,1,1
4410,artichoke hearts in oil,1,1,1,1,1,1,1,1,1,1,1
4411,artichoke hearts in oil from a jar,1,1,1,1,1,1,1,1,1,1,1
4412,artichoke hearts in water,1,1,1,1,1,1,1,1,1,1,1
4413,artichoke in oil,1,1,1,1,1,1,1,1,1,1,1
4414,artichoke in olive oil,1,1,1,1,1,1,1,1,1,1,1
4415,artichokes from,1,1,1,1,1,1,1,1,1,1,1
4416,artichokes in olive oil,1,1,1,1,1,1,1,1,1,1,1
4417,artificial pink food colouring,1,1,1,1,1,1,1,1,1,1,1
4418,artisan-style baguette,1,1,1,1,1,1,1,1,1,1,1
4419,asafoetida powder,1,1,1,1,1,1,1,1,1,1,1
4420,ash goat's cheese log,1,1,1,1,1,1,1,1,1,1,1
4421,ash log goat's cheese,1,1,1,1,1,1,1,1,1,1,1
4422,asian-style salad mix,1,1,1,1,1,1,1,1,1,1,1
4423,asparagus depending on size,1,1,1,1,1,1,1,1,1,1,1
4424,asparagus each spear,1,1,1,1,1,1,1,1,1,1,1
4425,asparagus spear,1,1,1,1,1,1,1,1,1,1,1
4426,asparagus spear woody ends,1,1,1,1,1,1,1,1,1,1,1
4427,asparagus stems,1,1,1,1,1,1,1,1,1,1,1
4428,asparagus you,1,1,1,1,1,1,1,1,1,1,1
4429,assam leaf tea,1,1,1,1,1,1,1,1,1,1,1
4430,assam teabags,1,1,1,1,1,1,1,1,1,1,1
4431,assorted biscuits,1,1,1,1,1,1,1,1,1,1,1
4432,assorted mushrooms,1,1,1,1,1,1,1,1,1,1,1
4433,assorted noodles,1,1,1,1,1,1,1,1,1,1,1
4434,assorted pork,1,1,1,1,1,1,1,1,1,1,1
4435,assorted seafood,1,1,1,1,1,1,1,1,1,1,1
4436,assorted vegetables,1,1,1,1,1,1,1,1,1,1,1
4437,assortment of citrus fruits,1,1,1,1,1,1,1,1,1,1,1
4438,assortment of easter,1,1,1,1,1,1,1,1,1,1,1
4439,assortment of unsprayed flowers,1,1,1,1,1,1,1,1,1,1,1
4440,atchara,1,1,1,1,1,1,1,1,1,1,1
4441,atlantic prawns,1,1,1,1,1,1,1,1,1,1,1
4442,atta or plain wholemeal flour,1,1,1,1,1,1,1,1,1,1,1
4443,aubergine pickle,1,1,1,1,1,1,1,1,1,1,1
4444,aubergines cut in half lengthways and scored on,1,1,1,1,1,1,1,1,1,1,1
4445,aubergines halved lengthways,1,1,1,1,1,1,1,1,1,1,1
4446,aubergines pricked all over with a fork,1,1,1,1,1,1,1,1,1,1,1
4447,aubergines sliced lengthways,1,1,1,1,1,1,1,1,1,1,1
4448,avocado cooked white rice and caribbean roti,1,1,1,1,1,1,1,1,1,1,1
4449,avocado flesh scooped out,1,1,1,1,1,1,1,1,1,1,1
4450,avocado leaves,1,1,1,1,1,1,1,1,1,1,1
4451,avocado peel and stone,1,1,1,1,1,1,1,1,1,1,1
4452,avruga  caviar,1,1,1,1,1,1,1,1,1,1,1
4453,azuki beans,1,1,1,1,1,1,1,1,1,1,1
4454,açaí powder,1,1,1,1,1,1,1,1,1,1,1
4455,aïoli,1,1,1,1,1,1,1,1,1,1,1
4456,baba ganoush,1,1,1,1,1,1,1,1,1,1,1
4457,baby,1,1,1,1,1,1,1,1,1,1,1
4458,baby  beetroot,1,1,1,1,1,1,1,1,1,1,1
4459,baby  carrots,1,1,1,1,1,1,1,1,1,1,1
4460,baby  new potatoes,1,1,1,1,1,1,1,1,1,1,1
4461,baby  sweet peppers,1,1,1,1,1,1,1,1,1,1,1
4462,baby aubergines each,1,1,1,1,1,1,1,1,1,1,1
4463,baby basil leaves,1,1,1,1,1,1,1,1,1,1,1
4464,baby beetroots,1,1,1,1,1,1,1,1,1,1,1
4465,baby beets plain,1,1,1,1,1,1,1,1,1,1,1
4466,baby broad beans fresh,1,1,1,1,1,1,1,1,1,1,1
4467,baby button mushroom,1,1,1,1,1,1,1,1,1,1,1
4468,baby carrots ends,1,1,1,1,1,1,1,1,1,1,1
4469,baby chantenay carrots,1,1,1,1,1,1,1,1,1,1,1
4470,baby charlotte potatoes,1,1,1,1,1,1,1,1,1,1,1
4471,baby corn &amp,1,1,1,1,1,1,1,1,1,1,1
4472,baby corn halved diagonally,1,1,1,1,1,1,1,1,1,1,1
4473,baby corn halved on an angle,1,1,1,1,1,1,1,1,1,1,1
4474,baby courgettes halved lengthways,1,1,1,1,1,1,1,1,1,1,1
4475,baby cucumbers halved lengthways,1,1,1,1,1,1,1,1,1,1,1
4476,baby frozen broad beans,1,1,1,1,1,1,1,1,1,1,1
4477,baby gem lettuces ends,1,1,1,1,1,1,1,1,1,1,1
4478,baby gherkins,1,1,1,1,1,1,1,1,1,1,1
4479,baby kale or curly kale,1,1,1,1,1,1,1,1,1,1,1
4480,baby kale or watercress,1,1,1,1,1,1,1,1,1,1,1
4481,baby leaf & herb salad,1,1,1,1,1,1,1,1,1,1,1
4482,baby leek,1,1,1,1,1,1,1,1,1,1,1
4483,baby lettuce leaves,1,1,1,1,1,1,1,1,1,1,1
4484,baby mixed vegetables,1,1,1,1,1,1,1,1,1,1,1
4485,baby mozzarella,1,1,1,1,1,1,1,1,1,1,1
4486,baby mushrooms,1,1,1,1,1,1,1,1,1,1,1
4487,baby new  potatoes,1,1,1,1,1,1,1,1,1,1,1
4488,baby new potato larger,1,1,1,1,1,1,1,1,1,1,1
4489,baby new potatoes halve any larger,1,1,1,1,1,1,1,1,1,1,1
4490,baby or new potatoes,1,1,1,1,1,1,1,1,1,1,1
4491,baby or regular parsnips,1,1,1,1,1,1,1,1,1,1,1
4492,baby pak choi leaves,1,1,1,1,1,1,1,1,1,1,1
4493,baby plum or cherry tomatoes,1,1,1,1,1,1,1,1,1,1,1
4494,baby plum tomato cut in half,1,1,1,1,1,1,1,1,1,1,1
4495,baby plum tomatoes on the vine,1,1,1,1,1,1,1,1,1,1,1
4496,baby potatoes larger,1,1,1,1,1,1,1,1,1,1,1
4497,baby rocket or watercress,1,1,1,1,1,1,1,1,1,1,1
4498,baby salad leaves,1,1,1,1,1,1,1,1,1,1,1
4499,baby shallots,1,1,1,1,1,1,1,1,1,1,1
4500,baby spinach and rocket mix,1,1,1,1,1,1,1,1,1,1,1
4501,baby spinach dried well,1,1,1,1,1,1,1,1,1,1,1
4502,baby spinach leaf,1,1,1,1,1,1,1,1,1,1,1
4503,baby spinach or rocket leaves,1,1,1,1,1,1,1,1,1,1,1
4504,baby squid,1,1,1,1,1,1,1,1,1,1,1
4505,baby tomatoes,1,1,1,1,1,1,1,1,1,1,1
4506,baby turnips skin on,1,1,1,1,1,1,1,1,1,1,1
4507,babycham,1,1,1,1,1,1,1,1,1,1,1
4508,back bacon fat,1,1,1,1,1,1,1,1,1,1,1
4509,back bacon rashers,1,1,1,1,1,1,1,1,1,1,1
4510,bacon chilli flakes,1,1,1,1,1,1,1,1,1,1,1
4511,bacon lardon,1,1,1,1,1,1,1,1,1,1,1
4512,bacon rashers,1,1,1,1,1,1,1,1,1,1,1
4513,bacon stock,1,1,1,1,1,1,1,1,1,1,1
4514,bagel,1,1,1,1,1,1,1,1,1,1,1
4515,bagels of your choice,1,1,1,1,1,1,1,1,1,1,1
4516,bags,1,1,1,1,1,1,1,1,1,1,1
4517,bags baby leaf salad with pea shoots in the mix,1,1,1,1,1,1,1,1,1,1,1
4518,bags baby spinach leaves,1,1,1,1,1,1,1,1,1,1,1
4519,bags chocolate buttons,1,1,1,1,1,1,1,1,1,1,1
4520,bags chocolate coated malt balls,1,1,1,1,1,1,1,1,1,1,1
4521,bags chocolate mini eggs,1,1,1,1,1,1,1,1,1,1,1
4522,bags corn chips,1,1,1,1,1,1,1,1,1,1,1
4523,bags curly kale,1,1,1,1,1,1,1,1,1,1,1
4524,bags frozen cooked short-grain rice,1,1,1,1,1,1,1,1,1,1,1
4525,bags lamb's lettuces,1,1,1,1,1,1,1,1,1,1,1
4526,bags radishes,1,1,1,1,1,1,1,1,1,1,1
4527,bags rainbow carrots,1,1,1,1,1,1,1,1,1,1,1
4528,bags salted tortilla chips,1,1,1,1,1,1,1,1,1,1,1
4529,bags spinach,1,1,1,1,1,1,1,1,1,1,1
4530,bags watercress,1,1,1,1,1,1,1,1,1,1,1
4531,baguette sliced diagonally,1,1,1,1,1,1,1,1,1,1,1
4532,baguette split lengthways,1,1,1,1,1,1,1,1,1,1,1
4533,baharat,1,1,1,1,1,1,1,1,1,1,1
4534,baharat spice,1,1,1,1,1,1,1,1,1,1,1
4535,bake-at-home sourdough baguettes,1,1,1,1,1,1,1,1,1,1,1
4536,baked banana chips,1,1,1,1,1,1,1,1,1,1,1
4537,baked cheese,1,1,1,1,1,1,1,1,1,1,1
4538,baked potato,1,1,1,1,1,1,1,1,1,1,1
4539,baked potatoes,1,1,1,1,1,1,1,1,1,1,1
4540,baking butter,1,1,1,1,1,1,1,1,1,1,1
4541,baking dish,1,1,1,1,1,1,1,1,1,1,1
4542,baking parchment 1 brown pipe cleaner,1,1,1,1,1,1,1,1,1,1,1
4543,baking powder check,1,1,1,1,1,1,1,1,1,1,1
4544,baking powder gluten-free as desired,1,1,1,1,1,1,1,1,1,1,1
4545,baking sheet lined with baking parchment,1,1,1,1,1,1,1,1,1,1,1
4546,baking tin,1,1,1,1,1,1,1,1,1,1,1
4547,baking trays,1,1,1,1,1,1,1,1,1,1,1
4548,balloons,1,1,1,1,1,1,1,1,1,1,1
4549,balsamic vinegar glaze or balsamic vinegar,1,1,1,1,1,1,1,1,1,1,1
4550,bamboo,1,1,1,1,1,1,1,1,1,1,1
4551,bamboo or metal skewers,1,1,1,1,1,1,1,1,1,1,1
4552,bamboo shoots from,1,1,1,1,1,1,1,1,1,1,1
4553,bamboo skewers,1,1,1,1,1,1,1,1,1,1,1
4554,banana leaf,1,1,1,1,1,1,1,1,1,1,1
4555,banana leaves,1,1,1,1,1,1,1,1,1,1,1
4556,banana liqueur,1,1,1,1,1,1,1,1,1,1,1
4557,banana sliced on an angle,1,1,1,1,1,1,1,1,1,1,1
4558,banana slices and fresh or frozen blueberries and raspberries,1,1,1,1,1,1,1,1,1,1,1
4559,banana unpeeled,1,1,1,1,1,1,1,1,1,1,1
4560,bananas firm,1,1,1,1,1,1,1,1,1,1,1
4561,bananas halved lengthways,1,1,1,1,1,1,1,1,1,1,1
4562,bananas kiwi,1,1,1,1,1,1,1,1,1,1,1
4563,baobab powder,1,1,1,1,1,1,1,1,1,1,1
4564,baps or rolls,1,1,1,1,1,1,1,1,1,1,1
4565,barbie-style doll,1,1,1,1,1,1,1,1,1,1,1
4566,barley flakes,1,1,1,1,1,1,1,1,1,1,1
4567,barley in water,1,1,1,1,1,1,1,1,1,1,1
4568,barley soaked overnight,1,1,1,1,1,1,1,1,1,1,1
4569,barley undrained,1,1,1,1,1,1,1,1,1,1,1
4570,barolo,1,1,1,1,1,1,1,1,1,1,1
4571,bashed once,1,1,1,1,1,1,1,1,1,1,1
4572,basil half,1,1,1,1,1,1,1,1,1,1,1
4573,basil leaves and a green salad,1,1,1,1,1,1,1,1,1,1,1
4574,basil or coriander,1,1,1,1,1,1,1,1,1,1,1
4575,basil or flat-leaf parsley,1,1,1,1,1,1,1,1,1,1,1
4576,basil or parsley leaves,1,1,1,1,1,1,1,1,1,1,1
4577,basil or purple basil,1,1,1,1,1,1,1,1,1,1,1
4578,basil oregano,1,1,1,1,1,1,1,1,1,1,1
4579,basil parsley,1,1,1,1,1,1,1,1,1,1,1
4580,basil small leaves,1,1,1,1,1,1,1,1,1,1,1
4581,basil stems,1,1,1,1,1,1,1,1,1,1,1
4582,basil stems and leaves,1,1,1,1,1,1,1,1,1,1,1
4583,basil thinly,1,1,1,1,1,1,1,1,1,1,1
4584,basmati,1,1,1,1,1,1,1,1,1,1,1
4585,basmati &amp; wild rice,1,1,1,1,1,1,1,1,1,1,1
4586,basmati or jasmine rice,1,1,1,1,1,1,1,1,1,1,1
4587,basmati rice &amp; wild rice,1,1,1,1,1,1,1,1,1,1,1
4588,basmati rice and cucumber &amp,1,1,1,1,1,1,1,1,1,1,1
4589,basmati rice and mango chutney,1,1,1,1,1,1,1,1,1,1,1
4590,basmati rice and naan bread,1,1,1,1,1,1,1,1,1,1,1
4591,basmati rice lime wedges and naan bread,1,1,1,1,1,1,1,1,1,1,1
4592,basmati rice naan and natural yogurt,1,1,1,1,1,1,1,1,1,1,1
4593,basmati rice naan bread and natural yogurt,1,1,1,1,1,1,1,1,1,1,1
4594,basmati rice naan or chapatis,1,1,1,1,1,1,1,1,1,1,1
4595,bavarian smoked cheese,1,1,1,1,1,1,1,1,1,1,1
4596,bavette sirloin,1,1,1,1,1,1,1,1,1,1,1
4597,bavette steaks,1,1,1,1,1,1,1,1,1,1,1
4598,bay,1,1,1,1,1,1,1,1,1,1,1
4599,bay leaf and 3 thyme,1,1,1,1,1,1,1,1,1,1,1
4600,bay leaf fresh,1,1,1,1,1,1,1,1,1,1,1
4601,bay leaves crumpled up,1,1,1,1,1,1,1,1,1,1,1
4602,bay leaves scrunched up in your,1,1,1,1,1,1,1,1,1,1,1
4603,bay leaves tied together,1,1,1,1,1,1,1,1,1,1,1
4604,bbq chicken,1,1,1,1,1,1,1,1,1,1,1
4605,bean sprouts,1,1,1,1,1,1,1,1,1,1,1
4606,beans of your choice,1,1,1,1,1,1,1,1,1,1,1
4607,beaten hen's eggs,1,1,1,1,1,1,1,1,1,1,1
4608,beef brisket or a beef joint,1,1,1,1,1,1,1,1,1,1,1
4609,beef brisket rolled,1,1,1,1,1,1,1,1,1,1,1
4610,beef brisket rolled and tied,1,1,1,1,1,1,1,1,1,1,1
4611,beef chuck steak,1,1,1,1,1,1,1,1,1,1,1
4612,beef dripping,1,1,1,1,1,1,1,1,1,1,1
4613,beef dripping goose fat or vegetable oil,1,1,1,1,1,1,1,1,1,1,1
4614,beef dripping or neutral oil,1,1,1,1,1,1,1,1,1,1,1
4615,beef dripping or vegetable oil,1,1,1,1,1,1,1,1,1,1,1
4616,beef extract,1,1,1,1,1,1,1,1,1,1,1
4617,beef fillet from the thin end,1,1,1,1,1,1,1,1,1,1,1
4618,beef fillet steak,1,1,1,1,1,1,1,1,1,1,1
4619,beef fillet steaks,1,1,1,1,1,1,1,1,1,1,1
4620,beef for braising,1,1,1,1,1,1,1,1,1,1,1
4621,beef frying steak,1,1,1,1,1,1,1,1,1,1,1
4622,beef gravy,1,1,1,1,1,1,1,1,1,1,1
4623,beef meatballs 5% fat,1,1,1,1,1,1,1,1,1,1,1
4624,beef mince 20% fat,1,1,1,1,1,1,1,1,1,1,1
4625,beef or pork mince,1,1,1,1,1,1,1,1,1,1,1
4626,beef or veal flank,1,1,1,1,1,1,1,1,1,1,1
4627,beef oxo,1,1,1,1,1,1,1,1,1,1,1
4628,beef rump steak,1,1,1,1,1,1,1,1,1,1,1
4629,beef scraps,1,1,1,1,1,1,1,1,1,1,1
4630,beef sirloin,1,1,1,1,1,1,1,1,1,1,1
4631,beef sirloin fat,1,1,1,1,1,1,1,1,1,1,1
4632,beef sirloin steak,1,1,1,1,1,1,1,1,1,1,1
4633,beef sizzle steak,1,1,1,1,1,1,1,1,1,1,1
4634,beef stew,1,1,1,1,1,1,1,1,1,1,1
4635,beef stewing or braising steak,1,1,1,1,1,1,1,1,1,1,1
4636,beef stock cube,1,1,1,1,1,1,1,1,1,1,1
4637,beef stock or chicken stock,1,1,1,1,1,1,1,1,1,1,1
4638,beef stock pot,1,1,1,1,1,1,1,1,1,1,1
4639,beef tenderloin,1,1,1,1,1,1,1,1,1,1,1
4640,beef tomatoes,1,1,1,1,1,1,1,1,1,1,1
4641,beef topside,1,1,1,1,1,1,1,1,1,1,1
4642,beefsteak tomatoes,1,1,1,1,1,1,1,1,1,1,1
4643,beer or water,1,1,1,1,1,1,1,1,1,1,1
4644,beeswax,1,1,1,1,1,1,1,1,1,1,1
4645,beetroot (different types are fine),1,1,1,1,1,1,1,1,1,1,1
4646,"beetroot half grated, half",1,1,1,1,1,1,1,1,1,1,1
4647,beetroot hummus,1,1,1,1,1,1,1,1,1,1,1
4648,beetroot in natural juices,1,1,1,1,1,1,1,1,1,1,1
4649,beetroot in water,1,1,1,1,1,1,1,1,1,1,1
4650,beetroot juice,1,1,1,1,1,1,1,1,1,1,1
4651,beetroot not in vinegar,1,1,1,1,1,1,1,1,1,1,1
4652,beetroot preserving liquid,1,1,1,1,1,1,1,1,1,1,1
4653,beetroot salad,1,1,1,1,1,1,1,1,1,1,1
4654,beetroot stems,1,1,1,1,1,1,1,1,1,1,1
4655,beetroot-cured  smoked salmon,1,1,1,1,1,1,1,1,1,1,1
4656,beetroots a mix of colours,1,1,1,1,1,1,1,1,1,1,1
4657,beetroots skin on and cleaned,1,1,1,1,1,1,1,1,1,1,1
4658,beets,1,1,1,1,1,1,1,1,1,1,1
4659,before peeling and seeding),1,1,1,1,1,1,1,1,1,1,1
4660,belachan,1,1,1,1,1,1,1,1,1,1,1
4661,bendy straw,1,1,1,1,1,1,1,1,1,1,1
4662,benedictine,1,1,1,1,1,1,1,1,1,1,1
4663,bergamot,1,1,1,1,1,1,1,1,1,1,1
4664,berries and low-fat yogurt or fromage frais,1,1,1,1,1,1,1,1,1,1,1
4665,berries frozen or fresh,1,1,1,1,1,1,1,1,1,1,1
4666,berries greek yogurt and a drizzle of honey,1,1,1,1,1,1,1,1,1,1,1
4667,berries of your choice,1,1,1,1,1,1,1,1,1,1,1
4668,berry compote,1,1,1,1,1,1,1,1,1,1,1
4669,berry jam of your choice,1,1,1,1,1,1,1,1,1,1,1
4670,best-end lamb chops,1,1,1,1,1,1,1,1,1,1,1
4671,best-quality  saffron,1,1,1,1,1,1,1,1,1,1,1
4672,bicarb,1,1,1,1,1,1,1,1,1,1,1
4673,bicarbonate of soda baked,1,1,1,1,1,1,1,1,1,1,1
4674,big,1,1,1,1,1,1,1,1,1,1,1
4675,big bag of crushed ice,1,1,1,1,1,1,1,1,1,1,1
4676,big bag of granulated sugar,1,1,1,1,1,1,1,1,1,1,1
4677,big bunch flat-leaf parsley,1,1,1,1,1,1,1,1,1,1,1
4678,big bunch mint,1,1,1,1,1,1,1,1,1,1,1
4679,big bunch thyme,1,1,1,1,1,1,1,1,1,1,1
4680,big celery,1,1,1,1,1,1,1,1,1,1,1
4681,big dash each of tabasco & worcestershire sauce,1,1,1,1,1,1,1,1,1,1,1
4682,big dollop of natural yogurt,1,1,1,1,1,1,1,1,1,1,1
4683,big handfuls watercress,1,1,1,1,1,1,1,1,1,1,1
4684,big jam,1,1,1,1,1,1,1,1,1,1,1
4685,big parsnips,1,1,1,1,1,1,1,1,1,1,1
4686,big pinch ground nutmeg,1,1,1,1,1,1,1,1,1,1,1
4687,big pinch saffron,1,1,1,1,1,1,1,1,1,1,1
4688,big plum tomatoes,1,1,1,1,1,1,1,1,1,1,1
4689,big spoonfuls hummus,1,1,1,1,1,1,1,1,1,1,1
4690,biltong,1,1,1,1,1,1,1,1,1,1,1
4691,bio plain yogurt,1,1,1,1,1,1,1,1,1,1,1
4692,bird's eye chillies according,1,1,1,1,1,1,1,1,1,1,1
4693,bird's-eye chillies,1,1,1,1,1,1,1,1,1,1,1
4694,bird's-eye red chilli,1,1,1,1,1,1,1,1,1,1,1
4695,bird’s eye chillies,1,1,1,1,1,1,1,1,1,1,1
4696,bird’s-eye chillies,1,1,1,1,1,1,1,1,1,1,1
4697,biscoff biscuit spread,1,1,1,1,1,1,1,1,1,1,1
4698,biscoff biscuits,1,1,1,1,1,1,1,1,1,1,1
4699,biscuit,1,1,1,1,1,1,1,1,1,1,1
4700,biscuit cutter,1,1,1,1,1,1,1,1,1,1,1
4701,biscuits of your choice,1,1,1,1,1,1,1,1,1,1,1
4702,bite-sized cauliflower florets,1,1,1,1,1,1,1,1,1,1,1
4703,bitter  beer,1,1,1,1,1,1,1,1,1,1,1
4704,bitter ale,1,1,1,1,1,1,1,1,1,1,1
4705,bitter leaf salad,1,1,1,1,1,1,1,1,1,1,1
4706,bitter leaves,1,1,1,1,1,1,1,1,1,1,1
4707,bitter lemon,1,1,1,1,1,1,1,1,1,1,1
4708,black  fondant icing or sugar paste,1,1,1,1,1,1,1,1,1,1,1
4709,black  food colouring,1,1,1,1,1,1,1,1,1,1,1
4710,black and 1 green cardamom pod,1,1,1,1,1,1,1,1,1,1,1
4711,black and green grapes,1,1,1,1,1,1,1,1,1,1,1
4712,black and orange edible icing pens,1,1,1,1,1,1,1,1,1,1,1
4713,black and yellow or orange fondant icing,1,1,1,1,1,1,1,1,1,1,1
4714,black assam tea leaves,1,1,1,1,1,1,1,1,1,1,1
4715,black bean sauce,1,1,1,1,1,1,1,1,1,1,1
4716,black bean well,1,1,1,1,1,1,1,1,1,1,1
4717,black cardamom,1,1,1,1,1,1,1,1,1,1,1
4718,black cherries in syrup,1,1,1,1,1,1,1,1,1,1,1
4719,black coffee,1,1,1,1,1,1,1,1,1,1,1
4720,black cumin seeds,1,1,1,1,1,1,1,1,1,1,1
4721,black dried limes,1,1,1,1,1,1,1,1,1,1,1
4722,black ear mushrooms,1,1,1,1,1,1,1,1,1,1,1
4723,black earl grey tea,1,1,1,1,1,1,1,1,1,1,1
4724,black food colouring gel,1,1,1,1,1,1,1,1,1,1,1
4725,black food icing pen,1,1,1,1,1,1,1,1,1,1,1
4726,black forest frozen fruit mix,1,1,1,1,1,1,1,1,1,1,1
4727,black gel food colouring,1,1,1,1,1,1,1,1,1,1,1
4728,black grapes,1,1,1,1,1,1,1,1,1,1,1
4729,black icing,1,1,1,1,1,1,1,1,1,1,1
4730,black kalamata olives,1,1,1,1,1,1,1,1,1,1,1
4731,black loose-leaf tea brewed in 1 litre hot water,1,1,1,1,1,1,1,1,1,1,1
4732,black mustard seed,1,1,1,1,1,1,1,1,1,1,1
4733,black mustard seeds cumin seeds,1,1,1,1,1,1,1,1,1,1,1
4734,black olive tapenade,1,1,1,1,1,1,1,1,1,1,1
4735,black olives from,1,1,1,1,1,1,1,1,1,1,1
4736,black olives from a jar,1,1,1,1,1,1,1,1,1,1,1
4737,black olives pitted and,1,1,1,1,1,1,1,1,1,1,1
4738,black olives stoned,1,1,1,1,1,1,1,1,1,1,1
4739,black olives stoned and,1,1,1,1,1,1,1,1,1,1,1
4740,black onion,1,1,1,1,1,1,1,1,1,1,1
4741,black onion seeds and crispy onions,1,1,1,1,1,1,1,1,1,1,1
4742,black or  pinto beans,1,1,1,1,1,1,1,1,1,1,1
4743,black or brown mustard seeds,1,1,1,1,1,1,1,1,1,1,1
4744,black or green lentils,1,1,1,1,1,1,1,1,1,1,1
4745,black or green olive tapenade,1,1,1,1,1,1,1,1,1,1,1
4746,black or green peppercorns,1,1,1,1,1,1,1,1,1,1,1
4747,black or kidney beans,1,1,1,1,1,1,1,1,1,1,1
4748,black or white macarons,1,1,1,1,1,1,1,1,1,1,1
4749,black or white rice,1,1,1,1,1,1,1,1,1,1,1
4750,black peppercorn bruised,1,1,1,1,1,1,1,1,1,1,1
4751,black piping icing,1,1,1,1,1,1,1,1,1,1,1
4752,black pitted kalamata olives,1,1,1,1,1,1,1,1,1,1,1
4753,black pitted olives,1,1,1,1,1,1,1,1,1,1,1
4754,black ready-made fondant icing,1,1,1,1,1,1,1,1,1,1,1
4755,black ready-to-roll icing,1,1,1,1,1,1,1,1,1,1,1
4756,black salt,1,1,1,1,1,1,1,1,1,1,1
4757,black salt (kalanamak),1,1,1,1,1,1,1,1,1,1,1
4758,black sanding sugar,1,1,1,1,1,1,1,1,1,1,1
4759,black sesame or nigella seeds,1,1,1,1,1,1,1,1,1,1,1
4760,black sesame paste,1,1,1,1,1,1,1,1,1,1,1
4761,black sesame seed,1,1,1,1,1,1,1,1,1,1,1
4762,black sugarpaste,1,1,1,1,1,1,1,1,1,1,1
4763,black tea,1,1,1,1,1,1,1,1,1,1,1
4764,black tea bags,1,1,1,1,1,1,1,1,1,1,1
4765,black teabag,1,1,1,1,1,1,1,1,1,1,1
4766,black teabags,1,1,1,1,1,1,1,1,1,1,1
4767,black truffle,1,1,1,1,1,1,1,1,1,1,1
4768,black truffle from,1,1,1,1,1,1,1,1,1,1,1
4769,black urid beans,1,1,1,1,1,1,1,1,1,1,1
4770,black vinegar,1,1,1,1,1,1,1,1,1,1,1
4771,black vodka,1,1,1,1,1,1,1,1,1,1,1
4772,black whole peppercorns,1,1,1,1,1,1,1,1,1,1,1
4773,black writing  icing,1,1,1,1,1,1,1,1,1,1,1
4774,black writing icing tube,1,1,1,1,1,1,1,1,1,1,1
4775,"black, green, brown",1,1,1,1,1,1,1,1,1,1,1
4776,"black, white or blue paper",1,1,1,1,1,1,1,1,1,1,1
4777,black-eyed beans in water,1,1,1,1,1,1,1,1,1,1,1
4778,black-eyed beans undrained,1,1,1,1,1,1,1,1,1,1,1
4779,black-eyed peas,1,1,1,1,1,1,1,1,1,1,1
4780,black/white sesame seeds,1,1,1,1,1,1,1,1,1,1,1
4781,blackberries - smart tart berries are better than dessert ones,1,1,1,1,1,1,1,1,1,1,1
4782,blackberries or elderberries,1,1,1,1,1,1,1,1,1,1,1
4783,blackberry,1,1,1,1,1,1,1,1,1,1,1
4784,blackberry gin,1,1,1,1,1,1,1,1,1,1,1
4785,blackcurrant compote or jam,1,1,1,1,1,1,1,1,1,1,1
4786,blackcurrant cordial,1,1,1,1,1,1,1,1,1,1,1
4787,blackcurrants and edible flowers,1,1,1,1,1,1,1,1,1,1,1
4788,blackcurrants fresh or frozen,1,1,1,1,1,1,1,1,1,1,1
4789,blanched  hazelnuts,1,1,1,1,1,1,1,1,1,1,1
4790,blanched almond half of each,1,1,1,1,1,1,1,1,1,1,1
4791,blanched almonds roasted,1,1,1,1,1,1,1,1,1,1,1
4792,blanched almonds roasted and,1,1,1,1,1,1,1,1,1,1,1
4793,blanched asparagus spears,1,1,1,1,1,1,1,1,1,1,1
4794,blanched hazelnuts ground,1,1,1,1,1,1,1,1,1,1,1
4795,blanched or regular almonds,1,1,1,1,1,1,1,1,1,1,1
4796,blanched peanuts,1,1,1,1,1,1,1,1,1,1,1
4797,blanched roasted almonds,1,1,1,1,1,1,1,1,1,1,1
4798,blanched whole almonds,1,1,1,1,1,1,1,1,1,1,1
4799,"blanched, skinned almonds",1,1,1,1,1,1,1,1,1,1,1
4800,"blanched, skinned hazelnuts",1,1,1,1,1,1,1,1,1,1,1
4801,blended scotch,1,1,1,1,1,1,1,1,1,1,1
4802,blob horseradish paste,1,1,1,1,1,1,1,1,1,1,1
4803,blob of red food colouring paste,1,1,1,1,1,1,1,1,1,1,1
4804,blocks fondant icing,1,1,1,1,1,1,1,1,1,1,1
4805,blocks halloumi,1,1,1,1,1,1,1,1,1,1,1
4806,blonde chocolate,1,1,1,1,1,1,1,1,1,1,1
4807,blonde white chocolate,1,1,1,1,1,1,1,1,1,1,1
4808,blood orange liqueur,1,1,1,1,1,1,1,1,1,1,1
4809,blood orange soda,1,1,1,1,1,1,1,1,1,1,1
4810,bloomer bread,1,1,1,1,1,1,1,1,1,1,1
4811,bloomer loaf or white bread,1,1,1,1,1,1,1,1,1,1,1
4812,bloomer or sourdough,1,1,1,1,1,1,1,1,1,1,1
4813,blue  food colouring,1,1,1,1,1,1,1,1,1,1,1
4814,blue and pink food colouring,1,1,1,1,1,1,1,1,1,1,1
4815,blue cheese dip,1,1,1,1,1,1,1,1,1,1,1
4816,blue cheese of your choice,1,1,1,1,1,1,1,1,1,1,1
4817,blue food colouring gel,1,1,1,1,1,1,1,1,1,1,1
4818,blue or purple gel food colouring,1,1,1,1,1,1,1,1,1,1,1
4819,blue poppy seeds,1,1,1,1,1,1,1,1,1,1,1
4820,blue ready-made fondant icing,1,1,1,1,1,1,1,1,1,1,1
4821,blue shropshire cheese rind,1,1,1,1,1,1,1,1,1,1,1
4822,blue sugarpaste,1,1,1,1,1,1,1,1,1,1,1
4823,blueberries and lemon zest,1,1,1,1,1,1,1,1,1,1,1
4824,blueberries chocolate chips,1,1,1,1,1,1,1,1,1,1,1
4825,blueberries from,1,1,1,1,1,1,1,1,1,1,1
4826,blueberries tossed in a little plain flour,1,1,1,1,1,1,1,1,1,1,1
4827,blueberry conserve,1,1,1,1,1,1,1,1,1,1,1
4828,bocconcini,1,1,1,1,1,1,1,1,1,1,1
4829,boerewors sausage,1,1,1,1,1,1,1,1,1,1,1
4830,boiling,1,1,1,1,1,1,1,1,1,1,1
4831,boiling vegetable bouillon,1,1,1,1,1,1,1,1,1,1,1
4832,bok choi,1,1,1,1,1,1,1,1,1,1,1
4833,bombay spice mix,1,1,1,1,1,1,1,1,1,1,1
4834,bone marrow discs,1,1,1,1,1,1,1,1,1,1,1
4835,bone marrow meat,1,1,1,1,1,1,1,1,1,1,1
4836,bone rib of beef joint,1,1,1,1,1,1,1,1,1,1,1
4837,bone-in  chicken thighs skin on,1,1,1,1,1,1,1,1,1,1,1
4838,bone-in half leg of lamb,1,1,1,1,1,1,1,1,1,1,1
4839,bone-in lamb,1,1,1,1,1,1,1,1,1,1,1
4840,bone-in lamb shoulder,1,1,1,1,1,1,1,1,1,1,1
4841,bone-in pork belly skin,1,1,1,1,1,1,1,1,1,1,1
4842,bone-in pork shoulder,1,1,1,1,1,1,1,1,1,1,1
4843,bone-in rindless pork belly,1,1,1,1,1,1,1,1,1,1,1
4844,bone-in shoulder of mutton,1,1,1,1,1,1,1,1,1,1,1
4845,bone-in welsh lamb neck,1,1,1,1,1,1,1,1,1,1,1
4846,"bone-in, skinless chicken thighs",1,1,1,1,1,1,1,1,1,1,1
4847,bone-out pork belly,1,1,1,1,1,1,1,1,1,1,1
4848,boneless  chicken,1,1,1,1,1,1,1,1,1,1,1
4849,boneless  pork shoulder,1,1,1,1,1,1,1,1,1,1,1
4850,boneless  salted cod,1,1,1,1,1,1,1,1,1,1,1
4851,boneless and skinless  chicken thighs,1,1,1,1,1,1,1,1,1,1,1
4852,boneless and skinless cod loin,1,1,1,1,1,1,1,1,1,1,1
4853,boneless and skinless fillet of cod loin,1,1,1,1,1,1,1,1,1,1,1
4854,boneless and skinless pork belly,1,1,1,1,1,1,1,1,1,1,1
4855,boneless and skinless salmon fillets,1,1,1,1,1,1,1,1,1,1,1
4856,boneless beef sirloin tied,1,1,1,1,1,1,1,1,1,1,1
4857,boneless chicken,1,1,1,1,1,1,1,1,1,1,1
4858,boneless chicken thigh,1,1,1,1,1,1,1,1,1,1,1
4859,boneless chicken thigh fillets,1,1,1,1,1,1,1,1,1,1,1
4860,boneless chicken thighs skin left on,1,1,1,1,1,1,1,1,1,1,1
4861,boneless cooked pork,1,1,1,1,1,1,1,1,1,1,1
4862,boneless duck breasts,1,1,1,1,1,1,1,1,1,1,1
4863,boneless firm white fish,1,1,1,1,1,1,1,1,1,1,1
4864,boneless gammon joint,1,1,1,1,1,1,1,1,1,1,1
4865,boneless lamb leg meat,1,1,1,1,1,1,1,1,1,1,1
4866,boneless leg of lamb,1,1,1,1,1,1,1,1,1,1,1
4867,boneless leg of lamb tied,1,1,1,1,1,1,1,1,1,1,1
4868,boneless pork leg roasting joint,1,1,1,1,1,1,1,1,1,1,1
4869,boneless pork shoulder joint skin,1,1,1,1,1,1,1,1,1,1,1
4870,boneless pork shoulder or leg,1,1,1,1,1,1,1,1,1,1,1
4871,boneless pork shoulder rind,1,1,1,1,1,1,1,1,1,1,1
4872,boneless pork shoulder skin,1,1,1,1,1,1,1,1,1,1,1
4873,boneless salmon fillets,1,1,1,1,1,1,1,1,1,1,1
4874,boneless shoulder of pork,1,1,1,1,1,1,1,1,1,1,1
4875,boneless shoulder or leg of lamb goat,1,1,1,1,1,1,1,1,1,1,1
4876,boneless side of salmon,1,1,1,1,1,1,1,1,1,1,1
4877,boneless sides of salmon skin removed,1,1,1,1,1,1,1,1,1,1,1
4878,boneless sirloin rolled and tied,1,1,1,1,1,1,1,1,1,1,1
4879,boneless sirloin you want a piece that’s,1,1,1,1,1,1,1,1,1,1,1
4880,boneless skin-on chicken thighs,1,1,1,1,1,1,1,1,1,1,1
4881,boneless skinless chicken,1,1,1,1,1,1,1,1,1,1,1
4882,boneless tied gammon joint,1,1,1,1,1,1,1,1,1,1,1
4883,boneless unsmoked  gammon joint,1,1,1,1,1,1,1,1,1,1,1
4884,"boneless, skin-on pork belly skin",1,1,1,1,1,1,1,1,1,1,1
4885,"boneless, skin-on turkey breast",1,1,1,1,1,1,1,1,1,1,1
4886,"boneless, skinless  chicken breasts",1,1,1,1,1,1,1,1,1,1,1
4887,"boneless, skinless  salmon fillets",1,1,1,1,1,1,1,1,1,1,1
4888,"boneless, skinless  turkey breasts",1,1,1,1,1,1,1,1,1,1,1
4889,"boneless, skinless chicken thigh",1,1,1,1,1,1,1,1,1,1,1
4890,"boneless, skinless salmon fillet",1,1,1,1,1,1,1,1,1,1,1
4891,"boneless, skinless undyed smoked haddock fillets",1,1,1,1,1,1,1,1,1,1,1
4892,"boneless, skinless white fish loin fillets",1,1,1,1,1,1,1,1,1,1,1
4893,boondi,1,1,1,1,1,1,1,1,1,1,1
4894,borlotti beans in water,1,1,1,1,1,1,1,1,1,1,1
4895,borlotti beans undrained,1,1,1,1,1,1,1,1,1,1,1
4896,borlotti or cannellini beans,1,1,1,1,1,1,1,1,1,1,1
4897,borlotti or fava beans juice,1,1,1,1,1,1,1,1,1,1,1
4898,botija peruvian,1,1,1,1,1,1,1,1,1,1,1
4899,bouillon,1,1,1,1,1,1,1,1,1,1,1
4900,bouillon or chicken stock,1,1,1,1,1,1,1,1,1,1,1
4901,bourbon or dark rum,1,1,1,1,1,1,1,1,1,1,1
4902,bourbon or orange juice,1,1,1,1,1,1,1,1,1,1,1
4903,bourbon whisky,1,1,1,1,1,1,1,1,1,1,1
4904,bovril,1,1,1,1,1,1,1,1,1,1,1
4905,bow,1,1,1,1,1,1,1,1,1,1,1
4906,bow-shaped pasta,1,1,1,1,1,1,1,1,1,1,1
4907,boxes amaretti biscuits,1,1,1,1,1,1,1,1,1,1,1
4908,boxes camembert,1,1,1,1,1,1,1,1,1,1,1
4909,boxes chocolate flake bars,1,1,1,1,1,1,1,1,1,1,1
4910,boxes dried sage &amp; onion stuffing,1,1,1,1,1,1,1,1,1,1,1
4911,boxes good milk chocolate biscuits 48 biscuits,1,1,1,1,1,1,1,1,1,1,1
4912,boxes of biscuits,1,1,1,1,1,1,1,1,1,1,1
4913,boxes white chocolate fingers,1,1,1,1,1,1,1,1,1,1,1
4914,braised red cabbage,1,1,1,1,1,1,1,1,1,1,1
4915,braising,1,1,1,1,1,1,1,1,1,1,1
4916,braising beef or boneless beef,1,1,1,1,1,1,1,1,1,1,1
4917,braising or stewing steak,1,1,1,1,1,1,1,1,1,1,1
4918,braising steak chuck,1,1,1,1,1,1,1,1,1,1,1
4919,bramley,1,1,1,1,1,1,1,1,1,1,1
4920,bramley cooking apples,1,1,1,1,1,1,1,1,1,1,1
4921,bramley or cooking apples,1,1,1,1,1,1,1,1,1,1,1
4922,bran flakes,1,1,1,1,1,1,1,1,1,1,1
4923,brandy butter custard,1,1,1,1,1,1,1,1,1,1,1
4924,brandy butter double cream,1,1,1,1,1,1,1,1,1,1,1
4925,brandy dark rum,1,1,1,1,1,1,1,1,1,1,1
4926,brandy marsala,1,1,1,1,1,1,1,1,1,1,1
4927,brandy or bourbon,1,1,1,1,1,1,1,1,1,1,1
4928,brandy or calvados,1,1,1,1,1,1,1,1,1,1,1
4929,brandy or chestnut liqueur,1,1,1,1,1,1,1,1,1,1,1
4930,brandy or cognac,1,1,1,1,1,1,1,1,1,1,1
4931,brandy or kirsch,1,1,1,1,1,1,1,1,1,1,1
4932,brandy or orange juice,1,1,1,1,1,1,1,1,1,1,1
4933,brandy or orange liquer,1,1,1,1,1,1,1,1,1,1,1
4934,brandy or orange liqueur,1,1,1,1,1,1,1,1,1,1,1
4935,brandy or water,1,1,1,1,1,1,1,1,1,1,1
4936,brandy rum,1,1,1,1,1,1,1,1,1,1,1
4937,brandy sherry,1,1,1,1,1,1,1,1,1,1,1
4938,brandy whiskey,1,1,1,1,1,1,1,1,1,1,1
4939,"brandy, cherry brandy",1,1,1,1,1,1,1,1,1,1,1
4940,bratwurst sausages,1,1,1,1,1,1,1,1,1,1,1
4941,brazil nut,1,1,1,1,1,1,1,1,1,1,1
4942,brazil nuts half left whole,1,1,1,1,1,1,1,1,1,1,1
4943,bread &amp,1,1,1,1,1,1,1,1,1,1,1
4944,bread (soft white rolls,1,1,1,1,1,1,1,1,1,1,1
4945,bread and little gem lettuce leaves,1,1,1,1,1,1,1,1,1,1,1
4946,bread flour,1,1,1,1,1,1,1,1,1,1,1
4947,"bread half white, half brown",1,1,1,1,1,1,1,1,1,1,1
4948,bread of your choice,1,1,1,1,1,1,1,1,1,1,1
4949,bread or ciabatta,1,1,1,1,1,1,1,1,1,1,1
4950,bread preferably sourdough,1,1,1,1,1,1,1,1,1,1,1
4951,bread rolls and chutney,1,1,1,1,1,1,1,1,1,1,1
4952,bread sauce,1,1,1,1,1,1,1,1,1,1,1
4953,bread sauce and green salad,1,1,1,1,1,1,1,1,1,1,1
4954,bread soft rolls,1,1,1,1,1,1,1,1,1,1,1
4955,bread sourdough works well,1,1,1,1,1,1,1,1,1,1,1
4956,bread thins,1,1,1,1,1,1,1,1,1,1,1
4957,breadcrumbs if you have,1,1,1,1,1,1,1,1,1,1,1
4958,breaded chicken escalopes,1,1,1,1,1,1,1,1,1,1,1
4959,breaded chicken steaks,1,1,1,1,1,1,1,1,1,1,1
4960,breaded pork fillet,1,1,1,1,1,1,1,1,1,1,1
4961,breadsticks and crispbreads,1,1,1,1,1,1,1,1,1,1,1
4962,breakfast muffins,1,1,1,1,1,1,1,1,1,1,1
4963,breakfast radish,1,1,1,1,1,1,1,1,1,1,1
4964,breakfast radishes,1,1,1,1,1,1,1,1,1,1,1
4965,breton cider,1,1,1,1,1,1,1,1,1,1,1
4966,brie or camembert,1,1,1,1,1,1,1,1,1,1,1
4967,brie or camembert cheese,1,1,1,1,1,1,1,1,1,1,1
4968,brie rind,1,1,1,1,1,1,1,1,1,1,1
4969,bright orange fondant,1,1,1,1,1,1,1,1,1,1,1
4970,bright red and green sweets,1,1,1,1,1,1,1,1,1,1,1
4971,brioche challah or panettone,1,1,1,1,1,1,1,1,1,1,1
4972,brioche hot dog or finger rolls,1,1,1,1,1,1,1,1,1,1,1
4973,brioche hot dog rolls,1,1,1,1,1,1,1,1,1,1,1
4974,brioche loaf,1,1,1,1,1,1,1,1,1,1,1
4975,brioche or bread,1,1,1,1,1,1,1,1,1,1,1
4976,brioche or sesame seed burger buns,1,1,1,1,1,1,1,1,1,1,1
4977,brioche or sourdough,1,1,1,1,1,1,1,1,1,1,1
4978,brisket beef,1,1,1,1,1,1,1,1,1,1,1
4979,brisket boneless,1,1,1,1,1,1,1,1,1,1,1
4980,brisket joint,1,1,1,1,1,1,1,1,1,1,1
4981,brisket rolled,1,1,1,1,1,1,1,1,1,1,1
4982,british mussels,1,1,1,1,1,1,1,1,1,1,1
4983,british pale ale,1,1,1,1,1,1,1,1,1,1,1
4984,british rose veal chops,1,1,1,1,1,1,1,1,1,1,1
4985,broad beans double podded,1,1,1,1,1,1,1,1,1,1,1
4986,broad beans in pods,1,1,1,1,1,1,1,1,1,1,1
4987,broad beans or peas,1,1,1,1,1,1,1,1,1,1,1
4988,broad beans podded and skinned,1,1,1,1,1,1,1,1,1,1,1
4989,broad beans podded and skins,1,1,1,1,1,1,1,1,1,1,1
4990,broad strips lemon zest,1,1,1,1,1,1,1,1,1,1,1
4991,broad strips orange zest,1,1,1,1,1,1,1,1,1,1,1
4992,broccoli and peas,1,1,1,1,1,1,1,1,1,1,1
4993,broccoli and potatoes,1,1,1,1,1,1,1,1,1,1,1
4994,broccoli and/or peas,1,1,1,1,1,1,1,1,1,1,1
4995,broccoli broken into small florets,1,1,1,1,1,1,1,1,1,1,1
4996,broccoli cut in half,1,1,1,1,1,1,1,1,1,1,1
4997,broccoli head,1,1,1,1,1,1,1,1,1,1,1
4998,broccoli or salad,1,1,1,1,1,1,1,1,1,1,1
4999,broccoli or spring greens,1,1,1,1,1,1,1,1,1,1,1
5000,broccoli peas or savoy cabbage,1,1,1,1,1,1,1,1,1,1,1
5001,broccoli stalk and florets,1,1,1,1,1,1,1,1,1,1,1
5002,broccoli stalk removed,1,1,1,1,1,1,1,1,1,1,1
5003,broccoli stalks,1,1,1,1,1,1,1,1,1,1,1
5004,broccoli stalks and florets,1,1,1,1,1,1,1,1,1,1,1
5005,broccoli steamed,1,1,1,1,1,1,1,1,1,1,1
5006,broccoli stems,1,1,1,1,1,1,1,1,1,1,1
5007,broccoli thin,1,1,1,1,1,1,1,1,1,1,1
5008,brown,1,1,1,1,1,1,1,1,1,1,1
5009,brown  onion,1,1,1,1,1,1,1,1,1,1,1
5010,brown  rice noodles,1,1,1,1,1,1,1,1,1,1,1
5011,brown &amp; wild rice mix,1,1,1,1,1,1,1,1,1,1,1
5012,brown ale,1,1,1,1,1,1,1,1,1,1,1
5013,brown anchovies,1,1,1,1,1,1,1,1,1,1,1
5014,brown anchovy,1,1,1,1,1,1,1,1,1,1,1
5015,brown and black food colouring,1,1,1,1,1,1,1,1,1,1,1
5016,brown basmati & wild rice mix,1,1,1,1,1,1,1,1,1,1,1
5017,brown bread mix,1,1,1,1,1,1,1,1,1,1,1
5018,brown breadcrumbs,1,1,1,1,1,1,1,1,1,1,1
5019,brown butter,1,1,1,1,1,1,1,1,1,1,1
5020,brown card,1,1,1,1,1,1,1,1,1,1,1
5021,brown crab,1,1,1,1,1,1,1,1,1,1,1
5022,brown crab meat,1,1,1,1,1,1,1,1,1,1,1
5023,brown or  barbecue sauce,1,1,1,1,1,1,1,1,1,1,1
5024,brown or caster sugar,1,1,1,1,1,1,1,1,1,1,1
5025,brown or white miso paste,1,1,1,1,1,1,1,1,1,1,1
5026,brown pipe cleaners,1,1,1,1,1,1,1,1,1,1,1
5027,brown pitta breads,1,1,1,1,1,1,1,1,1,1,1
5028,brown pittas,1,1,1,1,1,1,1,1,1,1,1
5029,brown poster paint and white puffy paint,1,1,1,1,1,1,1,1,1,1,1
5030,brown ready-to-roll icing,1,1,1,1,1,1,1,1,1,1,1
5031,brown rice and salad,1,1,1,1,1,1,1,1,1,1,1
5032,brown rice flat noodles,1,1,1,1,1,1,1,1,1,1,1
5033,brown shrimps,1,1,1,1,1,1,1,1,1,1,1
5034,brown sugar or honey,1,1,1,1,1,1,1,1,1,1,1
5035,brown sugar syrup,1,1,1,1,1,1,1,1,1,1,1
5036,brown sugarpaste,1,1,1,1,1,1,1,1,1,1,1
5037,browning sauce,1,1,1,1,1,1,1,1,1,1,1
5038,brummie bacon cakes,1,1,1,1,1,1,1,1,1,1,1
5039,brussels  sprouts,1,1,1,1,1,1,1,1,1,1,1
5040,brussels sprouts any damaged outer leaves removed,1,1,1,1,1,1,1,1,1,1,1
5041,brussels sprouts half,1,1,1,1,1,1,1,1,1,1,1
5042,bryzna cheese,1,1,1,1,1,1,1,1,1,1,1
5043,bubbly mint chocolate mint chocolate sticks or chocolate mint thins,1,1,1,1,1,1,1,1,1,1,1
5044,bucatini,1,1,1,1,1,1,1,1,1,1,1
5045,buckwheat dehydrated pear and rosemary,1,1,1,1,1,1,1,1,1,1,1
5046,buckwheat noodle,1,1,1,1,1,1,1,1,1,1,1
5047,buckwheat noodles,1,1,1,1,1,1,1,1,1,1,1
5048,buckwheat soba noodles,1,1,1,1,1,1,1,1,1,1,1
5049,bulbs of  garlic,1,1,1,1,1,1,1,1,1,1,1
5050,bulbs of pak choi,1,1,1,1,1,1,1,1,1,1,1
5051,bulghar wheat or brown rice,1,1,1,1,1,1,1,1,1,1,1
5052,bulgur,1,1,1,1,1,1,1,1,1,1,1
5053,bulgur and quinoa,1,1,1,1,1,1,1,1,1,1,1
5054,bundt,1,1,1,1,1,1,1,1,1,1,1
5055,buns and slaw,1,1,1,1,1,1,1,1,1,1,1
5056,burdock root,1,1,1,1,1,1,1,1,1,1,1
5057,burger buns or pitta bread,1,1,1,1,1,1,1,1,1,1,1
5058,burger buns salad and/or slaw,1,1,1,1,1,1,1,1,1,1,1
5059,burger buns sesame,1,1,1,1,1,1,1,1,1,1,1
5060,burger buns split in half,1,1,1,1,1,1,1,1,1,1,1
5061,burger buns taco shells,1,1,1,1,1,1,1,1,1,1,1
5062,"burger buns, tortilla wraps",1,1,1,1,1,1,1,1,1,1,1
5063,burger rolls,1,1,1,1,1,1,1,1,1,1,1
5064,burger sauce,1,1,1,1,1,1,1,1,1,1,1
5065,burger sauce of your choice,1,1,1,1,1,1,1,1,1,1,1
5066,burnt oak wood chips tied in a muslin bag,1,1,1,1,1,1,1,1,1,1,1
5067,burrata balls,1,1,1,1,1,1,1,1,1,1,1
5068,burrata or buffalo mozzarella,1,1,1,1,1,1,1,1,1,1,1
5069,burrata or mozzarella balls,1,1,1,1,1,1,1,1,1,1,1
5070,burrata or vegetarian alternative,1,1,1,1,1,1,1,1,1,1,1
5071,burrata torn in half,1,1,1,1,1,1,1,1,1,1,1
5072,butchers string,1,1,1,1,1,1,1,1,1,1,1
5073,butchers'  string,1,1,1,1,1,1,1,1,1,1,1
5074,butter and a little oil,1,1,1,1,1,1,1,1,1,1,1
5075,butter and extra,1,1,1,1,1,1,1,1,1,1,1
5076,butter beans undrained,1,1,1,1,1,1,1,1,1,1,1
5077,butter chilled or frozen,1,1,1,1,1,1,1,1,1,1,1
5078,butter cold,1,1,1,1,1,1,1,1,1,1,1
5079,butter extra,1,1,1,1,1,1,1,1,1,1,1
5080,butter frozen in foil overnight,1,1,1,1,1,1,1,1,1,1,1
5081,butter ghee or vegetable oil,1,1,1,1,1,1,1,1,1,1,1
5082,butter in,1,1,1,1,1,1,1,1,1,1,1
5083,butter lettuces,1,1,1,1,1,1,1,1,1,1,1
5084,butter maple syrup and fruit,1,1,1,1,1,1,1,1,1,1,1
5085,butter melted butter,1,1,1,1,1,1,1,1,1,1,1
5086,butter or cannellini beans,1,1,1,1,1,1,1,1,1,1,1
5087,butter or cheese,1,1,1,1,1,1,1,1,1,1,1
5088,butter or coconut oil,1,1,1,1,1,1,1,1,1,1,1
5089,butter or cream cheese,1,1,1,1,1,1,1,1,1,1,1
5090,butter or crème fraîche,1,1,1,1,1,1,1,1,1,1,1
5091,butter or round lettuce,1,1,1,1,1,1,1,1,1,1,1
5092,butter or vegan spread,1,1,1,1,1,1,1,1,1,1,1
5093,butter really soft,1,1,1,1,1,1,1,1,1,1,1
5094,butter to sauté the onion,1,1,1,1,1,1,1,1,1,1,1
5095,"butter tuna mayo, chilli con carne",1,1,1,1,1,1,1,1,1,1,1
5096,butter very cold,1,1,1,1,1,1,1,1,1,1,1
5097,butter-flavoured rapeseed oil,1,1,1,1,1,1,1,1,1,1,1
5098,butterbeans or cannellini beans,1,1,1,1,1,1,1,1,1,1,1
5099,buttercream,1,1,1,1,1,1,1,1,1,1,1
5100,buttered cabbage and mash,1,1,1,1,1,1,1,1,1,1,1
5101,buttered cavolo nero,1,1,1,1,1,1,1,1,1,1,1
5102,buttered corn on the cob,1,1,1,1,1,1,1,1,1,1,1
5103,buttered greens,1,1,1,1,1,1,1,1,1,1,1
5104,buttered sourdough,1,1,1,1,1,1,1,1,1,1,1
5105,buttered tagliatelle rice,1,1,1,1,1,1,1,1,1,1,1
5106,butterflied sardines,1,1,1,1,1,1,1,1,1,1,1
5107,buttermilk or low-fat natural yogurt,1,1,1,1,1,1,1,1,1,1,1
5108,buttermilk or milk,1,1,1,1,1,1,1,1,1,1,1
5109,buttermilk or whole milk,1,1,1,1,1,1,1,1,1,1,1
5110,butternut squash and sweet potato,1,1,1,1,1,1,1,1,1,1,1
5111,butternut squash halved lengthways,1,1,1,1,1,1,1,1,1,1,1
5112,butternut squash skin left on,1,1,1,1,1,1,1,1,1,1,1
5113,butternut squash skin on,1,1,1,1,1,1,1,1,1,1,1
5114,butternut squash skin-on,1,1,1,1,1,1,1,1,1,1,1
5115,butterscotch pudding whip,1,1,1,1,1,1,1,1,1,1,1
5116,buttery biscuits,1,1,1,1,1,1,1,1,1,1,1
5117,buttery mash,1,1,1,1,1,1,1,1,1,1,1
5118,button chestnut mushroom,1,1,1,1,1,1,1,1,1,1,1
5119,button chestnut mushrooms,1,1,1,1,1,1,1,1,1,1,1
5120,button mushroom,1,1,1,1,1,1,1,1,1,1,1
5121,button mushrooms stalks,1,1,1,1,1,1,1,1,1,1,1
5122,button onions,1,1,1,1,1,1,1,1,1,1,1
5123,button or silverskin onions,1,1,1,1,1,1,1,1,1,1,1
5124,béchamel sauce,1,1,1,1,1,1,1,1,1,1,1
5125,cabana spicy malagueta marinade,1,1,1,1,1,1,1,1,1,1,1
5126,cabbage and mash,1,1,1,1,1,1,1,1,1,1,1
5127,cabbage leaves,1,1,1,1,1,1,1,1,1,1,1
5128,cabbage or crisp lettuce,1,1,1,1,1,1,1,1,1,1,1
5129,cabernet sauvignon,1,1,1,1,1,1,1,1,1,1,1
5130,cabernet sauvignon red wine vinegar,1,1,1,1,1,1,1,1,1,1,1
5131,cabernet sauvignon vinegar,1,1,1,1,1,1,1,1,1,1,1
5132,cacao liquor buttons,1,1,1,1,1,1,1,1,1,1,1
5133,cacao nibs,1,1,1,1,1,1,1,1,1,1,1
5134,cacao nibs mixed,1,1,1,1,1,1,1,1,1,1,1
5135,cacao or good quality cocoa powder,1,1,1,1,1,1,1,1,1,1,1
5136,cacao powder or cocoa powder,1,1,1,1,1,1,1,1,1,1,1
5137,cacao powder or unsweetened cocoa,1,1,1,1,1,1,1,1,1,1,1
5138,cachaça liqueur,1,1,1,1,1,1,1,1,1,1,1
5139,cachaça or white rum,1,1,1,1,1,1,1,1,1,1,1
5140,cadbury bournville chocolate,1,1,1,1,1,1,1,1,1,1,1
5141,cadbury bournville cocoa powder,1,1,1,1,1,1,1,1,1,1,1
5142,caerphilly,1,1,1,1,1,1,1,1,1,1,1
5143,caerphilly cheese,1,1,1,1,1,1,1,1,1,1,1
5144,cajun grilled chicken breasts,1,1,1,1,1,1,1,1,1,1,1
5145,cajun or fajita seasoning,1,1,1,1,1,1,1,1,1,1,1
5146,cajun spice,1,1,1,1,1,1,1,1,1,1,1
5147,cajun spice blend,1,1,1,1,1,1,1,1,1,1,1
5148,cajun-style or fajita seasoning,1,1,1,1,1,1,1,1,1,1,1
5149,cajun-style spice mix,1,1,1,1,1,1,1,1,1,1,1
5150,cake board or cake plate,1,1,1,1,1,1,1,1,1,1,1
5151,cake dowling rods,1,1,1,1,1,1,1,1,1,1,1
5152,cake drums,1,1,1,1,1,1,1,1,1,1,1
5153,cake flour,1,1,1,1,1,1,1,1,1,1,1
5154,cake leveller,1,1,1,1,1,1,1,1,1,1,1
5155,cake or pastry ring,1,1,1,1,1,1,1,1,1,1,1
5156,cake paddle,1,1,1,1,1,1,1,1,1,1,1
5157,cake pop,1,1,1,1,1,1,1,1,1,1,1
5158,cake pop or lolly sticks,1,1,1,1,1,1,1,1,1,1,1
5159,cake pop sticks,1,1,1,1,1,1,1,1,1,1,1
5160,cake pops,1,1,1,1,1,1,1,1,1,1,1
5161,cake release spray,1,1,1,1,1,1,1,1,1,1,1
5162,cake scraper,1,1,1,1,1,1,1,1,1,1,1
5163,cake stand or cake board,1,1,1,1,1,1,1,1,1,1,1
5164,cake tins,1,1,1,1,1,1,1,1,1,1,1
5165,calabrian chilli paste,1,1,1,1,1,1,1,1,1,1,1
5166,calvados apple or regular brandy,1,1,1,1,1,1,1,1,1,1,1
5167,calvados cognac or brandy,1,1,1,1,1,1,1,1,1,1,1
5168,calves' liver,1,1,1,1,1,1,1,1,1,1,1
5169,camargue red rice,1,1,1,1,1,1,1,1,1,1,1
5170,campden tablet,1,1,1,1,1,1,1,1,1,1,1
5171,camping plates bowls and cutlery,1,1,1,1,1,1,1,1,1,1,1
5172,candied clementine peel,1,1,1,1,1,1,1,1,1,1,1
5173,candied mixed peel,1,1,1,1,1,1,1,1,1,1,1
5174,candied orange peel,1,1,1,1,1,1,1,1,1,1,1
5175,candied pineapple candied angelica,1,1,1,1,1,1,1,1,1,1,1
5176,candles,1,1,1,1,1,1,1,1,1,1,1
5177,candy beetroot,1,1,1,1,1,1,1,1,1,1,1
5178,candy cane vodka,1,1,1,1,1,1,1,1,1,1,1
5179,candy canes red and white,1,1,1,1,1,1,1,1,1,1,1
5180,candy corn gomme,1,1,1,1,1,1,1,1,1,1,1
5181,candy eyes,1,1,1,1,1,1,1,1,1,1,1
5182,candy floss,1,1,1,1,1,1,1,1,1,1,1
5183,candy-striped beetroot,1,1,1,1,1,1,1,1,1,1,1
5184,cane or light brown sugar,1,1,1,1,1,1,1,1,1,1,1
5185,cane vinegar,1,1,1,1,1,1,1,1,1,1,1
5186,canned,1,1,1,1,1,1,1,1,1,1,1
5187,canned  green lentils,1,1,1,1,1,1,1,1,1,1,1
5188,canned  mackerel,1,1,1,1,1,1,1,1,1,1,1
5189,canned  tuna chunks,1,1,1,1,1,1,1,1,1,1,1
5190,canned artichoke,1,1,1,1,1,1,1,1,1,1,1
5191,canned black beans,1,1,1,1,1,1,1,1,1,1,1
5192,canned cannellini beans,1,1,1,1,1,1,1,1,1,1,1
5193,canned coconut milk,1,1,1,1,1,1,1,1,1,1,1
5194,canned dulce de leche,1,1,1,1,1,1,1,1,1,1,1
5195,canned lentils,1,1,1,1,1,1,1,1,1,1,1
5196,canned mango,1,1,1,1,1,1,1,1,1,1,1
5197,canned or jarred chickpeas,1,1,1,1,1,1,1,1,1,1,1
5198,canned peeled cherry tomatoes,1,1,1,1,1,1,1,1,1,1,1
5199,canned pineapple rings in syrup,1,1,1,1,1,1,1,1,1,1,1
5200,canned pitted cherries in syrup,1,1,1,1,1,1,1,1,1,1,1
5201,canned red kidney beans,1,1,1,1,1,1,1,1,1,1,1
5202,canned sweetcorn),1,1,1,1,1,1,1,1,1,1,1
5203,canned tuna,1,1,1,1,1,1,1,1,1,1,1
5204,cannelini beans,1,1,1,1,1,1,1,1,1,1,1
5205,cannellini bean from,1,1,1,1,1,1,1,1,1,1,1
5206,cannellini beans from,1,1,1,1,1,1,1,1,1,1,1
5207,cannellini beans undrained,1,1,1,1,1,1,1,1,1,1,1
5208,"cannellini, butter",1,1,1,1,1,1,1,1,1,1,1
5209,cannelloni tubes,1,1,1,1,1,1,1,1,1,1,1
5210,cannoli moulds,1,1,1,1,1,1,1,1,1,1,1
5211,cantenay carrots,1,1,1,1,1,1,1,1,1,1,1
5212,cape herb &amp; spice chipotle chilli smoky southwestern seasoning,1,1,1,1,1,1,1,1,1,1,1
5213,caperberries,1,1,1,1,1,1,1,1,1,1,1
5214,capers and dill,1,1,1,1,1,1,1,1,1,1,1
5215,capers dill,1,1,1,1,1,1,1,1,1,1,1
5216,capers or cornichons,1,1,1,1,1,1,1,1,1,1,1
5217,capers pitted olives,1,1,1,1,1,1,1,1,1,1,1
5218,caramel biscuits,1,1,1,1,1,1,1,1,1,1,1
5219,caramel chocolate,1,1,1,1,1,1,1,1,1,1,1
5220,caramel flavouring,1,1,1,1,1,1,1,1,1,1,1
5221,caramel sauce dulce de leche,1,1,1,1,1,1,1,1,1,1,1
5222,caramel sauce from,1,1,1,1,1,1,1,1,1,1,1
5223,caramel wafer,1,1,1,1,1,1,1,1,1,1,1
5224,caramelised apples with cider,1,1,1,1,1,1,1,1,1,1,1
5225,caramelised biscuits,1,1,1,1,1,1,1,1,1,1,1
5226,caramelised onion  chutney,1,1,1,1,1,1,1,1,1,1,1
5227,caramelised onion sausages,1,1,1,1,1,1,1,1,1,1,1
5228,caramelised white chocolate,1,1,1,1,1,1,1,1,1,1,1
5229,caraway seed,1,1,1,1,1,1,1,1,1,1,1
5230,cardamom,1,1,1,1,1,1,1,1,1,1,1
5231,cardamom pod seeds only,1,1,1,1,1,1,1,1,1,1,1
5232,cardamom pods cracked open and seeds,1,1,1,1,1,1,1,1,1,1,1
5233,cardamom pods green pods,1,1,1,1,1,1,1,1,1,1,1
5234,cardamom pods pods,1,1,1,1,1,1,1,1,1,1,1
5235,cardamom-spiced gin,1,1,1,1,1,1,1,1,1,1,1
5236,cardamon pods seeds,1,1,1,1,1,1,1,1,1,1,1
5237,cardamon pods seeds only,1,1,1,1,1,1,1,1,1,1,1
5238,cardboard boxes,1,1,1,1,1,1,1,1,1,1,1
5239,cards,1,1,1,1,1,1,1,1,1,1,1
5240,caribbean spice mix,1,1,1,1,1,1,1,1,1,1,1
5241,carlin peas,1,1,1,1,1,1,1,1,1,1,1
5242,carnaroli risotto rice,1,1,1,1,1,1,1,1,1,1,1
5243,carom seeds,1,1,1,1,1,1,1,1,1,1,1
5244,carom seeds (ajwain seeds),1,1,1,1,1,1,1,1,1,1,1
5245,carom seeds (ajwain),1,1,1,1,1,1,1,1,1,1,1
5246,carraway seeds,1,1,1,1,1,1,1,1,1,1,1
5247,carrot &amp; cabbage slaw mix,1,1,1,1,1,1,1,1,1,1,1
5248,carrot and mooli,1,1,1,1,1,1,1,1,1,1,1
5249,carrot juice,1,1,1,1,1,1,1,1,1,1,1
5250,carrot sticks,1,1,1,1,1,1,1,1,1,1,1
5251,carrot tops,1,1,1,1,1,1,1,1,1,1,1
5252,carrot tops see above,1,1,1,1,1,1,1,1,1,1,1
5253,carrot trimmings and peels,1,1,1,1,1,1,1,1,1,1,1
5254,carrots coarsley,1,1,1,1,1,1,1,1,1,1,1
5255,carrots diagonally,1,1,1,1,1,1,1,1,1,1,1
5256,carrots ends,1,1,1,1,1,1,1,1,1,1,1
5257,carrots greens and roast potatoes,1,1,1,1,1,1,1,1,1,1,1
5258,carrots tops,1,1,1,1,1,1,1,1,1,1,1
5259,carrots with tops,1,1,1,1,1,1,1,1,1,1,1
5260,carton  buttermilk,1,1,1,1,1,1,1,1,1,1,1
5261,carton buttermilk,1,1,1,1,1,1,1,1,1,1,1
5262,carton chickpeas,1,1,1,1,1,1,1,1,1,1,1
5263,carton chopped tomatoes with olives,1,1,1,1,1,1,1,1,1,1,1
5264,carton crème fraîche,1,1,1,1,1,1,1,1,1,1,1
5265,carton double cream,1,1,1,1,1,1,1,1,1,1,1
5266,carton oat ‘cream’,1,1,1,1,1,1,1,1,1,1,1
5267,carton of cress,1,1,1,1,1,1,1,1,1,1,1
5268,carton pomegranate juice,1,1,1,1,1,1,1,1,1,1,1
5269,carton single cream,1,1,1,1,1,1,1,1,1,1,1
5270,cartons,1,1,1,1,1,1,1,1,1,1,1
5271,cartons  buttermilk,1,1,1,1,1,1,1,1,1,1,1
5272,cartons buttermilk,1,1,1,1,1,1,1,1,1,1,1
5273,cartons double cream,1,1,1,1,1,1,1,1,1,1,1
5274,cartons passata,1,1,1,1,1,1,1,1,1,1,1
5275,cartons passata with onion and garlic,1,1,1,1,1,1,1,1,1,1,1
5276,cartons tomatoes with garlic and onions,1,1,1,1,1,1,1,1,1,1,1
5277,cashew nuts unroasted,1,1,1,1,1,1,1,1,1,1,1
5278,cashew nuts unsalted,1,1,1,1,1,1,1,1,1,1,1
5279,cashews or peanuts,1,1,1,1,1,1,1,1,1,1,1
5280,cashews or pecans,1,1,1,1,1,1,1,1,1,1,1
5281,cassava chips,1,1,1,1,1,1,1,1,1,1,1
5282,cassava flour,1,1,1,1,1,1,1,1,1,1,1
5283,cassia bark,1,1,1,1,1,1,1,1,1,1,1
5284,caster,1,1,1,1,1,1,1,1,1,1,1
5285,caster or  granulated sugar,1,1,1,1,1,1,1,1,1,1,1
5286,caster or  light brown soft sugar,1,1,1,1,1,1,1,1,1,1,1
5287,caster sugar and balsamic vinegar,1,1,1,1,1,1,1,1,1,1,1
5288,caster sugar and lemon wedges,1,1,1,1,1,1,1,1,1,1,1
5289,cauliflower &amp; broccoli florets,1,1,1,1,1,1,1,1,1,1,1
5290,cauliflower broken down into florets,1,1,1,1,1,1,1,1,1,1,1
5291,cauliflower broken into florets,1,1,1,1,1,1,1,1,1,1,1
5292,cauliflower heads,1,1,1,1,1,1,1,1,1,1,1
5293,cauliflower large florets and leaves,1,1,1,1,1,1,1,1,1,1,1
5294,cauliflower or cauliflower rice,1,1,1,1,1,1,1,1,1,1,1
5295,cauliflower outer leaves,1,1,1,1,1,1,1,1,1,1,1
5296,cauliflower outer leaves removed,1,1,1,1,1,1,1,1,1,1,1
5297,cauliflower stalk,1,1,1,1,1,1,1,1,1,1,1
5298,cauliflower stalks and florets,1,1,1,1,1,1,1,1,1,1,1
5299,cava,1,1,1,1,1,1,1,1,1,1,1
5300,cavatappi,1,1,1,1,1,1,1,1,1,1,1
5301,cavolo nero any,1,1,1,1,1,1,1,1,1,1,1
5302,cavolo nero central ribs,1,1,1,1,1,1,1,1,1,1,1
5303,cavolo nero de-,1,1,1,1,1,1,1,1,1,1,1
5304,cayenne or chilli powder,1,1,1,1,1,1,1,1,1,1,1
5305,cayenne pepper or hot smoked paprika,1,1,1,1,1,1,1,1,1,1,1
5306,cayenne pepper or tabasco sauce,1,1,1,1,1,1,1,1,1,1,1
5307,cayenne powder,1,1,1,1,1,1,1,1,1,1,1
5308,celery crudités,1,1,1,1,1,1,1,1,1,1,1
5309,celery stalks with leaves,1,1,1,1,1,1,1,1,1,1,1
5310,celery sticks,1,1,1,1,1,1,1,1,1,1,1
5311,cellophane,1,1,1,1,1,1,1,1,1,1,1
5312,cellophane and twine,1,1,1,1,1,1,1,1,1,1,1
5313,cellophane bags and ribbons,1,1,1,1,1,1,1,1,1,1,1
5314,cellophane squares,1,1,1,1,1,1,1,1,1,1,1
5315,cereal,1,1,1,1,1,1,1,1,1,1,1
5316,cereal hoops,1,1,1,1,1,1,1,1,1,1,1
5317,ceylon arrack,1,1,1,1,1,1,1,1,1,1,1
5318,chakki atta,1,1,1,1,1,1,1,1,1,1,1
5319,chambord liqueur,1,1,1,1,1,1,1,1,1,1,1
5320,chamomile tea bag,1,1,1,1,1,1,1,1,1,1,1
5321,chamomile teabag,1,1,1,1,1,1,1,1,1,1,1
5322,champagne or prosecco,1,1,1,1,1,1,1,1,1,1,1
5323,chana daal soaked overnight,1,1,1,1,1,1,1,1,1,1,1
5324,chana lentils,1,1,1,1,1,1,1,1,1,1,1
5325,channa dal /bengal gram,1,1,1,1,1,1,1,1,1,1,1
5326,chantenay carrot,1,1,1,1,1,1,1,1,1,1,1
5327,chantenay or baby carrot,1,1,1,1,1,1,1,1,1,1,1
5328,chapatis and mango chutney,1,1,1,1,1,1,1,1,1,1,1
5329,chapatis breads,1,1,1,1,1,1,1,1,1,1,1
5330,chapatis or basmati rice,1,1,1,1,1,1,1,1,1,1,1
5331,charcoal powder,1,1,1,1,1,1,1,1,1,1,1
5332,chard remove stalks,1,1,1,1,1,1,1,1,1,1,1
5333,charentais,1,1,1,1,1,1,1,1,1,1,1
5334,charentais melon,1,1,1,1,1,1,1,1,1,1,1
5335,chargrilled artichoke,1,1,1,1,1,1,1,1,1,1,1
5336,chargrilled mediterranean veg,1,1,1,1,1,1,1,1,1,1,1
5337,chargrilled veg antipasti,1,1,1,1,1,1,1,1,1,1,1
5338,charred brussels sprouts left over from christmas,1,1,1,1,1,1,1,1,1,1,1
5339,charred lemon halves,1,1,1,1,1,1,1,1,1,1,1
5340,cheap  red wine,1,1,1,1,1,1,1,1,1,1,1
5341,cheap red wine,1,1,1,1,1,1,1,1,1,1,1
5342,cheap stewing lamb,1,1,1,1,1,1,1,1,1,1,1
5343,cheddar &amp,1,1,1,1,1,1,1,1,1,1,1
5344,cheddar and mozzarella cheese,1,1,1,1,1,1,1,1,1,1,1
5345,cheddar and mozzarella mix,1,1,1,1,1,1,1,1,1,1,1
5346,cheddar gruyère,1,1,1,1,1,1,1,1,1,1,1
5347,cheddar natural yogurt,1,1,1,1,1,1,1,1,1,1,1
5348,cheddar parmesan,1,1,1,1,1,1,1,1,1,1,1
5349,cheese and chutney,1,1,1,1,1,1,1,1,1,1,1
5350,cheese and soured cream,1,1,1,1,1,1,1,1,1,1,1
5351,cheese curd,1,1,1,1,1,1,1,1,1,1,1
5352,cheese selection,1,1,1,1,1,1,1,1,1,1,1
5353,cheese straws,1,1,1,1,1,1,1,1,1,1,1
5354,cheese tortilla chips,1,1,1,1,1,1,1,1,1,1,1
5355,chenille,1,1,1,1,1,1,1,1,1,1,1
5356,cherries and fresh pink cherry blossom,1,1,1,1,1,1,1,1,1,1,1
5357,cherries in syrup,1,1,1,1,1,1,1,1,1,1,1
5358,cherries stoned and,1,1,1,1,1,1,1,1,1,1,1
5359,cherry  jam,1,1,1,1,1,1,1,1,1,1,1
5360,cherry  plum tomato,1,1,1,1,1,1,1,1,1,1,1
5361,cherry  tomatoes,1,1,1,1,1,1,1,1,1,1,1
5362,cherry brandy liqueur,1,1,1,1,1,1,1,1,1,1,1
5363,cherry cordial,1,1,1,1,1,1,1,1,1,1,1
5364,cherry eau de vie,1,1,1,1,1,1,1,1,1,1,1
5365,cherry essence,1,1,1,1,1,1,1,1,1,1,1
5366,cherry or chopped tomatoes,1,1,1,1,1,1,1,1,1,1,1
5367,cherry or plain cola,1,1,1,1,1,1,1,1,1,1,1
5368,cherry or pomegranate juice,1,1,1,1,1,1,1,1,1,1,1
5369,cherry or pomegranate molasses,1,1,1,1,1,1,1,1,1,1,1
5370,cherry see tip,1,1,1,1,1,1,1,1,1,1,1
5371,cherry tomatoes in juice,1,1,1,1,1,1,1,1,1,1,1
5372,cherry tomatoes in thick juice,1,1,1,1,1,1,1,1,1,1,1
5373,cherry vine tomato,1,1,1,1,1,1,1,1,1,1,1
5374,cherry vine tomatoes,1,1,1,1,1,1,1,1,1,1,1
5375,cherry vodka or kirsch,1,1,1,1,1,1,1,1,1,1,1
5376,chervil dill,1,1,1,1,1,1,1,1,1,1,1
5377,chervil leaves only,1,1,1,1,1,1,1,1,1,1,1
5378,chestnut baby button mushrooms,1,1,1,1,1,1,1,1,1,1,1
5379,chestnut button mushrooms,1,1,1,1,1,1,1,1,1,1,1
5380,chestnut halves,1,1,1,1,1,1,1,1,1,1,1
5381,chestnut liqueur,1,1,1,1,1,1,1,1,1,1,1
5382,chestnut or wild mushrooms,1,1,1,1,1,1,1,1,1,1,1
5383,chestnut syrup,1,1,1,1,1,1,1,1,1,1,1
5384,chestnuts in shells,1,1,1,1,1,1,1,1,1,1,1
5385,chewing gum,1,1,1,1,1,1,1,1,1,1,1
5386,chewy toffees,1,1,1,1,1,1,1,1,1,1,1
5387,chia or basil seeds,1,1,1,1,1,1,1,1,1,1,1
5388,chia or flaxseeds,1,1,1,1,1,1,1,1,1,1,1
5389,chianti,1,1,1,1,1,1,1,1,1,1,1
5390,chicken bone,1,1,1,1,1,1,1,1,1,1,1
5391,chicken bouillion powder,1,1,1,1,1,1,1,1,1,1,1
5392,chicken bouillon powder,1,1,1,1,1,1,1,1,1,1,1
5393,chicken boullion powder,1,1,1,1,1,1,1,1,1,1,1
5394,chicken breasts fillets,1,1,1,1,1,1,1,1,1,1,1
5395,chicken breasts french,1,1,1,1,1,1,1,1,1,1,1
5396,chicken breasts on the bone,1,1,1,1,1,1,1,1,1,1,1
5397,chicken breasts skin left on,1,1,1,1,1,1,1,1,1,1,1
5398,chicken breasts skin on,1,1,1,1,1,1,1,1,1,1,1
5399,chicken breasts skin-on,1,1,1,1,1,1,1,1,1,1,1
5400,chicken breasts skinless,1,1,1,1,1,1,1,1,1,1,1
5401,chicken breasts with skin on,1,1,1,1,1,1,1,1,1,1,1
5402,chicken broth,1,1,1,1,1,1,1,1,1,1,1
5403,chicken carcass,1,1,1,1,1,1,1,1,1,1,1
5404,chicken carcasses,1,1,1,1,1,1,1,1,1,1,1
5405,chicken carcasses with the wings,1,1,1,1,1,1,1,1,1,1,1
5406,chicken crackling,1,1,1,1,1,1,1,1,1,1,1
5407,chicken drumsticks and thighs,1,1,1,1,1,1,1,1,1,1,1
5408,chicken drumsticks skin removed,1,1,1,1,1,1,1,1,1,1,1
5409,chicken elastic,1,1,1,1,1,1,1,1,1,1,1
5410,chicken fat,1,1,1,1,1,1,1,1,1,1,1
5411,chicken fat prepared from the whole chicken,1,1,1,1,1,1,1,1,1,1,1
5412,chicken goujons,1,1,1,1,1,1,1,1,1,1,1
5413,chicken legs around,1,1,1,1,1,1,1,1,1,1,1
5414,chicken legs bone,1,1,1,1,1,1,1,1,1,1,1
5415,chicken legs on,1,1,1,1,1,1,1,1,1,1,1
5416,chicken legs skin,1,1,1,1,1,1,1,1,1,1,1
5417,chicken legs skin on,1,1,1,1,1,1,1,1,1,1,1
5418,chicken liver,1,1,1,1,1,1,1,1,1,1,1
5419,chicken liver pâté,1,1,1,1,1,1,1,1,1,1,1
5420,chicken mini breast fillets,1,1,1,1,1,1,1,1,1,1,1
5421,chicken on the bone skinless,1,1,1,1,1,1,1,1,1,1,1
5422,chicken or  vegetable stock,1,1,1,1,1,1,1,1,1,1,1
5423,chicken or  vegetable stock gluten-free,1,1,1,1,1,1,1,1,1,1,1
5424,chicken or beef gravy,1,1,1,1,1,1,1,1,1,1,1
5425,chicken or beef stock cubes,1,1,1,1,1,1,1,1,1,1,1
5426,chicken or game stock,1,1,1,1,1,1,1,1,1,1,1
5427,chicken or ham,1,1,1,1,1,1,1,1,1,1,1
5428,chicken or turkey,1,1,1,1,1,1,1,1,1,1,1
5429,chicken or turkey thigh mince,1,1,1,1,1,1,1,1,1,1,1
5430,chicken or veg stock,1,1,1,1,1,1,1,1,1,1,1
5431,chicken or vegetable stock hot,1,1,1,1,1,1,1,1,1,1,1
5432,chicken powder,1,1,1,1,1,1,1,1,1,1,1
5433,chicken preferably leg meat,1,1,1,1,1,1,1,1,1,1,1
5434,chicken ramen broth,1,1,1,1,1,1,1,1,1,1,1
5435,chicken sausage,1,1,1,1,1,1,1,1,1,1,1
5436,chicken schmaltz,1,1,1,1,1,1,1,1,1,1,1
5437,chicken seasoning,1,1,1,1,1,1,1,1,1,1,1
5438,chicken skewers,1,1,1,1,1,1,1,1,1,1,1
5439,chicken skin,1,1,1,1,1,1,1,1,1,1,1
5440,chicken slices,1,1,1,1,1,1,1,1,1,1,1
5441,chicken stock shot,1,1,1,1,1,1,1,1,1,1,1
5442,chicken tenders or fillets,1,1,1,1,1,1,1,1,1,1,1
5443,chicken thigh fillets skin on and bone in,1,1,1,1,1,1,1,1,1,1,1
5444,chicken thigh meat,1,1,1,1,1,1,1,1,1,1,1
5445,chicken thigh skin,1,1,1,1,1,1,1,1,1,1,1
5446,chicken thighs bone-in/skin-on,1,1,1,1,1,1,1,1,1,1,1
5447,chicken thighs fillets,1,1,1,1,1,1,1,1,1,1,1
5448,chicken thighs skin-on,1,1,1,1,1,1,1,1,1,1,1
5449,chicken thighs skinless,1,1,1,1,1,1,1,1,1,1,1
5450,chicken thighs skins,1,1,1,1,1,1,1,1,1,1,1
5451,chicken tikka masala paste,1,1,1,1,1,1,1,1,1,1,1
5452,chicken wings wing tips,1,1,1,1,1,1,1,1,1,1,1
5453,chicken with extra giblets,1,1,1,1,1,1,1,1,1,1,1
5454,"chicken, beef or veal stock",1,1,1,1,1,1,1,1,1,1,1
5455,"chicken, fish or vegetable stock",1,1,1,1,1,1,1,1,1,1,1
5456,"chicken, turkey or beef stock",1,1,1,1,1,1,1,1,1,1,1
5457,chickpea flour,1,1,1,1,1,1,1,1,1,1,1
5458,chickpeas from,1,1,1,1,1,1,1,1,1,1,1
5459,chickpeas no need,1,1,1,1,1,1,1,1,1,1,1
5460,chicory leaves red or green,1,1,1,1,1,1,1,1,1,1,1
5461,chicory or salad leaves,1,1,1,1,1,1,1,1,1,1,1
5462,chicory salad,1,1,1,1,1,1,1,1,1,1,1
5463,chicory syrup,1,1,1,1,1,1,1,1,1,1,1
5464,chili powder,1,1,1,1,1,1,1,1,1,1,1
5465,chilli black beans or chilli kidney beans,1,1,1,1,1,1,1,1,1,1,1
5466,chilli crisp,1,1,1,1,1,1,1,1,1,1,1
5467,chilli flakes according,1,1,1,1,1,1,1,1,1,1,1
5468,chilli flakes cumin seeds,1,1,1,1,1,1,1,1,1,1,1
5469,chilli jam ketchup,1,1,1,1,1,1,1,1,1,1,1
5470,chilli oil or olive oil,1,1,1,1,1,1,1,1,1,1,1
5471,chilli or barbecue spices,1,1,1,1,1,1,1,1,1,1,1
5472,chilli paste,1,1,1,1,1,1,1,1,1,1,1
5473,chilli powder ground cumin and ground coriander,1,1,1,1,1,1,1,1,1,1,1
5474,chilli powder mild,1,1,1,1,1,1,1,1,1,1,1
5475,chilli powder or chilli flakes,1,1,1,1,1,1,1,1,1,1,1
5476,chilli powder or hot paprika,1,1,1,1,1,1,1,1,1,1,1
5477,chilli prawn cracker,1,1,1,1,1,1,1,1,1,1,1
5478,chilli sauce and lime wedges,1,1,1,1,1,1,1,1,1,1,1
5479,chilli sauce of your choice,1,1,1,1,1,1,1,1,1,1,1
5480,chilli syrup,1,1,1,1,1,1,1,1,1,1,1
5481,chilli tops,1,1,1,1,1,1,1,1,1,1,1
5482,chilli-flavoured chocolate,1,1,1,1,1,1,1,1,1,1,1
5483,chillies in 4 tbsp low-salt light soy sauce,1,1,1,1,1,1,1,1,1,1,1
5484,chillies of your choice,1,1,1,1,1,1,1,1,1,1,1
5485,chillies or chilli oil,1,1,1,1,1,1,1,1,1,1,1
5486,chillies tops,1,1,1,1,1,1,1,1,1,1,1
5487,chinese black,1,1,1,1,1,1,1,1,1,1,1
5488,chinese black or red wine vinegar,1,1,1,1,1,1,1,1,1,1,1
5489,chinese black rice vinegar,1,1,1,1,1,1,1,1,1,1,1
5490,chinese black rice vinegar cider or white wine vinegar,1,1,1,1,1,1,1,1,1,1,1
5491,chinese black rice wine vinegar,1,1,1,1,1,1,1,1,1,1,1
5492,chinese black vinegar or balsamic vinegar,1,1,1,1,1,1,1,1,1,1,1
5493,chinese black vinegar or cider vinegar,1,1,1,1,1,1,1,1,1,1,1
5494,chinese black vinegar or rice wine vinegar,1,1,1,1,1,1,1,1,1,1,1
5495,chinese celery,1,1,1,1,1,1,1,1,1,1,1
5496,chinese char siu pork,1,1,1,1,1,1,1,1,1,1,1
5497,chinese cooking wine,1,1,1,1,1,1,1,1,1,1,1
5498,chinese dried egg noodles,1,1,1,1,1,1,1,1,1,1,1
5499,chinese garlic chives,1,1,1,1,1,1,1,1,1,1,1
5500,chinese or savoy cabbage,1,1,1,1,1,1,1,1,1,1,1
5501,chinese red pepper powder,1,1,1,1,1,1,1,1,1,1,1
5502,chinese white rice vinegar,1,1,1,1,1,1,1,1,1,1,1
5503,chinkiang vinegar,1,1,1,1,1,1,1,1,1,1,1
5504,chipolata-sized,1,1,1,1,1,1,1,1,1,1,1
5505,chipolata-style vegan sausages,1,1,1,1,1,1,1,1,1,1,1
5506,chipolte tabasco,1,1,1,1,1,1,1,1,1,1,1
5507,chipotle chilli paste depending on,1,1,1,1,1,1,1,1,1,1,1
5508,chipotle chilli powder,1,1,1,1,1,1,1,1,1,1,1
5509,chipotle chilli sauce,1,1,1,1,1,1,1,1,1,1,1
5510,chipotle in adobo,1,1,1,1,1,1,1,1,1,1,1
5511,chipotle in adobo blended,1,1,1,1,1,1,1,1,1,1,1
5512,chipotle or chilli mayo,1,1,1,1,1,1,1,1,1,1,1
5513,chipotle or other chilli flakes,1,1,1,1,1,1,1,1,1,1,1
5514,chipotle or other hot sauce,1,1,1,1,1,1,1,1,1,1,1
5515,chipotle pepper in adobo sauce,1,1,1,1,1,1,1,1,1,1,1
5516,chipotles in adobo,1,1,1,1,1,1,1,1,1,1,1
5517,chive,1,1,1,1,1,1,1,1,1,1,1
5518,chives and bread,1,1,1,1,1,1,1,1,1,1,1
5519,chives or flat-leaf parsley,1,1,1,1,1,1,1,1,1,1,1
5520,chives parsley or dill,1,1,1,1,1,1,1,1,1,1,1
5521,chives some black pepper,1,1,1,1,1,1,1,1,1,1,1
5522,chocolate  cake,1,1,1,1,1,1,1,1,1,1,1
5523,chocolate - a mini reese's peanut butter,1,1,1,1,1,1,1,1,1,1,1
5524,chocolate 85% cocoa,1,1,1,1,1,1,1,1,1,1,1
5525,chocolate and hazelnut spread,1,1,1,1,1,1,1,1,1,1,1
5526,chocolate any type,1,1,1,1,1,1,1,1,1,1,1
5527,chocolate bars,1,1,1,1,1,1,1,1,1,1,1
5528,chocolate biscuits,1,1,1,1,1,1,1,1,1,1,1
5529,chocolate bourbon biscuits,1,1,1,1,1,1,1,1,1,1,1
5530,chocolate brownies,1,1,1,1,1,1,1,1,1,1,1
5531,chocolate bunnies,1,1,1,1,1,1,1,1,1,1,1
5532,chocolate buttons pared orange zest,1,1,1,1,1,1,1,1,1,1,1
5533,chocolate cake,1,1,1,1,1,1,1,1,1,1,1
5534,chocolate cake decorations,1,1,1,1,1,1,1,1,1,1,1
5535,chocolate caramel biscuit bars,1,1,1,1,1,1,1,1,1,1,1
5536,chocolate caramels,1,1,1,1,1,1,1,1,1,1,1
5537,chocolate chip,1,1,1,1,1,1,1,1,1,1,1
5538,chocolate chip  cookie dough,1,1,1,1,1,1,1,1,1,1,1
5539,chocolate chip cookies,1,1,1,1,1,1,1,1,1,1,1
5540,chocolate chips blueberries,1,1,1,1,1,1,1,1,1,1,1
5541,chocolate chips nuts,1,1,1,1,1,1,1,1,1,1,1
5542,chocolate cigarellos,1,1,1,1,1,1,1,1,1,1,1
5543,chocolate cigarillos,1,1,1,1,1,1,1,1,1,1,1
5544,chocolate coated biscuit,1,1,1,1,1,1,1,1,1,1,1
5545,chocolate coins,1,1,1,1,1,1,1,1,1,1,1
5546,chocolate cream liqueur,1,1,1,1,1,1,1,1,1,1,1
5547,chocolate crème-filled sandwich biscuits,1,1,1,1,1,1,1,1,1,1,1
5548,chocolate curls gold sprinkles,1,1,1,1,1,1,1,1,1,1,1
5549,chocolate easter egg,1,1,1,1,1,1,1,1,1,1,1
5550,chocolate egg,1,1,1,1,1,1,1,1,1,1,1
5551,chocolate flake bars,1,1,1,1,1,1,1,1,1,1,1
5552,chocolate flavour ready-to-roll fondant  icing,1,1,1,1,1,1,1,1,1,1,1
5553,chocolate fondant icing,1,1,1,1,1,1,1,1,1,1,1
5554,chocolate fruit,1,1,1,1,1,1,1,1,1,1,1
5555,chocolate hundreds and thousands,1,1,1,1,1,1,1,1,1,1,1
5556,chocolate ice creams,1,1,1,1,1,1,1,1,1,1,1
5557,chocolate mini eggs chocolate nests and white chocolate buttons,1,1,1,1,1,1,1,1,1,1,1
5558,chocolate mini rolls,1,1,1,1,1,1,1,1,1,1,1
5559,chocolate mint thins,1,1,1,1,1,1,1,1,1,1,1
5560,chocolate oat biscuits,1,1,1,1,1,1,1,1,1,1,1
5561,chocolate of your choice,1,1,1,1,1,1,1,1,1,1,1
5562,chocolate or chocolate shavings,1,1,1,1,1,1,1,1,1,1,1
5563,chocolate or piping icing,1,1,1,1,1,1,1,1,1,1,1
5564,chocolate orange shavings,1,1,1,1,1,1,1,1,1,1,1
5565,chocolate sandwich biscuits,1,1,1,1,1,1,1,1,1,1,1
5566,chocolate shaving or buttons,1,1,1,1,1,1,1,1,1,1,1
5567,chocolate skull,1,1,1,1,1,1,1,1,1,1,1
5568,chocolate spread biscuit spread or canned caramel,1,1,1,1,1,1,1,1,1,1,1
5569,chocolate stars edible gold spray and chocolate,1,1,1,1,1,1,1,1,1,1,1
5570,chocolate stout,1,1,1,1,1,1,1,1,1,1,1
5571,chocolate sweets,1,1,1,1,1,1,1,1,1,1,1
5572,chocolate syrup,1,1,1,1,1,1,1,1,1,1,1
5573,chocolate truffles,1,1,1,1,1,1,1,1,1,1,1
5574,chocolate vermicelli,1,1,1,1,1,1,1,1,1,1,1
5575,chocolate-covered  caramel,1,1,1,1,1,1,1,1,1,1,1
5576,chocolate-covered coffee beans,1,1,1,1,1,1,1,1,1,1,1
5577,chocolate-covered honeycomb,1,1,1,1,1,1,1,1,1,1,1
5578,chocolate-covered honeycomb bar,1,1,1,1,1,1,1,1,1,1,1
5579,chocolate-covered pretzels,1,1,1,1,1,1,1,1,1,1,1
5580,chocolate-covered raisin,1,1,1,1,1,1,1,1,1,1,1
5581,choice of edible pearl balls,1,1,1,1,1,1,1,1,1,1,1
5582,choose from one of the icing recipes in the method,1,1,1,1,1,1,1,1,1,1,1
5583,"choose from the following fillings:   cucumber strips smoked salmon, white crabmeat",1,1,1,1,1,1,1,1,1,1,1
5584,choose your favourites,1,1,1,1,1,1,1,1,1,1,1
5585,chopped kale,1,1,1,1,1,1,1,1,1,1,1
5586,chopped tomatoes with garlic & basil,1,1,1,1,1,1,1,1,1,1,1
5587,chopped tomatoes),1,1,1,1,1,1,1,1,1,1,1
5588,chorizo cooking sausages,1,1,1,1,1,1,1,1,1,1,1
5589,chorizo sausage,1,1,1,1,1,1,1,1,1,1,1
5590,chorizo-style  sausages,1,1,1,1,1,1,1,1,1,1,1
5591,chorizo-style cooking sausages,1,1,1,1,1,1,1,1,1,1,1
5592,chow chilli oil,1,1,1,1,1,1,1,1,1,1,1
5593,christmas biscuits,1,1,1,1,1,1,1,1,1,1,1
5594,christmas cake or rich fruitcake,1,1,1,1,1,1,1,1,1,1,1
5595,christmas chocolate biscuit cake mix,1,1,1,1,1,1,1,1,1,1,1
5596,christmas pudding,1,1,1,1,1,1,1,1,1,1,1
5597,christmas sweets,1,1,1,1,1,1,1,1,1,1,1
5598,chuck steak beef shin,1,1,1,1,1,1,1,1,1,1,1
5599,chunky,1,1,1,1,1,1,1,1,1,1,1
5600,chunky  apple sauce,1,1,1,1,1,1,1,1,1,1,1
5601,chunky  unsmoked fish,1,1,1,1,1,1,1,1,1,1,1
5602,"chunky , skinless white fish fillets around",1,1,1,1,1,1,1,1,1,1,1
5603,chunky bacon lardons,1,1,1,1,1,1,1,1,1,1,1
5604,chunky chips,1,1,1,1,1,1,1,1,1,1,1
5605,chunky chips and watercress,1,1,1,1,1,1,1,1,1,1,1
5606,chunky cod loins,1,1,1,1,1,1,1,1,1,1,1
5607,chunky cucumber raita,1,1,1,1,1,1,1,1,1,1,1
5608,chunky fillets skinless white fish,1,1,1,1,1,1,1,1,1,1,1
5609,chunky marmalade,1,1,1,1,1,1,1,1,1,1,1
5610,chunky skinless  white fish fillets,1,1,1,1,1,1,1,1,1,1,1
5611,chunky slices sourdough bread,1,1,1,1,1,1,1,1,1,1,1
5612,chunky white  fish fillets,1,1,1,1,1,1,1,1,1,1,1
5613,chunky white fish,1,1,1,1,1,1,1,1,1,1,1
5614,chutney cheddar,1,1,1,1,1,1,1,1,1,1,1
5615,"chutney, raw onion rings and lemon wedges",1,1,1,1,1,1,1,1,1,1,1
5616,ciabatta baguette,1,1,1,1,1,1,1,1,1,1,1
5617,ciabatta bread rolls,1,1,1,1,1,1,1,1,1,1,1
5618,ciabatta or crusty,1,1,1,1,1,1,1,1,1,1,1
5619,ciabatta or sourdough bread,1,1,1,1,1,1,1,1,1,1,1
5620,ciabatta sourdough,1,1,1,1,1,1,1,1,1,1,1
5621,ciabatta split in half,1,1,1,1,1,1,1,1,1,1,1
5622,ciabatta-style rolls,1,1,1,1,1,1,1,1,1,1,1
5623,cider malt,1,1,1,1,1,1,1,1,1,1,1
5624,cider or  white wine vinegar,1,1,1,1,1,1,1,1,1,1,1
5625,cider or malt vinegar,1,1,1,1,1,1,1,1,1,1,1
5626,cinnamon and ginger,1,1,1,1,1,1,1,1,1,1,1
5627,cinnamon or a grating of nutmeg,1,1,1,1,1,1,1,1,1,1,1
5628,cinnamon or mixed spice,1,1,1,1,1,1,1,1,1,1,1
5629,cinnamon raisin bagel,1,1,1,1,1,1,1,1,1,1,1
5630,cinnamon sticks bay leaves,1,1,1,1,1,1,1,1,1,1,1
5631,cinnamon sugar,1,1,1,1,1,1,1,1,1,1,1
5632,cinnamon syrup,1,1,1,1,1,1,1,1,1,1,1
5633,citrus fruit,1,1,1,1,1,1,1,1,1,1,1
5634,citrus juice,1,1,1,1,1,1,1,1,1,1,1
5635,citrus-heavy gin,1,1,1,1,1,1,1,1,1,1,1
5636,classic  tonic water,1,1,1,1,1,1,1,1,1,1,1
5637,claxton blue cheese,1,1,1,1,1,1,1,1,1,1,1
5638,clear,1,1,1,1,1,1,1,1,1,1,1
5639,clear fruit-flavoured boiled sweets,1,1,1,1,1,1,1,1,1,1,1
5640,clear honey agave,1,1,1,1,1,1,1,1,1,1,1
5641,clear lemonade,1,1,1,1,1,1,1,1,1,1,1
5642,clear mint sweets,1,1,1,1,1,1,1,1,1,1,1
5643,clear runny honey,1,1,1,1,1,1,1,1,1,1,1
5644,clementine and juice of 2,1,1,1,1,1,1,1,1,1,1,1
5645,clementine or orange peel,1,1,1,1,1,1,1,1,1,1,1
5646,clementine orange,1,1,1,1,1,1,1,1,1,1,1
5647,clementine zest,1,1,1,1,1,1,1,1,1,1,1
5648,clementines peel on,1,1,1,1,1,1,1,1,1,1,1
5649,clip-top jar with gasket,1,1,1,1,1,1,1,1,1,1,1
5650,closed-cup mushrooms,1,1,1,1,1,1,1,1,1,1,1
5651,cloth,1,1,1,1,1,1,1,1,1,1,1
5652,clotted cream custard,1,1,1,1,1,1,1,1,1,1,1
5653,clotted cream ice cream,1,1,1,1,1,1,1,1,1,1,1
5654,cloud template,1,1,1,1,1,1,1,1,1,1,1
5655,cloud-shaped cutters,1,1,1,1,1,1,1,1,1,1,1
5656,coarse  sea salt,1,1,1,1,1,1,1,1,1,1,1
5657,coarse bread,1,1,1,1,1,1,1,1,1,1,1
5658,coarse cornmeal,1,1,1,1,1,1,1,1,1,1,1
5659,coarse crystal),1,1,1,1,1,1,1,1,1,1,1
5660,coarse flour,1,1,1,1,1,1,1,1,1,1,1
5661,coarse grain mustard,1,1,1,1,1,1,1,1,1,1,1
5662,coarse ground black pepper,1,1,1,1,1,1,1,1,1,1,1
5663,coarse pâté,1,1,1,1,1,1,1,1,1,1,1
5664,coarse salt,1,1,1,1,1,1,1,1,1,1,1
5665,coarse sea salt flakes,1,1,1,1,1,1,1,1,1,1,1
5666,coarse semolina,1,1,1,1,1,1,1,1,1,1,1
5667,coarse textured white bread,1,1,1,1,1,1,1,1,1,1,1
5668,coarse white country bread,1,1,1,1,1,1,1,1,1,1,1
5669,coarse yellow cornmeal,1,1,1,1,1,1,1,1,1,1,1
5670,cobnuts,1,1,1,1,1,1,1,1,1,1,1
5671,cobs choclo corn,1,1,1,1,1,1,1,1,1,1,1
5672,cockles,1,1,1,1,1,1,1,1,1,1,1
5673,cocktail blinis,1,1,1,1,1,1,1,1,1,1,1
5674,cocktail cherries from,1,1,1,1,1,1,1,1,1,1,1
5675,cocktail cherries with stalks,1,1,1,1,1,1,1,1,1,1,1
5676,cocktail gherkins,1,1,1,1,1,1,1,1,1,1,1
5677,cocktail or maraschino cherries,1,1,1,1,1,1,1,1,1,1,1
5678,cocktail skewers,1,1,1,1,1,1,1,1,1,1,1
5679,cocktail stirrer,1,1,1,1,1,1,1,1,1,1,1
5680,cocktail strainer,1,1,1,1,1,1,1,1,1,1,1
5681,cocoa or espresso powder,1,1,1,1,1,1,1,1,1,1,1
5682,cocoa powder and crushed coffee beans,1,1,1,1,1,1,1,1,1,1,1
5683,cocoa powder gluten-free as desired,1,1,1,1,1,1,1,1,1,1,1
5684,cocoa powder or chocolate sprinkles,1,1,1,1,1,1,1,1,1,1,1
5685,cocoa powder sprinkles,1,1,1,1,1,1,1,1,1,1,1
5686,coconut butter,1,1,1,1,1,1,1,1,1,1,1
5687,coconut chips,1,1,1,1,1,1,1,1,1,1,1
5688,coconut cream from,1,1,1,1,1,1,1,1,1,1,1
5689,coconut dairy-free yogurt,1,1,1,1,1,1,1,1,1,1,1
5690,coconut flakes 5 pineapple chunks,1,1,1,1,1,1,1,1,1,1,1
5691,coconut flavouring,1,1,1,1,1,1,1,1,1,1,1
5692,coconut macaroons,1,1,1,1,1,1,1,1,1,1,1
5693,coconut milk powder,1,1,1,1,1,1,1,1,1,1,1
5694,coconut milk shaken well,1,1,1,1,1,1,1,1,1,1,1
5695,coconut oil straight from the fridge,1,1,1,1,1,1,1,1,1,1,1
5696,coconut or cider vinegar,1,1,1,1,1,1,1,1,1,1,1
5697,coconut or groundnut oil,1,1,1,1,1,1,1,1,1,1,1
5698,coconut or olive oil,1,1,1,1,1,1,1,1,1,1,1
5699,coconut or plain bio yogurt,1,1,1,1,1,1,1,1,1,1,1
5700,coconut or rapeseed oil,1,1,1,1,1,1,1,1,1,1,1
5701,coconut palm sugar,1,1,1,1,1,1,1,1,1,1,1
5702,coconut rice,1,1,1,1,1,1,1,1,1,1,1
5703,coconut rice pouch,1,1,1,1,1,1,1,1,1,1,1
5704,coconut rum liqueur,1,1,1,1,1,1,1,1,1,1,1
5705,coconut whipping cream,1,1,1,1,1,1,1,1,1,1,1
5706,coconut yogurt or natural yogurt,1,1,1,1,1,1,1,1,1,1,1
5707,coconut-flavoured rum,1,1,1,1,1,1,1,1,1,1,1
5708,cod fillet skin and pin bones removed,1,1,1,1,1,1,1,1,1,1,1
5709,coffee bitters,1,1,1,1,1,1,1,1,1,1,1
5710,coffee cooled,1,1,1,1,1,1,1,1,1,1,1
5711,coffee essence,1,1,1,1,1,1,1,1,1,1,1
5712,coffee filter paper,1,1,1,1,1,1,1,1,1,1,1
5713,coffee grounds,1,1,1,1,1,1,1,1,1,1,1
5714,coffee liqueur or madeira wine,1,1,1,1,1,1,1,1,1,1,1
5715,coffee powder,1,1,1,1,1,1,1,1,1,1,1
5716,coffee walnut cake,1,1,1,1,1,1,1,1,1,1,1
5717,coffee-flavoured liqueur,1,1,1,1,1,1,1,1,1,1,1
5718,cointreau brandy,1,1,1,1,1,1,1,1,1,1,1
5719,cointreau or orange liqueur,1,1,1,1,1,1,1,1,1,1,1
5720,cointreau or other christmassy,1,1,1,1,1,1,1,1,1,1,1
5721,cola belts,1,1,1,1,1,1,1,1,1,1,1
5722,cold  salted butter,1,1,1,1,1,1,1,1,1,1,1
5723,cold  unsalted butter,1,1,1,1,1,1,1,1,1,1,1
5724,cold and,1,1,1,1,1,1,1,1,1,1,1
5725,cold apple juice,1,1,1,1,1,1,1,1,1,1,1
5726,cold beer,1,1,1,1,1,1,1,1,1,1,1
5727,cold black tea,1,1,1,1,1,1,1,1,1,1,1
5728,cold butter butter,1,1,1,1,1,1,1,1,1,1,1
5729,cold champagne,1,1,1,1,1,1,1,1,1,1,1
5730,cold chicken stock milk or water,1,1,1,1,1,1,1,1,1,1,1
5731,cold coconut oil,1,1,1,1,1,1,1,1,1,1,1
5732,cold coconut water,1,1,1,1,1,1,1,1,1,1,1
5733,cold cooked rice,1,1,1,1,1,1,1,1,1,1,1
5734,cold espresso coffee,1,1,1,1,1,1,1,1,1,1,1
5735,cold fish stock,1,1,1,1,1,1,1,1,1,1,1
5736,cold jasmine tea,1,1,1,1,1,1,1,1,1,1,1
5737,cold lapsang souchong tea,1,1,1,1,1,1,1,1,1,1,1
5738,cold leftover paella,1,1,1,1,1,1,1,1,1,1,1
5739,cold leftover roast potatoes,1,1,1,1,1,1,1,1,1,1,1
5740,cold marzipan,1,1,1,1,1,1,1,1,1,1,1
5741,cold roast beef,1,1,1,1,1,1,1,1,1,1,1
5742,cold sparkling rosé,1,1,1,1,1,1,1,1,1,1,1
5743,cold sparkling water,1,1,1,1,1,1,1,1,1,1,1
5744,cold strong espresso,1,1,1,1,1,1,1,1,1,1,1
5745,cold unsalted  butter,1,1,1,1,1,1,1,1,1,1,1
5746,cold whole milk,1,1,1,1,1,1,1,1,1,1,1
5747,cold yuzu or regular pale ale,1,1,1,1,1,1,1,1,1,1,1
5748,"cold, slightly salted butter",1,1,1,1,1,1,1,1,1,1,1
5749,cold-pressed  rapeseed oil,1,1,1,1,1,1,1,1,1,1,1
5750,cold-pressed olive oil,1,1,1,1,1,1,1,1,1,1,1
5751,cold-pressed rapeseed,1,1,1,1,1,1,1,1,1,1,1
5752,coloured  sandwich flags,1,1,1,1,1,1,1,1,1,1,1
5753,coloured  sugared almonds,1,1,1,1,1,1,1,1,1,1,1
5754,coloured cake board,1,1,1,1,1,1,1,1,1,1,1
5755,coloured cocktail,1,1,1,1,1,1,1,1,1,1,1
5756,coloured fondant icing including black,1,1,1,1,1,1,1,1,1,1,1
5757,coloured hundreds and thousands,1,1,1,1,1,1,1,1,1,1,1
5758,coloured icing,1,1,1,1,1,1,1,1,1,1,1
5759,coloured icing pens,1,1,1,1,1,1,1,1,1,1,1
5760,coloured icing pens or fondant icing sugar,1,1,1,1,1,1,1,1,1,1,1
5761,coloured lengths of ribbon,1,1,1,1,1,1,1,1,1,1,1
5762,coloured or chocolate sprinkles,1,1,1,1,1,1,1,1,1,1,1
5763,coloured paper straws,1,1,1,1,1,1,1,1,1,1,1
5764,coloured ribbons,1,1,1,1,1,1,1,1,1,1,1
5765,coloured sugar balls,1,1,1,1,1,1,1,1,1,1,1
5766,coloured sweets,1,1,1,1,1,1,1,1,1,1,1
5767,coloured thread,1,1,1,1,1,1,1,1,1,1,1
5768,coloured tissue paper,1,1,1,1,1,1,1,1,1,1,1
5769,colourful sugar-coated chocolates,1,1,1,1,1,1,1,1,1,1,1
5770,comte,1,1,1,1,1,1,1,1,1,1,1
5771,comté gruyère or cheddar,1,1,1,1,1,1,1,1,1,1,1
5772,comté or brie,1,1,1,1,1,1,1,1,1,1,1
5773,comté or cheddar,1,1,1,1,1,1,1,1,1,1,1
5774,conchiglie pasta,1,1,1,1,1,1,1,1,1,1,1
5775,conchigliette pasta,1,1,1,1,1,1,1,1,1,1,1
5776,conchiglione pasta,1,1,1,1,1,1,1,1,1,1,1
5777,conchiglioni see below,1,1,1,1,1,1,1,1,1,1,1
5778,condensed cream of mushroom soup,1,1,1,1,1,1,1,1,1,1,1
5779,condensed milk approx,1,1,1,1,1,1,1,1,1,1,1
5780,condensed mushroom soup,1,1,1,1,1,1,1,1,1,1,1
5781,condensed sweetened milk,1,1,1,1,1,1,1,1,1,1,1
5782,cones nuts,1,1,1,1,1,1,1,1,1,1,1
5783,conference pear,1,1,1,1,1,1,1,1,1,1,1
5784,conference pears ripe but firm,1,1,1,1,1,1,1,1,1,1,1
5785,continental sliced meats,1,1,1,1,1,1,1,1,1,1,1
5786,cook-at-home garlic baguette,1,1,1,1,1,1,1,1,1,1,1
5787,cooked green lentils in water,1,1,1,1,1,1,1,1,1,1,1
5788,cookie,1,1,1,1,1,1,1,1,1,1,1
5789,cookie cutters,1,1,1,1,1,1,1,1,1,1,1
5790,cookie dough ice cream,1,1,1,1,1,1,1,1,1,1,1
5791,cooking apple),1,1,1,1,1,1,1,1,1,1,1
5792,cooking rice wine,1,1,1,1,1,1,1,1,1,1,1
5793,cooking saké,1,1,1,1,1,1,1,1,1,1,1
5794,cook’s muslin,1,1,1,1,1,1,1,1,1,1,1
5795,cool chilli co ancho,1,1,1,1,1,1,1,1,1,1,1
5796,cooled instant coffee,1,1,1,1,1,1,1,1,1,1,1
5797,cooled rice,1,1,1,1,1,1,1,1,1,1,1
5798,coriander & cashew salsa,1,1,1,1,1,1,1,1,1,1,1
5799,coriander 1/2 the leaves,1,1,1,1,1,1,1,1,1,1,1
5800,coriander a few leaves,1,1,1,1,1,1,1,1,1,1,1
5801,coriander and chopped peanuts,1,1,1,1,1,1,1,1,1,1,1
5802,coriander and cooked couscous,1,1,1,1,1,1,1,1,1,1,1
5803,coriander and lime wedges,1,1,1,1,1,1,1,1,1,1,1
5804,coriander and parsley,1,1,1,1,1,1,1,1,1,1,1
5805,coriander and pitta bread,1,1,1,1,1,1,1,1,1,1,1
5806,coriander and sliced spring onions,1,1,1,1,1,1,1,1,1,1,1
5807,coriander and steamed jasmine rice,1,1,1,1,1,1,1,1,1,1,1
5808,coriander and tortilla chips,1,1,1,1,1,1,1,1,1,1,1
5809,coriander and yogurt,1,1,1,1,1,1,1,1,1,1,1
5810,coriander avocado,1,1,1,1,1,1,1,1,1,1,1
5811,coriander cress,1,1,1,1,1,1,1,1,1,1,1
5812,coriander few,1,1,1,1,1,1,1,1,1,1,1
5813,coriander half,1,1,1,1,1,1,1,1,1,1,1
5814,coriander leaves and chopped chilli,1,1,1,1,1,1,1,1,1,1,1
5815,coriander leaves and cooked white or brown rice,1,1,1,1,1,1,1,1,1,1,1
5816,coriander leaves and steamed rice,1,1,1,1,1,1,1,1,1,1,1
5817,coriander leaves flaked almonds,1,1,1,1,1,1,1,1,1,1,1
5818,coriander mint,1,1,1,1,1,1,1,1,1,1,1
5819,coriander mint or dill,1,1,1,1,1,1,1,1,1,1,1
5820,coriander most,1,1,1,1,1,1,1,1,1,1,1
5821,coriander or chives,1,1,1,1,1,1,1,1,1,1,1
5822,coriander or thai basil,1,1,1,1,1,1,1,1,1,1,1
5823,coriander or thai basil leaves,1,1,1,1,1,1,1,1,1,1,1
5824,coriander seeds ground using,1,1,1,1,1,1,1,1,1,1,1
5825,coriander seeds ground with,1,1,1,1,1,1,1,1,1,1,1
5826,coriander sliced spring onions,1,1,1,1,1,1,1,1,1,1,1
5827,coriander small handful of,1,1,1,1,1,1,1,1,1,1,1
5828,coriander stems only,1,1,1,1,1,1,1,1,1,1,1
5829,coriander thinly sliced spring onions,1,1,1,1,1,1,1,1,1,1,1
5830,coriander toasted flaked almonds,1,1,1,1,1,1,1,1,1,1,1
5831,"coriander, garam masala and cashews",1,1,1,1,1,1,1,1,1,1,1
5832,corn & wheat tortillas,1,1,1,1,1,1,1,1,1,1,1
5833,corn chips,1,1,1,1,1,1,1,1,1,1,1
5834,corn cobs cooked rice and tortilla wraps,1,1,1,1,1,1,1,1,1,1,1
5835,corn cobs husks,1,1,1,1,1,1,1,1,1,1,1
5836,corn cobs kernels,1,1,1,1,1,1,1,1,1,1,1
5837,corn on the cob,1,1,1,1,1,1,1,1,1,1,1
5838,corn on the cob each,1,1,1,1,1,1,1,1,1,1,1
5839,corn on the cob husk,1,1,1,1,1,1,1,1,1,1,1
5840,corn on the cob husk removed,1,1,1,1,1,1,1,1,1,1,1
5841,corn on the cobs each,1,1,1,1,1,1,1,1,1,1,1
5842,corn or flour tortilla wraps,1,1,1,1,1,1,1,1,1,1,1
5843,corn or rapeseed oil,1,1,1,1,1,1,1,1,1,1,1
5844,corn syrup,1,1,1,1,1,1,1,1,1,1,1
5845,corn taco shell,1,1,1,1,1,1,1,1,1,1,1
5846,corn tortilla griddled,1,1,1,1,1,1,1,1,1,1,1
5847,corn tortilla wrap,1,1,1,1,1,1,1,1,1,1,1
5848,corn tortillas or crackers,1,1,1,1,1,1,1,1,1,1,1
5849,corn-on-the-cobs,1,1,1,1,1,1,1,1,1,1,1
5850,cornbread,1,1,1,1,1,1,1,1,1,1,1
5851,cornflour or potato flour,1,1,1,1,1,1,1,1,1,1,1
5852,cornichons and toast,1,1,1,1,1,1,1,1,1,1,1
5853,cornish cruncher cheddar,1,1,1,1,1,1,1,1,1,1,1
5854,cornmeal or polenta,1,1,1,1,1,1,1,1,1,1,1
5855,cornmeal or semolina flour,1,1,1,1,1,1,1,1,1,1,1
5856,corns on the cob husks,1,1,1,1,1,1,1,1,1,1,1
5857,cos or iceberg lettuce and lime wedges,1,1,1,1,1,1,1,1,1,1,1
5858,cos or romaine lettuces,1,1,1,1,1,1,1,1,1,1,1
5859,"cotija, queso fresco or feta cheese",1,1,1,1,1,1,1,1,1,1,1
5860,cotton or plastic gloves,1,1,1,1,1,1,1,1,1,1,1
5861,cotton thread and a needle,1,1,1,1,1,1,1,1,1,1,1
5862,courgette flowers stamen,1,1,1,1,1,1,1,1,1,1,1
5863,courgette red chilli flakes,1,1,1,1,1,1,1,1,1,1,1
5864,courgette squeezed of excess juice,1,1,1,1,1,1,1,1,1,1,1
5865,courgettes ends,1,1,1,1,1,1,1,1,1,1,1
5866,couscous and a handful of coriander,1,1,1,1,1,1,1,1,1,1,1
5867,couscous and green salad,1,1,1,1,1,1,1,1,1,1,1
5868,couscous and natural yogurt,1,1,1,1,1,1,1,1,1,1,1
5869,couscous and steamed green veg,1,1,1,1,1,1,1,1,1,1,1
5870,couscous of your choice,1,1,1,1,1,1,1,1,1,1,1
5871,couscous or basmati rice,1,1,1,1,1,1,1,1,1,1,1
5872,couscous or bulgur wheat and coriander,1,1,1,1,1,1,1,1,1,1,1
5873,couscous pitta bread,1,1,1,1,1,1,1,1,1,1,1
5874,couscous rice,1,1,1,1,1,1,1,1,1,1,1
5875,cox apple,1,1,1,1,1,1,1,1,1,1,1
5876,cox's apples,1,1,1,1,1,1,1,1,1,1,1
5877,cox's or russet apples,1,1,1,1,1,1,1,1,1,1,1
5878,coyo (coconut yogurt),1,1,1,1,1,1,1,1,1,1,1
5879,crab brown and white meat,1,1,1,1,1,1,1,1,1,1,1
5880,crab sticks,1,1,1,1,1,1,1,1,1,1,1
5881,crabmeat a mix of white and brown,1,1,1,1,1,1,1,1,1,1,1
5882,crabmeat chunks,1,1,1,1,1,1,1,1,1,1,1
5883,crabmeat chunks in brine,1,1,1,1,1,1,1,1,1,1,1
5884,crabmeat mix,1,1,1,1,1,1,1,1,1,1,1
5885,crabs,1,1,1,1,1,1,1,1,1,1,1
5886,cracker and breadsticks,1,1,1,1,1,1,1,1,1,1,1
5887,cranberry,1,1,1,1,1,1,1,1,1,1,1
5888,cranberry or redcurrant jelly,1,1,1,1,1,1,1,1,1,1,1
5889,crayfish tails,1,1,1,1,1,1,1,1,1,1,1
5890,cream and fruit compote,1,1,1,1,1,1,1,1,1,1,1
5891,cream crème fraîche,1,1,1,1,1,1,1,1,1,1,1
5892,cream custard,1,1,1,1,1,1,1,1,1,1,1
5893,cream of mushroom soup,1,1,1,1,1,1,1,1,1,1,1
5894,cream or  crème fraîche,1,1,1,1,1,1,1,1,1,1,1
5895,cream or brandy butter,1,1,1,1,1,1,1,1,1,1,1
5896,cream or crème,1,1,1,1,1,1,1,1,1,1,1
5897,cream or crème fraîche,1,1,1,1,1,1,1,1,1,1,1
5898,cream or milk,1,1,1,1,1,1,1,1,1,1,1
5899,"cream, ice cream or custard",1,1,1,1,1,1,1,1,1,1,1
5900,cream-filled chocolate sandwich cookies,1,1,1,1,1,1,1,1,1,1,1
5901,cream-filled profiteroles,1,1,1,1,1,1,1,1,1,1,1
5902,creamed coconut from,1,1,1,1,1,1,1,1,1,1,1
5903,creamed coconut in a block,1,1,1,1,1,1,1,1,1,1,1
5904,creamed corn &  bacon,1,1,1,1,1,1,1,1,1,1,1
5905,creamy,1,1,1,1,1,1,1,1,1,1,1
5906,creamy greek-style  yogurt,1,1,1,1,1,1,1,1,1,1,1
5907,creamy mash,1,1,1,1,1,1,1,1,1,1,1
5908,creamy stilton,1,1,1,1,1,1,1,1,1,1,1
5909,creme-filled chocolate biscuits centres scraped out,1,1,1,1,1,1,1,1,1,1,1
5910,crème fraîche,1,1,1,1,1,1,1,1,1,1,1
5911,crickets,1,1,1,1,1,1,1,1,1,1,1
5912,crinkle,1,1,1,1,1,1,1,1,1,1,1
5913,crinkle-cut pickled beetroot,1,1,1,1,1,1,1,1,1,1,1
5914,crinkly passion fruits,1,1,1,1,1,1,1,1,1,1,1
5915,crisp amaretti biscuits,1,1,1,1,1,1,1,1,1,1,1
5916,crisp salad leaves,1,1,1,1,1,1,1,1,1,1,1
5917,crispbreads,1,1,1,1,1,1,1,1,1,1,1
5918,crispbreads or melba toasts,1,1,1,1,1,1,1,1,1,1,1
5919,crisps,1,1,1,1,1,1,1,1,1,1,1
5920,crisps of your choice,1,1,1,1,1,1,1,1,1,1,1
5921,crispy,1,1,1,1,1,1,1,1,1,1,1
5922,crispy  malted wheat flakes,1,1,1,1,1,1,1,1,1,1,1
5923,crispy bacon rashers,1,1,1,1,1,1,1,1,1,1,1
5924,crispy chilli and garlic oil,1,1,1,1,1,1,1,1,1,1,1
5925,crispy cooked bacon,1,1,1,1,1,1,1,1,1,1,1
5926,crispy corn taco shells,1,1,1,1,1,1,1,1,1,1,1
5927,crispy fried eggs,1,1,1,1,1,1,1,1,1,1,1
5928,crispy fried potatoes,1,1,1,1,1,1,1,1,1,1,1
5929,crispy onion,1,1,1,1,1,1,1,1,1,1,1
5930,crispy pancetta or bacon,1,1,1,1,1,1,1,1,1,1,1
5931,crispy rice squares,1,1,1,1,1,1,1,1,1,1,1
5932,crispy salad,1,1,1,1,1,1,1,1,1,1,1
5933,crispy salad onions,1,1,1,1,1,1,1,1,1,1,1
5934,crispy shallots,1,1,1,1,1,1,1,1,1,1,1
5935,crispy smashed potatoes,1,1,1,1,1,1,1,1,1,1,1
5936,crispy smoked bacon,1,1,1,1,1,1,1,1,1,1,1
5937,crispy spelt flakes,1,1,1,1,1,1,1,1,1,1,1
5938,crostini,1,1,1,1,1,1,1,1,1,1,1
5939,croutons,1,1,1,1,1,1,1,1,1,1,1
5940,crown prince pumpkin or onion squash,1,1,1,1,1,1,1,1,1,1,1
5941,croûtons,1,1,1,1,1,1,1,1,1,1,1
5942,crudités,1,1,1,1,1,1,1,1,1,1,1
5943,crudités and cured meat,1,1,1,1,1,1,1,1,1,1,1
5944,crudités and warm pittas,1,1,1,1,1,1,1,1,1,1,1
5945,crumpled bay leaves,1,1,1,1,1,1,1,1,1,1,1
5946,crunchies,1,1,1,1,1,1,1,1,1,1,1
5947,crunchy amaretti biscuits,1,1,1,1,1,1,1,1,1,1,1
5948,crunchy apples,1,1,1,1,1,1,1,1,1,1,1
5949,crunchy cashew nut butter,1,1,1,1,1,1,1,1,1,1,1
5950,crunchy dressed leaves,1,1,1,1,1,1,1,1,1,1,1
5951,crunchy dressed salad leaves,1,1,1,1,1,1,1,1,1,1,1
5952,crunchy salad,1,1,1,1,1,1,1,1,1,1,1
5953,crunchy summer veg,1,1,1,1,1,1,1,1,1,1,1
5954,crunchy taco shells,1,1,1,1,1,1,1,1,1,1,1
5955,crunchy vegan crackers,1,1,1,1,1,1,1,1,1,1,1
5956,crustless  white bread,1,1,1,1,1,1,1,1,1,1,1
5957,crustless sliced white bread,1,1,1,1,1,1,1,1,1,1,1
5958,crustless stale white bread,1,1,1,1,1,1,1,1,1,1,1
5959,crusty  white bread,1,1,1,1,1,1,1,1,1,1,1
5960,crusty baguette,1,1,1,1,1,1,1,1,1,1,1
5961,crusty bread and green salad,1,1,1,1,1,1,1,1,1,1,1
5962,crusty bread and salad,1,1,1,1,1,1,1,1,1,1,1
5963,crusty bread pulsed to crumbs,1,1,1,1,1,1,1,1,1,1,1
5964,crusty bread soured cream and tabasco,1,1,1,1,1,1,1,1,1,1,1
5965,crusty dark rye bread,1,1,1,1,1,1,1,1,1,1,1
5966,crusty rolls,1,1,1,1,1,1,1,1,1,1,1
5967,crusty sourdough bread,1,1,1,1,1,1,1,1,1,1,1
5968,crusty stale bread,1,1,1,1,1,1,1,1,1,1,1
5969,crusty white bread from a round,1,1,1,1,1,1,1,1,1,1,1
5970,crusty white bread roll,1,1,1,1,1,1,1,1,1,1,1
5971,crusty wholemeal bread,1,1,1,1,1,1,1,1,1,1,1
5972,crystallised edible rose petals,1,1,1,1,1,1,1,1,1,1,1
5973,crystallised ginger and mint,1,1,1,1,1,1,1,1,1,1,1
5974,crystallised ginger pieces,1,1,1,1,1,1,1,1,1,1,1
5975,crystallised orange peel,1,1,1,1,1,1,1,1,1,1,1
5976,crystallised roses and violets,1,1,1,1,1,1,1,1,1,1,1
5977,crème de violette,1,1,1,1,1,1,1,1,1,1,1
5978,crème fraiche,1,1,1,1,1,1,1,1,1,1,1
5979,crème fraîche and chopped chives or apple sauce,1,1,1,1,1,1,1,1,1,1,1
5980,crème fraîche and crusty bread,1,1,1,1,1,1,1,1,1,1,1
5981,crème fraîche and grated chocolate,1,1,1,1,1,1,1,1,1,1,1
5982,crème fraîche cream,1,1,1,1,1,1,1,1,1,1,1
5983,crème fraîche mixed with horseradish,1,1,1,1,1,1,1,1,1,1,1
5984,crème fraîche or greek yogurt,1,1,1,1,1,1,1,1,1,1,1
5985,crème fraîche or vegan alternative,1,1,1,1,1,1,1,1,1,1,1
5986,crème fraîche or yogurt,1,1,1,1,1,1,1,1,1,1,1
5987,crème fraîche soured cream,1,1,1,1,1,1,1,1,1,1,1
5988,crème fraîche vanilla ice cream,1,1,1,1,1,1,1,1,1,1,1
5989,crème fraîche whipped cream,1,1,1,1,1,1,1,1,1,1,1
5990,crème pâtissière,1,1,1,1,1,1,1,1,1,1,1
5991,crème-filled,1,1,1,1,1,1,1,1,1,1,1
5992,créme-filled chocolate sandwich cookies,1,1,1,1,1,1,1,1,1,1,1
5993,crêpes,1,1,1,1,1,1,1,1,1,1,1
5994,cube,1,1,1,1,1,1,1,1,1,1,1
5995,cube chicken bouillon,1,1,1,1,1,1,1,1,1,1,1
5996,cube red bean curd,1,1,1,1,1,1,1,1,1,1,1
5997,cube reduced-salt vegetable stock,1,1,1,1,1,1,1,1,1,1,1
5998,cubes green jelly,1,1,1,1,1,1,1,1,1,1,1
5999,cubetti di pancetta,1,1,1,1,1,1,1,1,1,1,1
6000,cucumber & mint raita,1,1,1,1,1,1,1,1,1,1,1
6001,cucumber and carrot,1,1,1,1,1,1,1,1,1,1,1
6002,cucumber batons,1,1,1,1,1,1,1,1,1,1,1
6003,cucumber de-seeded and ribboned,1,1,1,1,1,1,1,1,1,1,1
6004,cucumber raita,1,1,1,1,1,1,1,1,1,1,1
6005,cucumber relish or piccalilli,1,1,1,1,1,1,1,1,1,1,1
6006,cucumber salad,1,1,1,1,1,1,1,1,1,1,1
6007,cucumber seeds scooped out,1,1,1,1,1,1,1,1,1,1,1
6008,cucumber strips,1,1,1,1,1,1,1,1,1,1,1
6009,cucumbers halved lengthways,1,1,1,1,1,1,1,1,1,1,1
6010,cumberland pork chipolata,1,1,1,1,1,1,1,1,1,1,1
6011,cumberland pork chipolata squeezed from their skins,1,1,1,1,1,1,1,1,1,1,1
6012,cumberland sausage,1,1,1,1,1,1,1,1,1,1,1
6013,cumberland sausages and mash,1,1,1,1,1,1,1,1,1,1,1
6014,cumberland sausages skins,1,1,1,1,1,1,1,1,1,1,1
6015,cumin seeds and ground turmeric,1,1,1,1,1,1,1,1,1,1,1
6016,cupcakes,1,1,1,1,1,1,1,1,1,1,1
6017,curd cheese crumbled,1,1,1,1,1,1,1,1,1,1,1
6018,cured anchovies,1,1,1,1,1,1,1,1,1,1,1
6019,cured sausage and speck ham,1,1,1,1,1,1,1,1,1,1,1
6020,curly kale or cavolo nero,1,1,1,1,1,1,1,1,1,1,1
6021,curly kale stalks removed,1,1,1,1,1,1,1,1,1,1,1
6022,curly lettuce,1,1,1,1,1,1,1,1,1,1,1
6023,curly parsley leaves,1,1,1,1,1,1,1,1,1,1,1
6024,curly parsley leaves only,1,1,1,1,1,1,1,1,1,1,1
6025,curly round lettuce,1,1,1,1,1,1,1,1,1,1,1
6026,currants or barberries,1,1,1,1,1,1,1,1,1,1,1
6027,curry leaf,1,1,1,1,1,1,1,1,1,1,1
6028,curry paste of your choice,1,1,1,1,1,1,1,1,1,1,1
6029,curry salt and lime mayo,1,1,1,1,1,1,1,1,1,1,1
6030,curtido,1,1,1,1,1,1,1,1,1,1,1
6031,curved star piping nozzle,1,1,1,1,1,1,1,1,1,1,1
6032,custard creams,1,1,1,1,1,1,1,1,1,1,1
6033,custard or vanilla ice cream,1,1,1,1,1,1,1,1,1,1,1
6034,custard sandwich biscuits,1,1,1,1,1,1,1,1,1,1,1
6035,custard vanilla ice cream,1,1,1,1,1,1,1,1,1,1,1
6036,cut lengthways,1,1,1,1,1,1,1,1,1,1,1
6037,cut mixed peel,1,1,1,1,1,1,1,1,1,1,1
6038,cutlery knife,1,1,1,1,1,1,1,1,1,1,1
6039,cutter or oval template,1,1,1,1,1,1,1,1,1,1,1
6040,cynar,1,1,1,1,1,1,1,1,1,1,1
6041,cypriot potatoes,1,1,1,1,1,1,1,1,1,1,1
6042,côte de boeuf,1,1,1,1,1,1,1,1,1,1,1
6043,daikon radish,1,1,1,1,1,1,1,1,1,1,1
6044,daim bar,1,1,1,1,1,1,1,1,1,1,1
6045,dairy free dark chocolate,1,1,1,1,1,1,1,1,1,1,1
6046,dairy free vanilla ice cream,1,1,1,1,1,1,1,1,1,1,1
6047,dairy or plant milk,1,1,1,1,1,1,1,1,1,1,1
6048,dairy-free  dark chocolate,1,1,1,1,1,1,1,1,1,1,1
6049,dairy-free  milk,1,1,1,1,1,1,1,1,1,1,1
6050,dairy-free chocolate 70% cocoa,1,1,1,1,1,1,1,1,1,1,1
6051,dairy-free coconut  yogurt,1,1,1,1,1,1,1,1,1,1,1
6052,dairy-free coconut milk ice cream,1,1,1,1,1,1,1,1,1,1,1
6053,dairy-free crème fraîche,1,1,1,1,1,1,1,1,1,1,1
6054,dairy-free dark chocolate chunks or chips,1,1,1,1,1,1,1,1,1,1,1
6055,dairy-free natural yogurt,1,1,1,1,1,1,1,1,1,1,1
6056,dairy-free soft cheese,1,1,1,1,1,1,1,1,1,1,1
6057,dairy-free sunflower spread,1,1,1,1,1,1,1,1,1,1,1
6058,dairy-free wholemeal pasta of your choice,1,1,1,1,1,1,1,1,1,1,1
6059,damsons stalks removed,1,1,1,1,1,1,1,1,1,1,1
6060,dangmyun,1,1,1,1,1,1,1,1,1,1,1
6061,danmuji,1,1,1,1,1,1,1,1,1,1,1
6062,dariole mould,1,1,1,1,1,1,1,1,1,1,1
6063,dark  ale,1,1,1,1,1,1,1,1,1,1,1
6064,dark  plain chocolate,1,1,1,1,1,1,1,1,1,1,1
6065,dark agave nectar,1,1,1,1,1,1,1,1,1,1,1
6066,dark agave or maple syrup,1,1,1,1,1,1,1,1,1,1,1
6067,dark and light blue food colourings,1,1,1,1,1,1,1,1,1,1,1
6068,dark brown  muscovado sugar,1,1,1,1,1,1,1,1,1,1,1
6069,dark brown demerara sugar,1,1,1,1,1,1,1,1,1,1,1
6070,dark chocolate around 70% cocoa,1,1,1,1,1,1,1,1,1,1,1
6071,dark chocolate batons,1,1,1,1,1,1,1,1,1,1,1
6072,dark chocolate chunks,1,1,1,1,1,1,1,1,1,1,1
6073,dark chocolate curls,1,1,1,1,1,1,1,1,1,1,1
6074,dark chocolate milk chocolate or white chocolate,1,1,1,1,1,1,1,1,1,1,1
6075,dark chocolate oat biscuits,1,1,1,1,1,1,1,1,1,1,1
6076,dark chocolate or milk chocolate,1,1,1,1,1,1,1,1,1,1,1
6077,dark chocolate sauce,1,1,1,1,1,1,1,1,1,1,1
6078,dark chocolate use,1,1,1,1,1,1,1,1,1,1,1
6079,dark dairy-free  chocolate,1,1,1,1,1,1,1,1,1,1,1
6080,dark green leaves,1,1,1,1,1,1,1,1,1,1,1
6081,dark honey,1,1,1,1,1,1,1,1,1,1,1
6082,dark milk chocolate or dark chocolate,1,1,1,1,1,1,1,1,1,1,1
6083,dark milk or milk chocolate,1,1,1,1,1,1,1,1,1,1,1
6084,dark miso paste,1,1,1,1,1,1,1,1,1,1,1
6085,dark muscavdo sugar,1,1,1,1,1,1,1,1,1,1,1
6086,dark or milk chocolate drops,1,1,1,1,1,1,1,1,1,1,1
6087,dark or plain  chocolate,1,1,1,1,1,1,1,1,1,1,1
6088,dark roast crunchy peanut butter,1,1,1,1,1,1,1,1,1,1,1
6089,dark roasted peanut butter,1,1,1,1,1,1,1,1,1,1,1
6090,dark rye bread,1,1,1,1,1,1,1,1,1,1,1
6091,dark soy,1,1,1,1,1,1,1,1,1,1,1
6092,dark sugar,1,1,1,1,1,1,1,1,1,1,1
6093,dark sweet ale,1,1,1,1,1,1,1,1,1,1,1
6094,"dark, light",1,1,1,1,1,1,1,1,1,1,1
6095,darker blue ribbon,1,1,1,1,1,1,1,1,1,1,1
6096,dashi or stock,1,1,1,1,1,1,1,1,1,1,1
6097,dashi see how,1,1,1,1,1,1,1,1,1,1,1
6098,dashi stock,1,1,1,1,1,1,1,1,1,1,1
6099,date,1,1,1,1,1,1,1,1,1,1,1
6100,date &amp,1,1,1,1,1,1,1,1,1,1,1
6101,date syrup or honey,1,1,1,1,1,1,1,1,1,1,1
6102,datterini,1,1,1,1,1,1,1,1,1,1,1
6103,dawadawa powder,1,1,1,1,1,1,1,1,1,1,1
6104,day old bread rolls,1,1,1,1,1,1,1,1,1,1,1
6105,day-old  sourdough,1,1,1,1,1,1,1,1,1,1,1
6106,day-old bread,1,1,1,1,1,1,1,1,1,1,1
6107,day-old brioche,1,1,1,1,1,1,1,1,1,1,1
6108,day-old brown bread,1,1,1,1,1,1,1,1,1,1,1
6109,day-old croissants,1,1,1,1,1,1,1,1,1,1,1
6110,day-old rustic italian bread crusts,1,1,1,1,1,1,1,1,1,1,1
6111,day-old sourdough,1,1,1,1,1,1,1,1,1,1,1
6112,day-old sourdough or ciabatta,1,1,1,1,1,1,1,1,1,1,1
6113,day-old white bread,1,1,1,1,1,1,1,1,1,1,1
6114,day-old white bread crusts,1,1,1,1,1,1,1,1,1,1,1
6115,day-old white crusty bread,1,1,1,1,1,1,1,1,1,1,1
6116,decent gin,1,1,1,1,1,1,1,1,1,1,1
6117,decoration depending on the final cake you have chosen,1,1,1,1,1,1,1,1,1,1,1
6118,decorative robins,1,1,1,1,1,1,1,1,1,1,1
6119,deggi mirch,1,1,1,1,1,1,1,1,1,1,1
6120,deggi mirch spice blend,1,1,1,1,1,1,1,1,1,1,1
6121,dehydrated minced,1,1,1,1,1,1,1,1,1,1,1
6122,dehydrated orange,1,1,1,1,1,1,1,1,1,1,1
6123,del maguey vida mezcal,1,1,1,1,1,1,1,1,1,1,1
6124,deli veggies,1,1,1,1,1,1,1,1,1,1,1
6125,delicata,1,1,1,1,1,1,1,1,1,1,1
6126,demerara or granulated  sugar,1,1,1,1,1,1,1,1,1,1,1
6127,demi baguette,1,1,1,1,1,1,1,1,1,1,1
6128,desiccated  coconut,1,1,1,1,1,1,1,1,1,1,1
6129,desiccated coconut or pumpkin seeds,1,1,1,1,1,1,1,1,1,1,1
6130,desiccated or shredded coconut,1,1,1,1,1,1,1,1,1,1,1
6131,desiree,1,1,1,1,1,1,1,1,1,1,1
6132,desiree potatoes,1,1,1,1,1,1,1,1,1,1,1
6133,dessert  apple core,1,1,1,1,1,1,1,1,1,1,1
6134,dessert spoon,1,1,1,1,1,1,1,1,1,1,1
6135,dessertspoon golden syrup,1,1,1,1,1,1,1,1,1,1,1
6136,dhal,1,1,1,1,1,1,1,1,1,1,1
6137,dhal chutney and rice,1,1,1,1,1,1,1,1,1,1,1
6138,diameter silver cake,1,1,1,1,1,1,1,1,1,1,1
6139,diameter silver cake board,1,1,1,1,1,1,1,1,1,1,1
6140,diet cola,1,1,1,1,1,1,1,1,1,1,1
6141,different food colourings,1,1,1,1,1,1,1,1,1,1,1
6142,different-coloured heirloom tomatoes,1,1,1,1,1,1,1,1,1,1,1
6143,digestive biscuit broken up,1,1,1,1,1,1,1,1,1,1,1
6144,dijon mustard and crusty bread,1,1,1,1,1,1,1,1,1,1,1
6145,dill and parsley,1,1,1,1,1,1,1,1,1,1,1
6146,dill chives,1,1,1,1,1,1,1,1,1,1,1
6147,dill half,1,1,1,1,1,1,1,1,1,1,1
6148,dill leaves and stalks,1,1,1,1,1,1,1,1,1,1,1
6149,dill or chives,1,1,1,1,1,1,1,1,1,1,1
6150,dill or parsley,1,1,1,1,1,1,1,1,1,1,1
6151,dill pickle spears,1,1,1,1,1,1,1,1,1,1,1
6152,dill plant,1,1,1,1,1,1,1,1,1,1,1
6153,dill pollen,1,1,1,1,1,1,1,1,1,1,1
6154,dill stalks and leafy,1,1,1,1,1,1,1,1,1,1,1
6155,dill two-thirds,1,1,1,1,1,1,1,1,1,1,1
6156,dill yogurt sauce see tip,1,1,1,1,1,1,1,1,1,1,1
6157,dill ¾ leaves,1,1,1,1,1,1,1,1,1,1,1
6158,dime,1,1,1,1,1,1,1,1,1,1,1
6159,dipping sauce,1,1,1,1,1,1,1,1,1,1,1
6160,dipping sauce of your choice,1,1,1,1,1,1,1,1,1,1,1
6161,disaronno or other amaretto,1,1,1,1,1,1,1,1,1,1,1
6162,disposable  piping bags,1,1,1,1,1,1,1,1,1,1,1
6163,distilled  malt vinegar,1,1,1,1,1,1,1,1,1,1,1
6164,distilled vinegar,1,1,1,1,1,1,1,1,1,1,1
6165,distilled white cooking vinegar,1,1,1,1,1,1,1,1,1,1,1
6166,distilled white vinegar,1,1,1,1,1,1,1,1,1,1,1
6167,ditaloni rigati,1,1,1,1,1,1,1,1,1,1,1
6168,djion mustard,1,1,1,1,1,1,1,1,1,1,1
6169,doenjang,1,1,1,1,1,1,1,1,1,1,1
6170,doenjang mayonnaise,1,1,1,1,1,1,1,1,1,1,1
6171,dolce gorgonzola,1,1,1,1,1,1,1,1,1,1,1
6172,dolcelatte,1,1,1,1,1,1,1,1,1,1,1
6173,dolly mixture sweets,1,1,1,1,1,1,1,1,1,1,1
6174,double chocolate cookies,1,1,1,1,1,1,1,1,1,1,1
6175,double cream clotted cream,1,1,1,1,1,1,1,1,1,1,1
6176,double cream or full-fat crème fraîche,1,1,1,1,1,1,1,1,1,1,1
6177,double cream softly,1,1,1,1,1,1,1,1,1,1,1
6178,double lemon sole fillets,1,1,1,1,1,1,1,1,1,1,1
6179,double or clotted cream,1,1,1,1,1,1,1,1,1,1,1
6180,double shot,1,1,1,1,1,1,1,1,1,1,1
6181,double-strength orange cordial,1,1,1,1,1,1,1,1,1,1,1
6182,doughnut tray,1,1,1,1,1,1,1,1,1,1,1
6183,doughnuts,1,1,1,1,1,1,1,1,1,1,1
6184,dragon fruit,1,1,1,1,1,1,1,1,1,1,1
6185,dressed chicory leaves,1,1,1,1,1,1,1,1,1,1,1
6186,dressed green leaves,1,1,1,1,1,1,1,1,1,1,1
6187,dressed green salad,1,1,1,1,1,1,1,1,1,1,1
6188,dressed salad leaves,1,1,1,1,1,1,1,1,1,1,1
6189,dried  ancho chillies,1,1,1,1,1,1,1,1,1,1,1
6190,dried  apples,1,1,1,1,1,1,1,1,1,1,1
6191,dried  black bean soaked overnight,1,1,1,1,1,1,1,1,1,1,1
6192,dried  black olive with herbs,1,1,1,1,1,1,1,1,1,1,1
6193,dried  breadcrumbs,1,1,1,1,1,1,1,1,1,1,1
6194,dried  chives,1,1,1,1,1,1,1,1,1,1,1
6195,dried  cranberries,1,1,1,1,1,1,1,1,1,1,1
6196,dried  dill,1,1,1,1,1,1,1,1,1,1,1
6197,dried  fig,1,1,1,1,1,1,1,1,1,1,1
6198,dried  lasagne sheets,1,1,1,1,1,1,1,1,1,1,1
6199,dried  mango powder,1,1,1,1,1,1,1,1,1,1,1
6200,dried  mint,1,1,1,1,1,1,1,1,1,1,1
6201,dried  morita chillies,1,1,1,1,1,1,1,1,1,1,1
6202,dried  mushrooms,1,1,1,1,1,1,1,1,1,1,1
6203,dried  onion flakes,1,1,1,1,1,1,1,1,1,1,1
6204,dried  pasilla mixe chilli,1,1,1,1,1,1,1,1,1,1,1
6205,dried  penne,1,1,1,1,1,1,1,1,1,1,1
6206,dried  red lentils,1,1,1,1,1,1,1,1,1,1,1
6207,dried  rosemary,1,1,1,1,1,1,1,1,1,1,1
6208,dried  sage,1,1,1,1,1,1,1,1,1,1,1
6209,dried  sour cherries,1,1,1,1,1,1,1,1,1,1,1
6210,dried action yeast,1,1,1,1,1,1,1,1,1,1,1
6211,dried active  yeast,1,1,1,1,1,1,1,1,1,1,1
6212,dried ancho chillies seeds,1,1,1,1,1,1,1,1,1,1,1
6213,dried anchovies,1,1,1,1,1,1,1,1,1,1,1
6214,dried apple crisps,1,1,1,1,1,1,1,1,1,1,1
6215,dried apple rings,1,1,1,1,1,1,1,1,1,1,1
6216,dried apple slices,1,1,1,1,1,1,1,1,1,1,1
6217,dried apples,1,1,1,1,1,1,1,1,1,1,1
6218,dried arbol chillies soaked in water,1,1,1,1,1,1,1,1,1,1,1
6219,dried bay leaf,1,1,1,1,1,1,1,1,1,1,1
6220,dried bean curd,1,1,1,1,1,1,1,1,1,1,1
6221,dried berries cherries,1,1,1,1,1,1,1,1,1,1,1
6222,dried black-eyed beans,1,1,1,1,1,1,1,1,1,1,1
6223,dried blueberries,1,1,1,1,1,1,1,1,1,1,1
6224,dried borlotti or cannellini beans,1,1,1,1,1,1,1,1,1,1,1
6225,dried breadcrumbs roasted with the almonds,1,1,1,1,1,1,1,1,1,1,1
6226,dried buckwheat,1,1,1,1,1,1,1,1,1,1,1
6227,dried buckwheat noodles,1,1,1,1,1,1,1,1,1,1,1
6228,dried bulgur,1,1,1,1,1,1,1,1,1,1,1
6229,dried cascabel  chillies,1,1,1,1,1,1,1,1,1,1,1
6230,dried cascabel chillies,1,1,1,1,1,1,1,1,1,1,1
6231,dried cayenne chillies,1,1,1,1,1,1,1,1,1,1,1
6232,dried chili fine korean chili powder,1,1,1,1,1,1,1,1,1,1,1
6233,dried chilli,1,1,1,1,1,1,1,1,1,1,1
6234,dried chilli flakes according,1,1,1,1,1,1,1,1,1,1,1
6235,dried chilli peppers ‘chao tian jiao’,1,1,1,1,1,1,1,1,1,1,1
6236,dried chillies seeds,1,1,1,1,1,1,1,1,1,1,1
6237,dried clementine zest,1,1,1,1,1,1,1,1,1,1,1
6238,dried coriander,1,1,1,1,1,1,1,1,1,1,1
6239,dried corn husks,1,1,1,1,1,1,1,1,1,1,1
6240,dried cranberries glacé cherries,1,1,1,1,1,1,1,1,1,1,1
6241,dried cranberries or apricots,1,1,1,1,1,1,1,1,1,1,1
6242,dried cranberries or currants,1,1,1,1,1,1,1,1,1,1,1
6243,dried cranberries or sour cherries,1,1,1,1,1,1,1,1,1,1,1
6244,dried cranberries raisins,1,1,1,1,1,1,1,1,1,1,1
6245,dried crispy onions,1,1,1,1,1,1,1,1,1,1,1
6246,dried egg lasagne sheets,1,1,1,1,1,1,1,1,1,1,1
6247,dried egg-free lasagne sheets,1,1,1,1,1,1,1,1,1,1,1
6248,dried fast action  yeast,1,1,1,1,1,1,1,1,1,1,1
6249,dried fermented black beans,1,1,1,1,1,1,1,1,1,1,1
6250,dried flat rice  noodles,1,1,1,1,1,1,1,1,1,1,1
6251,dried fruit &amp,1,1,1,1,1,1,1,1,1,1,1
6252,dried fruit and seed mix,1,1,1,1,1,1,1,1,1,1,1
6253,dried fruit berries,1,1,1,1,1,1,1,1,1,1,1
6254,dried garlic powder,1,1,1,1,1,1,1,1,1,1,1
6255,dried ginger,1,1,1,1,1,1,1,1,1,1,1
6256,dried goji berries,1,1,1,1,1,1,1,1,1,1,1
6257,dried green sichuan peppercorns,1,1,1,1,1,1,1,1,1,1,1
6258,dried ground cloves,1,1,1,1,1,1,1,1,1,1,1
6259,dried ground ginger,1,1,1,1,1,1,1,1,1,1,1
6260,dried guajillo chillies,1,1,1,1,1,1,1,1,1,1,1
6261,dried guajillo chillies seeds,1,1,1,1,1,1,1,1,1,1,1
6262,dried haricot beans,1,1,1,1,1,1,1,1,1,1,1
6263,dried hot chillies,1,1,1,1,1,1,1,1,1,1,1
6264,dried kashmiri red chillies,1,1,1,1,1,1,1,1,1,1,1
6265,dried kelp flakes,1,1,1,1,1,1,1,1,1,1,1
6266,dried lavender flowers,1,1,1,1,1,1,1,1,1,1,1
6267,dried lemon drop chillies,1,1,1,1,1,1,1,1,1,1,1
6268,dried lentilles vertes,1,1,1,1,1,1,1,1,1,1,1
6269,dried linguine,1,1,1,1,1,1,1,1,1,1,1
6270,dried long ‘chao tian jiao’ chillies,1,1,1,1,1,1,1,1,1,1,1
6271,dried marrowfat peas,1,1,1,1,1,1,1,1,1,1,1
6272,dried mexican chillies soaked in boiling water,1,1,1,1,1,1,1,1,1,1,1
6273,dried milk powder,1,1,1,1,1,1,1,1,1,1,1
6274,dried mixed fruit,1,1,1,1,1,1,1,1,1,1,1
6275,dried morels,1,1,1,1,1,1,1,1,1,1,1
6276,dried morita or chipotle chillies,1,1,1,1,1,1,1,1,1,1,1
6277,dried mushroom,1,1,1,1,1,1,1,1,1,1,1
6278,dried mustard,1,1,1,1,1,1,1,1,1,1,1
6279,dried mustard powder,1,1,1,1,1,1,1,1,1,1,1
6280,dried muña mint,1,1,1,1,1,1,1,1,1,1,1
6281,dried nori,1,1,1,1,1,1,1,1,1,1,1
6282,dried onion,1,1,1,1,1,1,1,1,1,1,1
6283,dried onion powder,1,1,1,1,1,1,1,1,1,1,1
6284,dried or fresh  orange,1,1,1,1,1,1,1,1,1,1,1
6285,dried or fresh breadcrumbs,1,1,1,1,1,1,1,1,1,1,1
6286,dried or fresh curry leaves,1,1,1,1,1,1,1,1,1,1,1
6287,dried or fresh egg noodles,1,1,1,1,1,1,1,1,1,1,1
6288,dried or fresh lemon verbena leaves,1,1,1,1,1,1,1,1,1,1,1
6289,dried or fresh sage,1,1,1,1,1,1,1,1,1,1,1
6290,dried or fresh thyme leaves,1,1,1,1,1,1,1,1,1,1,1
6291,dried or glacé  pineapple,1,1,1,1,1,1,1,1,1,1,1
6292,dried or glacé cherries,1,1,1,1,1,1,1,1,1,1,1
6293,dried orange,1,1,1,1,1,1,1,1,1,1,1
6294,dried orecchiette,1,1,1,1,1,1,1,1,1,1,1
6295,dried orecchiette pasta,1,1,1,1,1,1,1,1,1,1,1
6296,dried oregano and thyme,1,1,1,1,1,1,1,1,1,1,1
6297,dried oregano basil,1,1,1,1,1,1,1,1,1,1,1
6298,dried pappardelle or flat taiwanese noodles,1,1,1,1,1,1,1,1,1,1,1
6299,dried pasilla chillies,1,1,1,1,1,1,1,1,1,1,1
6300,dried pasilla chillies seeds,1,1,1,1,1,1,1,1,1,1,1
6301,dried pasta e.g. fusilli,1,1,1,1,1,1,1,1,1,1,1
6302,dried pasta shapes,1,1,1,1,1,1,1,1,1,1,1
6303,dried pearl barley,1,1,1,1,1,1,1,1,1,1,1
6304,dried pears,1,1,1,1,1,1,1,1,1,1,1
6305,dried penne pasta,1,1,1,1,1,1,1,1,1,1,1
6306,dried persian pink rose petals,1,1,1,1,1,1,1,1,1,1,1
6307,dried pineapple,1,1,1,1,1,1,1,1,1,1,1
6308,dried pineapple pieces,1,1,1,1,1,1,1,1,1,1,1
6309,dried pineapple rings,1,1,1,1,1,1,1,1,1,1,1
6310,dried pinto bean,1,1,1,1,1,1,1,1,1,1,1
6311,dried pitted whole dates,1,1,1,1,1,1,1,1,1,1,1
6312,dried polenta,1,1,1,1,1,1,1,1,1,1,1
6313,dried porcini mushroom powder,1,1,1,1,1,1,1,1,1,1,1
6314,dried porcini or mixed wild mushrooms,1,1,1,1,1,1,1,1,1,1,1
6315,dried prunes,1,1,1,1,1,1,1,1,1,1,1
6316,dried puy or green lentils,1,1,1,1,1,1,1,1,1,1,1
6317,dried ramen noodles,1,1,1,1,1,1,1,1,1,1,1
6318,dried ready-to-eat apricots,1,1,1,1,1,1,1,1,1,1,1
6319,dried red chilli left whole,1,1,1,1,1,1,1,1,1,1,1
6320,dried red kidney beans,1,1,1,1,1,1,1,1,1,1,1
6321,dried red sichuan peppercorns,1,1,1,1,1,1,1,1,1,1,1
6322,dried rice noodle,1,1,1,1,1,1,1,1,1,1,1
6323,dried rice noodles,1,1,1,1,1,1,1,1,1,1,1
6324,dried rice noodles nests,1,1,1,1,1,1,1,1,1,1,1
6325,dried rigatoni,1,1,1,1,1,1,1,1,1,1,1
6326,dried risotto rice,1,1,1,1,1,1,1,1,1,1,1
6327,dried shiitake mushrooms stalks,1,1,1,1,1,1,1,1,1,1,1
6328,dried short pasta,1,1,1,1,1,1,1,1,1,1,1
6329,dried shrimps pre-soaked in warm water,1,1,1,1,1,1,1,1,1,1,1
6330,dried shrimps soaked in hot water,1,1,1,1,1,1,1,1,1,1,1
6331,dried sliced coconut or desiccated coconut,1,1,1,1,1,1,1,1,1,1,1
6332,dried sliced coconut shavings,1,1,1,1,1,1,1,1,1,1,1
6333,dried soba noodles,1,1,1,1,1,1,1,1,1,1,1
6334,dried sour cherry,1,1,1,1,1,1,1,1,1,1,1
6335,dried sour plums,1,1,1,1,1,1,1,1,1,1,1
6336,dried spaghetti regular or wholemeal,1,1,1,1,1,1,1,1,1,1,1
6337,dried spinach pasta,1,1,1,1,1,1,1,1,1,1,1
6338,dried split broad beans,1,1,1,1,1,1,1,1,1,1,1
6339,dried stuffing mix,1,1,1,1,1,1,1,1,1,1,1
6340,dried tagliatelle,1,1,1,1,1,1,1,1,1,1,1
6341,dried taglioni pasta,1,1,1,1,1,1,1,1,1,1,1
6342,dried tangerine peel,1,1,1,1,1,1,1,1,1,1,1
6343,dried thyme or mixed herbs,1,1,1,1,1,1,1,1,1,1,1
6344,dried tropical fruit,1,1,1,1,1,1,1,1,1,1,1
6345,dried udon,1,1,1,1,1,1,1,1,1,1,1
6346,dried vermicelli noodles,1,1,1,1,1,1,1,1,1,1,1
6347,dried vermicelli rice,1,1,1,1,1,1,1,1,1,1,1
6348,dried wakame,1,1,1,1,1,1,1,1,1,1,1
6349,dried wakame seaweed,1,1,1,1,1,1,1,1,1,1,1
6350,dried wheat noodles,1,1,1,1,1,1,1,1,1,1,1
6351,dried white,1,1,1,1,1,1,1,1,1,1,1
6352,dried whole kashmiri chilli,1,1,1,1,1,1,1,1,1,1,1
6353,dried wholemeal noodle nests,1,1,1,1,1,1,1,1,1,1,1
6354,dried wild oregano,1,1,1,1,1,1,1,1,1,1,1
6355,dried wood ear fungus,1,1,1,1,1,1,1,1,1,1,1
6356,"dried, fine breadcrumbs",1,1,1,1,1,1,1,1,1,1,1
6357,drinking  straws,1,1,1,1,1,1,1,1,1,1,1
6358,drinking chocolate,1,1,1,1,1,1,1,1,1,1,1
6359,drinking straw,1,1,1,1,1,1,1,1,1,1,1
6360,dripping or vegetable oil,1,1,1,1,1,1,1,1,1,1,1
6361,drizzle agave syrup,1,1,1,1,1,1,1,1,1,1,1
6362,drizzle honey,1,1,1,1,1,1,1,1,1,1,1
6363,drizzle of  clear honey,1,1,1,1,1,1,1,1,1,1,1
6364,drizzle of  extra virgin olive oil and crusty bread,1,1,1,1,1,1,1,1,1,1,1
6365,drizzle of  sunflower oil,1,1,1,1,1,1,1,1,1,1,1
6366,drizzle of  truffle oil,1,1,1,1,1,1,1,1,1,1,1
6367,drizzle of  vegetable oil,1,1,1,1,1,1,1,1,1,1,1
6368,drizzle of agave syrup,1,1,1,1,1,1,1,1,1,1,1
6369,drizzle of balsamic vinegar,1,1,1,1,1,1,1,1,1,1,1
6370,drizzle of basil oil,1,1,1,1,1,1,1,1,1,1,1
6371,drizzle of chilli oil,1,1,1,1,1,1,1,1,1,1,1
6372,drizzle of double cream,1,1,1,1,1,1,1,1,1,1,1
6373,drizzle of extra virgin olive or rapeseed oil,1,1,1,1,1,1,1,1,1,1,1
6374,drizzle of good-quality olive oil,1,1,1,1,1,1,1,1,1,1,1
6375,drizzle of hazelnut oil,1,1,1,1,1,1,1,1,1,1,1
6376,drizzle of oil whatever you have,1,1,1,1,1,1,1,1,1,1,1
6377,drizzle of pomegranate molasses,1,1,1,1,1,1,1,1,1,1,1
6378,drizzle of rapeseed oil vegetable oil,1,1,1,1,1,1,1,1,1,1,1
6379,drizzle olive or rapeseed oil,1,1,1,1,1,1,1,1,1,1,1
6380,drizzle truffle oil,1,1,1,1,1,1,1,1,1,1,1
6381,dry  chickpea,1,1,1,1,1,1,1,1,1,1,1
6382,dry  cider,1,1,1,1,1,1,1,1,1,1,1
6383,dry  rosé,1,1,1,1,1,1,1,1,1,1,1
6384,dry breadcrumbs,1,1,1,1,1,1,1,1,1,1,1
6385,dry champagne yeast,1,1,1,1,1,1,1,1,1,1,1
6386,dry chillies,1,1,1,1,1,1,1,1,1,1,1
6387,dry fino sherry,1,1,1,1,1,1,1,1,1,1,1
6388,dry marsala,1,1,1,1,1,1,1,1,1,1,1
6389,dry marsala or white wine,1,1,1,1,1,1,1,1,1,1,1
6390,dry or medium sherry,1,1,1,1,1,1,1,1,1,1,1
6391,dry pear cider,1,1,1,1,1,1,1,1,1,1,1
6392,dry pitted black olives,1,1,1,1,1,1,1,1,1,1,1
6393,dry prosecco,1,1,1,1,1,1,1,1,1,1,1
6394,dry red chillies,1,1,1,1,1,1,1,1,1,1,1
6395,dry rosé wine,1,1,1,1,1,1,1,1,1,1,1
6396,dry salted cod,1,1,1,1,1,1,1,1,1,1,1
6397,dry toasted whole  sichuan pepper,1,1,1,1,1,1,1,1,1,1,1
6398,dry vermouth or white wine,1,1,1,1,1,1,1,1,1,1,1
6399,dry white,1,1,1,1,1,1,1,1,1,1,1
6400,dry-aged chuck steak,1,1,1,1,1,1,1,1,1,1,1
6401,dry-cured,1,1,1,1,1,1,1,1,1,1,1
6402,dry-cured  smoked bacon,1,1,1,1,1,1,1,1,1,1,1
6403,dry-cured boneless smoked gammon joint,1,1,1,1,1,1,1,1,1,1,1
6404,dry-cured smoked streaky bacon,1,1,1,1,1,1,1,1,1,1,1
6405,dry-cured streaky unsmoked bacon,1,1,1,1,1,1,1,1,1,1,1
6406,dry-roasted  peanut,1,1,1,1,1,1,1,1,1,1,1
6407,duck breast skin on,1,1,1,1,1,1,1,1,1,1,1
6408,duck fat or butter,1,1,1,1,1,1,1,1,1,1,1
6409,duck fat or goose fat,1,1,1,1,1,1,1,1,1,1,1
6410,duck fat or sunflower oil,1,1,1,1,1,1,1,1,1,1,1
6411,duck fresh,1,1,1,1,1,1,1,1,1,1,1
6412,duck leg,1,1,1,1,1,1,1,1,1,1,1
6413,duck leg confit,1,1,1,1,1,1,1,1,1,1,1
6414,duck leg skin removed,1,1,1,1,1,1,1,1,1,1,1
6415,duck legs separate from the crown and crown,1,1,1,1,1,1,1,1,1,1,1
6416,duck legs skin,1,1,1,1,1,1,1,1,1,1,1
6417,duck livers,1,1,1,1,1,1,1,1,1,1,1
6418,duck-fat roasties watercress and gravy,1,1,1,1,1,1,1,1,1,1,1
6419,dukkhah,1,1,1,1,1,1,1,1,1,1,1
6420,dulce de leche from,1,1,1,1,1,1,1,1,1,1,1
6421,dulce de leche from a jar,1,1,1,1,1,1,1,1,1,1,1
6422,dusky pink  food colouring paste,1,1,1,1,1,1,1,1,1,1,1
6423,dusting of icing sugar,1,1,1,1,1,1,1,1,1,1,1
6424,each,1,1,1,1,1,1,1,1,1,1,1
6425,easy,1,1,1,1,1,1,1,1,1,1,1
6426,easy bake  yeast,1,1,1,1,1,1,1,1,1,1,1
6427,easy-bake yeast from,1,1,1,1,1,1,1,1,1,1,1
6428,easy-blend dried yeast,1,1,1,1,1,1,1,1,1,1,1
6429,easy-cook long-grain brown rice,1,1,1,1,1,1,1,1,1,1,1
6430,eating apple skin on,1,1,1,1,1,1,1,1,1,1,1
6431,eating-ripe bananas,1,1,1,1,1,1,1,1,1,1,1
6432,echalion shallots,1,1,1,1,1,1,1,1,1,1,1
6433,economy bag mixed peppers,1,1,1,1,1,1,1,1,1,1,1
6434,edam,1,1,1,1,1,1,1,1,1,1,1
6435,edamame beans frozen,1,1,1,1,1,1,1,1,1,1,1
6436,edible  gold powder,1,1,1,1,1,1,1,1,1,1,1
6437,edible black ink pen,1,1,1,1,1,1,1,1,1,1,1
6438,edible carrot and flower decorations,1,1,1,1,1,1,1,1,1,1,1
6439,edible eye decorations,1,1,1,1,1,1,1,1,1,1,1
6440,edible eyes,1,1,1,1,1,1,1,1,1,1,1
6441,edible flower petals,1,1,1,1,1,1,1,1,1,1,1
6442,edible flowers  ice cubes,1,1,1,1,1,1,1,1,1,1,1
6443,edible flowers and candles,1,1,1,1,1,1,1,1,1,1,1
6444,edible flowers and dried pineapple rings,1,1,1,1,1,1,1,1,1,1,1
6445,edible flowers glitter,1,1,1,1,1,1,1,1,1,1,1
6446,edible flowers pastel sugared almonds,1,1,1,1,1,1,1,1,1,1,1
6447,edible flowers unsprayed,1,1,1,1,1,1,1,1,1,1,1
6448,edible food colouring,1,1,1,1,1,1,1,1,1,1,1
6449,edible food colouring - red,1,1,1,1,1,1,1,1,1,1,1
6450,edible glitter chocolate truffles,1,1,1,1,1,1,1,1,1,1,1
6451,edible gold and silver balls,1,1,1,1,1,1,1,1,1,1,1
6452,edible gold decorating pen,1,1,1,1,1,1,1,1,1,1,1
6453,edible gold lustre food spray,1,1,1,1,1,1,1,1,1,1,1
6454,edible gold lustre spray,1,1,1,1,1,1,1,1,1,1,1
6455,edible gold powder,1,1,1,1,1,1,1,1,1,1,1
6456,edible golden lustre,1,1,1,1,1,1,1,1,1,1,1
6457,edible green glitter,1,1,1,1,1,1,1,1,1,1,1
6458,edible lustre spray in pink or pearl,1,1,1,1,1,1,1,1,1,1,1
6459,edible metallic pearlescent white paint,1,1,1,1,1,1,1,1,1,1,1
6460,edible pearls and silver sprinkles,1,1,1,1,1,1,1,1,1,1,1
6461,edible red food colouring,1,1,1,1,1,1,1,1,1,1,1
6462,edible red glitter,1,1,1,1,1,1,1,1,1,1,1
6463,edible rice paper 4cm across,1,1,1,1,1,1,1,1,1,1,1
6464,edible rice paper wrappers,1,1,1,1,1,1,1,1,1,1,1
6465,edible shimmer,1,1,1,1,1,1,1,1,1,1,1
6466,edible sprinkles,1,1,1,1,1,1,1,1,1,1,1
6467,edible stars and hundreds and thousands,1,1,1,1,1,1,1,1,1,1,1
6468,edible sugar balls mini chocolate,1,1,1,1,1,1,1,1,1,1,1
6469,edible white or silver glitter,1,1,1,1,1,1,1,1,1,1,1
6470,egg and one egg yolk,1,1,1,1,1,1,1,1,1,1,1
6471,egg and roasted tomatoes,1,1,1,1,1,1,1,1,1,1,1
6472,egg light,1,1,1,1,1,1,1,1,1,1,1
6473,egg noodle nests,1,1,1,1,1,1,1,1,1,1,1
6474,egg noodles tagliatelle,1,1,1,1,1,1,1,1,1,1,1
6475,egg or cheese,1,1,1,1,1,1,1,1,1,1,1
6476,egg per person,1,1,1,1,1,1,1,1,1,1,1
6477,egg vermicelli,1,1,1,1,1,1,1,1,1,1,1
6478,egg yolks preferably free range,1,1,1,1,1,1,1,1,1,1,1
6479,egg yolks reserving the whites,1,1,1,1,1,1,1,1,1,1,1
6480,egg-free mayonnaise,1,1,1,1,1,1,1,1,1,1,1
6481,eggnog or advocaat,1,1,1,1,1,1,1,1,1,1,1
6482,eggs boiled,1,1,1,1,1,1,1,1,1,1,1
6483,eggs depending on how hungry you are,1,1,1,1,1,1,1,1,1,1,1
6484,eggs fridge,1,1,1,1,1,1,1,1,1,1,1
6485,eggs lemon wedges and pea shoots,1,1,1,1,1,1,1,1,1,1,1
6486,eggs soft boiled,1,1,1,1,1,1,1,1,1,1,1
6487,"eggs, whites only",1,1,1,1,1,1,1,1,1,1,1
6488,eight bamboo skewers olive oil,1,1,1,1,1,1,1,1,1,1,1
6489,einkorn flour,1,1,1,1,1,1,1,1,1,1,1
6490,either parsley mint,1,1,1,1,1,1,1,1,1,1,1
6491,elderflower blossom,1,1,1,1,1,1,1,1,1,1,1
6492,elderflower heads,1,1,1,1,1,1,1,1,1,1,1
6493,electric hand whisk,1,1,1,1,1,1,1,1,1,1,1
6494,electric whisk,1,1,1,1,1,1,1,1,1,1,1
6495,emmental cheese,1,1,1,1,1,1,1,1,1,1,1
6496,empty 47g fromage frais,1,1,1,1,1,1,1,1,1,1,1
6497,english  mustard powder,1,1,1,1,1,1,1,1,1,1,1
6498,english asparagus spears,1,1,1,1,1,1,1,1,1,1,1
6499,english breakfast tea bag,1,1,1,1,1,1,1,1,1,1,1
6500,english breakfast tea bags,1,1,1,1,1,1,1,1,1,1,1
6501,english breakfast teabags,1,1,1,1,1,1,1,1,1,1,1
6502,english mustard ketchup or brown sauce,1,1,1,1,1,1,1,1,1,1,1
6503,english mustard or dijon mustard with,1,1,1,1,1,1,1,1,1,1,1
6504,english or dijon mustard,1,1,1,1,1,1,1,1,1,1,1
6505,eomuk,1,1,1,1,1,1,1,1,1,1,1
6506,espresso-flavoured dark chocolate,1,1,1,1,1,1,1,1,1,1,1
6507,espresso-strength coffee,1,1,1,1,1,1,1,1,1,1,1
6508,evaporated milk or double cream,1,1,1,1,1,1,1,1,1,1,1
6509,even-sized medium,1,1,1,1,1,1,1,1,1,1,1
6510,even-sized medium potatoes,1,1,1,1,1,1,1,1,1,1,1
6511,exotic mushroom mix larger mushrooms,1,1,1,1,1,1,1,1,1,1,1
6512,extra blueberries blueberry compote,1,1,1,1,1,1,1,1,1,1,1
6513,extra chopped fruit,1,1,1,1,1,1,1,1,1,1,1
6514,extra coriander,1,1,1,1,1,1,1,1,1,1,1
6515,extra crème fraîche,1,1,1,1,1,1,1,1,1,1,1
6516,extra dry vermouth,1,1,1,1,1,1,1,1,1,1,1
6517,extra flour,1,1,1,1,1,1,1,1,1,1,1
6518,extra ice cubes,1,1,1,1,1,1,1,1,1,1,1
6519,extra large ripe avocado,1,1,1,1,1,1,1,1,1,1,1
6520,extra lean  steak mince,1,1,1,1,1,1,1,1,1,1,1
6521,extra lean stewing beef,1,1,1,1,1,1,1,1,1,1,1
6522,extra lemon and orange,1,1,1,1,1,1,1,1,1,1,1
6523,extra mature  cheddar,1,1,1,1,1,1,1,1,1,1,1
6524,extra mature cheddar cheese,1,1,1,1,1,1,1,1,1,1,1
6525,extra mature or mature cheddar,1,1,1,1,1,1,1,1,1,1,1
6526,extra milk,1,1,1,1,1,1,1,1,1,1,1
6527,extra seafood of your choice,1,1,1,1,1,1,1,1,1,1,1
6528,extra spinach,1,1,1,1,1,1,1,1,1,1,1
6529,extra sugar,1,1,1,1,1,1,1,1,1,1,1
6530,extra thick cream,1,1,1,1,1,1,1,1,1,1,1
6531,extra virgin oilve oil,1,1,1,1,1,1,1,1,1,1,1
6532,extra virgin rapeseed,1,1,1,1,1,1,1,1,1,1,1
6533,extra-large cauliflower,1,1,1,1,1,1,1,1,1,1,1
6534,extra-large raw king prawns,1,1,1,1,1,1,1,1,1,1,1
6535,extra-large raw tiger prawns,1,1,1,1,1,1,1,1,1,1,1
6536,extra-lean beef mince,1,1,1,1,1,1,1,1,1,1,1
6537,extra-lean fillet steak,1,1,1,1,1,1,1,1,1,1,1
6538,extra-lean minced lamb,1,1,1,1,1,1,1,1,1,1,1
6539,extra-lean pork sausages,1,1,1,1,1,1,1,1,1,1,1
6540,extra-mature  cheddar,1,1,1,1,1,1,1,1,1,1,1
6541,extra-strong mature cheddar,1,1,1,1,1,1,1,1,1,1,1
6542,extra-strong vegetarian cheddar,1,1,1,1,1,1,1,1,1,1,1
6543,extra-thick  double cream,1,1,1,1,1,1,1,1,1,1,1
6544,extra-thick cream,1,1,1,1,1,1,1,1,1,1,1
6545,extra-virgin rapeseed,1,1,1,1,1,1,1,1,1,1,1
6546,extra-virgin rapeseed oil,1,1,1,1,1,1,1,1,1,1,1
6547,extras of your choice,1,1,1,1,1,1,1,1,1,1,1
6548,eyeball cake decorations,1,1,1,1,1,1,1,1,1,1,1
6549,f fast-action dried yeast,1,1,1,1,1,1,1,1,1,1,1
6550,fabbri amarena cherries,1,1,1,1,1,1,1,1,1,1,1
6551,fairly large gherkins big handful dates,1,1,1,1,1,1,1,1,1,1,1
6552,fajita kit,1,1,1,1,1,1,1,1,1,1,1
6553,falooda sev or corn vermicelli,1,1,1,1,1,1,1,1,1,1,1
6554,family pack mushroom,1,1,1,1,1,1,1,1,1,1,1
6555,farfalle,1,1,1,1,1,1,1,1,1,1,1
6556,farfalle pasta,1,1,1,1,1,1,1,1,1,1,1
6557,farmhouse bread,1,1,1,1,1,1,1,1,1,1,1
6558,farro,1,1,1,1,1,1,1,1,1,1,1
6559,farro or quinoa,1,1,1,1,1,1,1,1,1,1,1
6560,fast-acting dried yeast,1,1,1,1,1,1,1,1,1,1,1
6561,fast-action,1,1,1,1,1,1,1,1,1,1,1
6562,fat (lard,1,1,1,1,1,1,1,1,1,1,1
6563,fat chillies,1,1,1,1,1,1,1,1,1,1,1
6564,fat courgettes,1,1,1,1,1,1,1,1,1,1,1
6565,fat from the chicken soup,1,1,1,1,1,1,1,1,1,1,1
6566,fat green chillies seeds left,1,1,1,1,1,1,1,1,1,1,1
6567,fat green jalapeño chillies,1,1,1,1,1,1,1,1,1,1,1
6568,fat jerusalem artichokes,1,1,1,1,1,1,1,1,1,1,1
6569,fat or gristle and,1,1,1,1,1,1,1,1,1,1,1
6570,fat red chilli seeds,1,1,1,1,1,1,1,1,1,1,1
6571,fat red chillies 4 left,1,1,1,1,1,1,1,1,1,1,1
6572,fat sausages,1,1,1,1,1,1,1,1,1,1,1
6573,fat steak,1,1,1,1,1,1,1,1,1,1,1
6574,fat strips,1,1,1,1,1,1,1,1,1,1,1
6575,fat white marshmallows,1,1,1,1,1,1,1,1,1,1,1
6576,fat-free cottage cheese,1,1,1,1,1,1,1,1,1,1,1
6577,fat-free greek or non-dairy yogurt,1,1,1,1,1,1,1,1,1,1,1
6578,fat-free live greek yogurt,1,1,1,1,1,1,1,1,1,1,1
6579,fat-free natural or greek yogurt,1,1,1,1,1,1,1,1,1,1,1
6580,fat-free yogurt and sugar-free cherry compote,1,1,1,1,1,1,1,1,1,1,1
6581,fatty pork belly,1,1,1,1,1,1,1,1,1,1,1
6582,fava beans,1,1,1,1,1,1,1,1,1,1,1
6583,favourite chutney,1,1,1,1,1,1,1,1,1,1,1
6584,favourite sauces,1,1,1,1,1,1,1,1,1,1,1
6585,favourite vegetables,1,1,1,1,1,1,1,1,1,1,1
6586,felt tip or permanent marker,1,1,1,1,1,1,1,1,1,1,1
6587,felt tip pen,1,1,1,1,1,1,1,1,1,1,1
6588,fennel and rocket salad,1,1,1,1,1,1,1,1,1,1,1
6589,fennel bulbs bases,1,1,1,1,1,1,1,1,1,1,1
6590,fennel salami,1,1,1,1,1,1,1,1,1,1,1
6591,fennel seeds black onion seeds,1,1,1,1,1,1,1,1,1,1,1
6592,fennel seeds coriander seeds and cumin seeds,1,1,1,1,1,1,1,1,1,1,1
6593,fennel seeds ground,1,1,1,1,1,1,1,1,1,1,1
6594,fenugreek leaves,1,1,1,1,1,1,1,1,1,1,1
6595,fermented black beans,1,1,1,1,1,1,1,1,1,1,1
6596,fermented red bean curd,1,1,1,1,1,1,1,1,1,1,1
6597,fermented salted fish,1,1,1,1,1,1,1,1,1,1,1
6598,ferrero rocher,1,1,1,1,1,1,1,1,1,1,1
6599,festive  sprinkles,1,1,1,1,1,1,1,1,1,1,1
6600,festive ribbon,1,1,1,1,1,1,1,1,1,1,1
6601,festive spice mix,1,1,1,1,1,1,1,1,1,1,1
6602,festive sprinkles of your choice,1,1,1,1,1,1,1,1,1,1,1
6603,feta each cut in half,1,1,1,1,1,1,1,1,1,1,1
6604,feta-stuffed olives,1,1,1,1,1,1,1,1,1,1,1
6605,fettuccine,1,1,1,1,1,1,1,1,1,1,1
6606,feuillantine,1,1,1,1,1,1,1,1,1,1,1
6607,field mushroom,1,1,1,1,1,1,1,1,1,1,1
6608,field mushrooms,1,1,1,1,1,1,1,1,1,1,1
6609,fig chutney,1,1,1,1,1,1,1,1,1,1,1
6610,figs black grapes and celery,1,1,1,1,1,1,1,1,1,1,1
6611,figs dried cranberries,1,1,1,1,1,1,1,1,1,1,1
6612,figs grapes,1,1,1,1,1,1,1,1,1,1,1
6613,fillet hot-smoked salmon,1,1,1,1,1,1,1,1,1,1,1
6614,fillet steak excess fat,1,1,1,1,1,1,1,1,1,1,1
6615,fillet steaks rubbed with a little rapeseed oil,1,1,1,1,1,1,1,1,1,1,1
6616,fillet tail steaks,1,1,1,1,1,1,1,1,1,1,1
6617,filleted mixed mediterranean fish each fillet,1,1,1,1,1,1,1,1,1,1,1
6618,filleted side of very fresh salmon,1,1,1,1,1,1,1,1,1,1,1
6619,fillets frozen white fish,1,1,1,1,1,1,1,1,1,1,1
6620,fillets haddock,1,1,1,1,1,1,1,1,1,1,1
6621,fillets of skinless haddock,1,1,1,1,1,1,1,1,1,1,1
6622,fillets sustainable white fish skin on,1,1,1,1,1,1,1,1,1,1,1
6623,filling of choice,1,1,1,1,1,1,1,1,1,1,1
6624,fillings of your choice,1,1,1,1,1,1,1,1,1,1,1
6625,fine asparagus,1,1,1,1,1,1,1,1,1,1,1
6626,fine asparagus stems,1,1,1,1,1,1,1,1,1,1,1
6627,fine asparagus tips,1,1,1,1,1,1,1,1,1,1,1
6628,fine beans ends,1,1,1,1,1,1,1,1,1,1,1
6629,fine capers,1,1,1,1,1,1,1,1,1,1,1
6630,fine durum wheat flour,1,1,1,1,1,1,1,1,1,1,1
6631,fine espresso powder,1,1,1,1,1,1,1,1,1,1,1
6632,fine espresso-style powder  coffee,1,1,1,1,1,1,1,1,1,1,1
6633,fine fresh breadcrumbs,1,1,1,1,1,1,1,1,1,1,1
6634,fine fresh white breadcrumbs,1,1,1,1,1,1,1,1,1,1,1
6635,fine green beans ends,1,1,1,1,1,1,1,1,1,1,1
6636,fine ground polenta,1,1,1,1,1,1,1,1,1,1,1
6637,fine instant coffee powder,1,1,1,1,1,1,1,1,1,1,1
6638,fine oatmeal,1,1,1,1,1,1,1,1,1,1,1
6639,fine polenta cornmeal,1,1,1,1,1,1,1,1,1,1,1
6640,fine polenta or semolina,1,1,1,1,1,1,1,1,1,1,1
6641,fine sea salt sea salt flakes,1,1,1,1,1,1,1,1,1,1,1
6642,fine semolina flour,1,1,1,1,1,1,1,1,1,1,1
6643,fine sev or bombay mix,1,1,1,1,1,1,1,1,1,1,1
6644,fine string,1,1,1,1,1,1,1,1,1,1,1
6645,fine table salt,1,1,1,1,1,1,1,1,1,1,1
6646,fine unsweetened desiccated coconut,1,1,1,1,1,1,1,1,1,1,1
6647,fine vermicelli,1,1,1,1,1,1,1,1,1,1,1
6648,fine white dried breadcrumbs,1,1,1,1,1,1,1,1,1,1,1
6649,fine writing piping nozzle,1,1,1,1,1,1,1,1,1,1,1
6650,fine-shred marmalade,1,1,1,1,1,1,1,1,1,1,1
6651,finger chillies,1,1,1,1,1,1,1,1,1,1,1
6652,fino or balsamic vinegar,1,1,1,1,1,1,1,1,1,1,1
6653,fino sherry or white wine,1,1,1,1,1,1,1,1,1,1,1
6654,firm,1,1,1,1,1,1,1,1,1,1,1
6655,firm  white fish fillets,1,1,1,1,1,1,1,1,1,1,1
6656,firm avocados,1,1,1,1,1,1,1,1,1,1,1
6657,firm bananas,1,1,1,1,1,1,1,1,1,1,1
6658,firm but ripe mango skin,1,1,1,1,1,1,1,1,1,1,1
6659,firm but ripe mangoes,1,1,1,1,1,1,1,1,1,1,1
6660,firm but ripe pear,1,1,1,1,1,1,1,1,1,1,1
6661,firm but ripe red-skinned pear,1,1,1,1,1,1,1,1,1,1,1
6662,firm cooking chorizo,1,1,1,1,1,1,1,1,1,1,1
6663,firm dark brown sugar,1,1,1,1,1,1,1,1,1,1,1
6664,firm mandarin,1,1,1,1,1,1,1,1,1,1,1
6665,firm mangoes,1,1,1,1,1,1,1,1,1,1,1
6666,firm peaches,1,1,1,1,1,1,1,1,1,1,1
6667,firm plums,1,1,1,1,1,1,1,1,1,1,1
6668,firm potatoes,1,1,1,1,1,1,1,1,1,1,1
6669,firm ripe avocados,1,1,1,1,1,1,1,1,1,1,1
6670,firm silken tofu,1,1,1,1,1,1,1,1,1,1,1
6671,firm tomatoes on the vine,1,1,1,1,1,1,1,1,1,1,1
6672,firm vine-ripened tomatoes,1,1,1,1,1,1,1,1,1,1,1
6673,firm white fish fillets with skin,1,1,1,1,1,1,1,1,1,1,1
6674,firm white sustainable fish skinless and boneless,1,1,1,1,1,1,1,1,1,1,1
6675,firm williams pears,1,1,1,1,1,1,1,1,1,1,1
6676,"firm, round  cabbage",1,1,1,1,1,1,1,1,1,1,1
6677,fish likesprats,1,1,1,1,1,1,1,1,1,1,1
6678,fish or light soy sauce,1,1,1,1,1,1,1,1,1,1,1
6679,fish or vegetable stock,1,1,1,1,1,1,1,1,1,1,1
6680,fish sauce (nam pla),1,1,1,1,1,1,1,1,1,1,1
6681,fish seasoning,1,1,1,1,1,1,1,1,1,1,1
6682,fish stock pots,1,1,1,1,1,1,1,1,1,1,1
6683,fished large prawns defrosted if frozen,1,1,1,1,1,1,1,1,1,1,1
6684,fished tuna in olive oil,1,1,1,1,1,1,1,1,1,1,1
6685,five spice powder,1,1,1,1,1,1,1,1,1,1,1
6686,five-spice,1,1,1,1,1,1,1,1,1,1,1
6687,fizzy,1,1,1,1,1,1,1,1,1,1,1
6688,fizzy water,1,1,1,1,1,1,1,1,1,1,1
6689,flageolet bean,1,1,1,1,1,1,1,1,1,1,1
6690,flaked almonds and quinoa,1,1,1,1,1,1,1,1,1,1,1
6691,flaked almonds and sprinkles,1,1,1,1,1,1,1,1,1,1,1
6692,flaked pudding rice,1,1,1,1,1,1,1,1,1,1,1
6693,flaked roasted almonds,1,1,1,1,1,1,1,1,1,1,1
6694,flame-roasted peppers from a jar,1,1,1,1,1,1,1,1,1,1,1
6695,flame-roasted red peppers,1,1,1,1,1,1,1,1,1,1,1
6696,flat korean fish cakes,1,1,1,1,1,1,1,1,1,1,1
6697,flat portobello mushrooms,1,1,1,1,1,1,1,1,1,1,1
6698,flat ramen noodles,1,1,1,1,1,1,1,1,1,1,1
6699,flat skewers,1,1,1,1,1,1,1,1,1,1,1
6700,flat teppo gushi bamboo skewers,1,1,1,1,1,1,1,1,1,1,1
6701,flat-leaf parsley stalks,1,1,1,1,1,1,1,1,1,1,1
6702,flat-leaf parsley stalks and leaves,1,1,1,1,1,1,1,1,1,1,1
6703,flatbread or crusty sourdough,1,1,1,1,1,1,1,1,1,1,1
6704,flatbreads and raita,1,1,1,1,1,1,1,1,1,1,1
6705,flatbreads and yogurt,1,1,1,1,1,1,1,1,1,1,1
6706,flatbreads and your choice of garlic sauce,1,1,1,1,1,1,1,1,1,1,1
6707,flatbreads gluten-free if necessary,1,1,1,1,1,1,1,1,1,1,1
6708,flatbreads hummus,1,1,1,1,1,1,1,1,1,1,1
6709,flatbreads or our za'atar croissants,1,1,1,1,1,1,1,1,1,1,1
6710,flatbreads or pitta bread,1,1,1,1,1,1,1,1,1,1,1
6711,flatbreads or pitta breads,1,1,1,1,1,1,1,1,1,1,1
6712,flatbreads or stuffed vine leaves,1,1,1,1,1,1,1,1,1,1,1
6713,flatleaf parsley,1,1,1,1,1,1,1,1,1,1,1
6714,flavouring of your choice,1,1,1,1,1,1,1,1,1,1,1
6715,flavourless cooking oil,1,1,1,1,1,1,1,1,1,1,1
6716,flavourless vegetable oil,1,1,1,1,1,1,1,1,1,1,1
6717,flaxseeds,1,1,1,1,1,1,1,1,1,1,1
6718,fleur de sel sea salt,1,1,1,1,1,1,1,1,1,1,1
6719,florets cauliflower,1,1,1,1,1,1,1,1,1,1,1
6720,flour  tortillas,1,1,1,1,1,1,1,1,1,1,1
6721,flour &amp,1,1,1,1,1,1,1,1,1,1,1
6722,flour tortilla,1,1,1,1,1,1,1,1,1,1,1
6723,flour tortillas each,1,1,1,1,1,1,1,1,1,1,1
6724,flour wraps or chapatis,1,1,1,1,1,1,1,1,1,1,1
6725,floury baking potatoes,1,1,1,1,1,1,1,1,1,1,1
6726,floury potatoes depending on size,1,1,1,1,1,1,1,1,1,1,1
6727,floury soft white baps,1,1,1,1,1,1,1,1,1,1,1
6728,flowers,1,1,1,1,1,1,1,1,1,1,1
6729,fluffy white baps,1,1,1,1,1,1,1,1,1,1,1
6730,fluted loose-based tart,1,1,1,1,1,1,1,1,1,1,1
6731,foam cone,1,1,1,1,1,1,1,1,1,1,1
6732,focaccia loaves,1,1,1,1,1,1,1,1,1,1,1
6733,foil,1,1,1,1,1,1,1,1,1,1,1
6734,foil petit four cases,1,1,1,1,1,1,1,1,1,1,1
6735,folded rice noodles,1,1,1,1,1,1,1,1,1,1,1
6736,fondant icing disc,1,1,1,1,1,1,1,1,1,1,1
6737,fondant icing in your choice of colour,1,1,1,1,1,1,1,1,1,1,1
6738,fondant icing or marzipan,1,1,1,1,1,1,1,1,1,1,1
6739,food bag,1,1,1,1,1,1,1,1,1,1,1
6740,food colouring gel of your choice,1,1,1,1,1,1,1,1,1,1,1
6741,food colouring gels f your choice,1,1,1,1,1,1,1,1,1,1,1
6742,food colouring in various,1,1,1,1,1,1,1,1,1,1,1
6743,food colouring paste in various,1,1,1,1,1,1,1,1,1,1,1
6744,food colouring sprinkles,1,1,1,1,1,1,1,1,1,1,1
6745,food colourings gels,1,1,1,1,1,1,1,1,1,1,1
6746,food thermometer,1,1,1,1,1,1,1,1,1,1,1
6747,food-grade mustard oil,1,1,1,1,1,1,1,1,1,1,1
6748,for dusting,1,1,1,1,1,1,1,1,1,1,1
6749,for greasing,1,1,1,1,1,1,1,1,1,1,1
6750,for studding,1,1,1,1,1,1,1,1,1,1,1
6751,for the chimney,1,1,1,1,1,1,1,1,1,1,1
6752,for the dressing,1,1,1,1,1,1,1,1,1,1,1
6753,for the fruit juices,1,1,1,1,1,1,1,1,1,1,1
6754,for the topping,1,1,1,1,1,1,1,1,1,1,1
6755,for the tray and brushing,1,1,1,1,1,1,1,1,1,1,1
6756,foraged young wild nettles,1,1,1,1,1,1,1,1,1,1,1
6757,forced rhubarb ends,1,1,1,1,1,1,1,1,1,1,1
6758,forestière or portobello mushrooms,1,1,1,1,1,1,1,1,1,1,1
6759,fork,1,1,1,1,1,1,1,1,1,1,1
6760,fortified oat,1,1,1,1,1,1,1,1,1,1,1
6761,fortified soya,1,1,1,1,1,1,1,1,1,1,1
6762,fortified wine,1,1,1,1,1,1,1,1,1,1,1
6763,four-finger chocolate wafer bars,1,1,1,1,1,1,1,1,1,1,1
6764,four-grain porridge mix,1,1,1,1,1,1,1,1,1,1,1
6765,fragrant rice and steamed greens,1,1,1,1,1,1,1,1,1,1,1
6766,frangelico,1,1,1,1,1,1,1,1,1,1,1
6767,frankfurter hot dogs,1,1,1,1,1,1,1,1,1,1,1
6768,free from christmas pudding,1,1,1,1,1,1,1,1,1,1,1
6769,free from christmas pudding leftover,1,1,1,1,1,1,1,1,1,1,1
6770,free from ready rolled  puff pastry,1,1,1,1,1,1,1,1,1,1,1
6771,free range chicken,1,1,1,1,1,1,1,1,1,1,1
6772,free-from pesto,1,1,1,1,1,1,1,1,1,1,1
6773,free-range  chicken,1,1,1,1,1,1,1,1,1,1,1
6774,free-range chicken legs,1,1,1,1,1,1,1,1,1,1,1
6775,"free-range chicken thighs skin-on, bone-in",1,1,1,1,1,1,1,1,1,1,1
6776,free-range egg,1,1,1,1,1,1,1,1,1,1,1
6777,free-range egg yolks,1,1,1,1,1,1,1,1,1,1,1
6778,free-range organic goose excess fat,1,1,1,1,1,1,1,1,1,1,1
6779,free-range oven-ready turkey,1,1,1,1,1,1,1,1,1,1,1
6780,free-range pork meatballs,1,1,1,1,1,1,1,1,1,1,1
6781,free-range skinless chicken breasts,1,1,1,1,1,1,1,1,1,1,1
6782,freeze the green part,1,1,1,1,1,1,1,1,1,1,1
6783,freeze the leftover egg whites,1,1,1,1,1,1,1,1,1,1,1
6784,freeze-dried curry leaf,1,1,1,1,1,1,1,1,1,1,1
6785,freeze-dried curry leaves,1,1,1,1,1,1,1,1,1,1,1
6786,fregola,1,1,1,1,1,1,1,1,1,1,1
6787,fregula or giant couscous,1,1,1,1,1,1,1,1,1,1,1
6788,french bean,1,1,1,1,1,1,1,1,1,1,1
6789,french breakfast or ordinary  radish,1,1,1,1,1,1,1,1,1,1,1
6790,french breakfast radishes leaves,1,1,1,1,1,1,1,1,1,1,1
6791,french breakfast radishes tops left on,1,1,1,1,1,1,1,1,1,1,1
6792,french dressing,1,1,1,1,1,1,1,1,1,1,1
6793,french fries and slaw,1,1,1,1,1,1,1,1,1,1,1
6794,french mustard,1,1,1,1,1,1,1,1,1,1,1
6795,fresh  basil,1,1,1,1,1,1,1,1,1,1,1
6796,fresh  bay leaves,1,1,1,1,1,1,1,1,1,1,1
6797,fresh  bread,1,1,1,1,1,1,1,1,1,1,1
6798,fresh  breadcrumb seasoned,1,1,1,1,1,1,1,1,1,1,1
6799,fresh  cherries,1,1,1,1,1,1,1,1,1,1,1
6800,fresh  coriander leaves only,1,1,1,1,1,1,1,1,1,1,1
6801,fresh  custard,1,1,1,1,1,1,1,1,1,1,1
6802,fresh  jalapeños,1,1,1,1,1,1,1,1,1,1,1
6803,fresh  korean green chilli,1,1,1,1,1,1,1,1,1,1,1
6804,fresh  korean red chilli,1,1,1,1,1,1,1,1,1,1,1
6805,fresh  lasagne sheets,1,1,1,1,1,1,1,1,1,1,1
6806,fresh  lime juice,1,1,1,1,1,1,1,1,1,1,1
6807,fresh  marjoram leaves,1,1,1,1,1,1,1,1,1,1,1
6808,fresh  mint,1,1,1,1,1,1,1,1,1,1,1
6809,fresh  mint leaves,1,1,1,1,1,1,1,1,1,1,1
6810,fresh  oysters,1,1,1,1,1,1,1,1,1,1,1
6811,fresh  pappardelle,1,1,1,1,1,1,1,1,1,1,1
6812,fresh  peas,1,1,1,1,1,1,1,1,1,1,1
6813,fresh  pineapple chunks,1,1,1,1,1,1,1,1,1,1,1
6814,fresh  red chilli,1,1,1,1,1,1,1,1,1,1,1
6815,fresh  rosemary,1,1,1,1,1,1,1,1,1,1,1
6816,fresh  sage,1,1,1,1,1,1,1,1,1,1,1
6817,fresh  shitake mushrooms,1,1,1,1,1,1,1,1,1,1,1
6818,fresh  spinach,1,1,1,1,1,1,1,1,1,1,1
6819,fresh  thyme,1,1,1,1,1,1,1,1,1,1,1
6820,fresh  thyme leaves,1,1,1,1,1,1,1,1,1,1,1
6821,fresh  turmeric root,1,1,1,1,1,1,1,1,1,1,1
6822,fresh  watermelon,1,1,1,1,1,1,1,1,1,1,1
6823,fresh apple juice,1,1,1,1,1,1,1,1,1,1,1
6824,fresh bamboo leaves,1,1,1,1,1,1,1,1,1,1,1
6825,fresh basil small leaves,1,1,1,1,1,1,1,1,1,1,1
6826,fresh bay leaves folded,1,1,1,1,1,1,1,1,1,1,1
6827,fresh beansprouts,1,1,1,1,1,1,1,1,1,1,1
6828,fresh beetroot,1,1,1,1,1,1,1,1,1,1,1
6829,fresh beetroots,1,1,1,1,1,1,1,1,1,1,1
6830,fresh berries and maple syrup,1,1,1,1,1,1,1,1,1,1,1
6831,fresh blood orange juice,1,1,1,1,1,1,1,1,1,1,1
6832,fresh breadcrumbs well seasoned,1,1,1,1,1,1,1,1,1,1,1
6833,fresh breadcumbs,1,1,1,1,1,1,1,1,1,1,1
6834,fresh broad beans,1,1,1,1,1,1,1,1,1,1,1
6835,fresh brussels sprouts,1,1,1,1,1,1,1,1,1,1,1
6836,fresh cheese sauce,1,1,1,1,1,1,1,1,1,1,1
6837,fresh cherries,1,1,1,1,1,1,1,1,1,1,1
6838,fresh cherries stoned and,1,1,1,1,1,1,1,1,1,1,1
6839,fresh cherry,1,1,1,1,1,1,1,1,1,1,1
6840,fresh chestnuts,1,1,1,1,1,1,1,1,1,1,1
6841,fresh chicken gravy,1,1,1,1,1,1,1,1,1,1,1
6842,fresh chilli remove seeds,1,1,1,1,1,1,1,1,1,1,1
6843,fresh chopped   coriander,1,1,1,1,1,1,1,1,1,1,1
6844,fresh chopped dill,1,1,1,1,1,1,1,1,1,1,1
6845,fresh chopped herbs,1,1,1,1,1,1,1,1,1,1,1
6846,fresh chopped parsley,1,1,1,1,1,1,1,1,1,1,1
6847,fresh coconut flesh,1,1,1,1,1,1,1,1,1,1,1
6848,fresh coconut pieces,1,1,1,1,1,1,1,1,1,1,1
6849,fresh cod,1,1,1,1,1,1,1,1,1,1,1
6850,fresh coriander and lemon wedges,1,1,1,1,1,1,1,1,1,1,1
6851,fresh coriander leaves flaked almonds,1,1,1,1,1,1,1,1,1,1,1
6852,fresh crabmeat a mix of white and brown meat,1,1,1,1,1,1,1,1,1,1,1
6853,fresh crabmeat white and brown meat,1,1,1,1,1,1,1,1,1,1,1
6854,fresh cranberry,1,1,1,1,1,1,1,1,1,1,1
6855,fresh cream,1,1,1,1,1,1,1,1,1,1,1
6856,fresh double cream,1,1,1,1,1,1,1,1,1,1,1
6857,fresh dressed  crab,1,1,1,1,1,1,1,1,1,1,1
6858,fresh drumstick leaves,1,1,1,1,1,1,1,1,1,1,1
6859,fresh egg lasagne,1,1,1,1,1,1,1,1,1,1,1
6860,fresh egg lasagne sheets,1,1,1,1,1,1,1,1,1,1,1
6861,fresh egg noodles,1,1,1,1,1,1,1,1,1,1,1
6862,fresh egg pappardelle,1,1,1,1,1,1,1,1,1,1,1
6863,fresh egg taglierini,1,1,1,1,1,1,1,1,1,1,1
6864,fresh egg white,1,1,1,1,1,1,1,1,1,1,1
6865,fresh espresso,1,1,1,1,1,1,1,1,1,1,1
6866,fresh fenugreek,1,1,1,1,1,1,1,1,1,1,1
6867,fresh fettuccine or tagliatelle,1,1,1,1,1,1,1,1,1,1,1
6868,fresh firm  tofu,1,1,1,1,1,1,1,1,1,1,1
6869,fresh firm tofu,1,1,1,1,1,1,1,1,1,1,1
6870,fresh flat leaf parsley,1,1,1,1,1,1,1,1,1,1,1
6871,fresh flat-leaf parsley,1,1,1,1,1,1,1,1,1,1,1
6872,fresh flat-leaf parsley),1,1,1,1,1,1,1,1,1,1,1
6873,fresh flowers,1,1,1,1,1,1,1,1,1,1,1
6874,fresh garden herbs,1,1,1,1,1,1,1,1,1,1,1
6875,fresh ginger paste,1,1,1,1,1,1,1,1,1,1,1
6876,fresh grapefruit juice,1,1,1,1,1,1,1,1,1,1,1
6877,fresh grated  ginger,1,1,1,1,1,1,1,1,1,1,1
6878,fresh green pesto,1,1,1,1,1,1,1,1,1,1,1
6879,fresh guacamole,1,1,1,1,1,1,1,1,1,1,1
6880,fresh jalapeño,1,1,1,1,1,1,1,1,1,1,1
6881,fresh leaves,1,1,1,1,1,1,1,1,1,1,1
6882,fresh lemon thyme,1,1,1,1,1,1,1,1,1,1,1
6883,fresh lemon verbena leaves,1,1,1,1,1,1,1,1,1,1,1
6884,fresh lemongrass stalks,1,1,1,1,1,1,1,1,1,1,1
6885,fresh lime,1,1,1,1,1,1,1,1,1,1,1
6886,fresh line-caught tuna,1,1,1,1,1,1,1,1,1,1,1
6887,fresh long red chillies,1,1,1,1,1,1,1,1,1,1,1
6888,fresh mackerel fillets,1,1,1,1,1,1,1,1,1,1,1
6889,fresh mango chunks,1,1,1,1,1,1,1,1,1,1,1
6890,fresh mixed bean salad,1,1,1,1,1,1,1,1,1,1,1
6891,fresh mixed herbs,1,1,1,1,1,1,1,1,1,1,1
6892,fresh morel,1,1,1,1,1,1,1,1,1,1,1
6893,fresh moroccan couscous,1,1,1,1,1,1,1,1,1,1,1
6894,fresh mussel,1,1,1,1,1,1,1,1,1,1,1
6895,fresh or  frozen peas,1,1,1,1,1,1,1,1,1,1,1
6896,fresh or canned apricots,1,1,1,1,1,1,1,1,1,1,1
6897,fresh or defrosted frozen blackberries,1,1,1,1,1,1,1,1,1,1,1
6898,fresh or drained canned  pineapple,1,1,1,1,1,1,1,1,1,1,1
6899,fresh or dried chilli,1,1,1,1,1,1,1,1,1,1,1
6900,fresh or dried lasagne sheets depending on size,1,1,1,1,1,1,1,1,1,1,1
6901,fresh or dried rose petals plenty of ice,1,1,1,1,1,1,1,1,1,1,1
6902,fresh or frozen,1,1,1,1,1,1,1,1,1,1,1
6903,fresh or frozen  blackberry,1,1,1,1,1,1,1,1,1,1,1
6904,fresh or frozen  gooseberries,1,1,1,1,1,1,1,1,1,1,1
6905,fresh or frozen  peas,1,1,1,1,1,1,1,1,1,1,1
6906,fresh or frozen  pizza dough,1,1,1,1,1,1,1,1,1,1,1
6907,fresh or frozen baby broad beans,1,1,1,1,1,1,1,1,1,1,1
6908,fresh or frozen baby spinach,1,1,1,1,1,1,1,1,1,1,1
6909,fresh or frozen blackberry,1,1,1,1,1,1,1,1,1,1,1
6910,fresh or frozen blackcurrants,1,1,1,1,1,1,1,1,1,1,1
6911,fresh or frozen broad bean,1,1,1,1,1,1,1,1,1,1,1
6912,fresh or frozen cherries pitted,1,1,1,1,1,1,1,1,1,1,1
6913,fresh or frozen flaky white fish,1,1,1,1,1,1,1,1,1,1,1
6914,fresh or frozen flat korean rice cakes,1,1,1,1,1,1,1,1,1,1,1
6915,fresh or frozen garden peas,1,1,1,1,1,1,1,1,1,1,1
6916,fresh or frozen gooseberries,1,1,1,1,1,1,1,1,1,1,1
6917,fresh or frozen mango pieces,1,1,1,1,1,1,1,1,1,1,1
6918,fresh or frozen peas and  broad bean,1,1,1,1,1,1,1,1,1,1,1
6919,fresh or frozen podded broad beans skins,1,1,1,1,1,1,1,1,1,1,1
6920,fresh or frozen raw king  prawns,1,1,1,1,1,1,1,1,1,1,1
6921,fresh or frozen soffritto mix,1,1,1,1,1,1,1,1,1,1,1
6922,fresh or frozen spinach,1,1,1,1,1,1,1,1,1,1,1
6923,fresh or frozen strawberries,1,1,1,1,1,1,1,1,1,1,1
6924,fresh or frozen wild salmon fillets,1,1,1,1,1,1,1,1,1,1,1
6925,fresh or jar pesto,1,1,1,1,1,1,1,1,1,1,1
6926,fresh parmesan,1,1,1,1,1,1,1,1,1,1,1
6927,fresh parsley chives,1,1,1,1,1,1,1,1,1,1,1
6928,fresh pasta sheets,1,1,1,1,1,1,1,1,1,1,1
6929,fresh pea shoots,1,1,1,1,1,1,1,1,1,1,1
6930,fresh peas in their pods,1,1,1,1,1,1,1,1,1,1,1
6931,fresh peas podded,1,1,1,1,1,1,1,1,1,1,1
6932,fresh pineapple juice,1,1,1,1,1,1,1,1,1,1,1
6933,fresh pineapple pieces,1,1,1,1,1,1,1,1,1,1,1
6934,fresh podded or frozen peas,1,1,1,1,1,1,1,1,1,1,1
6935,fresh podded peas,1,1,1,1,1,1,1,1,1,1,1
6936,fresh pomegranate seeds,1,1,1,1,1,1,1,1,1,1,1
6937,fresh prepared mashed potato,1,1,1,1,1,1,1,1,1,1,1
6938,fresh prepared squid,1,1,1,1,1,1,1,1,1,1,1
6939,fresh pumpkin seeds,1,1,1,1,1,1,1,1,1,1,1
6940,fresh ramen noodles,1,1,1,1,1,1,1,1,1,1,1
6941,fresh raspberries and mint,1,1,1,1,1,1,1,1,1,1,1
6942,fresh raw scallops,1,1,1,1,1,1,1,1,1,1,1
6943,fresh red chillies,1,1,1,1,1,1,1,1,1,1,1
6944,fresh red thai chillies,1,1,1,1,1,1,1,1,1,1,1
6945,fresh ripe mango,1,1,1,1,1,1,1,1,1,1,1
6946,fresh ripe pineapple,1,1,1,1,1,1,1,1,1,1,1
6947,fresh rocket leaves,1,1,1,1,1,1,1,1,1,1,1
6948,fresh sage leaf,1,1,1,1,1,1,1,1,1,1,1
6949,fresh salsa,1,1,1,1,1,1,1,1,1,1,1
6950,fresh sashimi-grade tuna,1,1,1,1,1,1,1,1,1,1,1
6951,fresh seaweed,1,1,1,1,1,1,1,1,1,1,1
6952,fresh shelled peas,1,1,1,1,1,1,1,1,1,1,1
6953,fresh shop-bought  custard,1,1,1,1,1,1,1,1,1,1,1
6954,fresh shop-bought custard,1,1,1,1,1,1,1,1,1,1,1
6955,fresh silken tofu,1,1,1,1,1,1,1,1,1,1,1
6956,fresh skinless fillet of cod,1,1,1,1,1,1,1,1,1,1,1
6957,fresh skinless pollock fillets,1,1,1,1,1,1,1,1,1,1,1
6958,fresh skinless salmon fillet,1,1,1,1,1,1,1,1,1,1,1
6959,fresh soft herbs,1,1,1,1,1,1,1,1,1,1,1
6960,fresh soft white fine  breadcrumbs,1,1,1,1,1,1,1,1,1,1,1
6961,fresh sourdough or farmhouse breadcrumbs,1,1,1,1,1,1,1,1,1,1,1
6962,fresh strawberries,1,1,1,1,1,1,1,1,1,1,1
6963,fresh summer herbs,1,1,1,1,1,1,1,1,1,1,1
6964,fresh sundried tomatoes,1,1,1,1,1,1,1,1,1,1,1
6965,fresh sweetcorn cob,1,1,1,1,1,1,1,1,1,1,1
6966,fresh thyme leaves only,1,1,1,1,1,1,1,1,1,1,1
6967,fresh thyme or rosemary,1,1,1,1,1,1,1,1,1,1,1
6968,fresh thyme tied together,1,1,1,1,1,1,1,1,1,1,1
6969,fresh tomato & basil  sauce,1,1,1,1,1,1,1,1,1,1,1
6970,fresh tomato juice,1,1,1,1,1,1,1,1,1,1,1
6971,fresh truffle,1,1,1,1,1,1,1,1,1,1,1
6972,fresh truffle shavings,1,1,1,1,1,1,1,1,1,1,1
6973,fresh tuna fillets,1,1,1,1,1,1,1,1,1,1,1
6974,fresh turmeric root,1,1,1,1,1,1,1,1,1,1,1
6975,fresh udon noodles,1,1,1,1,1,1,1,1,1,1,1
6976,fresh vegetable,1,1,1,1,1,1,1,1,1,1,1
6977,fresh vegetarian pesto,1,1,1,1,1,1,1,1,1,1,1
6978,fresh white  breadcrumb,1,1,1,1,1,1,1,1,1,1,1
6979,fresh white and brown crabmeat,1,1,1,1,1,1,1,1,1,1,1
6980,fresh white crabmeat,1,1,1,1,1,1,1,1,1,1,1
6981,fresh wholemeal breadcrumbs,1,1,1,1,1,1,1,1,1,1,1
6982,fresh wild  mushrooms,1,1,1,1,1,1,1,1,1,1,1
6983,fresh wild garlic,1,1,1,1,1,1,1,1,1,1,1
6984,"fresh, brown crabmeat",1,1,1,1,1,1,1,1,1,1,1
6985,"fresh, podded peas",1,1,1,1,1,1,1,1,1,1,1
6986,"fresh, seasonal fruits",1,1,1,1,1,1,1,1,1,1,1
6987,"fresh, sushi-grade salmon fillet",1,1,1,1,1,1,1,1,1,1,1
6988,freshest sushi-grade tuna,1,1,1,1,1,1,1,1,1,1,1
6989,fridge-cold eggs,1,1,1,1,1,1,1,1,1,1,1
6990,fried mushrooms,1,1,1,1,1,1,1,1,1,1,1
6991,fried sage leaves,1,1,1,1,1,1,1,1,1,1,1
6992,fried shallots,1,1,1,1,1,1,1,1,1,1,1
6993,fried tortilla chips,1,1,1,1,1,1,1,1,1,1,1
6994,fries and rocket salad,1,1,1,1,1,1,1,1,1,1,1
6995,frisée salad,1,1,1,1,1,1,1,1,1,1,1
6996,frittata,1,1,1,1,1,1,1,1,1,1,1
6997,from 1/2 lemon,1,1,1,1,1,1,1,1,1,1,1
6998,from a brioche,1,1,1,1,1,1,1,1,1,1,1
6999,from a sachet of fast-action dried yeast,1,1,1,1,1,1,1,1,1,1,1
7000,from a white sourdough or crusty white,1,1,1,1,1,1,1,1,1,1,1
7001,fromage blanc,1,1,1,1,1,1,1,1,1,1,1
7002,fromage frais or creme fraiche,1,1,1,1,1,1,1,1,1,1,1
7003,frozen,1,1,1,1,1,1,1,1,1,1,1
7004,frozen  berry,1,1,1,1,1,1,1,1,1,1,1
7005,frozen  berry mix,1,1,1,1,1,1,1,1,1,1,1
7006,frozen  blackberry,1,1,1,1,1,1,1,1,1,1,1
7007,frozen  broad beans,1,1,1,1,1,1,1,1,1,1,1
7008,frozen  butternut squash chunks,1,1,1,1,1,1,1,1,1,1,1
7009,frozen  edamame beans,1,1,1,1,1,1,1,1,1,1,1
7010,frozen  king prawns,1,1,1,1,1,1,1,1,1,1,1
7011,frozen  smoked haddock fillets,1,1,1,1,1,1,1,1,1,1,1
7012,frozen  soya or edamame beans,1,1,1,1,1,1,1,1,1,1,1
7013,frozen  sweetcorn,1,1,1,1,1,1,1,1,1,1,1
7014,frozen  sweetcorn edamame,1,1,1,1,1,1,1,1,1,1,1
7015,frozen avocado,1,1,1,1,1,1,1,1,1,1,1
7016,frozen banana,1,1,1,1,1,1,1,1,1,1,1
7017,frozen berries chopped fruits,1,1,1,1,1,1,1,1,1,1,1
7018,frozen berries of your choice,1,1,1,1,1,1,1,1,1,1,1
7019,frozen berries or summer fruit,1,1,1,1,1,1,1,1,1,1,1
7020,frozen berry mix,1,1,1,1,1,1,1,1,1,1,1
7021,frozen black cherries saving,1,1,1,1,1,1,1,1,1,1,1
7022,frozen broad bean,1,1,1,1,1,1,1,1,1,1,1
7023,frozen broad beans podded,1,1,1,1,1,1,1,1,1,1,1
7024,frozen butternut squash chunks,1,1,1,1,1,1,1,1,1,1,1
7025,frozen cauliflower and broccoli florets,1,1,1,1,1,1,1,1,1,1,1
7026,frozen cauliflower florets,1,1,1,1,1,1,1,1,1,1,1
7027,frozen chargrilled mediterranean vegetable mix,1,1,1,1,1,1,1,1,1,1,1
7028,frozen chargrilled mediterranean vegetables,1,1,1,1,1,1,1,1,1,1,1
7029,frozen chips,1,1,1,1,1,1,1,1,1,1,1
7030,frozen chopped  onions,1,1,1,1,1,1,1,1,1,1,1
7031,frozen chopped butternut squash,1,1,1,1,1,1,1,1,1,1,1
7032,frozen chopped chargrilled vegetables,1,1,1,1,1,1,1,1,1,1,1
7033,frozen chopped onions,1,1,1,1,1,1,1,1,1,1,1
7034,frozen corn,1,1,1,1,1,1,1,1,1,1,1
7035,frozen corn cobs,1,1,1,1,1,1,1,1,1,1,1
7036,frozen dark sweet cherries,1,1,1,1,1,1,1,1,1,1,1
7037,frozen edamame or peas,1,1,1,1,1,1,1,1,1,1,1
7038,frozen edamame soya beans,1,1,1,1,1,1,1,1,1,1,1
7039,frozen fruits of the forest,1,1,1,1,1,1,1,1,1,1,1
7040,frozen grated  coconut,1,1,1,1,1,1,1,1,1,1,1
7041,frozen green beans,1,1,1,1,1,1,1,1,1,1,1
7042,frozen grilled vegetable mix,1,1,1,1,1,1,1,1,1,1,1
7043,frozen hash browns,1,1,1,1,1,1,1,1,1,1,1
7044,frozen king prawns,1,1,1,1,1,1,1,1,1,1,1
7045,frozen kunafah,1,1,1,1,1,1,1,1,1,1,1
7046,frozen lamb mince from a bag,1,1,1,1,1,1,1,1,1,1,1
7047,frozen lard,1,1,1,1,1,1,1,1,1,1,1
7048,frozen lobster,1,1,1,1,1,1,1,1,1,1,1
7049,frozen mango,1,1,1,1,1,1,1,1,1,1,1
7050,frozen mixed beans,1,1,1,1,1,1,1,1,1,1,1
7051,frozen mixed cooked seafood,1,1,1,1,1,1,1,1,1,1,1
7052,frozen mixed fruit,1,1,1,1,1,1,1,1,1,1,1
7053,frozen mixed mediterranean veg,1,1,1,1,1,1,1,1,1,1,1
7054,frozen mixed red berries,1,1,1,1,1,1,1,1,1,1,1
7055,frozen mixed roasted veg,1,1,1,1,1,1,1,1,1,1,1
7056,frozen mixed seafood,1,1,1,1,1,1,1,1,1,1,1
7057,frozen natural yogurt,1,1,1,1,1,1,1,1,1,1,1
7058,frozen north atlantic prawns,1,1,1,1,1,1,1,1,1,1,1
7059,frozen onions,1,1,1,1,1,1,1,1,1,1,1
7060,frozen or canned pitted cherries,1,1,1,1,1,1,1,1,1,1,1
7061,frozen or canned sweetcorn,1,1,1,1,1,1,1,1,1,1,1
7062,frozen or fresh  berries,1,1,1,1,1,1,1,1,1,1,1
7063,frozen or fresh cherries pitted,1,1,1,1,1,1,1,1,1,1,1
7064,frozen or fresh fruit,1,1,1,1,1,1,1,1,1,1,1
7065,frozen or fresh grated coconut,1,1,1,1,1,1,1,1,1,1,1
7066,frozen or fresh mixed berries,1,1,1,1,1,1,1,1,1,1,1
7067,frozen or fresh peas,1,1,1,1,1,1,1,1,1,1,1
7068,frozen or fresh podded peas,1,1,1,1,1,1,1,1,1,1,1
7069,frozen or fresh ramen noodles per person,1,1,1,1,1,1,1,1,1,1,1
7070,frozen or fresh raspberries,1,1,1,1,1,1,1,1,1,1,1
7071,frozen or tinned corn,1,1,1,1,1,1,1,1,1,1,1
7072,frozen oven fries,1,1,1,1,1,1,1,1,1,1,1
7073,frozen peas cooked,1,1,1,1,1,1,1,1,1,1,1
7074,frozen peas or broad beans,1,1,1,1,1,1,1,1,1,1,1
7075,frozen peas or fresh,1,1,1,1,1,1,1,1,1,1,1
7076,frozen peas set,1,1,1,1,1,1,1,1,1,1,1
7077,frozen petit pois or peas,1,1,1,1,1,1,1,1,1,1,1
7078,frozen petits pois or peas,1,1,1,1,1,1,1,1,1,1,1
7079,frozen pineapple,1,1,1,1,1,1,1,1,1,1,1
7080,frozen pitted cherries,1,1,1,1,1,1,1,1,1,1,1
7081,frozen pizza dough,1,1,1,1,1,1,1,1,1,1,1
7082,frozen podded broad beans,1,1,1,1,1,1,1,1,1,1,1
7083,frozen pollock fillets,1,1,1,1,1,1,1,1,1,1,1
7084,frozen prawns,1,1,1,1,1,1,1,1,1,1,1
7085,frozen prawns cooked or raw,1,1,1,1,1,1,1,1,1,1,1
7086,frozen raspberries any large ones,1,1,1,1,1,1,1,1,1,1,1
7087,frozen raw,1,1,1,1,1,1,1,1,1,1,1
7088,frozen raw peeled king prawns,1,1,1,1,1,1,1,1,1,1,1
7089,frozen raw whole prawns,1,1,1,1,1,1,1,1,1,1,1
7090,frozen red berries,1,1,1,1,1,1,1,1,1,1,1
7091,frozen red chillies,1,1,1,1,1,1,1,1,1,1,1
7092,frozen redcurrants,1,1,1,1,1,1,1,1,1,1,1
7093,frozen roast potatoes,1,1,1,1,1,1,1,1,1,1,1
7094,frozen scampi,1,1,1,1,1,1,1,1,1,1,1
7095,frozen seafood selection,1,1,1,1,1,1,1,1,1,1,1
7096,frozen skinless cod fillets,1,1,1,1,1,1,1,1,1,1,1
7097,frozen small atlantic,1,1,1,1,1,1,1,1,1,1,1
7098,frozen soffrito mix,1,1,1,1,1,1,1,1,1,1,1
7099,frozen soya or edamame beans,1,1,1,1,1,1,1,1,1,1,1
7100,frozen soybeans or baby broad beans,1,1,1,1,1,1,1,1,1,1,1
7101,frozen spinach once,1,1,1,1,1,1,1,1,1,1,1
7102,frozen summer berries,1,1,1,1,1,1,1,1,1,1,1
7103,frozen sustainable  white fish,1,1,1,1,1,1,1,1,1,1,1
7104,frozen sweetcorn and peas,1,1,1,1,1,1,1,1,1,1,1
7105,frozen sweetcorn),1,1,1,1,1,1,1,1,1,1,1
7106,frozen tropical fruit mix,1,1,1,1,1,1,1,1,1,1,1
7107,frozen unsalted butter,1,1,1,1,1,1,1,1,1,1,1
7108,frozen vegetable mix of cauliflower,1,1,1,1,1,1,1,1,1,1,1
7109,frozen vegetarian mince,1,1,1,1,1,1,1,1,1,1,1
7110,frozen white fish fillets,1,1,1,1,1,1,1,1,1,1,1
7111,frozen wild red shrimp,1,1,1,1,1,1,1,1,1,1,1
7112,frozen wild salmon,1,1,1,1,1,1,1,1,1,1,1
7113,frozen wonton wrappers,1,1,1,1,1,1,1,1,1,1,1
7114,"frozen, skinless wild salmon fillets",1,1,1,1,1,1,1,1,1,1,1
7115,fruit and icing sugar,1,1,1,1,1,1,1,1,1,1,1
7116,fruit compote,1,1,1,1,1,1,1,1,1,1,1
7117,fruit curd,1,1,1,1,1,1,1,1,1,1,1
7118,fruit curd of your choice,1,1,1,1,1,1,1,1,1,1,1
7119,fruit jam of your choice,1,1,1,1,1,1,1,1,1,1,1
7120,fruit yogurt and maple syrup,1,1,1,1,1,1,1,1,1,1,1
7121,fruitcake christmas cake or pudding,1,1,1,1,1,1,1,1,1,1,1
7122,frying steak,1,1,1,1,1,1,1,1,1,1,1
7123,frying steaks,1,1,1,1,1,1,1,1,1,1,1
7124,frylight oil,1,1,1,1,1,1,1,1,1,1,1
7125,fudge,1,1,1,1,1,1,1,1,1,1,1
7126,fudge chunks,1,1,1,1,1,1,1,1,1,1,1
7127,full fat milk,1,1,1,1,1,1,1,1,1,1,1
7128,full fat or semi-skimmed milk,1,1,1,1,1,1,1,1,1,1,1
7129,full-bodied  red wine,1,1,1,1,1,1,1,1,1,1,1
7130,full-cream  jersey milk,1,1,1,1,1,1,1,1,1,1,1
7131,full-cream milk powder,1,1,1,1,1,1,1,1,1,1,1
7132,full-fat  cream cheese,1,1,1,1,1,1,1,1,1,1,1
7133,full-fat  natural yogurt,1,1,1,1,1,1,1,1,1,1,1
7134,full-fat  yogurt,1,1,1,1,1,1,1,1,1,1,1
7135,full-fat bio yoghurt,1,1,1,1,1,1,1,1,1,1,1
7136,full-fat cream cheese fridge,1,1,1,1,1,1,1,1,1,1,1
7137,full-fat greek-style yogurt,1,1,1,1,1,1,1,1,1,1,1
7138,full-fat or semi-skimmed milk,1,1,1,1,1,1,1,1,1,1,1
7139,full-fat plain bio-yogurt,1,1,1,1,1,1,1,1,1,1,1
7140,full-fat soft cheese any liquid,1,1,1,1,1,1,1,1,1,1,1
7141,full-fat thick coconut milk,1,1,1,1,1,1,1,1,1,1,1
7142,"full-fat, greek-style yogurt",1,1,1,1,1,1,1,1,1,1,1
7143,full-flavoured tonic,1,1,1,1,1,1,1,1,1,1,1
7144,full-size chipolatas,1,1,1,1,1,1,1,1,1,1,1
7145,funfetti or sprinkles,1,1,1,1,1,1,1,1,1,1,1
7146,funnel,1,1,1,1,1,1,1,1,1,1,1
7147,funnel coffee filter paper,1,1,1,1,1,1,1,1,1,1,1
7148,furikake,1,1,1,1,1,1,1,1,1,1,1
7149,fusilli bucati,1,1,1,1,1,1,1,1,1,1,1
7150,fusilli lunghi,1,1,1,1,1,1,1,1,1,1,1
7151,galangal or ginger,1,1,1,1,1,1,1,1,1,1,1
7152,galangal paste,1,1,1,1,1,1,1,1,1,1,1
7153,galia  melon,1,1,1,1,1,1,1,1,1,1,1
7154,galia melon,1,1,1,1,1,1,1,1,1,1,1
7155,galliano,1,1,1,1,1,1,1,1,1,1,1
7156,gammon joint,1,1,1,1,1,1,1,1,1,1,1
7157,gammon joint approx,1,1,1,1,1,1,1,1,1,1,1
7158,gammon steaks,1,1,1,1,1,1,1,1,1,1,1
7159,garaetteok (cylindrical rice cakes),1,1,1,1,1,1,1,1,1,1,1
7160,garam flour,1,1,1,1,1,1,1,1,1,1,1
7161,garam masala and ground coriander,1,1,1,1,1,1,1,1,1,1,1
7162,garam masala or curry powder,1,1,1,1,1,1,1,1,1,1,1
7163,garden pea,1,1,1,1,1,1,1,1,1,1,1
7164,garden peas,1,1,1,1,1,1,1,1,1,1,1
7165,garden tomato salad,1,1,1,1,1,1,1,1,1,1,1
7166,gari,1,1,1,1,1,1,1,1,1,1,1
7167,garlic & herb,1,1,1,1,1,1,1,1,1,1,1
7168,garlic &amp; herb cream cheese,1,1,1,1,1,1,1,1,1,1,1
7169,garlic &amp; herb flavour seasoning,1,1,1,1,1,1,1,1,1,1,1
7170,garlic and herb cream cheese,1,1,1,1,1,1,1,1,1,1,1
7171,garlic and herb soft cheese,1,1,1,1,1,1,1,1,1,1,1
7172,garlic bread crostini,1,1,1,1,1,1,1,1,1,1,1
7173,garlic chives,1,1,1,1,1,1,1,1,1,1,1
7174,garlic flatbreads,1,1,1,1,1,1,1,1,1,1,1
7175,garlic naan bread,1,1,1,1,1,1,1,1,1,1,1
7176,garlic powder onion powder,1,1,1,1,1,1,1,1,1,1,1
7177,garlic sauce,1,1,1,1,1,1,1,1,1,1,1
7178,garlic soft cheese,1,1,1,1,1,1,1,1,1,1,1
7179,garlic-infused olive oil,1,1,1,1,1,1,1,1,1,1,1
7180,gel food colouring,1,1,1,1,1,1,1,1,1,1,1
7181,gelatine powder,1,1,1,1,1,1,1,1,1,1,1
7182,generous,1,1,1,1,1,1,1,1,1,1,1
7183,generous drizzle of sriracha,1,1,1,1,1,1,1,1,1,1,1
7184,generous grindings of salt and black pepper,1,1,1,1,1,1,1,1,1,1,1
7185,generous handfuls baby salad leaves rocket or lamb's lettuce,1,1,1,1,1,1,1,1,1,1,1
7186,generous lemons wedges,1,1,1,1,1,1,1,1,1,1,1
7187,generous spoonful 0% fat greek-style yogurt,1,1,1,1,1,1,1,1,1,1,1
7188,generous sprinkle of allspice,1,1,1,1,1,1,1,1,1,1,1
7189,generous sprinkling  maldon sea salt flakes,1,1,1,1,1,1,1,1,1,1,1
7190,generous sprinkling of ground cinnamon,1,1,1,1,1,1,1,1,1,1,1
7191,generous squeeze of,1,1,1,1,1,1,1,1,1,1,1
7192,generous squeeze of lemon juice,1,1,1,1,1,1,1,1,1,1,1
7193,german garlic sausages,1,1,1,1,1,1,1,1,1,1,1
7194,german or dijon mustard,1,1,1,1,1,1,1,1,1,1,1
7195,german three-grain bread,1,1,1,1,1,1,1,1,1,1,1
7196,german-style rye bread,1,1,1,1,1,1,1,1,1,1,1
7197,german-style sausages,1,1,1,1,1,1,1,1,1,1,1
7198,ghee or coconut oil,1,1,1,1,1,1,1,1,1,1,1
7199,ghee or cooking oil,1,1,1,1,1,1,1,1,1,1,1
7200,ghee or groundnut oil,1,1,1,1,1,1,1,1,1,1,1
7201,gherkin from,1,1,1,1,1,1,1,1,1,1,1
7202,gherkin pickle liquor,1,1,1,1,1,1,1,1,1,1,1
7203,gherkin sliced lengthways,1,1,1,1,1,1,1,1,1,1,1
7204,gherkins from,1,1,1,1,1,1,1,1,1,1,1
7205,gherkins or pickled onions,1,1,1,1,1,1,1,1,1,1,1
7206,gherkins sliced lengthways,1,1,1,1,1,1,1,1,1,1,1
7207,gianduja chocolate,1,1,1,1,1,1,1,1,1,1,1
7208,giant butter beans,1,1,1,1,1,1,1,1,1,1,1
7209,giant chocolate button,1,1,1,1,1,1,1,1,1,1,1
7210,giant chocolate buttons,1,1,1,1,1,1,1,1,1,1,1
7211,giant couscous or fregola,1,1,1,1,1,1,1,1,1,1,1
7212,giant or pearl couscous,1,1,1,1,1,1,1,1,1,1,1
7213,giant pretzels,1,1,1,1,1,1,1,1,1,1,1
7214,giant white  chocolate button,1,1,1,1,1,1,1,1,1,1,1
7215,giant white chocolate buttons,1,1,1,1,1,1,1,1,1,1,1
7216,giardiniera pickling liquid,1,1,1,1,1,1,1,1,1,1,1
7217,gift tags and a pen,1,1,1,1,1,1,1,1,1,1,1
7218,gift tags and pen,1,1,1,1,1,1,1,1,1,1,1
7219,gim or nori seaweed sheets,1,1,1,1,1,1,1,1,1,1,1
7220,gin &amp,1,1,1,1,1,1,1,1,1,1,1
7221,gin and tonic,1,1,1,1,1,1,1,1,1,1,1
7222,gin london dry,1,1,1,1,1,1,1,1,1,1,1
7223,gin of choice,1,1,1,1,1,1,1,1,1,1,1
7224,ginger 1 tbsp,1,1,1,1,1,1,1,1,1,1,1
7225,ginger and garlic purée,1,1,1,1,1,1,1,1,1,1,1
7226,ginger and lemongrass cordial,1,1,1,1,1,1,1,1,1,1,1
7227,ginger biscuit,1,1,1,1,1,1,1,1,1,1,1
7228,ginger bitters,1,1,1,1,1,1,1,1,1,1,1
7229,ginger nuts biscuits,1,1,1,1,1,1,1,1,1,1,1
7230,ginger or ginger purée,1,1,1,1,1,1,1,1,1,1,1
7231,ginger preserve,1,1,1,1,1,1,1,1,1,1,1
7232,ginger skin on and squashed once with the flat part of a knife,1,1,1,1,1,1,1,1,1,1,1
7233,ginger syrup from the jar,1,1,1,1,1,1,1,1,1,1,1
7234,ginger ½,1,1,1,1,1,1,1,1,1,1,1
7235,"ginger, skin left on",1,1,1,1,1,1,1,1,1,1,1
7236,gingerbread biscuit dough,1,1,1,1,1,1,1,1,1,1,1
7237,gingerbread lady cutter,1,1,1,1,1,1,1,1,1,1,1
7238,gingerbread man cutter,1,1,1,1,1,1,1,1,1,1,1
7239,gingerbread shapes,1,1,1,1,1,1,1,1,1,1,1
7240,gingerbread spice,1,1,1,1,1,1,1,1,1,1,1
7241,gingernut biscuit,1,1,1,1,1,1,1,1,1,1,1
7242,gingernuts,1,1,1,1,1,1,1,1,1,1,1
7243,gingernuts or digestives,1,1,1,1,1,1,1,1,1,1,1
7244,glacé cherries,1,1,1,1,1,1,1,1,1,1,1
7245,glacier mints,1,1,1,1,1,1,1,1,1,1,1
7246,glacé cherries patted dry if in syrup,1,1,1,1,1,1,1,1,1,1,1
7247,glacé or dried cherries,1,1,1,1,1,1,1,1,1,1,1
7248,glacé or maraschino cherries,1,1,1,1,1,1,1,1,1,1,1
7249,glittery letter stickers,1,1,1,1,1,1,1,1,1,1,1
7250,globe artichokes,1,1,1,1,1,1,1,1,1,1,1
7251,glug of olive oil,1,1,1,1,1,1,1,1,1,1,1
7252,gluten-free  breadcrumbs,1,1,1,1,1,1,1,1,1,1,1
7253,gluten-free  chicken stock,1,1,1,1,1,1,1,1,1,1,1
7254,gluten-free  plain flour,1,1,1,1,1,1,1,1,1,1,1
7255,gluten-free  pork sausages,1,1,1,1,1,1,1,1,1,1,1
7256,gluten-free  yeast extract,1,1,1,1,1,1,1,1,1,1,1
7257,gluten-free and vegan sprinkles,1,1,1,1,1,1,1,1,1,1,1
7258,gluten-free bicarbonate of soda,1,1,1,1,1,1,1,1,1,1,1
7259,gluten-free bread,1,1,1,1,1,1,1,1,1,1,1
7260,gluten-free brown bread flour,1,1,1,1,1,1,1,1,1,1,1
7261,gluten-free chicken or vegetable stock,1,1,1,1,1,1,1,1,1,1,1
7262,gluten-free chicken stock,1,1,1,1,1,1,1,1,1,1,1
7263,gluten-free curry powder,1,1,1,1,1,1,1,1,1,1,1
7264,gluten-free dijon mustard,1,1,1,1,1,1,1,1,1,1,1
7265,gluten-free flour blend,1,1,1,1,1,1,1,1,1,1,1
7266,gluten-free mayonnaise,1,1,1,1,1,1,1,1,1,1,1
7267,gluten-free oat,1,1,1,1,1,1,1,1,1,1,1
7268,gluten-free pasta,1,1,1,1,1,1,1,1,1,1,1
7269,gluten-free penne,1,1,1,1,1,1,1,1,1,1,1
7270,gluten-free plain white flour,1,1,1,1,1,1,1,1,1,1,1
7271,gluten-free pork sausages,1,1,1,1,1,1,1,1,1,1,1
7272,gluten-free porridge oats,1,1,1,1,1,1,1,1,1,1,1
7273,gluten-free self-raising flour with xanthan gum,1,1,1,1,1,1,1,1,1,1,1
7274,gluten-free sourdough,1,1,1,1,1,1,1,1,1,1,1
7275,gluten-free tamari,1,1,1,1,1,1,1,1,1,1,1
7276,gluten-free vegan burger buns,1,1,1,1,1,1,1,1,1,1,1
7277,gluten-free white bread flour,1,1,1,1,1,1,1,1,1,1,1
7278,gluten-free white chocolate,1,1,1,1,1,1,1,1,1,1,1
7279,gluten-free white or red miso paste,1,1,1,1,1,1,1,1,1,1,1
7280,gluten-free worcestershire sauce,1,1,1,1,1,1,1,1,1,1,1
7281,glutinous sweet white rice flour,1,1,1,1,1,1,1,1,1,1,1
7282,glycerine,1,1,1,1,1,1,1,1,1,1,1
7283,glühwein wine,1,1,1,1,1,1,1,1,1,1,1
7284,goals and players,1,1,1,1,1,1,1,1,1,1,1
7285,goat,1,1,1,1,1,1,1,1,1,1,1
7286,goat or mutton,1,1,1,1,1,1,1,1,1,1,1
7287,goat's butter,1,1,1,1,1,1,1,1,1,1,1
7288,goat's cheese crumbled,1,1,1,1,1,1,1,1,1,1,1
7289,goat's cheese cut from a round log,1,1,1,1,1,1,1,1,1,1,1
7290,goat's cheese round,1,1,1,1,1,1,1,1,1,1,1
7291,goat's milk,1,1,1,1,1,1,1,1,1,1,1
7292,goat's milk yogurt,1,1,1,1,1,1,1,1,1,1,1
7293,goat’s curd,1,1,1,1,1,1,1,1,1,1,1
7294,goat’s curd or cream cheese,1,1,1,1,1,1,1,1,1,1,1
7295,goat’s curd or curd cheese,1,1,1,1,1,1,1,1,1,1,1
7296,goat’s curd or soft mild goat’s cheese,1,1,1,1,1,1,1,1,1,1,1
7297,gochugaru,1,1,1,1,1,1,1,1,1,1,1
7298,gochujang sauce,1,1,1,1,1,1,1,1,1,1,1
7299,gold and  silver balls,1,1,1,1,1,1,1,1,1,1,1
7300,gold and pink edible metallic lustre,1,1,1,1,1,1,1,1,1,1,1
7301,gold cake spray,1,1,1,1,1,1,1,1,1,1,1
7302,gold card,1,1,1,1,1,1,1,1,1,1,1
7303,gold covered chocolate coins,1,1,1,1,1,1,1,1,1,1,1
7304,gold food colouring brush pen,1,1,1,1,1,1,1,1,1,1,1
7305,gold food colouring spray,1,1,1,1,1,1,1,1,1,1,1
7306,gold leaf,1,1,1,1,1,1,1,1,1,1,1
7307,gold leaf and a paintbrush,1,1,1,1,1,1,1,1,1,1,1
7308,gold leaf and edible glitter,1,1,1,1,1,1,1,1,1,1,1
7309,gold leaf or edible gold lustre,1,1,1,1,1,1,1,1,1,1,1
7310,gold or metallic lustre,1,1,1,1,1,1,1,1,1,1,1
7311,gold or white fondant,1,1,1,1,1,1,1,1,1,1,1
7312,gold paint and gold leaf,1,1,1,1,1,1,1,1,1,1,1
7313,gold shimmer and leaf,1,1,1,1,1,1,1,1,1,1,1
7314,gold star,1,1,1,1,1,1,1,1,1,1,1
7315,gold string,1,1,1,1,1,1,1,1,1,1,1
7316,golden  caster sugar,1,1,1,1,1,1,1,1,1,1,1
7317,golden  linseed,1,1,1,1,1,1,1,1,1,1,1
7318,golden  raisins,1,1,1,1,1,1,1,1,1,1,1
7319,golden beer,1,1,1,1,1,1,1,1,1,1,1
7320,golden breadcrumbs,1,1,1,1,1,1,1,1,1,1,1
7321,golden caster or light brown soft sugar,1,1,1,1,1,1,1,1,1,1,1
7322,golden linseed,1,1,1,1,1,1,1,1,1,1,1
7323,golden or  maple syrup,1,1,1,1,1,1,1,1,1,1,1
7324,golden or flame raisins,1,1,1,1,1,1,1,1,1,1,1
7325,golden or spiced rum,1,1,1,1,1,1,1,1,1,1,1
7326,golden string,1,1,1,1,1,1,1,1,1,1,1
7327,golden sultanas soaked for half an hour in warm bourbon,1,1,1,1,1,1,1,1,1,1,1
7328,golden syrup instead),1,1,1,1,1,1,1,1,1,1,1
7329,goma,1,1,1,1,1,1,1,1,1,1,1
7330,good  chicken stock,1,1,1,1,1,1,1,1,1,1,1
7331,good beef stock,1,1,1,1,1,1,1,1,1,1,1
7332,good bread,1,1,1,1,1,1,1,1,1,1,1
7333,good drizzle extra virgin olive oil,1,1,1,1,1,1,1,1,1,1,1
7334,good grating of,1,1,1,1,1,1,1,1,1,1,1
7335,good grating of orange zest,1,1,1,1,1,1,1,1,1,1,1
7336,good handful baby spinach,1,1,1,1,1,1,1,1,1,1,1
7337,good handful beansprouts,1,1,1,1,1,1,1,1,1,1,1
7338,good handful chopped,1,1,1,1,1,1,1,1,1,1,1
7339,good handful mixed salad leaves,1,1,1,1,1,1,1,1,1,1,1
7340,good handful pea shoots,1,1,1,1,1,1,1,1,1,1,1
7341,good handfuls fresh breadcrumbs,1,1,1,1,1,1,1,1,1,1,1
7342,good handfuls kale stalks removed,1,1,1,1,1,1,1,1,1,1,1
7343,good handfuls rocket,1,1,1,1,1,1,1,1,1,1,1
7344,good loose-leaf earl grey tea,1,1,1,1,1,1,1,1,1,1,1
7345,good mayonnaise,1,1,1,1,1,1,1,1,1,1,1
7346,good mayonnaise ideally olive oil-based,1,1,1,1,1,1,1,1,1,1,1
7347,good of ground mace,1,1,1,1,1,1,1,1,1,1,1
7348,good pinch cayenne pepper,1,1,1,1,1,1,1,1,1,1,1
7349,good pinch dried chilli flakes,1,1,1,1,1,1,1,1,1,1,1
7350,good pinch sea salt flakes,1,1,1,1,1,1,1,1,1,1,1
7351,good quality  bread,1,1,1,1,1,1,1,1,1,1,1
7352,good quality  vodka,1,1,1,1,1,1,1,1,1,1,1
7353,good quality bacon lardons,1,1,1,1,1,1,1,1,1,1,1
7354,good quality bbq sauce,1,1,1,1,1,1,1,1,1,1,1
7355,good quality chicken stock,1,1,1,1,1,1,1,1,1,1,1
7356,good quality dark chocolate,1,1,1,1,1,1,1,1,1,1,1
7357,good quality dijon mustard,1,1,1,1,1,1,1,1,1,1,1
7358,good quality egg yolks,1,1,1,1,1,1,1,1,1,1,1
7359,good quality eggs,1,1,1,1,1,1,1,1,1,1,1
7360,good quality fresh chicken stock,1,1,1,1,1,1,1,1,1,1,1
7361,good quality mayo,1,1,1,1,1,1,1,1,1,1,1
7362,good quality pesto,1,1,1,1,1,1,1,1,1,1,1
7363,good quality pork sausages meat squeezed out of the skins,1,1,1,1,1,1,1,1,1,1,1
7364,good quality sausages,1,1,1,1,1,1,1,1,1,1,1
7365,good quality sea salt,1,1,1,1,1,1,1,1,1,1,1
7366,good quality sherry vinegar,1,1,1,1,1,1,1,1,1,1,1
7367,good quality smoked salmon,1,1,1,1,1,1,1,1,1,1,1
7368,good sausages,1,1,1,1,1,1,1,1,1,1,1
7369,good sauvignon blanc,1,1,1,1,1,1,1,1,1,1,1
7370,good sherry vinegar,1,1,1,1,1,1,1,1,1,1,1
7371,good smoky barbecue sauce,1,1,1,1,1,1,1,1,1,1,1
7372,good splash or squeeze of red or pink food colouring,1,1,1,1,1,1,1,1,1,1,1
7373,good sprays of oil,1,1,1,1,1,1,1,1,1,1,1
7374,good sprinkle of flaky sea salt,1,1,1,1,1,1,1,1,1,1,1
7375,good squeeze  lemon,1,1,1,1,1,1,1,1,1,1,1
7376,good squeeze  lemon juice,1,1,1,1,1,1,1,1,1,1,1
7377,good squeeze chilli sauce,1,1,1,1,1,1,1,1,1,1,1
7378,good squeeze of  lemon,1,1,1,1,1,1,1,1,1,1,1
7379,good squeeze of  lemon juice,1,1,1,1,1,1,1,1,1,1,1
7380,good squeezes of lemon,1,1,1,1,1,1,1,1,1,1,1
7381,good thumb-size piece,1,1,1,1,1,1,1,1,1,1,1
7382,good vegetable oil,1,1,1,1,1,1,1,1,1,1,1
7383,"good, crusty bread",1,1,1,1,1,1,1,1,1,1,1
7384,good-quality,1,1,1,1,1,1,1,1,1,1,1
7385,good-quality  chopped tomatoes,1,1,1,1,1,1,1,1,1,1,1
7386,good-quality  cider,1,1,1,1,1,1,1,1,1,1,1
7387,good-quality  dark chocolate and cocoa powder,1,1,1,1,1,1,1,1,1,1,1
7388,good-quality  fish stock,1,1,1,1,1,1,1,1,1,1,1
7389,good-quality  ketchup,1,1,1,1,1,1,1,1,1,1,1
7390,good-quality  lemon curd,1,1,1,1,1,1,1,1,1,1,1
7391,good-quality  lemonade,1,1,1,1,1,1,1,1,1,1,1
7392,good-quality  olive oil,1,1,1,1,1,1,1,1,1,1,1
7393,good-quality  pork sausages meat squeezed from the skins,1,1,1,1,1,1,1,1,1,1,1
7394,good-quality  red wine,1,1,1,1,1,1,1,1,1,1,1
7395,good-quality  sausages,1,1,1,1,1,1,1,1,1,1,1
7396,good-quality  white chocolate,1,1,1,1,1,1,1,1,1,1,1
7397,good-quality anchovies in oil,1,1,1,1,1,1,1,1,1,1,1
7398,good-quality apricot jam,1,1,1,1,1,1,1,1,1,1,1
7399,good-quality balsamic vinegar,1,1,1,1,1,1,1,1,1,1,1
7400,good-quality beef mince,1,1,1,1,1,1,1,1,1,1,1
7401,good-quality black olives,1,1,1,1,1,1,1,1,1,1,1
7402,good-quality black olives pitted and,1,1,1,1,1,1,1,1,1,1,1
7403,good-quality butter,1,1,1,1,1,1,1,1,1,1,1
7404,good-quality chicken liver pâté,1,1,1,1,1,1,1,1,1,1,1
7405,good-quality chicken or vegetable stock,1,1,1,1,1,1,1,1,1,1,1
7406,good-quality chocolate,1,1,1,1,1,1,1,1,1,1,1
7407,good-quality chopped tomatoes,1,1,1,1,1,1,1,1,1,1,1
7408,good-quality cider,1,1,1,1,1,1,1,1,1,1,1
7409,good-quality cider vinegar,1,1,1,1,1,1,1,1,1,1,1
7410,good-quality clear honey,1,1,1,1,1,1,1,1,1,1,1
7411,good-quality cocoa powder,1,1,1,1,1,1,1,1,1,1,1
7412,good-quality corn tortilla chips,1,1,1,1,1,1,1,1,1,1,1
7413,good-quality crème fraîche,1,1,1,1,1,1,1,1,1,1,1
7414,good-quality dark,1,1,1,1,1,1,1,1,1,1,1
7415,good-quality dark rum,1,1,1,1,1,1,1,1,1,1,1
7416,good-quality extra-virgin olive oil,1,1,1,1,1,1,1,1,1,1,1
7417,good-quality feta,1,1,1,1,1,1,1,1,1,1,1
7418,good-quality flaky sea salt,1,1,1,1,1,1,1,1,1,1,1
7419,good-quality french unsalted butter,1,1,1,1,1,1,1,1,1,1,1
7420,good-quality golden rum,1,1,1,1,1,1,1,1,1,1,1
7421,good-quality hot dog buns,1,1,1,1,1,1,1,1,1,1,1
7422,good-quality italian sausages,1,1,1,1,1,1,1,1,1,1,1
7423,good-quality lager,1,1,1,1,1,1,1,1,1,1,1
7424,good-quality lamb,1,1,1,1,1,1,1,1,1,1,1
7425,good-quality lean beef mince,1,1,1,1,1,1,1,1,1,1,1
7426,good-quality madeira cake,1,1,1,1,1,1,1,1,1,1,1
7427,good-quality mincemeat,1,1,1,1,1,1,1,1,1,1,1
7428,good-quality or homemade raspberry jam,1,1,1,1,1,1,1,1,1,1,1
7429,good-quality or homemade strawberry jam,1,1,1,1,1,1,1,1,1,1,1
7430,good-quality pork belly skin,1,1,1,1,1,1,1,1,1,1,1
7431,good-quality pork chipolatas,1,1,1,1,1,1,1,1,1,1,1
7432,good-quality pork mince,1,1,1,1,1,1,1,1,1,1,1
7433,good-quality pork sausages meat removed from their skins,1,1,1,1,1,1,1,1,1,1,1
7434,good-quality pork sausages skins,1,1,1,1,1,1,1,1,1,1,1
7435,good-quality potato crisps,1,1,1,1,1,1,1,1,1,1,1
7436,good-quality raspberry jam,1,1,1,1,1,1,1,1,1,1,1
7437,good-quality red wine,1,1,1,1,1,1,1,1,1,1,1
7438,good-quality saffron,1,1,1,1,1,1,1,1,1,1,1
7439,good-quality sausagemeat,1,1,1,1,1,1,1,1,1,1,1
7440,good-quality sea salt flakes,1,1,1,1,1,1,1,1,1,1,1
7441,good-quality smoked haddock fillets,1,1,1,1,1,1,1,1,1,1,1
7442,good-quality smoked hot dog sausages,1,1,1,1,1,1,1,1,1,1,1
7443,good-quality spaghetti,1,1,1,1,1,1,1,1,1,1,1
7444,good-quality stout,1,1,1,1,1,1,1,1,1,1,1
7445,good-quality strawberry jam,1,1,1,1,1,1,1,1,1,1,1
7446,good-quality thick mayonnaise,1,1,1,1,1,1,1,1,1,1,1
7447,good-quality tomatoes,1,1,1,1,1,1,1,1,1,1,1
7448,good-quality tuna in spring water,1,1,1,1,1,1,1,1,1,1,1
7449,good-quality unsalted butter,1,1,1,1,1,1,1,1,1,1,1
7450,good-quality vanilla custard,1,1,1,1,1,1,1,1,1,1,1
7451,good-quality vanilla extract,1,1,1,1,1,1,1,1,1,1,1
7452,good-quality vegan stock,1,1,1,1,1,1,1,1,1,1,1
7453,good-quality vegetable stock,1,1,1,1,1,1,1,1,1,1,1
7454,good-quality vodka,1,1,1,1,1,1,1,1,1,1,1
7455,"good-quality, shop-bought mayonnaise",1,1,1,1,1,1,1,1,1,1,1
7456,good-sized skin-on chicken thighs,1,1,1,1,1,1,1,1,1,1,1
7457,goose fat or duck fat,1,1,1,1,1,1,1,1,1,1,1
7458,gooseberries fresh or frozen,1,1,1,1,1,1,1,1,1,1,1
7459,gooseberry jam,1,1,1,1,1,1,1,1,1,1,1
7460,gorgonzola dolce,1,1,1,1,1,1,1,1,1,1,1
7461,gouda,1,1,1,1,1,1,1,1,1,1,1
7462,grains of your choice,1,1,1,1,1,1,1,1,1,1,1
7463,grana padano cheese,1,1,1,1,1,1,1,1,1,1,1
7464,grana padano or parmesan,1,1,1,1,1,1,1,1,1,1,1
7465,grana padano shavings,1,1,1,1,1,1,1,1,1,1,1
7466,grand marnier or brandy,1,1,1,1,1,1,1,1,1,1,1
7467,granny smith apple skin on,1,1,1,1,1,1,1,1,1,1,1
7468,granola http://www.bbcgoodfood.com/user/824572/recipe/golden-granola,1,1,1,1,1,1,1,1,1,1,1
7469,granulated or caster sugar,1,1,1,1,1,1,1,1,1,1,1
7470,grape molasses,1,1,1,1,1,1,1,1,1,1,1
7471,grape-nuts cereal,1,1,1,1,1,1,1,1,1,1,1
7472,grapefruit zest,1,1,1,1,1,1,1,1,1,1,1
7473,"grapefruit zest and segments of 1, juice of 2",1,1,1,1,1,1,1,1,1,1,1
7474,grapefruit zest only,1,1,1,1,1,1,1,1,1,1,1
7475,grapefruits,1,1,1,1,1,1,1,1,1,1,1
7476,grapes a mix of red and green,1,1,1,1,1,1,1,1,1,1,1
7477,grapes removed from vines,1,1,1,1,1,1,1,1,1,1,1
7478,grass-fed rib of beef,1,1,1,1,1,1,1,1,1,1,1
7479,grating fresh  nutmeg,1,1,1,1,1,1,1,1,1,1,1
7480,grating nutmeg,1,1,1,1,1,1,1,1,1,1,1
7481,grating of fresh ginger,1,1,1,1,1,1,1,1,1,1,1
7482,grating of fresh nutmeg,1,1,1,1,1,1,1,1,1,1,1
7483,gratings parmesan,1,1,1,1,1,1,1,1,1,1,1
7484,gravy and green vegetables,1,1,1,1,1,1,1,1,1,1,1
7485,gravy and steamed green veg,1,1,1,1,1,1,1,1,1,1,1
7486,gravy browning,1,1,1,1,1,1,1,1,1,1,1
7487,gravy granules,1,1,1,1,1,1,1,1,1,1,1
7488,great smoked ham,1,1,1,1,1,1,1,1,1,1,1
7489,greek  yogurt and maple syrup,1,1,1,1,1,1,1,1,1,1,1
7490,greek bio yogurt,1,1,1,1,1,1,1,1,1,1,1
7491,greek clear honey,1,1,1,1,1,1,1,1,1,1,1
7492,greek kalkidis olives,1,1,1,1,1,1,1,1,1,1,1
7493,greek or  natural yogurt,1,1,1,1,1,1,1,1,1,1,1
7494,greek or coconut yogurt,1,1,1,1,1,1,1,1,1,1,1
7495,greek or greek-style yogurt,1,1,1,1,1,1,1,1,1,1,1
7496,greek or natural yogurt,1,1,1,1,1,1,1,1,1,1,1
7497,greek salad,1,1,1,1,1,1,1,1,1,1,1
7498,greek strained yogurt,1,1,1,1,1,1,1,1,1,1,1
7499,greek yogurt and flatbreads,1,1,1,1,1,1,1,1,1,1,1
7500,greek yogurt and green salad,1,1,1,1,1,1,1,1,1,1,1
7501,greek yogurt and honey,1,1,1,1,1,1,1,1,1,1,1
7502,greek yogurt or coconut yogurt,1,1,1,1,1,1,1,1,1,1,1
7503,greek yogurt or mayonnaise,1,1,1,1,1,1,1,1,1,1,1
7504,greek yogurt or natural yogurt,1,1,1,1,1,1,1,1,1,1,1
7505,greek-style coconut flavoured yogurt,1,1,1,1,1,1,1,1,1,1,1
7506,greek-style coconut yogurt,1,1,1,1,1,1,1,1,1,1,1
7507,greek-style flatbreads,1,1,1,1,1,1,1,1,1,1,1
7508,greek-style oat yogurt,1,1,1,1,1,1,1,1,1,1,1
7509,greek-style salad cheese or feta,1,1,1,1,1,1,1,1,1,1,1
7510,"greek-style, full-fat yogurt",1,1,1,1,1,1,1,1,1,1,1
7511,green  apple,1,1,1,1,1,1,1,1,1,1,1
7512,green  cardamom pods seeds only,1,1,1,1,1,1,1,1,1,1,1
7513,green  jalapeños,1,1,1,1,1,1,1,1,1,1,1
7514,green  vegetables,1,1,1,1,1,1,1,1,1,1,1
7515,green acrylic,1,1,1,1,1,1,1,1,1,1,1
7516,green and brown fondant,1,1,1,1,1,1,1,1,1,1,1
7517,green and golden kiwi fruit,1,1,1,1,1,1,1,1,1,1,1
7518,green and pink food colouring paste,1,1,1,1,1,1,1,1,1,1,1
7519,green and purple food colouring,1,1,1,1,1,1,1,1,1,1,1
7520,green and red  food colouring,1,1,1,1,1,1,1,1,1,1,1
7521,green and red chillies stalks,1,1,1,1,1,1,1,1,1,1,1
7522,green and red food colouring gel,1,1,1,1,1,1,1,1,1,1,1
7523,green and red food colouring gels,1,1,1,1,1,1,1,1,1,1,1
7524,green and red gel food colourings,1,1,1,1,1,1,1,1,1,1,1
7525,green apple &amp,1,1,1,1,1,1,1,1,1,1,1
7526,green apple or pear,1,1,1,1,1,1,1,1,1,1,1
7527,green bananas,1,1,1,1,1,1,1,1,1,1,1
7528,green bell pepper,1,1,1,1,1,1,1,1,1,1,1
7529,green bird's-eye chilli,1,1,1,1,1,1,1,1,1,1,1
7530,green bird's-eye chillies,1,1,1,1,1,1,1,1,1,1,1
7531,green candy melts,1,1,1,1,1,1,1,1,1,1,1
7532,green cardamom pods pods,1,1,1,1,1,1,1,1,1,1,1
7533,green cardamom powder,1,1,1,1,1,1,1,1,1,1,1
7534,green chartreuse,1,1,1,1,1,1,1,1,1,1,1
7535,green chilli split lengthways,1,1,1,1,1,1,1,1,1,1,1
7536,green chillies coriander and pickled red onions,1,1,1,1,1,1,1,1,1,1,1
7537,green chillies cut lengthways,1,1,1,1,1,1,1,1,1,1,1
7538,green chillies from,1,1,1,1,1,1,1,1,1,1,1
7539,green chillies halved lengthways,1,1,1,1,1,1,1,1,1,1,1
7540,green chillies one slit lengthways,1,1,1,1,1,1,1,1,1,1,1
7541,green chillies slit lengthwise,1,1,1,1,1,1,1,1,1,1,1
7542,green colouring paste,1,1,1,1,1,1,1,1,1,1,1
7543,green curry paste,1,1,1,1,1,1,1,1,1,1,1
7544,green finger chillies,1,1,1,1,1,1,1,1,1,1,1
7545,green food gel colouring,1,1,1,1,1,1,1,1,1,1,1
7546,green green chillies,1,1,1,1,1,1,1,1,1,1,1
7547,green green pepper,1,1,1,1,1,1,1,1,1,1,1
7548,green jalapeño chillies frozen,1,1,1,1,1,1,1,1,1,1,1
7549,green jalapeños,1,1,1,1,1,1,1,1,1,1,1
7550,green leafy salad,1,1,1,1,1,1,1,1,1,1,1
7551,green leaves,1,1,1,1,1,1,1,1,1,1,1
7552,green lentil,1,1,1,1,1,1,1,1,1,1,1
7553,green mandarin,1,1,1,1,1,1,1,1,1,1,1
7554,green mango,1,1,1,1,1,1,1,1,1,1,1
7555,green mini-muffin or petit four cases,1,1,1,1,1,1,1,1,1,1,1
7556,green muffins cases,1,1,1,1,1,1,1,1,1,1,1
7557,green nori,1,1,1,1,1,1,1,1,1,1,1
7558,green olive,1,1,1,1,1,1,1,1,1,1,1
7559,green olives stoned,1,1,1,1,1,1,1,1,1,1,1
7560,green onions,1,1,1,1,1,1,1,1,1,1,1
7561,green or brown lentils,1,1,1,1,1,1,1,1,1,1,1
7562,green or orange peppers,1,1,1,1,1,1,1,1,1,1,1
7563,green or puy  lentils,1,1,1,1,1,1,1,1,1,1,1
7564,green or red chilli seeds,1,1,1,1,1,1,1,1,1,1,1
7565,green or red chillies,1,1,1,1,1,1,1,1,1,1,1
7566,green or red finger chillies,1,1,1,1,1,1,1,1,1,1,1
7567,green or red plastic milk,1,1,1,1,1,1,1,1,1,1,1
7568,green paint,1,1,1,1,1,1,1,1,1,1,1
7569,green pandan extract,1,1,1,1,1,1,1,1,1,1,1
7570,green pea pasta,1,1,1,1,1,1,1,1,1,1,1
7571,green pencil sweets,1,1,1,1,1,1,1,1,1,1,1
7572,green pepper seeds,1,1,1,1,1,1,1,1,1,1,1
7573,green peppercorn,1,1,1,1,1,1,1,1,1,1,1
7574,green peppercorns,1,1,1,1,1,1,1,1,1,1,1
7575,green pitted olives,1,1,1,1,1,1,1,1,1,1,1
7576,green plantains,1,1,1,1,1,1,1,1,1,1,1
7577,green ready-to-roll icing,1,1,1,1,1,1,1,1,1,1,1
7578,green regal-ice ready to roll  icing,1,1,1,1,1,1,1,1,1,1,1
7579,green salad and bread,1,1,1,1,1,1,1,1,1,1,1
7580,green salad and cornichons,1,1,1,1,1,1,1,1,1,1,1
7581,green salad and crusty bread,1,1,1,1,1,1,1,1,1,1,1
7582,green shelled pistachios,1,1,1,1,1,1,1,1,1,1,1
7583,green spanish olives,1,1,1,1,1,1,1,1,1,1,1
7584,green spring onions,1,1,1,1,1,1,1,1,1,1,1
7585,green tea tea bag,1,1,1,1,1,1,1,1,1,1,1
7586,green tea teabags,1,1,1,1,1,1,1,1,1,1,1
7587,green teabag,1,1,1,1,1,1,1,1,1,1,1
7588,green thai chicken soup,1,1,1,1,1,1,1,1,1,1,1
7589,green tomato,1,1,1,1,1,1,1,1,1,1,1
7590,green veg and potato dauphinoise,1,1,1,1,1,1,1,1,1,1,1
7591,green veg medley,1,1,1,1,1,1,1,1,1,1,1
7592,greengages,1,1,1,1,1,1,1,1,1,1,1
7593,greens - kale,1,1,1,1,1,1,1,1,1,1,1
7594,greens and peas,1,1,1,1,1,1,1,1,1,1,1
7595,greens from 2 bunches salad onions,1,1,1,1,1,1,1,1,1,1,1
7596,greens powder,1,1,1,1,1,1,1,1,1,1,1
7597,grenadine syrup,1,1,1,1,1,1,1,1,1,1,1
7598,grey mullet fillets,1,1,1,1,1,1,1,1,1,1,1
7599,griddled artichoke,1,1,1,1,1,1,1,1,1,1,1
7600,griddled asparagus and salad,1,1,1,1,1,1,1,1,1,1,1
7601,griddled bread,1,1,1,1,1,1,1,1,1,1,1
7602,griddled courgettes,1,1,1,1,1,1,1,1,1,1,1
7603,griddled sourdough,1,1,1,1,1,1,1,1,1,1,1
7604,ground  cardamom,1,1,1,1,1,1,1,1,1,1,1
7605,ground  cloves,1,1,1,1,1,1,1,1,1,1,1
7606,ground  coriander seeds,1,1,1,1,1,1,1,1,1,1,1
7607,ground  mixed spice,1,1,1,1,1,1,1,1,1,1,1
7608,ground  nutmeg,1,1,1,1,1,1,1,1,1,1,1
7609,ground  orange,1,1,1,1,1,1,1,1,1,1,1
7610,ground  pepper,1,1,1,1,1,1,1,1,1,1,1
7611,ground  rice,1,1,1,1,1,1,1,1,1,1,1
7612,ground allspice and ground cloves,1,1,1,1,1,1,1,1,1,1,1
7613,ground almonds or almond flour,1,1,1,1,1,1,1,1,1,1,1
7614,ground aniseed,1,1,1,1,1,1,1,1,1,1,1
7615,ground arrowroot or cornflour,1,1,1,1,1,1,1,1,1,1,1
7616,ground black mustard seeds,1,1,1,1,1,1,1,1,1,1,1
7617,ground black peppercorns,1,1,1,1,1,1,1,1,1,1,1
7618,ground caraway,1,1,1,1,1,1,1,1,1,1,1
7619,ground caraway seeds,1,1,1,1,1,1,1,1,1,1,1
7620,ground cardamom from 8 cardamom pods,1,1,1,1,1,1,1,1,1,1,1
7621,ground cayenne,1,1,1,1,1,1,1,1,1,1,1
7622,ground cayenne pepper,1,1,1,1,1,1,1,1,1,1,1
7623,ground chia seeds,1,1,1,1,1,1,1,1,1,1,1
7624,ground cinnamon a good pinch,1,1,1,1,1,1,1,1,1,1,1
7625,ground cinnamon and allspice,1,1,1,1,1,1,1,1,1,1,1
7626,ground cinnamon or ginger,1,1,1,1,1,1,1,1,1,1,1
7627,ground clove,1,1,1,1,1,1,1,1,1,1,1
7628,ground coriander seeds,1,1,1,1,1,1,1,1,1,1,1
7629,ground cumin and ground coriander,1,1,1,1,1,1,1,1,1,1,1
7630,ground cumin and smoked paprika,1,1,1,1,1,1,1,1,1,1,1
7631,ground cumin ground coriander and garam masala,1,1,1,1,1,1,1,1,1,1,1
7632,ground fenugreek seeds,1,1,1,1,1,1,1,1,1,1,1
7633,ground garam masala,1,1,1,1,1,1,1,1,1,1,1
7634,ground grains of selim,1,1,1,1,1,1,1,1,1,1,1
7635,ground hazelnuts,1,1,1,1,1,1,1,1,1,1,1
7636,ground linseeds,1,1,1,1,1,1,1,1,1,1,1
7637,ground mace or nutmeg,1,1,1,1,1,1,1,1,1,1,1
7638,ground mastic ground,1,1,1,1,1,1,1,1,1,1,1
7639,ground mixed spice ground cinnamon,1,1,1,1,1,1,1,1,1,1,1
7640,ground oregano,1,1,1,1,1,1,1,1,1,1,1
7641,ground peanuts,1,1,1,1,1,1,1,1,1,1,1
7642,ground pimento (allspice),1,1,1,1,1,1,1,1,1,1,1
7643,ground pink peppercorns,1,1,1,1,1,1,1,1,1,1,1
7644,ground pistachios,1,1,1,1,1,1,1,1,1,1,1
7645,ground polenta,1,1,1,1,1,1,1,1,1,1,1
7646,ground sumac,1,1,1,1,1,1,1,1,1,1,1
7647,ground turmeric and cayenne pepper,1,1,1,1,1,1,1,1,1,1,1
7648,ground unsalted,1,1,1,1,1,1,1,1,1,1,1
7649,"ground unsalted, unroasted almonds",1,1,1,1,1,1,1,1,1,1,1
7650,ground white sesame seeds,1,1,1,1,1,1,1,1,1,1,1
7651,groundnut oil or vegetable oil,1,1,1,1,1,1,1,1,1,1,1
7652,groundnut or olive oil,1,1,1,1,1,1,1,1,1,1,1
7653,groundnut or vegetable oil,1,1,1,1,1,1,1,1,1,1,1
7654,gruyère or fontina,1,1,1,1,1,1,1,1,1,1,1
7655,gruyère rind,1,1,1,1,1,1,1,1,1,1,1
7656,guacamole and soured cream,1,1,1,1,1,1,1,1,1,1,1
7657,guacamole salsa and pickled jalapeños,1,1,1,1,1,1,1,1,1,1,1
7658,guajillo chillies,1,1,1,1,1,1,1,1,1,1,1
7659,guanciale or smoked pancetta,1,1,1,1,1,1,1,1,1,1,1
7660,guascas,1,1,1,1,1,1,1,1,1,1,1
7661,guindilla chilli peppers,1,1,1,1,1,1,1,1,1,1,1
7662,guindilla pickled chilli peppers,1,1,1,1,1,1,1,1,1,1,1
7663,guinea fowl legs,1,1,1,1,1,1,1,1,1,1,1
7664,gula melaka palm sugar,1,1,1,1,1,1,1,1,1,1,1
7665,güeros chillies,1,1,1,1,1,1,1,1,1,1,1
7666,habanero chilli sauce,1,1,1,1,1,1,1,1,1,1,1
7667,haddock,1,1,1,1,1,1,1,1,1,1,1
7668,haddock fillets,1,1,1,1,1,1,1,1,1,1,1
7669,haggis or black pudding,1,1,1,1,1,1,1,1,1,1,1
7670,haggis or vegetarian haggis,1,1,1,1,1,1,1,1,1,1,1
7671,hake,1,1,1,1,1,1,1,1,1,1,1
7672,hake steaks,1,1,1,1,1,1,1,1,1,1,1
7673,half-fat  crème fraîche,1,1,1,1,1,1,1,1,1,1,1
7674,half-fat crème fraîche,1,1,1,1,1,1,1,1,1,1,1
7675,half-fat crème fraîche coriander leaves,1,1,1,1,1,1,1,1,1,1,1
7676,half-fat mayonnaise,1,1,1,1,1,1,1,1,1,1,1
7677,half-handfuls,1,1,1,1,1,1,1,1,1,1,1
7678,halibut steaks,1,1,1,1,1,1,1,1,1,1,1
7679,halloumi each block,1,1,1,1,1,1,1,1,1,1,1
7680,ham 1 slice chicken,1,1,1,1,1,1,1,1,1,1,1
7681,ham hock in large shreds,1,1,1,1,1,1,1,1,1,1,1
7682,ham hock smoked or unsmoked,1,1,1,1,1,1,1,1,1,1,1
7683,ham meat,1,1,1,1,1,1,1,1,1,1,1
7684,ham on the bone,1,1,1,1,1,1,1,1,1,1,1
7685,ham or chicken stock,1,1,1,1,1,1,1,1,1,1,1
7686,ham or pork stock,1,1,1,1,1,1,1,1,1,1,1
7687,ham or smoked pork loin,1,1,1,1,1,1,1,1,1,1,1
7688,ham or vegetable stock,1,1,1,1,1,1,1,1,1,1,1
7689,ham shank,1,1,1,1,1,1,1,1,1,1,1
7690,ham slices,1,1,1,1,1,1,1,1,1,1,1
7691,ham stock,1,1,1,1,1,1,1,1,1,1,1
7692,ham stock cubes,1,1,1,1,1,1,1,1,1,1,1
7693,ham stock or vegetable stock,1,1,1,1,1,1,1,1,1,1,1
7694,hand-hot water,1,1,1,1,1,1,1,1,1,1,1
7695,hard goat's cheese,1,1,1,1,1,1,1,1,1,1,1
7696,have lots of ice cubes,1,1,1,1,1,1,1,1,1,1,1
7697,hay,1,1,1,1,1,1,1,1,1,1,1
7698,hazelnut butter,1,1,1,1,1,1,1,1,1,1,1
7699,hazelnut chocolates,1,1,1,1,1,1,1,1,1,1,1
7700,hazelnut milk,1,1,1,1,1,1,1,1,1,1,1
7701,hazelnut with,1,1,1,1,1,1,1,1,1,1,1
7702,"hazelnut, pancetta &amp",1,1,1,1,1,1,1,1,1,1,1
7703,hazelnut-flavoured liqueur,1,1,1,1,1,1,1,1,1,1,1
7704,hazelnutes,1,1,1,1,1,1,1,1,1,1,1
7705,hazelnuts ground,1,1,1,1,1,1,1,1,1,1,1
7706,hazelnuts roasted and,1,1,1,1,1,1,1,1,1,1,1
7707,heart-shaped jelly sweet,1,1,1,1,1,1,1,1,1,1,1
7708,heirloom beetroots,1,1,1,1,1,1,1,1,1,1,1
7709,heirloom tomato cut into wedges,1,1,1,1,1,1,1,1,1,1,1
7710,heirloom tomatoes of different shapes,1,1,1,1,1,1,1,1,1,1,1
7711,hemisphere cake tin,1,1,1,1,1,1,1,1,1,1,1
7712,hemp or coconut milk,1,1,1,1,1,1,1,1,1,1,1
7713,hemp or rapeseed oil and white wine vinegar,1,1,1,1,1,1,1,1,1,1,1
7714,herb or baby salad leaves,1,1,1,1,1,1,1,1,1,1,1
7715,herb salad,1,1,1,1,1,1,1,1,1,1,1
7716,herbal digestif or liqueur,1,1,1,1,1,1,1,1,1,1,1
7717,herbal liqueur,1,1,1,1,1,1,1,1,1,1,1
7718,herbes de provence,1,1,1,1,1,1,1,1,1,1,1
7719,herbs leaves,1,1,1,1,1,1,1,1,1,1,1
7720,herbs lemon slices and steamed long-stem broccoli,1,1,1,1,1,1,1,1,1,1,1
7721,herbs tied together,1,1,1,1,1,1,1,1,1,1,1
7722,herby cumberland sausages,1,1,1,1,1,1,1,1,1,1,1
7723,herby garlic butter,1,1,1,1,1,1,1,1,1,1,1
7724,herby pork sausages,1,1,1,1,1,1,1,1,1,1,1
7725,herby sausages,1,1,1,1,1,1,1,1,1,1,1
7726,heritage tomatoes various shapes,1,1,1,1,1,1,1,1,1,1,1
7727,herring in oil,1,1,1,1,1,1,1,1,1,1,1
7728,hibiscus flowers from a jar,1,1,1,1,1,1,1,1,1,1,1
7729,high fibre puffed wheat,1,1,1,1,1,1,1,1,1,1,1
7730,high quality popcorn kernels,1,1,1,1,1,1,1,1,1,1,1
7731,high-fibre puffed wheat,1,1,1,1,1,1,1,1,1,1,1
7732,high-grade matcha,1,1,1,1,1,1,1,1,1,1,1
7733,high-quality dark chocolate,1,1,1,1,1,1,1,1,1,1,1
7734,himalayan pink salt,1,1,1,1,1,1,1,1,1,1,1
7735,hispi cabbage,1,1,1,1,1,1,1,1,1,1,1
7736,hispi cabbage core,1,1,1,1,1,1,1,1,1,1,1
7737,hispi cabbage outer leaves,1,1,1,1,1,1,1,1,1,1,1
7738,hobnob biscuits,1,1,1,1,1,1,1,1,1,1,1
7739,hoisin sauce and sriracha sauce,1,1,1,1,1,1,1,1,1,1,1
7740,hole 7cm silicone dome mould,1,1,1,1,1,1,1,1,1,1,1
7741,hole doughnut,1,1,1,1,1,1,1,1,1,1,1
7742,hollandaise sauce,1,1,1,1,1,1,1,1,1,1,1
7743,hollow milk or white chocolate eggs,1,1,1,1,1,1,1,1,1,1,1
7744,holly leaves,1,1,1,1,1,1,1,1,1,1,1
7745,holly-shaped cutter,1,1,1,1,1,1,1,1,1,1,1
7746,homemade or bought chicken or turkey stock,1,1,1,1,1,1,1,1,1,1,1
7747,hominy,1,1,1,1,1,1,1,1,1,1,1
7748,honey &amp; mustard dressing,1,1,1,1,1,1,1,1,1,1,1
7749,honey and raisins,1,1,1,1,1,1,1,1,1,1,1
7750,honey maple syrup,1,1,1,1,1,1,1,1,1,1,1
7751,honey mustard dressing,1,1,1,1,1,1,1,1,1,1,1
7752,honey preferably manuka,1,1,1,1,1,1,1,1,1,1,1
7753,honey roast ham,1,1,1,1,1,1,1,1,1,1,1
7754,honey syrup,1,1,1,1,1,1,1,1,1,1,1
7755,honey water see tip below,1,1,1,1,1,1,1,1,1,1,1
7756,honey-flavoured  whisky liqueur,1,1,1,1,1,1,1,1,1,1,1
7757,honey-roasted ham,1,1,1,1,1,1,1,1,1,1,1
7758,honey-roasted mixed nuts,1,1,1,1,1,1,1,1,1,1,1
7759,honeycomb,1,1,1,1,1,1,1,1,1,1,1
7760,honeycomb broken into pieces,1,1,1,1,1,1,1,1,1,1,1
7761,honeycomb broken up,1,1,1,1,1,1,1,1,1,1,1
7762,honeycomb crumbled,1,1,1,1,1,1,1,1,1,1,1
7763,honeycomb or maltesers,1,1,1,1,1,1,1,1,1,1,1
7764,honeycomb toasted hazelnuts,1,1,1,1,1,1,1,1,1,1,1
7765,hoppy american-style craft lager,1,1,1,1,1,1,1,1,1,1,1
7766,horizontally,1,1,1,1,1,1,1,1,1,1,1
7767,horlicks or ovaltine,1,1,1,1,1,1,1,1,1,1,1
7768,horlicks powder,1,1,1,1,1,1,1,1,1,1,1
7769,horseradish fresh,1,1,1,1,1,1,1,1,1,1,1
7770,horseradish mash,1,1,1,1,1,1,1,1,1,1,1
7771,horseradish paste,1,1,1,1,1,1,1,1,1,1,1
7772,hot  beef stock,1,1,1,1,1,1,1,1,1,1,1
7773,hot  chilli flakes,1,1,1,1,1,1,1,1,1,1,1
7774,hot  curry powder,1,1,1,1,1,1,1,1,1,1,1
7775,hot  custard,1,1,1,1,1,1,1,1,1,1,1
7776,hot  fish stock,1,1,1,1,1,1,1,1,1,1,1
7777,hot  sauce,1,1,1,1,1,1,1,1,1,1,1
7778,hot  smoked paprika,1,1,1,1,1,1,1,1,1,1,1
7779,hot &amp,1,1,1,1,1,1,1,1,1,1,1
7780,hot black tea,1,1,1,1,1,1,1,1,1,1,1
7781,hot chicken or veg stock,1,1,1,1,1,1,1,1,1,1,1
7782,hot cross,1,1,1,1,1,1,1,1,1,1,1
7783,hot curry powder,1,1,1,1,1,1,1,1,1,1,1
7784,hot dog rolls,1,1,1,1,1,1,1,1,1,1,1
7785,hot full-fat milk,1,1,1,1,1,1,1,1,1,1,1
7786,hot good-quality fish stock,1,1,1,1,1,1,1,1,1,1,1
7787,hot gravy,1,1,1,1,1,1,1,1,1,1,1
7788,hot green chilli,1,1,1,1,1,1,1,1,1,1,1
7789,hot lamb stock,1,1,1,1,1,1,1,1,1,1,1
7790,hot low salt vegetable stock,1,1,1,1,1,1,1,1,1,1,1
7791,hot low-salt  vegetable stock,1,1,1,1,1,1,1,1,1,1,1
7792,hot low-salt beef stock,1,1,1,1,1,1,1,1,1,1,1
7793,hot mustard,1,1,1,1,1,1,1,1,1,1,1
7794,hot pickled peppers,1,1,1,1,1,1,1,1,1,1,1
7795,hot red chilli powder,1,1,1,1,1,1,1,1,1,1,1
7796,hot reduced-salt vegetable bouillon,1,1,1,1,1,1,1,1,1,1,1
7797,hot salsa,1,1,1,1,1,1,1,1,1,1,1
7798,hot salsa dip,1,1,1,1,1,1,1,1,1,1,1
7799,hot sauce and lime wedges,1,1,1,1,1,1,1,1,1,1,1
7800,hot sauce and soured cream,1,1,1,1,1,1,1,1,1,1,1
7801,hot smoked fish,1,1,1,1,1,1,1,1,1,1,1
7802,hot smoked paprika and dried thyme,1,1,1,1,1,1,1,1,1,1,1
7803,hot smoked trout,1,1,1,1,1,1,1,1,1,1,1
7804,hot strong  earl grey or lady grey tea,1,1,1,1,1,1,1,1,1,1,1
7805,hot strong black coffee,1,1,1,1,1,1,1,1,1,1,1
7806,hot strong black tea,1,1,1,1,1,1,1,1,1,1,1
7807,hot tea,1,1,1,1,1,1,1,1,1,1,1
7808,hot veg stock,1,1,1,1,1,1,1,1,1,1,1
7809,hot vegetable or fish stock,1,1,1,1,1,1,1,1,1,1,1
7810,hot whole milk,1,1,1,1,1,1,1,1,1,1,1
7811,"hot, gluten-free vegetable stock",1,1,1,1,1,1,1,1,1,1,1
7812,hot-smoked  trout fillets,1,1,1,1,1,1,1,1,1,1,1
7813,hot-smoked salmon fillet,1,1,1,1,1,1,1,1,1,1,1
7814,hot-smoked salmon flaked,1,1,1,1,1,1,1,1,1,1,1
7815,hot-smoked trout,1,1,1,1,1,1,1,1,1,1,1
7816,hot-smoked trout flaked,1,1,1,1,1,1,1,1,1,1,1
7817,houmous,1,1,1,1,1,1,1,1,1,1,1
7818,houmous from a tub,1,1,1,1,1,1,1,1,1,1,1
7819,houmous tabbouleh and pickled red onion &amp; radish,1,1,1,1,1,1,1,1,1,1,1
7820,hummus fattoush salad,1,1,1,1,1,1,1,1,1,1,1
7821,hummus or nut butter,1,1,1,1,1,1,1,1,1,1,1
7822,hummus or yogurt,1,1,1,1,1,1,1,1,1,1,1
7823,hummus pickled chillies and flatbreads,1,1,1,1,1,1,1,1,1,1,1
7824,hummus tzatziki,1,1,1,1,1,1,1,1,1,1,1
7825,hunza apricots,1,1,1,1,1,1,1,1,1,1,1
7826,ibérico ham,1,1,1,1,1,1,1,1,1,1,1
7827,ice and  sparkling water,1,1,1,1,1,1,1,1,1,1,1
7828,ice and clear  honey,1,1,1,1,1,1,1,1,1,1,1
7829,ice bucket filled with ice,1,1,1,1,1,1,1,1,1,1,1
7830,ice cold  sparkling water,1,1,1,1,1,1,1,1,1,1,1
7831,ice cream and caramel sauce,1,1,1,1,1,1,1,1,1,1,1
7832,ice cream cream,1,1,1,1,1,1,1,1,1,1,1
7833,ice cream custard,1,1,1,1,1,1,1,1,1,1,1
7834,ice cream or hot chocolate sauce,1,1,1,1,1,1,1,1,1,1,1
7835,ice creams,1,1,1,1,1,1,1,1,1,1,1
7836,ice cube tray and straws,1,1,1,1,1,1,1,1,1,1,1
7837,ice cubes and crushed,1,1,1,1,1,1,1,1,1,1,1
7838,ice cubes and crushed ice,1,1,1,1,1,1,1,1,1,1,1
7839,ice cubes and some crushed ice,1,1,1,1,1,1,1,1,1,1,1
7840,ice lolly mould,1,1,1,1,1,1,1,1,1,1,1
7841,ice or rock salt,1,1,1,1,1,1,1,1,1,1,1
7842,ice-cold sparkling water,1,1,1,1,1,1,1,1,1,1,1
7843,ice-cold vodka,1,1,1,1,1,1,1,1,1,1,1
7844,iceberg lettuce steamed basmati rice,1,1,1,1,1,1,1,1,1,1,1
7845,iceberg lettuces,1,1,1,1,1,1,1,1,1,1,1
7846,iceberg or baby gem lettuce leaves,1,1,1,1,1,1,1,1,1,1,1
7847,iced party ring biscuits,1,1,1,1,1,1,1,1,1,1,1
7848,iced ring doughnuts,1,1,1,1,1,1,1,1,1,1,1
7849,iced water,1,1,1,1,1,1,1,1,1,1,1
7850,icing and  sprinkles,1,1,1,1,1,1,1,1,1,1,1
7851,icing pens and edible decorations,1,1,1,1,1,1,1,1,1,1,1
7852,icing rose,1,1,1,1,1,1,1,1,1,1,1
7853,icing roses,1,1,1,1,1,1,1,1,1,1,1
7854,icing sugar and  cream,1,1,1,1,1,1,1,1,1,1,1
7855,icing sugar and caster sugar,1,1,1,1,1,1,1,1,1,1,1
7856,icing sugar and cinnamon,1,1,1,1,1,1,1,1,1,1,1
7857,icing sugar and cocoa powder,1,1,1,1,1,1,1,1,1,1,1
7858,icing sugar and crème fraîche,1,1,1,1,1,1,1,1,1,1,1
7859,icing sugar and fresh berries,1,1,1,1,1,1,1,1,1,1,1
7860,icing sugar and squirty cream,1,1,1,1,1,1,1,1,1,1,1
7861,icing sugar and syrup of choice,1,1,1,1,1,1,1,1,1,1,1
7862,icing sugar and vanilla ice cream,1,1,1,1,1,1,1,1,1,1,1
7863,impulse tempeh,1,1,1,1,1,1,1,1,1,1,1
7864,in a food processor,1,1,1,1,1,1,1,1,1,1,1
7865,in matching ribbon,1,1,1,1,1,1,1,1,1,1,1
7866,in total,1,1,1,1,1,1,1,1,1,1,1
7867,inch cube root ginger,1,1,1,1,1,1,1,1,1,1,1
7868,indian,1,1,1,1,1,1,1,1,1,1,1
7869,indian bay leaves (tez patta),1,1,1,1,1,1,1,1,1,1,1
7870,indian chutneys and pickles,1,1,1,1,1,1,1,1,1,1,1
7871,indian pickle,1,1,1,1,1,1,1,1,1,1,1
7872,indian spice mix,1,1,1,1,1,1,1,1,1,1,1
7873,indian spiced lentils,1,1,1,1,1,1,1,1,1,1,1
7874,instant  coffee granules,1,1,1,1,1,1,1,1,1,1,1
7875,instant  noodles,1,1,1,1,1,1,1,1,1,1,1
7876,instant custard powder,1,1,1,1,1,1,1,1,1,1,1
7877,instant espresso,1,1,1,1,1,1,1,1,1,1,1
7878,instant miso soup,1,1,1,1,1,1,1,1,1,1,1
7879,instant ramen noodles,1,1,1,1,1,1,1,1,1,1,1
7880,instant royal icing,1,1,1,1,1,1,1,1,1,1,1
7881,ipa beer,1,1,1,1,1,1,1,1,1,1,1
7882,iranian saffron threads ground using,1,1,1,1,1,1,1,1,1,1,1
7883,is ideal),1,1,1,1,1,1,1,1,1,1,1
7884,italian dried herbs,1,1,1,1,1,1,1,1,1,1,1
7885,italian hard cheese,1,1,1,1,1,1,1,1,1,1,1
7886,italian passata with peppers,1,1,1,1,1,1,1,1,1,1,1
7887,italian sausages,1,1,1,1,1,1,1,1,1,1,1
7888,italian seasoning or mixed herbs,1,1,1,1,1,1,1,1,1,1,1
7889,italian vermouth,1,1,1,1,1,1,1,1,1,1,1
7890,italian-style apéritif,1,1,1,1,1,1,1,1,1,1,1
7891,italian-style hard cheese,1,1,1,1,1,1,1,1,1,1,1
7892,italian-style vegetarian hard cheese,1,1,1,1,1,1,1,1,1,1,1
7893,itsu gochujang sauce,1,1,1,1,1,1,1,1,1,1,1
7894,itsu teriyaki sauce,1,1,1,1,1,1,1,1,1,1,1
7895,itsu udon noodles,1,1,1,1,1,1,1,1,1,1,1
7896,ivory sugarpaste,1,1,1,1,1,1,1,1,1,1,1
7897,jacket or mashed potatoes,1,1,1,1,1,1,1,1,1,1,1
7898,jacket potatoes rice,1,1,1,1,1,1,1,1,1,1,1
7899,jaggery date palm sugar,1,1,1,1,1,1,1,1,1,1,1
7900,jalapeno chillies puffed rice,1,1,1,1,1,1,1,1,1,1,1
7901,jalapeño chillies,1,1,1,1,1,1,1,1,1,1,1
7902,jalapeño brine,1,1,1,1,1,1,1,1,1,1,1
7903,jalapeño chillies or green chillies,1,1,1,1,1,1,1,1,1,1,1
7904,jalapeño pepper,1,1,1,1,1,1,1,1,1,1,1
7905,jalapeño peppers,1,1,1,1,1,1,1,1,1,1,1
7906,jam fruit curd,1,1,1,1,1,1,1,1,1,1,1
7907,jam or curd,1,1,1,1,1,1,1,1,1,1,1
7908,jam or preserving sugar,1,1,1,1,1,1,1,1,1,1,1
7909,jam pan,1,1,1,1,1,1,1,1,1,1,1
7910,jam sugar with added pectin,1,1,1,1,1,1,1,1,1,1,1
7911,jamaican allspice,1,1,1,1,1,1,1,1,1,1,1
7912,jamaican beer,1,1,1,1,1,1,1,1,1,1,1
7913,jamaican curry seasoning,1,1,1,1,1,1,1,1,1,1,1
7914,jamaican jerk paste,1,1,1,1,1,1,1,1,1,1,1
7915,jamaican or mild curry powder,1,1,1,1,1,1,1,1,1,1,1
7916,jammy ring biscuits,1,1,1,1,1,1,1,1,1,1,1
7917,jamón ibérico or bayonne ham,1,1,1,1,1,1,1,1,1,1,1
7918,japanese,1,1,1,1,1,1,1,1,1,1,1
7919,japanese gin,1,1,1,1,1,1,1,1,1,1,1
7920,japanese or english mustard,1,1,1,1,1,1,1,1,1,1,1
7921,japanese panko breadcrumbs,1,1,1,1,1,1,1,1,1,1,1
7922,japanese panko crumbs,1,1,1,1,1,1,1,1,1,1,1
7923,japanese pickles,1,1,1,1,1,1,1,1,1,1,1
7924,japanese rice and miso soup,1,1,1,1,1,1,1,1,1,1,1
7925,japanese rice vinegar,1,1,1,1,1,1,1,1,1,1,1
7926,japanese sake,1,1,1,1,1,1,1,1,1,1,1
7927,japanese shichimi togarashi spice mix,1,1,1,1,1,1,1,1,1,1,1
7928,japanese soy sauce,1,1,1,1,1,1,1,1,1,1,1
7929,japanese vodka,1,1,1,1,1,1,1,1,1,1,1
7930,japanese whisky,1,1,1,1,1,1,1,1,1,1,1
7931,japanese-style mayonnaise,1,1,1,1,1,1,1,1,1,1,1
7932,jarlsberg cheese,1,1,1,1,1,1,1,1,1,1,1
7933,jarred chickpeas,1,1,1,1,1,1,1,1,1,1,1
7934,jarred haricot beans,1,1,1,1,1,1,1,1,1,1,1
7935,jarred roasted red peppers,1,1,1,1,1,1,1,1,1,1,1
7936,jars artichokes,1,1,1,1,1,1,1,1,1,1,1
7937,jars artichokes in oil,1,1,1,1,1,1,1,1,1,1,1
7938,jars chocolate hazelnut spread,1,1,1,1,1,1,1,1,1,1,1
7939,jars good-quality lemon curd,1,1,1,1,1,1,1,1,1,1,1
7940,jars lemon curd,1,1,1,1,1,1,1,1,1,1,1
7941,jars roasted red peppers,1,1,1,1,1,1,1,1,1,1,1
7942,jasmine or basmati rice,1,1,1,1,1,1,1,1,1,1,1
7943,jasmine rice and asian greens,1,1,1,1,1,1,1,1,1,1,1
7944,jasmine rice and pak choi,1,1,1,1,1,1,1,1,1,1,1
7945,jasmine rice and steamed greens,1,1,1,1,1,1,1,1,1,1,1
7946,jasmine rice and steamed pak choi,1,1,1,1,1,1,1,1,1,1,1
7947,jasmine rice cooked following,1,1,1,1,1,1,1,1,1,1,1
7948,jasmine rice or rice noodles,1,1,1,1,1,1,1,1,1,1,1
7949,jeera powder,1,1,1,1,1,1,1,1,1,1,1
7950,jelly,1,1,1,1,1,1,1,1,1,1,1
7951,jelly bag,1,1,1,1,1,1,1,1,1,1,1
7952,jelly worm sweets,1,1,1,1,1,1,1,1,1,1,1
7953,jerk,1,1,1,1,1,1,1,1,1,1,1
7954,jerk spice mix,1,1,1,1,1,1,1,1,1,1,1
7955,jersey royals or baby potatoes,1,1,1,1,1,1,1,1,1,1,1
7956,jerusalem artichoke,1,1,1,1,1,1,1,1,1,1,1
7957,jewelled couscous,1,1,1,1,1,1,1,1,1,1,1
7958,juce and zest,1,1,1,1,1,1,1,1,1,1,1
7959,juice and zest &frac12,1,1,1,1,1,1,1,1,1,1,1
7960,juice and zest 1 lime,1,1,1,1,1,1,1,1,1,1,1
7961,juice and zest 1 orange,1,1,1,1,1,1,1,1,1,1,1
7962,juice and zest 2 lemons,1,1,1,1,1,1,1,1,1,1,1
7963,juice and zest of,1,1,1,1,1,1,1,1,1,1,1
7964,juice and zest of 2 limes,1,1,1,1,1,1,1,1,1,1,1
7965,juices from the  turkey,1,1,1,1,1,1,1,1,1,1,1
7966,juicy lemons,1,1,1,1,1,1,1,1,1,1,1
7967,juicy peaches,1,1,1,1,1,1,1,1,1,1,1
7968,jumbo  oats,1,1,1,1,1,1,1,1,1,1,1
7969,jumbo chicken wings,1,1,1,1,1,1,1,1,1,1,1
7970,jumbo chocolate buttons,1,1,1,1,1,1,1,1,1,1,1
7971,jumbo king prawns,1,1,1,1,1,1,1,1,1,1,1
7972,jumbo raw prawns head left on,1,1,1,1,1,1,1,1,1,1,1
7973,just over &frac12,1,1,1,1,1,1,1,1,1,1,1
7974,just ripe  bananas,1,1,1,1,1,1,1,1,1,1,1
7975,just-ripe avocado,1,1,1,1,1,1,1,1,1,1,1
7976,just-ripe avocados,1,1,1,1,1,1,1,1,1,1,1
7977,just-ripe mango,1,1,1,1,1,1,1,1,1,1,1
7978,just-ripe peaches,1,1,1,1,1,1,1,1,1,1,1
7979,just-ripe pears,1,1,1,1,1,1,1,1,1,1,1
7980,just-thawed frozen raspberries,1,1,1,1,1,1,1,1,1,1,1
7981,kabocha,1,1,1,1,1,1,1,1,1,1,1
7982,kaffir lime leaf tough central,1,1,1,1,1,1,1,1,1,1,1
7983,kala namak,1,1,1,1,1,1,1,1,1,1,1
7984,kalamata black olive pitted and,1,1,1,1,1,1,1,1,1,1,1
7985,kalamata olives stoned,1,1,1,1,1,1,1,1,1,1,1
7986,kalamata olives stoned and halved lengthways,1,1,1,1,1,1,1,1,1,1,1
7987,kalamata or green olives,1,1,1,1,1,1,1,1,1,1,1
7988,kale any tough,1,1,1,1,1,1,1,1,1,1,1
7989,kale any tough stalks,1,1,1,1,1,1,1,1,1,1,1
7990,kale chard or spinach,1,1,1,1,1,1,1,1,1,1,1
7991,kale hard stems removed,1,1,1,1,1,1,1,1,1,1,1
7992,kale leaves and stalks,1,1,1,1,1,1,1,1,1,1,1
7993,kale leaves scrunched and,1,1,1,1,1,1,1,1,1,1,1
7994,kale or savoy cabbage,1,1,1,1,1,1,1,1,1,1,1
7995,kale or spring greens,1,1,1,1,1,1,1,1,1,1,1
7996,kale spinach or cavolo nero,1,1,1,1,1,1,1,1,1,1,1
7997,kale spring greens,1,1,1,1,1,1,1,1,1,1,1
7998,kale thick stalks,1,1,1,1,1,1,1,1,1,1,1
7999,"kale thick stalks removed, leaves",1,1,1,1,1,1,1,1,1,1,1
8000,kale tough stalks,1,1,1,1,1,1,1,1,1,1,1
8001,kalonji seeds,1,1,1,1,1,1,1,1,1,1,1
8002,kaong (palm seeds),1,1,1,1,1,1,1,1,1,1,1
8003,kashmiri red chilli powder,1,1,1,1,1,1,1,1,1,1,1
8004,kasuri methi,1,1,1,1,1,1,1,1,1,1,1
8005,katsu curry sauce,1,1,1,1,1,1,1,1,1,1,1
8006,katsuobushi (bonito flakes),1,1,1,1,1,1,1,1,1,1,1
8007,kaşar peyniri,1,1,1,1,1,1,1,1,1,1,1
8008,kefir grains,1,1,1,1,1,1,1,1,1,1,1
8009,kefir or bio yogurt,1,1,1,1,1,1,1,1,1,1,1
8010,kefir yogurt,1,1,1,1,1,1,1,1,1,1,1
8011,kerrygold salted butter,1,1,1,1,1,1,1,1,1,1,1
8012,keta salmon caviar,1,1,1,1,1,1,1,1,1,1,1
8013,ketchup and 1 tbsp sriracha chilli sauce,1,1,1,1,1,1,1,1,1,1,1
8014,ketchup and american mustard,1,1,1,1,1,1,1,1,1,1,1
8015,ketchup and american-style mustard,1,1,1,1,1,1,1,1,1,1,1
8016,ketchup and green salad,1,1,1,1,1,1,1,1,1,1,1
8017,ketchup brown sauce,1,1,1,1,1,1,1,1,1,1,1
8018,ketchup mustard and mayo,1,1,1,1,1,1,1,1,1,1,1
8019,ketchup of choice,1,1,1,1,1,1,1,1,1,1,1
8020,ketchup or brown sauce,1,1,1,1,1,1,1,1,1,1,1
8021,ketchup or chilli sauce,1,1,1,1,1,1,1,1,1,1,1
8022,ketchup or sriracha,1,1,1,1,1,1,1,1,1,1,1
8023,ketchup or sugar,1,1,1,1,1,1,1,1,1,1,1
8024,kidney bean in chilli sauce,1,1,1,1,1,1,1,1,1,1,1
8025,kidney beans in spicy sauce,1,1,1,1,1,1,1,1,1,1,1
8026,kidney beans undrained,1,1,1,1,1,1,1,1,1,1,1
8027,kidneys,1,1,1,1,1,1,1,1,1,1,1
8028,kilner jar,1,1,1,1,1,1,1,1,1,1,1
8029,kilo of stewing beef,1,1,1,1,1,1,1,1,1,1,1
8030,kimchi or pickled cucumber,1,1,1,1,1,1,1,1,1,1,1
8031,kinder bueno,1,1,1,1,1,1,1,1,1,1,1
8032,kinder mini chocolate bars,1,1,1,1,1,1,1,1,1,1,1
8033,king prawn,1,1,1,1,1,1,1,1,1,1,1
8034,king prawn halved lengthways,1,1,1,1,1,1,1,1,1,1,1
8035,king prawns patted dry,1,1,1,1,1,1,1,1,1,1,1
8036,king prawns shelled and deveined,1,1,1,1,1,1,1,1,1,1,1
8037,king trumpet,1,1,1,1,1,1,1,1,1,1,1
8038,kirsch or brandy,1,1,1,1,1,1,1,1,1,1,1
8039,kitchen string,1,1,1,1,1,1,1,1,1,1,1
8040,kitchen thermometer that can read low temperatures,1,1,1,1,1,1,1,1,1,1,1
8041,kitchen tweezers,1,1,1,1,1,1,1,1,1,1,1
8042,kiwi fruit chunks,1,1,1,1,1,1,1,1,1,1,1
8043,kiwi fruits,1,1,1,1,1,1,1,1,1,1,1
8044,kiwi liqueur,1,1,1,1,1,1,1,1,1,1,1
8045,kiwis bananas and fresh berries,1,1,1,1,1,1,1,1,1,1,1
8046,knorr smoked chilli &amp,1,1,1,1,1,1,1,1,1,1,1
8047,konnyaku,1,1,1,1,1,1,1,1,1,1,1
8048,korean  chilli paste,1,1,1,1,1,1,1,1,1,1,1
8049,korean  soy bean paste,1,1,1,1,1,1,1,1,1,1,1
8050,korean chilli paste,1,1,1,1,1,1,1,1,1,1,1
8051,korean chilli sauce,1,1,1,1,1,1,1,1,1,1,1
8052,korean red pepper flakes,1,1,1,1,1,1,1,1,1,1,1
8053,korma  curry paste,1,1,1,1,1,1,1,1,1,1,1
8054,korma curry powder,1,1,1,1,1,1,1,1,1,1,1
8055,kosher baking powder,1,1,1,1,1,1,1,1,1,1,1
8056,kosher bicarbonate of soda,1,1,1,1,1,1,1,1,1,1,1
8057,kosher chicken,1,1,1,1,1,1,1,1,1,1,1
8058,kosher parmesan,1,1,1,1,1,1,1,1,1,1,1
8059,kosher salt,1,1,1,1,1,1,1,1,1,1,1
8060,la medida mezcal,1,1,1,1,1,1,1,1,1,1,1
8061,label,1,1,1,1,1,1,1,1,1,1,1
8062,label removed,1,1,1,1,1,1,1,1,1,1,1
8063,labels and string,1,1,1,1,1,1,1,1,1,1,1
8064,labneh or thick yogurt,1,1,1,1,1,1,1,1,1,1,1
8065,lactose-free milk,1,1,1,1,1,1,1,1,1,1,1
8066,laksa or thai red curry paste,1,1,1,1,1,1,1,1,1,1,1
8067,lamb any visible,1,1,1,1,1,1,1,1,1,1,1
8068,lamb burgers,1,1,1,1,1,1,1,1,1,1,1
8069,lamb crown,1,1,1,1,1,1,1,1,1,1,1
8070,lamb cutlets french,1,1,1,1,1,1,1,1,1,1,1
8071,lamb leftovers,1,1,1,1,1,1,1,1,1,1,1
8072,lamb merguez sausages,1,1,1,1,1,1,1,1,1,1,1
8073,lamb mince or beef mince,1,1,1,1,1,1,1,1,1,1,1
8074,lamb on the bone,1,1,1,1,1,1,1,1,1,1,1
8075,lamb rump,1,1,1,1,1,1,1,1,1,1,1
8076,lamb rump or boneless leg,1,1,1,1,1,1,1,1,1,1,1
8077,lamb shanks french,1,1,1,1,1,1,1,1,1,1,1
8078,lamb shoulder bone in,1,1,1,1,1,1,1,1,1,1,1
8079,lamb shoulder boned by the butcher,1,1,1,1,1,1,1,1,1,1,1
8080,lamb shoulder excess fat,1,1,1,1,1,1,1,1,1,1,1
8081,lamb shoulder fat removed,1,1,1,1,1,1,1,1,1,1,1
8082,lamb shoulder neck,1,1,1,1,1,1,1,1,1,1,1
8083,lamb shoulder off the bone,1,1,1,1,1,1,1,1,1,1,1
8084,lamb shoulder shanks,1,1,1,1,1,1,1,1,1,1,1
8085,lamb shoulder weighing,1,1,1,1,1,1,1,1,1,1,1
8086,lamb steaks,1,1,1,1,1,1,1,1,1,1,1
8087,lamb stock cubes,1,1,1,1,1,1,1,1,1,1,1
8088,lamb trimmings from the shanks,1,1,1,1,1,1,1,1,1,1,1
8089,lamb weighing approx,1,1,1,1,1,1,1,1,1,1,1
8090,lamb's lettuce and frisée leaves,1,1,1,1,1,1,1,1,1,1,1
8091,lancashire cheese or mature cheddar,1,1,1,1,1,1,1,1,1,1,1
8092,lanique rose petal liqueur,1,1,1,1,1,1,1,1,1,1,1
8093,lapsang souchong tea leaves,1,1,1,1,1,1,1,1,1,1,1
8094,lapsang soushong teabags,1,1,1,1,1,1,1,1,1,1,1
8095,lard or vegetable shortening,1,1,1,1,1,1,1,1,1,1,1
8096,lardo,1,1,1,1,1,1,1,1,1,1,1
8097,lardons unsmoked or smoked,1,1,1,1,1,1,1,1,1,1,1
8098,larger,1,1,1,1,1,1,1,1,1,1,1
8099,lasagne dishes,1,1,1,1,1,1,1,1,1,1,1
8100,lasagne pasta sheets,1,1,1,1,1,1,1,1,1,1,1
8101,last orange,1,1,1,1,1,1,1,1,1,1,1
8102,lavash or wholemeal khobez flatbreads,1,1,1,1,1,1,1,1,1,1,1
8103,lavender,1,1,1,1,1,1,1,1,1,1,1
8104,lavender honey,1,1,1,1,1,1,1,1,1,1,1
8105,lavender sugar,1,1,1,1,1,1,1,1,1,1,1
8106,lavender sugar instead),1,1,1,1,1,1,1,1,1,1,1
8107,lbs,1,1,1,1,1,1,1,1,1,1,1
8108,leaf gelatine soaked in cold water,1,1,1,1,1,1,1,1,1,1,1
8109,leaf spinach,1,1,1,1,1,1,1,1,1,1,1
8110,leafy butterhead salad,1,1,1,1,1,1,1,1,1,1,1
8111,leafy fronds of dill,1,1,1,1,1,1,1,1,1,1,1
8112,leafy greens,1,1,1,1,1,1,1,1,1,1,1
8113,leafy salad,1,1,1,1,1,1,1,1,1,1,1
8114,lean,1,1,1,1,1,1,1,1,1,1,1
8115,lean  bacon joint,1,1,1,1,1,1,1,1,1,1,1
8116,lean  beef mince,1,1,1,1,1,1,1,1,1,1,1
8117,lean  lamb loin fillet,1,1,1,1,1,1,1,1,1,1,1
8118,lean  lamb shoulder,1,1,1,1,1,1,1,1,1,1,1
8119,lean  lamb steaks,1,1,1,1,1,1,1,1,1,1,1
8120,lean 5% fat pork mince,1,1,1,1,1,1,1,1,1,1,1
8121,lean bacon joint,1,1,1,1,1,1,1,1,1,1,1
8122,lean beef cut across,1,1,1,1,1,1,1,1,1,1,1
8123,lean beef or lamb mince,1,1,1,1,1,1,1,1,1,1,1
8124,lean beef or pork mince,1,1,1,1,1,1,1,1,1,1,1
8125,lean beef steak mince,1,1,1,1,1,1,1,1,1,1,1
8126,lean belly pork slices,1,1,1,1,1,1,1,1,1,1,1
8127,lean braising steak,1,1,1,1,1,1,1,1,1,1,1
8128,lean diced beef,1,1,1,1,1,1,1,1,1,1,1
8129,lean fat-trimmed fillet steak,1,1,1,1,1,1,1,1,1,1,1
8130,lean fillet steak fat,1,1,1,1,1,1,1,1,1,1,1
8131,lean fillet steaks,1,1,1,1,1,1,1,1,1,1,1
8132,lean ham weighed after trimming and discarding any fat,1,1,1,1,1,1,1,1,1,1,1
8133,lean lamb leg meat,1,1,1,1,1,1,1,1,1,1,1
8134,lean lamb leg steaks,1,1,1,1,1,1,1,1,1,1,1
8135,lean lamb loin fillet all visible,1,1,1,1,1,1,1,1,1,1,1
8136,lean leg of lamb,1,1,1,1,1,1,1,1,1,1,1
8137,lean mince turkey,1,1,1,1,1,1,1,1,1,1,1
8138,lean minced pork,1,1,1,1,1,1,1,1,1,1,1
8139,lean pork shoulder steaks,1,1,1,1,1,1,1,1,1,1,1
8140,lean pork tenderloin fillet,1,1,1,1,1,1,1,1,1,1,1
8141,lean rashers of smoked dry cure bacon,1,1,1,1,1,1,1,1,1,1,1
8142,lean rump steak,1,1,1,1,1,1,1,1,1,1,1
8143,lean sirloin steaks all visible,1,1,1,1,1,1,1,1,1,1,1
8144,lean steak mince,1,1,1,1,1,1,1,1,1,1,1
8145,lean stewing beef,1,1,1,1,1,1,1,1,1,1,1
8146,lean stewing steak,1,1,1,1,1,1,1,1,1,1,1
8147,lean stir-fry beef strips,1,1,1,1,1,1,1,1,1,1,1
8148,lean turkey mince,1,1,1,1,1,1,1,1,1,1,1
8149,leaves - a mixture of pea shoots and baby leaves is nice,1,1,1,1,1,1,1,1,1,1,1
8150,leaves cavolo nero,1,1,1,1,1,1,1,1,1,1,1
8151,leaves from 4 thyme,1,1,1,1,1,1,1,1,1,1,1
8152,leaves from 5  thyme,1,1,1,1,1,1,1,1,1,1,1
8153,leaves of savoy or pointed cabbages,1,1,1,1,1,1,1,1,1,1,1
8154,lebanese or kirby cucumber,1,1,1,1,1,1,1,1,1,1,1
8155,lebanese pittas,1,1,1,1,1,1,1,1,1,1,1
8156,leek green part,1,1,1,1,1,1,1,1,1,1,1
8157,leek green top left whole,1,1,1,1,1,1,1,1,1,1,1
8158,leek halved lengthways,1,1,1,1,1,1,1,1,1,1,1
8159,leek or onion,1,1,1,1,1,1,1,1,1,1,1
8160,leeks white and pale green part only,1,1,1,1,1,1,1,1,1,1,1
8161,left-over pheasant meat,1,1,1,1,1,1,1,1,1,1,1
8162,leftover  giardiniera,1,1,1,1,1,1,1,1,1,1,1
8163,leftover  ham,1,1,1,1,1,1,1,1,1,1,1
8164,leftover  mashed potatoes,1,1,1,1,1,1,1,1,1,1,1
8165,leftover  roasted root vegetables,1,1,1,1,1,1,1,1,1,1,1
8166,leftover asian-style canapés,1,1,1,1,1,1,1,1,1,1,1
8167,leftover bits of lobster meat,1,1,1,1,1,1,1,1,1,1,1
8168,leftover boiled,1,1,1,1,1,1,1,1,1,1,1
8169,leftover bolognese,1,1,1,1,1,1,1,1,1,1,1
8170,leftover boneless cooked turkey,1,1,1,1,1,1,1,1,1,1,1
8171,leftover bread,1,1,1,1,1,1,1,1,1,1,1
8172,leftover brussels sprouts,1,1,1,1,1,1,1,1,1,1,1
8173,leftover cheese,1,1,1,1,1,1,1,1,1,1,1
8174,leftover cheeseboard crackers,1,1,1,1,1,1,1,1,1,1,1
8175,leftover chicken and gravy,1,1,1,1,1,1,1,1,1,1,1
8176,leftover chicken carcass,1,1,1,1,1,1,1,1,1,1,1
8177,leftover chicken carcasses,1,1,1,1,1,1,1,1,1,1,1
8178,leftover chicken legs,1,1,1,1,1,1,1,1,1,1,1
8179,leftover chicken legs skin,1,1,1,1,1,1,1,1,1,1,1
8180,leftover cooked  leafy greens,1,1,1,1,1,1,1,1,1,1,1
8181,leftover cooked brussels sprouts,1,1,1,1,1,1,1,1,1,1,1
8182,leftover cooked cabbage,1,1,1,1,1,1,1,1,1,1,1
8183,leftover cooked carrots,1,1,1,1,1,1,1,1,1,1,1
8184,leftover cooked chicken legs,1,1,1,1,1,1,1,1,1,1,1
8185,leftover cooked gammon or ham,1,1,1,1,1,1,1,1,1,1,1
8186,leftover cooked pork,1,1,1,1,1,1,1,1,1,1,1
8187,leftover cooked potatoes,1,1,1,1,1,1,1,1,1,1,1
8188,leftover cooked rice,1,1,1,1,1,1,1,1,1,1,1
8189,leftover cooked sausages,1,1,1,1,1,1,1,1,1,1,1
8190,leftover cooked stuffing sausages,1,1,1,1,1,1,1,1,1,1,1
8191,leftover cooked turkey meat,1,1,1,1,1,1,1,1,1,1,1
8192,leftover crusty bread,1,1,1,1,1,1,1,1,1,1,1
8193,leftover goose,1,1,1,1,1,1,1,1,1,1,1
8194,leftover lamb,1,1,1,1,1,1,1,1,1,1,1
8195,leftover lamb shoulder,1,1,1,1,1,1,1,1,1,1,1
8196,leftover mashed  potato and cauliflower,1,1,1,1,1,1,1,1,1,1,1
8197,leftover mashed potato,1,1,1,1,1,1,1,1,1,1,1
8198,leftover mashed potatoes,1,1,1,1,1,1,1,1,1,1,1
8199,leftover meatballs whole,1,1,1,1,1,1,1,1,1,1,1
8200,leftover pheasant meat picked from the carcass,1,1,1,1,1,1,1,1,1,1,1
8201,leftover ratatouille,1,1,1,1,1,1,1,1,1,1,1
8202,leftover raw veggies,1,1,1,1,1,1,1,1,1,1,1
8203,leftover roast beef,1,1,1,1,1,1,1,1,1,1,1
8204,leftover roast cherry tomatoes,1,1,1,1,1,1,1,1,1,1,1
8205,leftover roast chicken carcass,1,1,1,1,1,1,1,1,1,1,1
8206,leftover roast lamb,1,1,1,1,1,1,1,1,1,1,1
8207,leftover roast meat,1,1,1,1,1,1,1,1,1,1,1
8208,leftover roast or ready-cooked chicken,1,1,1,1,1,1,1,1,1,1,1
8209,leftover roast pork belly,1,1,1,1,1,1,1,1,1,1,1
8210,leftover roast turkey meat,1,1,1,1,1,1,1,1,1,1,1
8211,leftover roast vegetables,1,1,1,1,1,1,1,1,1,1,1
8212,leftover roasted ham,1,1,1,1,1,1,1,1,1,1,1
8213,leftover roasted parsnips,1,1,1,1,1,1,1,1,1,1,1
8214,leftover root veg,1,1,1,1,1,1,1,1,1,1,1
8215,leftover sage &amp; onion stuffing,1,1,1,1,1,1,1,1,1,1,1
8216,leftover salad,1,1,1,1,1,1,1,1,1,1,1
8217,leftover sauce,1,1,1,1,1,1,1,1,1,1,1
8218,leftover soft herbs,1,1,1,1,1,1,1,1,1,1,1
8219,leftover turkey gravy,1,1,1,1,1,1,1,1,1,1,1
8220,leftover turkey meat,1,1,1,1,1,1,1,1,1,1,1
8221,leg of  lamb bone in,1,1,1,1,1,1,1,1,1,1,1
8222,leg of lamb around 800g,1,1,1,1,1,1,1,1,1,1,1
8223,leg of lamb butterflied,1,1,1,1,1,1,1,1,1,1,1
8224,leg of lamb on the bone,1,1,1,1,1,1,1,1,1,1,1
8225,leg of lamb part tunnel-boned,1,1,1,1,1,1,1,1,1,1,1
8226,lego firemen,1,1,1,1,1,1,1,1,1,1,1
8227,lemon  sorbet,1,1,1,1,1,1,1,1,1,1,1
8228,lemon & garlic couscous,1,1,1,1,1,1,1,1,1,1,1
8229,lemon & mint grain dressing,1,1,1,1,1,1,1,1,1,1,1
8230,lemon &amp,1,1,1,1,1,1,1,1,1,1,1
8231,lemon 1 tbsp juice,1,1,1,1,1,1,1,1,1,1,1
8232,lemon a spear of samphire and plenty of ice,1,1,1,1,1,1,1,1,1,1,1
8233,lemon curd jam,1,1,1,1,1,1,1,1,1,1,1
8234,lemon halves,1,1,1,1,1,1,1,1,1,1,1
8235,lemon juice &frac12,1,1,1,1,1,1,1,1,1,1,1
8236,lemon juice and lemon wedges,1,1,1,1,1,1,1,1,1,1,1
8237,lemon marmalade,1,1,1,1,1,1,1,1,1,1,1
8238,lemon or clementine juice,1,1,1,1,1,1,1,1,1,1,1
8239,lemon or lime juice,1,1,1,1,1,1,1,1,1,1,1
8240,lemon orzo,1,1,1,1,1,1,1,1,1,1,1
8241,lemon pith,1,1,1,1,1,1,1,1,1,1,1
8242,lemon pith and flesh,1,1,1,1,1,1,1,1,1,1,1
8243,lemon reserving,1,1,1,1,1,1,1,1,1,1,1
8244,lemon sherbets,1,1,1,1,1,1,1,1,1,1,1
8245,lemon sole,1,1,1,1,1,1,1,1,1,1,1
8246,lemon sole fillets,1,1,1,1,1,1,1,1,1,1,1
8247,lemon sole or plaice fillets,1,1,1,1,1,1,1,1,1,1,1
8248,lemon sponge,1,1,1,1,1,1,1,1,1,1,1
8249,lemon verbena,1,1,1,1,1,1,1,1,1,1,1
8250,lemon verbena leaves,1,1,1,1,1,1,1,1,1,1,1
8251,lemon vodka,1,1,1,1,1,1,1,1,1,1,1
8252,lemon wedges and coriander leaves,1,1,1,1,1,1,1,1,1,1,1
8253,lemon wedges and crusty bread,1,1,1,1,1,1,1,1,1,1,1
8254,lemon wedges and lettuce leaves,1,1,1,1,1,1,1,1,1,1,1
8255,lemon wedges and peas or mushy peas and chips,1,1,1,1,1,1,1,1,1,1,1
8256,lemon wedges and watercress,1,1,1,1,1,1,1,1,1,1,1
8257,lemon zest of &frac12,1,1,1,1,1,1,1,1,1,1,1
8258,lemon zest strip,1,1,1,1,1,1,1,1,1,1,1
8259,lemongrass white part only,1,1,1,1,1,1,1,1,1,1,1
8260,lemons and the juice of ½,1,1,1,1,1,1,1,1,1,1,1
8261,lemons on skewers,1,1,1,1,1,1,1,1,1,1,1
8262,lemons peel,1,1,1,1,1,1,1,1,1,1,1
8263,lemons zest,1,1,1,1,1,1,1,1,1,1,1
8264,lemons zest and juice,1,1,1,1,1,1,1,1,1,1,1
8265,lemons zest pared,1,1,1,1,1,1,1,1,1,1,1
8266,lentil base from the puy lentils with salmon,1,1,1,1,1,1,1,1,1,1,1
8267,lentil noodles,1,1,1,1,1,1,1,1,1,1,1
8268,lentils or white beans,1,1,1,1,1,1,1,1,1,1,1
8269,lentils tomato,1,1,1,1,1,1,1,1,1,1,1
8270,lettuce leaf,1,1,1,1,1,1,1,1,1,1,1
8271,level tsp dijon mustard,1,1,1,1,1,1,1,1,1,1,1
8272,light   light crème fraîche,1,1,1,1,1,1,1,1,1,1,1
8273,light  cream cheese,1,1,1,1,1,1,1,1,1,1,1
8274,light  soy sauce,1,1,1,1,1,1,1,1,1,1,1
8275,light and dark green tissue paper,1,1,1,1,1,1,1,1,1,1,1
8276,light and dark soy sauce,1,1,1,1,1,1,1,1,1,1,1
8277,light buffalo mozzarella,1,1,1,1,1,1,1,1,1,1,1
8278,light chicken or vegetable stock,1,1,1,1,1,1,1,1,1,1,1
8279,light chicken stock,1,1,1,1,1,1,1,1,1,1,1
8280,light coconut milk from,1,1,1,1,1,1,1,1,1,1,1
8281,light coconut or natural yogurt,1,1,1,1,1,1,1,1,1,1,1
8282,light cream cheese straight from the fridge,1,1,1,1,1,1,1,1,1,1,1
8283,light greek-style salad cheese,1,1,1,1,1,1,1,1,1,1,1
8284,light halloumi,1,1,1,1,1,1,1,1,1,1,1
8285,light honey,1,1,1,1,1,1,1,1,1,1,1
8286,light muscavdo sugar,1,1,1,1,1,1,1,1,1,1,1
8287,light muscovado sugar any lumps,1,1,1,1,1,1,1,1,1,1,1
8288,light muscovado sugar light muscovado sugar,1,1,1,1,1,1,1,1,1,1,1
8289,light olive oil or vegetable oil,1,1,1,1,1,1,1,1,1,1,1
8290,light olive or vegetable oil,1,1,1,1,1,1,1,1,1,1,1
8291,light or dark spelt flour,1,1,1,1,1,1,1,1,1,1,1
8292,light rapeseed,1,1,1,1,1,1,1,1,1,1,1
8293,light rapeseed oil,1,1,1,1,1,1,1,1,1,1,1
8294,light-coloured olive oil,1,1,1,1,1,1,1,1,1,1,1
8295,lighter greek-style salad cheese,1,1,1,1,1,1,1,1,1,1,1
8296,lighter mature cheddar,1,1,1,1,1,1,1,1,1,1,1
8297,lighter mayonnaise,1,1,1,1,1,1,1,1,1,1,1
8298,lightly salted butter,1,1,1,1,1,1,1,1,1,1,1
8299,lightly salted tortilla chips,1,1,1,1,1,1,1,1,1,1,1
8300,lightly smoked  salmon fillets,1,1,1,1,1,1,1,1,1,1,1
8301,lightly smoked raw salmon fillets,1,1,1,1,1,1,1,1,1,1,1
8302,lightly smoked salmon fillet,1,1,1,1,1,1,1,1,1,1,1
8303,lightly smoked salmon fillets,1,1,1,1,1,1,1,1,1,1,1
8304,lightly toasted hazelnuts,1,1,1,1,1,1,1,1,1,1,1
8305,lillet rose vermouth,1,1,1,1,1,1,1,1,1,1,1
8306,lime &amp,1,1,1,1,1,1,1,1,1,1,1
8307,lime 2 ‘cheeks’,1,1,1,1,1,1,1,1,1,1,1
8308,lime jelly,1,1,1,1,1,1,1,1,1,1,1
8309,lime juice and zest,1,1,1,1,1,1,1,1,1,1,1
8310,lime juice of 1/2,1,1,1,1,1,1,1,1,1,1,1
8311,lime juice only,1,1,1,1,1,1,1,1,1,1,1
8312,lime juice or lime cordial,1,1,1,1,1,1,1,1,1,1,1
8313,lime leaves left whole,1,1,1,1,1,1,1,1,1,1,1
8314,lime leaves scrunched,1,1,1,1,1,1,1,1,1,1,1
8315,lime leaves stems removed,1,1,1,1,1,1,1,1,1,1,1
8316,lime marmalade or lime curd,1,1,1,1,1,1,1,1,1,1,1
8317,lime pickle and mango chutney,1,1,1,1,1,1,1,1,1,1,1
8318,lime pickle mango chutney,1,1,1,1,1,1,1,1,1,1,1
8319,lime wedges and chilli flakes,1,1,1,1,1,1,1,1,1,1,1
8320,lime wedges and chilli sauce,1,1,1,1,1,1,1,1,1,1,1
8321,lime wedges guacamole,1,1,1,1,1,1,1,1,1,1,1
8322,lime zest and juice of 1/2,1,1,1,1,1,1,1,1,1,1,1
8323,limes juice of 4,1,1,1,1,1,1,1,1,1,1,1
8324,limes juice only,1,1,1,1,1,1,1,1,1,1,1
8325,limes leaves,1,1,1,1,1,1,1,1,1,1,1
8326,limes on skewers,1,1,1,1,1,1,1,1,1,1,1
8327,limes the peel,1,1,1,1,1,1,1,1,1,1,1
8328,limes wedges,1,1,1,1,1,1,1,1,1,1,1
8329,limes zest,1,1,1,1,1,1,1,1,1,1,1
8330,"limes zest of 1, juice of both",1,1,1,1,1,1,1,1,1,1,1
8331,limo chilli,1,1,1,1,1,1,1,1,1,1,1
8332,linguine or bucatini,1,1,1,1,1,1,1,1,1,1,1
8333,linguine or fusilli,1,1,1,1,1,1,1,1,1,1,1
8334,linguine pasta,1,1,1,1,1,1,1,1,1,1,1
8335,linseed,1,1,1,1,1,1,1,1,1,1,1
8336,linwoods sprouted flax,1,1,1,1,1,1,1,1,1,1,1
8337,liqueur of your choice,1,1,1,1,1,1,1,1,1,1,1
8338,liquid from,1,1,1,1,1,1,1,1,1,1,1
8339,liquid from the quick-pickled cucumbers,1,1,1,1,1,1,1,1,1,1,1
8340,liquid glucose or corn syrup,1,1,1,1,1,1,1,1,1,1,1
8341,liquid molasses,1,1,1,1,1,1,1,1,1,1,1
8342,liquid smoke flavouring,1,1,1,1,1,1,1,1,1,1,1
8343,liquor,1,1,1,1,1,1,1,1,1,1,1
8344,liquorice allsorts and laces,1,1,1,1,1,1,1,1,1,1,1
8345,liquorice and strawberry,1,1,1,1,1,1,1,1,1,1,1
8346,liquorice catherine wheels,1,1,1,1,1,1,1,1,1,1,1
8347,liquorice catherine wheels with blue middles,1,1,1,1,1,1,1,1,1,1,1
8348,litre  chicken stock,1,1,1,1,1,1,1,1,1,1,1
8349,litre  gin,1,1,1,1,1,1,1,1,1,1,1
8350,litre  good-quality chicken stock,1,1,1,1,1,1,1,1,1,1,1
8351,litre  pomegranate juice,1,1,1,1,1,1,1,1,1,1,1
8352,litre bottle ginger beer,1,1,1,1,1,1,1,1,1,1,1
8353,litre brown chicken stock,1,1,1,1,1,1,1,1,1,1,1
8354,litre carton blueberry,1,1,1,1,1,1,1,1,1,1,1
8355,litre carton cherry,1,1,1,1,1,1,1,1,1,1,1
8356,litre fresh beef stock,1,1,1,1,1,1,1,1,1,1,1
8357,litre fresh vegetable stock,1,1,1,1,1,1,1,1,1,1,1
8358,litre full-fat milk,1,1,1,1,1,1,1,1,1,1,1
8359,litre gin,1,1,1,1,1,1,1,1,1,1,1
8360,litre ginger beer,1,1,1,1,1,1,1,1,1,1,1
8361,litre golden or honey ale,1,1,1,1,1,1,1,1,1,1,1
8362,litre hot veg,1,1,1,1,1,1,1,1,1,1,1
8363,litre jersey full cream milk,1,1,1,1,1,1,1,1,1,1,1
8364,litre mint chocolate chip ice cream,1,1,1,1,1,1,1,1,1,1,1
8365,litre pistachio ice cream,1,1,1,1,1,1,1,1,1,1,1
8366,litre pomegranate juice,1,1,1,1,1,1,1,1,1,1,1
8367,litre pudding basin,1,1,1,1,1,1,1,1,1,1,1
8368,litre screwtop,1,1,1,1,1,1,1,1,1,1,1
8369,litre semi-skimmed milk,1,1,1,1,1,1,1,1,1,1,1
8370,litre soda,1,1,1,1,1,1,1,1,1,1,1
8371,litre unsweetened fortified almond milk,1,1,1,1,1,1,1,1,1,1,1
8372,little gem,1,1,1,1,1,1,1,1,1,1,1
8373,little gem lettuce and tabasco sauce,1,1,1,1,1,1,1,1,1,1,1
8374,little gem lettuce hearts,1,1,1,1,1,1,1,1,1,1,1
8375,little gem lettuce quartered lengthways,1,1,1,1,1,1,1,1,1,1,1
8376,little gem lettuces jalapeño chilli slices and half-fat crème fraîche,1,1,1,1,1,1,1,1,1,1,1
8377,little gem lettuces outer leaves,1,1,1,1,1,1,1,1,1,1,1
8378,little gem lettuces outer leaves only,1,1,1,1,1,1,1,1,1,1,1
8379,little sesame or chilli oil,1,1,1,1,1,1,1,1,1,1,1
8380,little splash red or white wine vinegar,1,1,1,1,1,1,1,1,1,1,1
8381,little sunflower oil,1,1,1,1,1,1,1,1,1,1,1
8382,live natural bio yogurt,1,1,1,1,1,1,1,1,1,1,1
8383,live natural yogurt,1,1,1,1,1,1,1,1,1,1,1
8384,live yogurt either,1,1,1,1,1,1,1,1,1,1,1
8385,lobster cut lengthways,1,1,1,1,1,1,1,1,1,1,1
8386,lobster meat,1,1,1,1,1,1,1,1,1,1,1
8387,lobster tails,1,1,1,1,1,1,1,1,1,1,1
8388,lobsters,1,1,1,1,1,1,1,1,1,1,1
8389,loch trout or rainbow trout fillets,1,1,1,1,1,1,1,1,1,1,1
8390,log goat's cheese,1,1,1,1,1,1,1,1,1,1,1
8391,log goat's cheese with rind,1,1,1,1,1,1,1,1,1,1,1
8392,log of goat's cheese,1,1,1,1,1,1,1,1,1,1,1
8393,log rind-on goat's cheese,1,1,1,1,1,1,1,1,1,1,1
8394,log soft goat's cheese,1,1,1,1,1,1,1,1,1,1,1
8395,log soft goat's cheese half,1,1,1,1,1,1,1,1,1,1,1
8396,logs goat's cheese or vegetarian alternative,1,1,1,1,1,1,1,1,1,1,1
8397,loin fillet or venison steaks,1,1,1,1,1,1,1,1,1,1,1
8398,lollipop,1,1,1,1,1,1,1,1,1,1,1
8399,lollipop sticks,1,1,1,1,1,1,1,1,1,1,1
8400,lollipops sticks,1,1,1,1,1,1,1,1,1,1,1
8401,london dry gin,1,1,1,1,1,1,1,1,1,1,1
8402,long,1,1,1,1,1,1,1,1,1,1,1
8403,long  red chilli,1,1,1,1,1,1,1,1,1,1,1
8404,long baguette,1,1,1,1,1,1,1,1,1,1,1
8405,long ciabatta rolls,1,1,1,1,1,1,1,1,1,1,1
8406,long colourful ribbon,1,1,1,1,1,1,1,1,1,1,1
8407,long colourful ribbons,1,1,1,1,1,1,1,1,1,1,1
8408,long dried red chilli,1,1,1,1,1,1,1,1,1,1,1
8409,long french baguette,1,1,1,1,1,1,1,1,1,1,1
8410,long grain brown  rice,1,1,1,1,1,1,1,1,1,1,1
8411,long grain white rice,1,1,1,1,1,1,1,1,1,1,1
8412,long lengths of baking parchment,1,1,1,1,1,1,1,1,1,1,1
8413,long metal skewers,1,1,1,1,1,1,1,1,1,1,1
8414,long pepper,1,1,1,1,1,1,1,1,1,1,1
8415,long pickled chillis,1,1,1,1,1,1,1,1,1,1,1
8416,long pickled green chillies,1,1,1,1,1,1,1,1,1,1,1
8417,long piece ciabatta,1,1,1,1,1,1,1,1,1,1,1
8418,long piece of chorizo,1,1,1,1,1,1,1,1,1,1,1
8419,long red serrano chillies seeds left,1,1,1,1,1,1,1,1,1,1,1
8420,long shallots,1,1,1,1,1,1,1,1,1,1,1
8421,long stem broccoli stem,1,1,1,1,1,1,1,1,1,1,1
8422,long strip of,1,1,1,1,1,1,1,1,1,1,1
8423,long wholemeal pasta,1,1,1,1,1,1,1,1,1,1,1
8424,long wooden skewers,1,1,1,1,1,1,1,1,1,1,1
8425,"long, halved lengthways",1,1,1,1,1,1,1,1,1,1,1
8426,"long, hot  green chilli",1,1,1,1,1,1,1,1,1,1,1
8427,"long, hot red chilli",1,1,1,1,1,1,1,1,1,1,1
8428,long-grain white rice paratha and yogurt,1,1,1,1,1,1,1,1,1,1,1
8429,long-stem  broccoli,1,1,1,1,1,1,1,1,1,1,1
8430,long-stem broccoli each,1,1,1,1,1,1,1,1,1,1,1
8431,long-stem broccoli larger,1,1,1,1,1,1,1,1,1,1,1
8432,long-stem broccoli stems,1,1,1,1,1,1,1,1,1,1,1
8433,long-stemmed,1,1,1,1,1,1,1,1,1,1,1
8434,long-stemmed broccoli any larger,1,1,1,1,1,1,1,1,1,1,1
8435,long-stemmed broccoli larger stalks,1,1,1,1,1,1,1,1,1,1,1
8436,long-stemmed broccoli stalks,1,1,1,1,1,1,1,1,1,1,1
8437,long-stemmed broccoli tips only,1,1,1,1,1,1,1,1,1,1,1
8438,long-stemmed or regular broccoli,1,1,1,1,1,1,1,1,1,1,1
8439,longjing tea leaves,1,1,1,1,1,1,1,1,1,1,1
8440,loonse stroop,1,1,1,1,1,1,1,1,1,1,1
8441,loose leaf  black tea leaves,1,1,1,1,1,1,1,1,1,1,1
8442,loose leaf jasmine tea,1,1,1,1,1,1,1,1,1,1,1
8443,lots of ice,1,1,1,1,1,1,1,1,1,1,1
8444,lots of milk,1,1,1,1,1,1,1,1,1,1,1
8445,lotus biscoff smooth spread,1,1,1,1,1,1,1,1,1,1,1
8446,lotus biscuits,1,1,1,1,1,1,1,1,1,1,1
8447,lotus root,1,1,1,1,1,1,1,1,1,1,1
8448,lovage leaves,1,1,1,1,1,1,1,1,1,1,1
8449,low fat crème fraîche,1,1,1,1,1,1,1,1,1,1,1
8450,low fat soft cheese,1,1,1,1,1,1,1,1,1,1,1
8451,low salt,1,1,1,1,1,1,1,1,1,1,1
8452,low salt vegetable stock,1,1,1,1,1,1,1,1,1,1,1
8453,low salt vegetable stock cubes,1,1,1,1,1,1,1,1,1,1,1
8454,low-cal cooking spray,1,1,1,1,1,1,1,1,1,1,1
8455,low-fat  coconut milk,1,1,1,1,1,1,1,1,1,1,1
8456,low-fat  cream cheese,1,1,1,1,1,1,1,1,1,1,1
8457,low-fat  crème fraîche,1,1,1,1,1,1,1,1,1,1,1
8458,low-fat  greek yogurt,1,1,1,1,1,1,1,1,1,1,1
8459,low-fat bio natural yogurt,1,1,1,1,1,1,1,1,1,1,1
8460,low-fat feta cheese,1,1,1,1,1,1,1,1,1,1,1
8461,low-fat fromage frais,1,1,1,1,1,1,1,1,1,1,1
8462,low-fat hummus,1,1,1,1,1,1,1,1,1,1,1
8463,low-fat mozzarella,1,1,1,1,1,1,1,1,1,1,1
8464,low-fat natural cottage cheese,1,1,1,1,1,1,1,1,1,1,1
8465,low-fat plain yogurt,1,1,1,1,1,1,1,1,1,1,1
8466,low-fat soured cream,1,1,1,1,1,1,1,1,1,1,1
8467,low-fat soy yogurt,1,1,1,1,1,1,1,1,1,1,1
8468,low-fat yogurt and fruit,1,1,1,1,1,1,1,1,1,1,1
8469,"low-fat, greek-style natural yogurt",1,1,1,1,1,1,1,1,1,1,1
8470,low-salt  veg stock,1,1,1,1,1,1,1,1,1,1,1
8471,low-salt  vegetable stock,1,1,1,1,1,1,1,1,1,1,1
8472,low-salt chicken,1,1,1,1,1,1,1,1,1,1,1
8473,low-salt chicken or vegetable stock cubes,1,1,1,1,1,1,1,1,1,1,1
8474,low-salt dark soy sauce,1,1,1,1,1,1,1,1,1,1,1
8475,low-salt japanese soy sauce,1,1,1,1,1,1,1,1,1,1,1
8476,low-salt ketchup,1,1,1,1,1,1,1,1,1,1,1
8477,low-salt veg,1,1,1,1,1,1,1,1,1,1,1
8478,low-sodium beef or vegetable stock,1,1,1,1,1,1,1,1,1,1,1
8479,low-sodium chicken stock,1,1,1,1,1,1,1,1,1,1,1
8480,low-sodium chicken stock cubes,1,1,1,1,1,1,1,1,1,1,1
8481,low-sodium veg stock,1,1,1,1,1,1,1,1,1,1,1
8482,low-sugar,1,1,1,1,1,1,1,1,1,1,1
8483,low-sugar granola,1,1,1,1,1,1,1,1,1,1,1
8484,lucky charms cereal,1,1,1,1,1,1,1,1,1,1,1
8485,lychee,1,1,1,1,1,1,1,1,1,1,1
8486,lychees in juice,1,1,1,1,1,1,1,1,1,1,1
8487,lyre's aperitif rosso,1,1,1,1,1,1,1,1,1,1,1
8488,lyre's coffee originale,1,1,1,1,1,1,1,1,1,1,1
8489,lyre's dry london spirit,1,1,1,1,1,1,1,1,1,1,1
8490,lyre's italian orange,1,1,1,1,1,1,1,1,1,1,1
8491,lyre's white cane spirit,1,1,1,1,1,1,1,1,1,1,1
8492,m&amp;m's® bunnies,1,1,1,1,1,1,1,1,1,1,1
8493,maca powder,1,1,1,1,1,1,1,1,1,1,1
8494,macaroni or elbow pasta,1,1,1,1,1,1,1,1,1,1,1
8495,macaroni or rigati,1,1,1,1,1,1,1,1,1,1,1
8496,macaroni pasta,1,1,1,1,1,1,1,1,1,1,1
8497,mace or ground nutmeg,1,1,1,1,1,1,1,1,1,1,1
8498,mackerel in tomato sauce,1,1,1,1,1,1,1,1,1,1,1
8499,madagascan 64% dark chocolate,1,1,1,1,1,1,1,1,1,1,1
8500,madeira loaf cake,1,1,1,1,1,1,1,1,1,1,1
8501,madeira or dry sherry,1,1,1,1,1,1,1,1,1,1,1
8502,madeira or marsala wine,1,1,1,1,1,1,1,1,1,1,1
8503,madeira or sherry,1,1,1,1,1,1,1,1,1,1,1
8504,madras  curry powder,1,1,1,1,1,1,1,1,1,1,1
8505,mafalda pasta,1,1,1,1,1,1,1,1,1,1,1
8506,mahleb,1,1,1,1,1,1,1,1,1,1,1
8507,mahlepi ground,1,1,1,1,1,1,1,1,1,1,1
8508,makrut lime leaves central,1,1,1,1,1,1,1,1,1,1,1
8509,maldon sea salt,1,1,1,1,1,1,1,1,1,1,1
8510,maldon sea salt flakes,1,1,1,1,1,1,1,1,1,1,1
8511,malibu rum,1,1,1,1,1,1,1,1,1,1,1
8512,malt  chocolate balls,1,1,1,1,1,1,1,1,1,1,1
8513,malt drink powder,1,1,1,1,1,1,1,1,1,1,1
8514,malt drinking powder,1,1,1,1,1,1,1,1,1,1,1
8515,malt or red wine vinegar,1,1,1,1,1,1,1,1,1,1,1
8516,malteasers rolled in edible silver lustre,1,1,1,1,1,1,1,1,1,1,1
8517,malted bread flour,1,1,1,1,1,1,1,1,1,1,1
8518,malted chocolate drink powder,1,1,1,1,1,1,1,1,1,1,1
8519,malted grain  bread flour,1,1,1,1,1,1,1,1,1,1,1
8520,malted milk or digestive biscuits,1,1,1,1,1,1,1,1,1,1,1
8521,maltesers mini bunnies and 12 maltesers,1,1,1,1,1,1,1,1,1,1,1
8522,maltesers®,1,1,1,1,1,1,1,1,1,1,1
8523,manchego cheese or firm goat's cheese,1,1,1,1,1,1,1,1,1,1,1
8524,manchego shavings,1,1,1,1,1,1,1,1,1,1,1
8525,mandarin in juice,1,1,1,1,1,1,1,1,1,1,1
8526,mandarin segments in juice,1,1,1,1,1,1,1,1,1,1,1
8527,mange tout halved lengthways,1,1,1,1,1,1,1,1,1,1,1
8528,mangetout sliced in half on an angle,1,1,1,1,1,1,1,1,1,1,1
8529,mango and pineapple slices,1,1,1,1,1,1,1,1,1,1,1
8530,mango chutney and naan breads,1,1,1,1,1,1,1,1,1,1,1
8531,mango chutney and tamarind yogurt,1,1,1,1,1,1,1,1,1,1,1
8532,mango cordial,1,1,1,1,1,1,1,1,1,1,1
8533,mango flesh,1,1,1,1,1,1,1,1,1,1,1
8534,mango fresh,1,1,1,1,1,1,1,1,1,1,1
8535,mango in syrup,1,1,1,1,1,1,1,1,1,1,1
8536,mango liqueur,1,1,1,1,1,1,1,1,1,1,1
8537,mango or orange juice,1,1,1,1,1,1,1,1,1,1,1
8538,mango peel twist,1,1,1,1,1,1,1,1,1,1,1
8539,mango pulp,1,1,1,1,1,1,1,1,1,1,1
8540,mango slightly under-ripe,1,1,1,1,1,1,1,1,1,1,1
8541,manzanilla  olives,1,1,1,1,1,1,1,1,1,1,1
8542,manzanilla sherry,1,1,1,1,1,1,1,1,1,1,1
8543,maple or agave syrup,1,1,1,1,1,1,1,1,1,1,1
8544,maple or golden syrup,1,1,1,1,1,1,1,1,1,1,1
8545,maple syrup and greek yogurt,1,1,1,1,1,1,1,1,1,1,1
8546,maple syrup and pecans,1,1,1,1,1,1,1,1,1,1,1
8547,maple syrup or clear honey,1,1,1,1,1,1,1,1,1,1,1
8548,maple-cured bacon,1,1,1,1,1,1,1,1,1,1,1
8549,maraschino cherries and cocktail umbrellas,1,1,1,1,1,1,1,1,1,1,1
8550,maraschino cherries and sprinkles,1,1,1,1,1,1,1,1,1,1,1
8551,maraschino liqueur,1,1,1,1,1,1,1,1,1,1,1
8552,maraschino or glacé cherry,1,1,1,1,1,1,1,1,1,1,1
8553,margarine/butter,1,1,1,1,1,1,1,1,1,1,1
8554,maria,1,1,1,1,1,1,1,1,1,1,1
8555,marinated anchovies,1,1,1,1,1,1,1,1,1,1,1
8556,marinated artichokes,1,1,1,1,1,1,1,1,1,1,1
8557,marinated artichokes from a jar,1,1,1,1,1,1,1,1,1,1,1
8558,marinated black olives pitted and,1,1,1,1,1,1,1,1,1,1,1
8559,marinated chargrilled vegetables,1,1,1,1,1,1,1,1,1,1,1
8560,marinated feta,1,1,1,1,1,1,1,1,1,1,1
8561,marinated olives with sundried tomato,1,1,1,1,1,1,1,1,1,1,1
8562,marinated seitan pieces,1,1,1,1,1,1,1,1,1,1,1
8563,maris piper or baking potatoes,1,1,1,1,1,1,1,1,1,1,1
8564,maris piper potatoes skin on,1,1,1,1,1,1,1,1,1,1,1
8565,marjoram leaves,1,1,1,1,1,1,1,1,1,1,1
8566,marker pen,1,1,1,1,1,1,1,1,1,1,1
8567,marmite depending on,1,1,1,1,1,1,1,1,1,1,1
8568,marron glacé,1,1,1,1,1,1,1,1,1,1,1
8569,marrons glacés,1,1,1,1,1,1,1,1,1,1,1
8570,marrowbone,1,1,1,1,1,1,1,1,1,1,1
8571,marsala or coffee liqueur,1,1,1,1,1,1,1,1,1,1,1
8572,marsala or red wine,1,1,1,1,1,1,1,1,1,1,1
8573,marsala or sherry,1,1,1,1,1,1,1,1,1,1,1
8574,marsala or sweet sherry,1,1,1,1,1,1,1,1,1,1,1
8575,marsala or white wine,1,1,1,1,1,1,1,1,1,1,1
8576,marsala sweet sherry,1,1,1,1,1,1,1,1,1,1,1
8577,marsala wine or coffee liqueur,1,1,1,1,1,1,1,1,1,1,1
8578,"marsala, madeira",1,1,1,1,1,1,1,1,1,1,1
8579,marshmallow fluff,1,1,1,1,1,1,1,1,1,1,1
8580,marshmallows mixture of pink and white,1,1,1,1,1,1,1,1,1,1,1
8581,martini glasses,1,1,1,1,1,1,1,1,1,1,1
8582,marzipan disc,1,1,1,1,1,1,1,1,1,1,1
8583,marzipan fruit,1,1,1,1,1,1,1,1,1,1,1
8584,masala coffee liqueur,1,1,1,1,1,1,1,1,1,1,1
8585,masala curry paste,1,1,1,1,1,1,1,1,1,1,1
8586,mascarpone or cream cheese,1,1,1,1,1,1,1,1,1,1,1
8587,mash and braised cavolo nero,1,1,1,1,1,1,1,1,1,1,1
8588,mash and greens,1,1,1,1,1,1,1,1,1,1,1
8589,mash and steamed greens,1,1,1,1,1,1,1,1,1,1,1
8590,mash and veg,1,1,1,1,1,1,1,1,1,1,1
8591,mash jackets,1,1,1,1,1,1,1,1,1,1,1
8592,mashing potatoes,1,1,1,1,1,1,1,1,1,1,1
8593,mastic crystal,1,1,1,1,1,1,1,1,1,1,1
8594,matcha green tea ice cream,1,1,1,1,1,1,1,1,1,1,1
8595,matcha green teabag,1,1,1,1,1,1,1,1,1,1,1
8596,mature british cheddar,1,1,1,1,1,1,1,1,1,1,1
8597,mature cheddar half,1,1,1,1,1,1,1,1,1,1,1
8598,mature cheddar parmesan,1,1,1,1,1,1,1,1,1,1,1
8599,mature grated cheddar,1,1,1,1,1,1,1,1,1,1,1
8600,mature gruyère,1,1,1,1,1,1,1,1,1,1,1
8601,mature gruyère comté,1,1,1,1,1,1,1,1,1,1,1
8602,mature kimchi,1,1,1,1,1,1,1,1,1,1,1
8603,mature or extra-mature cheddar,1,1,1,1,1,1,1,1,1,1,1
8604,mature reduced-fat cheese,1,1,1,1,1,1,1,1,1,1,1
8605,matzah,1,1,1,1,1,1,1,1,1,1,1
8606,matzo crackers,1,1,1,1,1,1,1,1,1,1,1
8607,matzo meal or flour,1,1,1,1,1,1,1,1,1,1,1
8608,mauritian curry powder,1,1,1,1,1,1,1,1,1,1,1
8609,mayo mixed with 1 tsp wasabi paste,1,1,1,1,1,1,1,1,1,1,1
8610,mayonnaise ketchup and american mustard,1,1,1,1,1,1,1,1,1,1,1
8611,mayonnaise or greek yogurt,1,1,1,1,1,1,1,1,1,1,1
8612,mead,1,1,1,1,1,1,1,1,1,1,1
8613,meat from 3 wild rabbits,1,1,1,1,1,1,1,1,1,1,1
8614,meat from legs and loins of 2 wild rabbits,1,1,1,1,1,1,1,1,1,1,1
8615,meat squeezed from the skins,1,1,1,1,1,1,1,1,1,1,1
8616,meat-free  cocktail sausages,1,1,1,1,1,1,1,1,1,1,1
8617,meat-free burgers,1,1,1,1,1,1,1,1,1,1,1
8618,meat-free sausages skins,1,1,1,1,1,1,1,1,1,1,1
8619,meats,1,1,1,1,1,1,1,1,1,1,1
8620,meaty beef short ribs,1,1,1,1,1,1,1,1,1,1,1
8621,meaty chicken carcass,1,1,1,1,1,1,1,1,1,1,1
8622,meaty chipolatas sausages,1,1,1,1,1,1,1,1,1,1,1
8623,meaty cumberland sausages,1,1,1,1,1,1,1,1,1,1,1
8624,meaty duck breast,1,1,1,1,1,1,1,1,1,1,1
8625,meaty white fish,1,1,1,1,1,1,1,1,1,1,1
8626,mediterranean gin,1,1,1,1,1,1,1,1,1,1,1
8627,mediterranean tonic,1,1,1,1,1,1,1,1,1,1,1
8628,medium oats,1,1,1,1,1,1,1,1,1,1,1
8629,medium or hot chilli powder,1,1,1,1,1,1,1,1,1,1,1
8630,medium or hot curry powder,1,1,1,1,1,1,1,1,1,1,1
8631,medium spice paste,1,1,1,1,1,1,1,1,1,1,1
8632,medium spice piri-piri sauce,1,1,1,1,1,1,1,1,1,1,1
8633,medium to hot  chilli powder,1,1,1,1,1,1,1,1,1,1,1
8634,medium-dry  cider,1,1,1,1,1,1,1,1,1,1,1
8635,medium-dry cider,1,1,1,1,1,1,1,1,1,1,1
8636,medium-firm  tofu,1,1,1,1,1,1,1,1,1,1,1
8637,medium-length,1,1,1,1,1,1,1,1,1,1,1
8638,medium-sized,1,1,1,1,1,1,1,1,1,1,1
8639,medium-sized courgettes,1,1,1,1,1,1,1,1,1,1,1
8640,medjool date stoned and,1,1,1,1,1,1,1,1,1,1,1
8641,medjool dates depending on,1,1,1,1,1,1,1,1,1,1,1
8642,medjool dates per person,1,1,1,1,1,1,1,1,1,1,1
8643,medjool dates stoned,1,1,1,1,1,1,1,1,1,1,1
8644,melba toast crackers,1,1,1,1,1,1,1,1,1,1,1
8645,melba toasts,1,1,1,1,1,1,1,1,1,1,1
8646,melon seeds,1,1,1,1,1,1,1,1,1,1,1
8647,melons,1,1,1,1,1,1,1,1,1,1,1
8648,melting cheese,1,1,1,1,1,1,1,1,1,1,1
8649,melty  cheese,1,1,1,1,1,1,1,1,1,1,1
8650,membrillo paste or quince jelly,1,1,1,1,1,1,1,1,1,1,1
8651,merguez,1,1,1,1,1,1,1,1,1,1,1
8652,merguez sausage,1,1,1,1,1,1,1,1,1,1,1
8653,meringue nests broken up,1,1,1,1,1,1,1,1,1,1,1
8654,meringues,1,1,1,1,1,1,1,1,1,1,1
8655,meringues and thai basil leaves,1,1,1,1,1,1,1,1,1,1,1
8656,meringues nests,1,1,1,1,1,1,1,1,1,1,1
8657,merlot,1,1,1,1,1,1,1,1,1,1,1
8658,mermaid tail mould,1,1,1,1,1,1,1,1,1,1,1
8659,metal piping nozzle,1,1,1,1,1,1,1,1,1,1,1
8660,metal pudding basins,1,1,1,1,1,1,1,1,1,1,1
8661,metal skewer sugar,1,1,1,1,1,1,1,1,1,1,1
8662,metal skewers extra virgin olive oil,1,1,1,1,1,1,1,1,1,1,1
8663,metallic sprinkles,1,1,1,1,1,1,1,1,1,1,1
8664,methi,1,1,1,1,1,1,1,1,1,1,1
8665,mexican lager,1,1,1,1,1,1,1,1,1,1,1
8666,mexican rice,1,1,1,1,1,1,1,1,1,1,1
8667,mexican-style,1,1,1,1,1,1,1,1,1,1,1
8668,mexican-style chilli cheese slices,1,1,1,1,1,1,1,1,1,1,1
8669,mexican-style rice pouch,1,1,1,1,1,1,1,1,1,1,1
8670,mezzi rigatoni,1,1,1,1,1,1,1,1,1,1,1
8671,micro basil leaves,1,1,1,1,1,1,1,1,1,1,1
8672,micro chives,1,1,1,1,1,1,1,1,1,1,1
8673,microherbs or cress,1,1,1,1,1,1,1,1,1,1,1
8674,microwavable pouch  quinoa,1,1,1,1,1,1,1,1,1,1,1
8675,microwave brown basmati rice,1,1,1,1,1,1,1,1,1,1,1
8676,microwave coconut rice,1,1,1,1,1,1,1,1,1,1,1
8677,microwave puy lentils,1,1,1,1,1,1,1,1,1,1,1
8678,microwave sticky rice,1,1,1,1,1,1,1,1,1,1,1
8679,microwave vegetables,1,1,1,1,1,1,1,1,1,1,1
8680,microwave wholegrain rice,1,1,1,1,1,1,1,1,1,1,1
8681,microwave wholemeal basmati rice,1,1,1,1,1,1,1,1,1,1,1
8682,middle eastern  flatbreads,1,1,1,1,1,1,1,1,1,1,1
8683,middle eastern cucumbers,1,1,1,1,1,1,1,1,1,1,1
8684,middle eastern flatbreads,1,1,1,1,1,1,1,1,1,1,1
8685,middle eastern-style flatbread or pitta,1,1,1,1,1,1,1,1,1,1,1
8686,midori or other melon liqueur,1,1,1,1,1,1,1,1,1,1,1
8687,milano salami,1,1,1,1,1,1,1,1,1,1,1
8688,mild  black olives,1,1,1,1,1,1,1,1,1,1,1
8689,mild  cheddar,1,1,1,1,1,1,1,1,1,1,1
8690,mild  chilli powder,1,1,1,1,1,1,1,1,1,1,1
8691,mild cheese,1,1,1,1,1,1,1,1,1,1,1
8692,mild cooking chorizo,1,1,1,1,1,1,1,1,1,1,1
8693,mild green  chilli,1,1,1,1,1,1,1,1,1,1,1
8694,mild green chilli,1,1,1,1,1,1,1,1,1,1,1
8695,mild kashmiri chillies,1,1,1,1,1,1,1,1,1,1,1
8696,mild madras powder,1,1,1,1,1,1,1,1,1,1,1
8697,mild oil,1,1,1,1,1,1,1,1,1,1,1
8698,mild or hot curry powder,1,1,1,1,1,1,1,1,1,1,1
8699,mild or hot salsa whichever you prefer,1,1,1,1,1,1,1,1,1,1,1
8700,mild or madras  curry paste,1,1,1,1,1,1,1,1,1,1,1
8701,mild or medium chilli powder,1,1,1,1,1,1,1,1,1,1,1
8702,mild piri-piri sauce,1,1,1,1,1,1,1,1,1,1,1
8703,mild red chilli powder,1,1,1,1,1,1,1,1,1,1,1
8704,mild roquefort,1,1,1,1,1,1,1,1,1,1,1
8705,mild sweet paprika,1,1,1,1,1,1,1,1,1,1,1
8706,mild tandoori  curry paste,1,1,1,1,1,1,1,1,1,1,1
8707,milk (plant-based,1,1,1,1,1,1,1,1,1,1,1
8708,milk (unsweetened almond,1,1,1,1,1,1,1,1,1,1,1
8709,milk any will work,1,1,1,1,1,1,1,1,1,1,1
8710,milk chocolate buttons,1,1,1,1,1,1,1,1,1,1,1
8711,milk chocolate drops,1,1,1,1,1,1,1,1,1,1,1
8712,milk chocolate oat biscuits,1,1,1,1,1,1,1,1,1,1,1
8713,milk chocolate or dark chocolate,1,1,1,1,1,1,1,1,1,1,1
8714,milk chocolate shavings,1,1,1,1,1,1,1,1,1,1,1
8715,milk chocolate the best,1,1,1,1,1,1,1,1,1,1,1
8716,milk or coffee,1,1,1,1,1,1,1,1,1,1,1
8717,milk or cream,1,1,1,1,1,1,1,1,1,1,1
8718,milk or dark  chocolate,1,1,1,1,1,1,1,1,1,1,1
8719,milk or dark  chocolate buttons,1,1,1,1,1,1,1,1,1,1,1
8720,milk or dark  chocolate chips,1,1,1,1,1,1,1,1,1,1,1
8721,milk or dark chocolate with coffee,1,1,1,1,1,1,1,1,1,1,1
8722,milk or fat-free yogurt and honey,1,1,1,1,1,1,1,1,1,1,1
8723,milk or fat-free yogurt and maple syrup,1,1,1,1,1,1,1,1,1,1,1
8724,milk or knob of butter,1,1,1,1,1,1,1,1,1,1,1
8725,milk or plain chocolate,1,1,1,1,1,1,1,1,1,1,1
8726,milk or plant milk,1,1,1,1,1,1,1,1,1,1,1
8727,milk or plant-based milk,1,1,1,1,1,1,1,1,1,1,1
8728,milk or white  chocolate chips,1,1,1,1,1,1,1,1,1,1,1
8729,milk or yogurt,1,1,1,1,1,1,1,1,1,1,1
8730,milk preferably whole,1,1,1,1,1,1,1,1,1,1,1
8731,milk preferably whole milk,1,1,1,1,1,1,1,1,1,1,1
8732,milk rolls,1,1,1,1,1,1,1,1,1,1,1
8733,milk steamed and whisked until frothy,1,1,1,1,1,1,1,1,1,1,1
8734,milk vodka,1,1,1,1,1,1,1,1,1,1,1
8735,milkshake or dessert glasses,1,1,1,1,1,1,1,1,1,1,1
8736,milld curry powder,1,1,1,1,1,1,1,1,1,1,1
8737,milled linseed,1,1,1,1,1,1,1,1,1,1,1
8738,milled seed mix,1,1,1,1,1,1,1,1,1,1,1
8739,millet,1,1,1,1,1,1,1,1,1,1,1
8740,millions,1,1,1,1,1,1,1,1,1,1,1
8741,mimolette,1,1,1,1,1,1,1,1,1,1,1
8742,mince beef,1,1,1,1,1,1,1,1,1,1,1
8743,mince lamb,1,1,1,1,1,1,1,1,1,1,1
8744,mince pie rum,1,1,1,1,1,1,1,1,1,1,1
8745,mincemeat from a jar,1,1,1,1,1,1,1,1,1,1,1
8746,mini,1,1,1,1,1,1,1,1,1,1,1
8747,mini  chocolate fingers,1,1,1,1,1,1,1,1,1,1,1
8748,mini  chorizo sausages,1,1,1,1,1,1,1,1,1,1,1
8749,mini  flour tortillas,1,1,1,1,1,1,1,1,1,1,1
8750,mini  marshmallow,1,1,1,1,1,1,1,1,1,1,1
8751,mini  marshmallows,1,1,1,1,1,1,1,1,1,1,1
8752,mini  pretzel,1,1,1,1,1,1,1,1,1,1,1
8753,mini  sugar blossoms,1,1,1,1,1,1,1,1,1,1,1
8754,mini  sugar butterfly,1,1,1,1,1,1,1,1,1,1,1
8755,mini  tortillas,1,1,1,1,1,1,1,1,1,1,1
8756,mini  vegetarian sausages,1,1,1,1,1,1,1,1,1,1,1
8757,mini bagels split in half,1,1,1,1,1,1,1,1,1,1,1
8758,mini breadsticks and pitta chips,1,1,1,1,1,1,1,1,1,1,1
8759,mini bundt,1,1,1,1,1,1,1,1,1,1,1
8760,mini burger buns,1,1,1,1,1,1,1,1,1,1,1
8761,mini candy canes,1,1,1,1,1,1,1,1,1,1,1
8762,mini capers,1,1,1,1,1,1,1,1,1,1,1
8763,mini caramel &amp,1,1,1,1,1,1,1,1,1,1,1
8764,mini carrots,1,1,1,1,1,1,1,1,1,1,1
8765,mini chicken breast fillets,1,1,1,1,1,1,1,1,1,1,1
8766,mini chicken fillets,1,1,1,1,1,1,1,1,1,1,1
8767,mini choc chip cookies,1,1,1,1,1,1,1,1,1,1,1
8768,mini chocolate eggs sugar-coated chocolate buttons,1,1,1,1,1,1,1,1,1,1,1
8769,mini chocolate footballs,1,1,1,1,1,1,1,1,1,1,1
8770,mini cookies sprinkles,1,1,1,1,1,1,1,1,1,1,1
8771,mini cooking chorizo sausages,1,1,1,1,1,1,1,1,1,1,1
8772,mini digestive biscuits,1,1,1,1,1,1,1,1,1,1,1
8773,mini edible dried roses,1,1,1,1,1,1,1,1,1,1,1
8774,mini football,1,1,1,1,1,1,1,1,1,1,1
8775,mini fudge pieces,1,1,1,1,1,1,1,1,1,1,1
8776,mini gingerbread,1,1,1,1,1,1,1,1,1,1,1
8777,mini gingerbread men,1,1,1,1,1,1,1,1,1,1,1
8778,mini gingerbread person biscuit cutter,1,1,1,1,1,1,1,1,1,1,1
8779,mini gold moon and star sprinkles,1,1,1,1,1,1,1,1,1,1,1
8780,mini loaf tins,1,1,1,1,1,1,1,1,1,1,1
8781,mini marshmallow,1,1,1,1,1,1,1,1,1,1,1
8782,mini meringue,1,1,1,1,1,1,1,1,1,1,1
8783,mini meringues biscuits,1,1,1,1,1,1,1,1,1,1,1
8784,mini multi-coloured meringues,1,1,1,1,1,1,1,1,1,1,1
8785,mini naan bread,1,1,1,1,1,1,1,1,1,1,1
8786,mini oreos 12 mini jammy dodgers,1,1,1,1,1,1,1,1,1,1,1
8787,mini paper cases,1,1,1,1,1,1,1,1,1,1,1
8788,mini pasta shapes,1,1,1,1,1,1,1,1,1,1,1
8789,mini pastry tart cases,1,1,1,1,1,1,1,1,1,1,1
8790,mini pickled onions,1,1,1,1,1,1,1,1,1,1,1
8791,mini pink meringue,1,1,1,1,1,1,1,1,1,1,1
8792,mini plain tortilla wraps,1,1,1,1,1,1,1,1,1,1,1
8793,mini plain tortillas,1,1,1,1,1,1,1,1,1,1,1
8794,mini poppadums,1,1,1,1,1,1,1,1,1,1,1
8795,mini portobello mushrooms,1,1,1,1,1,1,1,1,1,1,1
8796,mini red chocolate beans,1,1,1,1,1,1,1,1,1,1,1
8797,mini rice cakes or crackers,1,1,1,1,1,1,1,1,1,1,1
8798,mini ritz crackers,1,1,1,1,1,1,1,1,1,1,1
8799,mini salted pretzels,1,1,1,1,1,1,1,1,1,1,1
8800,mini silverskin pickled onions,1,1,1,1,1,1,1,1,1,1,1
8801,mini sugar-coated chocolate balls,1,1,1,1,1,1,1,1,1,1,1
8802,mini tartlet,1,1,1,1,1,1,1,1,1,1,1
8803,mini teracotta,1,1,1,1,1,1,1,1,1,1,1
8804,mini toblerones,1,1,1,1,1,1,1,1,1,1,1
8805,mini tortilla wraps and soured cream,1,1,1,1,1,1,1,1,1,1,1
8806,mini tortillas,1,1,1,1,1,1,1,1,1,1,1
8807,mini white  marshmallows,1,1,1,1,1,1,1,1,1,1,1
8808,mini white chocolate buttons,1,1,1,1,1,1,1,1,1,1,1
8809,mini white marshmallows,1,1,1,1,1,1,1,1,1,1,1
8810,mini white meringues and jelly sweets,1,1,1,1,1,1,1,1,1,1,1
8811,mini wooden skewers,1,1,1,1,1,1,1,1,1,1,1
8812,miniature chipolatas,1,1,1,1,1,1,1,1,1,1,1
8813,miniature new potatoes,1,1,1,1,1,1,1,1,1,1,1
8814,mint and/or coriander,1,1,1,1,1,1,1,1,1,1,1
8815,mint coriander,1,1,1,1,1,1,1,1,1,1,1
8816,mint essence,1,1,1,1,1,1,1,1,1,1,1
8817,mint extract,1,1,1,1,1,1,1,1,1,1,1
8818,mint leaf,1,1,1,1,1,1,1,1,1,1,1
8819,mint leaves basil leaves,1,1,1,1,1,1,1,1,1,1,1
8820,mint leaves),1,1,1,1,1,1,1,1,1,1,1
8821,mint or parsley,1,1,1,1,1,1,1,1,1,1,1
8822,mint sprig leaves,1,1,1,1,1,1,1,1,1,1,1
8823,mint sprigs leaves only,1,1,1,1,1,1,1,1,1,1,1
8824,mint stalks,1,1,1,1,1,1,1,1,1,1,1
8825,mint stalks leaves,1,1,1,1,1,1,1,1,1,1,1
8826,mint syrup,1,1,1,1,1,1,1,1,1,1,1
8827,minted yogurt dip,1,1,1,1,1,1,1,1,1,1,1
8828,minty yogurt,1,1,1,1,1,1,1,1,1,1,1
8829,mirim,1,1,1,1,1,1,1,1,1,1,1
8830,mirin (korean mirin),1,1,1,1,1,1,1,1,1,1,1
8831,mirin or clear honey,1,1,1,1,1,1,1,1,1,1,1
8832,mirin or dry sherry,1,1,1,1,1,1,1,1,1,1,1
8833,mirin or sherry,1,1,1,1,1,1,1,1,1,1,1
8834,miso broth,1,1,1,1,1,1,1,1,1,1,1
8835,miso glaze or white miso paste,1,1,1,1,1,1,1,1,1,1,1
8836,miso paste or miso glaze,1,1,1,1,1,1,1,1,1,1,1
8837,miso soup paste,1,1,1,1,1,1,1,1,1,1,1
8838,mitsuba,1,1,1,1,1,1,1,1,1,1,1
8839,mix of  brie cheddar,1,1,1,1,1,1,1,1,1,1,1
8840,mix of  chicken drumsticks and wings,1,1,1,1,1,1,1,1,1,1,1
8841,mix of blackberries hawthorn haws and/or crab apples,1,1,1,1,1,1,1,1,1,1,1
8842,mix of cheeses you have around,1,1,1,1,1,1,1,1,1,1,1
8843,mix of nectarines and  peach,1,1,1,1,1,1,1,1,1,1,1
8844,mix of oranges,1,1,1,1,1,1,1,1,1,1,1
8845,mix of ripe tomatoes,1,1,1,1,1,1,1,1,1,1,1
8846,mix of root vegetables,1,1,1,1,1,1,1,1,1,1,1
8847,mix of stir fry vegetables meat or fish,1,1,1,1,1,1,1,1,1,1,1
8848,mix of sugar snaps and green beans,1,1,1,1,1,1,1,1,1,1,1
8849,mix of your choice of: pumpkin seeds sunflower seeds,1,1,1,1,1,1,1,1,1,1,1
8850,mix sultanas and currants,1,1,1,1,1,1,1,1,1,1,1
8851,mixed  beans,1,1,1,1,1,1,1,1,1,1,1
8852,mixed  dried fruit large fruit,1,1,1,1,1,1,1,1,1,1,1
8853,mixed  green salad,1,1,1,1,1,1,1,1,1,1,1
8854,mixed  nuts,1,1,1,1,1,1,1,1,1,1,1
8855,mixed  peppers,1,1,1,1,1,1,1,1,1,1,1
8856,mixed  radishes,1,1,1,1,1,1,1,1,1,1,1
8857,mixed  salad leaves,1,1,1,1,1,1,1,1,1,1,1
8858,mixed  salad leaves drizzled with a little oilve oil,1,1,1,1,1,1,1,1,1,1,1
8859,mixed  tomatoes,1,1,1,1,1,1,1,1,1,1,1
8860,mixed asian greens,1,1,1,1,1,1,1,1,1,1,1
8861,mixed baby leaf salad,1,1,1,1,1,1,1,1,1,1,1
8862,mixed baby veg,1,1,1,1,1,1,1,1,1,1,1
8863,mixed bean salad,1,1,1,1,1,1,1,1,1,1,1
8864,mixed beans in chilli sauce,1,1,1,1,1,1,1,1,1,1,1
8865,mixed beans in mild chilli sauce,1,1,1,1,1,1,1,1,1,1,1
8866,mixed beets leaves,1,1,1,1,1,1,1,1,1,1,1
8867,mixed berries and cherries,1,1,1,1,1,1,1,1,1,1,1
8868,mixed berries fresh or frozen,1,1,1,1,1,1,1,1,1,1,1
8869,mixed berry and currants,1,1,1,1,1,1,1,1,1,1,1
8870,mixed berry fresh or frozen,1,1,1,1,1,1,1,1,1,1,1
8871,mixed black &amp,1,1,1,1,1,1,1,1,1,1,1
8872,mixed black and green olives,1,1,1,1,1,1,1,1,1,1,1
8873,mixed boneless game,1,1,1,1,1,1,1,1,1,1,1
8874,mixed candied citrus peel,1,1,1,1,1,1,1,1,1,1,1
8875,mixed cheese ensure this includes cheddar and mozzarella,1,1,1,1,1,1,1,1,1,1,1
8876,mixed cherry tomatoes,1,1,1,1,1,1,1,1,1,1,1
8877,mixed cherry tomatoes on the vine,1,1,1,1,1,1,1,1,1,1,1
8878,mixed chicory leaves,1,1,1,1,1,1,1,1,1,1,1
8879,mixed citrus peel,1,1,1,1,1,1,1,1,1,1,1
8880,mixed colour  baby tomatoes,1,1,1,1,1,1,1,1,1,1,1
8881,mixed colour cherry tomatoes,1,1,1,1,1,1,1,1,1,1,1
8882,mixed colour peppers,1,1,1,1,1,1,1,1,1,1,1
8883,mixed coloured fondant icing,1,1,1,1,1,1,1,1,1,1,1
8884,mixed coloured quinoa,1,1,1,1,1,1,1,1,1,1,1
8885,mixed coloured sprinkles,1,1,1,1,1,1,1,1,1,1,1
8886,mixed cooked veg,1,1,1,1,1,1,1,1,1,1,1
8887,mixed courgettes,1,1,1,1,1,1,1,1,1,1,1
8888,mixed crabmeat,1,1,1,1,1,1,1,1,1,1,1
8889,mixed crudités and toasted pitta bread,1,1,1,1,1,1,1,1,1,1,1
8890,mixed diced vegetables,1,1,1,1,1,1,1,1,1,1,1
8891,mixed dried fruit with peel,1,1,1,1,1,1,1,1,1,1,1
8892,mixed dried fruit),1,1,1,1,1,1,1,1,1,1,1
8893,mixed fresh berries,1,1,1,1,1,1,1,1,1,1,1
8894,mixed fresh fruit,1,1,1,1,1,1,1,1,1,1,1
8895,mixed fresh or frozen forest fruits,1,1,1,1,1,1,1,1,1,1,1
8896,mixed frozen berries,1,1,1,1,1,1,1,1,1,1,1
8897,mixed frozen peppers,1,1,1,1,1,1,1,1,1,1,1
8898,mixed frozen vegetables,1,1,1,1,1,1,1,1,1,1,1
8899,mixed fruit and nuts,1,1,1,1,1,1,1,1,1,1,1
8900,mixed grain pouch,1,1,1,1,1,1,1,1,1,1,1
8901,mixed grains and rice,1,1,1,1,1,1,1,1,1,1,1
8902,mixed grated cheddar and mozzarella cheese,1,1,1,1,1,1,1,1,1,1,1
8903,mixed green vegetables,1,1,1,1,1,1,1,1,1,1,1
8904,mixed greens,1,1,1,1,1,1,1,1,1,1,1
8905,mixed herbs of your choice,1,1,1,1,1,1,1,1,1,1,1
8906,mixed heritage or heirloom tomatoes,1,1,1,1,1,1,1,1,1,1,1
8907,mixed heritage or rainbow carrots,1,1,1,1,1,1,1,1,1,1,1
8908,mixed heritage tomatoes,1,1,1,1,1,1,1,1,1,1,1
8909,mixed heritage tomatoes different,1,1,1,1,1,1,1,1,1,1,1
8910,mixed leaf - watercress,1,1,1,1,1,1,1,1,1,1,1
8911,mixed leaves tossed with your favourite dressing,1,1,1,1,1,1,1,1,1,1,1
8912,mixed lettuce,1,1,1,1,1,1,1,1,1,1,1
8913,mixed meats,1,1,1,1,1,1,1,1,1,1,1
8914,mixed nut,1,1,1,1,1,1,1,1,1,1,1
8915,mixed nuts and seeds,1,1,1,1,1,1,1,1,1,1,1
8916,mixed olive & veg antipasti,1,1,1,1,1,1,1,1,1,1,1
8917,mixed olives feta & sundried tomatoes,1,1,1,1,1,1,1,1,1,1,1
8918,mixed olives in oil,1,1,1,1,1,1,1,1,1,1,1
8919,mixed olives of your choice,1,1,1,1,1,1,1,1,1,1,1
8920,mixed olives pips,1,1,1,1,1,1,1,1,1,1,1
8921,mixed olives pitted,1,1,1,1,1,1,1,1,1,1,1
8922,mixed pack coloured fondant,1,1,1,1,1,1,1,1,1,1,1
8923,mixed pack green beans and broccoli,1,1,1,1,1,1,1,1,1,1,1
8924,mixed peppercorn,1,1,1,1,1,1,1,1,1,1,1
8925,mixed peppercorns,1,1,1,1,1,1,1,1,1,1,1
8926,mixed pitted olives,1,1,1,1,1,1,1,1,1,1,1
8927,mixed quinoa,1,1,1,1,1,1,1,1,1,1,1
8928,mixed radishes larger,1,1,1,1,1,1,1,1,1,1,1
8929,mixed red,1,1,1,1,1,1,1,1,1,1,1
8930,mixed red and yellow tomatoes,1,1,1,1,1,1,1,1,1,1,1
8931,mixed rocket salad leaves,1,1,1,1,1,1,1,1,1,1,1
8932,"mixed rocket, watercress & spinach  salad",1,1,1,1,1,1,1,1,1,1,1
8933,mixed root veg,1,1,1,1,1,1,1,1,1,1,1
8934,mixed root vegetable including sweet potatoes,1,1,1,1,1,1,1,1,1,1,1
8935,mixed roots,1,1,1,1,1,1,1,1,1,1,1
8936,mixed salad and hot sauce,1,1,1,1,1,1,1,1,1,1,1
8937,mixed salad leaves and crusty white bread,1,1,1,1,1,1,1,1,1,1,1
8938,mixed salad leaves and veg,1,1,1,1,1,1,1,1,1,1,1
8939,mixed seasonal fruit,1,1,1,1,1,1,1,1,1,1,1
8940,mixed seasonal greens,1,1,1,1,1,1,1,1,1,1,1
8941,mixed seasonal mushrooms,1,1,1,1,1,1,1,1,1,1,1
8942,mixed seeds crackers,1,1,1,1,1,1,1,1,1,1,1
8943,mixed shelled and blanched nut,1,1,1,1,1,1,1,1,1,1,1
8944,mixed shelled nut,1,1,1,1,1,1,1,1,1,1,1
8945,mixed shellfish,1,1,1,1,1,1,1,1,1,1,1
8946,mixed skinless fish fillets,1,1,1,1,1,1,1,1,1,1,1
8947,mixed small tomatoes,1,1,1,1,1,1,1,1,1,1,1
8948,mixed snacking nuts,1,1,1,1,1,1,1,1,1,1,1
8949,mixed soft  herbs,1,1,1,1,1,1,1,1,1,1,1
8950,mixed soft herb,1,1,1,1,1,1,1,1,1,1,1
8951,mixed sultanas and raisins,1,1,1,1,1,1,1,1,1,1,1
8952,mixed summer fruits,1,1,1,1,1,1,1,1,1,1,1
8953,mixed sweet peppers,1,1,1,1,1,1,1,1,1,1,1
8954,mixed tomato halved across,1,1,1,1,1,1,1,1,1,1,1
8955,mixed vegetable pack,1,1,1,1,1,1,1,1,1,1,1
8956,mixed vegetable pickles,1,1,1,1,1,1,1,1,1,1,1
8957,mixed vegetables,1,1,1,1,1,1,1,1,1,1,1
8958,mixed vegetables of your choice,1,1,1,1,1,1,1,1,1,1,1
8959,mixed watercress,1,1,1,1,1,1,1,1,1,1,1
8960,mixed winter greens,1,1,1,1,1,1,1,1,1,1,1
8961,mixed woody herbs,1,1,1,1,1,1,1,1,1,1,1
8962,mixed wrapped sweets,1,1,1,1,1,1,1,1,1,1,1
8963,"mixed, soft herbs",1,1,1,1,1,1,1,1,1,1,1
8964,mixing spoon,1,1,1,1,1,1,1,1,1,1,1
8965,mixture of grated cheddar and mozzarella,1,1,1,1,1,1,1,1,1,1,1
8966,mixture of milk chocolate chunks white chocolate chunks &amp,1,1,1,1,1,1,1,1,1,1,1
8967,mixture of stone fruits,1,1,1,1,1,1,1,1,1,1,1
8968,mixture of sweets,1,1,1,1,1,1,1,1,1,1,1
8969,molasses or honey,1,1,1,1,1,1,1,1,1,1,1
8970,molasses or treacle,1,1,1,1,1,1,1,1,1,1,1
8971,molasses sugar,1,1,1,1,1,1,1,1,1,1,1
8972,monkfish,1,1,1,1,1,1,1,1,1,1,1
8973,monkfish tail,1,1,1,1,1,1,1,1,1,1,1
8974,monterey jack cheese cut in half,1,1,1,1,1,1,1,1,1,1,1
8975,mooli (daikon radish),1,1,1,1,1,1,1,1,1,1,1
8976,moong daal,1,1,1,1,1,1,1,1,1,1,1
8977,moong dal,1,1,1,1,1,1,1,1,1,1,1
8978,moong dhal,1,1,1,1,1,1,1,1,1,1,1
8979,moong lentils soaked overnight,1,1,1,1,1,1,1,1,1,1,1
8980,morello cherry,1,1,1,1,1,1,1,1,1,1,1
8981,morello glacé cherries,1,1,1,1,1,1,1,1,1,1,1
8982,moroccan spice mix,1,1,1,1,1,1,1,1,1,1,1
8983,morrisons market street ciabattas,1,1,1,1,1,1,1,1,1,1,1
8984,moustache biscuit cutter,1,1,1,1,1,1,1,1,1,1,1
8985,mozzarella & sundried tomato pot,1,1,1,1,1,1,1,1,1,1,1
8986,mozzarella ball,1,1,1,1,1,1,1,1,1,1,1
8987,mozzarella balls in olive oil,1,1,1,1,1,1,1,1,1,1,1
8988,mozzarella cherries,1,1,1,1,1,1,1,1,1,1,1
8989,mozzarella from,1,1,1,1,1,1,1,1,1,1,1
8990,mozzarella or fontina,1,1,1,1,1,1,1,1,1,1,1
8991,mozzarella patted dry and,1,1,1,1,1,1,1,1,1,1,1
8992,muesli mix,1,1,1,1,1,1,1,1,1,1,1
8993,muffin,1,1,1,1,1,1,1,1,1,1,1
8994,muffin and watercress,1,1,1,1,1,1,1,1,1,1,1
8995,mug sweetcorn,1,1,1,1,1,1,1,1,1,1,1
8996,mugful brandy,1,1,1,1,1,1,1,1,1,1,1
8997,mugful mixed dried fruit,1,1,1,1,1,1,1,1,1,1,1
8998,mugful of grated cheese,1,1,1,1,1,1,1,1,1,1,1
8999,mugfuls of cider,1,1,1,1,1,1,1,1,1,1,1
9000,mugs,1,1,1,1,1,1,1,1,1,1,1
9001,mugs milk,1,1,1,1,1,1,1,1,1,1,1
9002,multi-coloured  edible polka dots,1,1,1,1,1,1,1,1,1,1,1
9003,multi-coloured radishes,1,1,1,1,1,1,1,1,1,1,1
9004,multi-coloured sprinkles,1,1,1,1,1,1,1,1,1,1,1
9005,multicoloured sweets,1,1,1,1,1,1,1,1,1,1,1
9006,multigrain bread,1,1,1,1,1,1,1,1,1,1,1
9007,multigrain wraps,1,1,1,1,1,1,1,1,1,1,1
9008,mung bean noodles pre-soaked in hot water,1,1,1,1,1,1,1,1,1,1,1
9009,mung bean sprouts,1,1,1,1,1,1,1,1,1,1,1
9010,muscat dessert wine,1,1,1,1,1,1,1,1,1,1,1
9011,muscat wine,1,1,1,1,1,1,1,1,1,1,1
9012,muscatel or white wine vinegar,1,1,1,1,1,1,1,1,1,1,1
9013,mushroom or veg stock,1,1,1,1,1,1,1,1,1,1,1
9014,mushroom powder,1,1,1,1,1,1,1,1,1,1,1
9015,mushy peas and tartar sauce,1,1,1,1,1,1,1,1,1,1,1
9016,muslin cloth,1,1,1,1,1,1,1,1,1,1,1
9017,muslin sterilised,1,1,1,1,1,1,1,1,1,1,1
9018,mussel shells,1,1,1,1,1,1,1,1,1,1,1
9019,mussels de-bearded and cleaned,1,1,1,1,1,1,1,1,1,1,1
9020,mustard - french,1,1,1,1,1,1,1,1,1,1,1
9021,mustard of your choice,1,1,1,1,1,1,1,1,1,1,1
9022,mustard oil or vegetable oil,1,1,1,1,1,1,1,1,1,1,1
9023,mustard or vegetable oil,1,1,1,1,1,1,1,1,1,1,1
9024,mustard slaw and paprika wedges,1,1,1,1,1,1,1,1,1,1,1
9025,mutton chops,1,1,1,1,1,1,1,1,1,1,1
9026,mutton shoulder,1,1,1,1,1,1,1,1,1,1,1
9027,mycoprotein chicken-style pieces,1,1,1,1,1,1,1,1,1,1,1
9028,naan and chutney,1,1,1,1,1,1,1,1,1,1,1
9029,naan bread and rice,1,1,1,1,1,1,1,1,1,1,1
9030,naan bread or chapatis,1,1,1,1,1,1,1,1,1,1,1
9031,naan bread roti,1,1,1,1,1,1,1,1,1,1,1
9032,naan or chapati and coconut yogurt,1,1,1,1,1,1,1,1,1,1,1
9033,naan or flatbreads,1,1,1,1,1,1,1,1,1,1,1
9034,naan or rice,1,1,1,1,1,1,1,1,1,1,1
9035,"naan, rice",1,1,1,1,1,1,1,1,1,1,1
9036,naans breads,1,1,1,1,1,1,1,1,1,1,1
9037,nacho cheese tortilla chips,1,1,1,1,1,1,1,1,1,1,1
9038,nam pla fish sauce,1,1,1,1,1,1,1,1,1,1,1
9039,nando's garlic peri peri sauce,1,1,1,1,1,1,1,1,1,1,1
9040,nando's peri-bbq sauce,1,1,1,1,1,1,1,1,1,1,1
9041,nasturtium leaves with flowers,1,1,1,1,1,1,1,1,1,1,1
9042,nata de coco,1,1,1,1,1,1,1,1,1,1,1
9043,natural,1,1,1,1,1,1,1,1,1,1,1
9044,natural  yogurt,1,1,1,1,1,1,1,1,1,1,1
9045,natural breadcrumbs,1,1,1,1,1,1,1,1,1,1,1
9046,natural fine  breadcrumbs,1,1,1,1,1,1,1,1,1,1,1
9047,natural frozen yogurt,1,1,1,1,1,1,1,1,1,1,1
9048,natural full-fat  greek yogurt,1,1,1,1,1,1,1,1,1,1,1
9049,natural greek-style yogurt,1,1,1,1,1,1,1,1,1,1,1
9050,natural low-fat yogurt,1,1,1,1,1,1,1,1,1,1,1
9051,natural or plant-based yogurt,1,1,1,1,1,1,1,1,1,1,1
9052,natural or turkish yogurt,1,1,1,1,1,1,1,1,1,1,1
9053,natural peanut butter,1,1,1,1,1,1,1,1,1,1,1
9054,natural probiotic yogurt,1,1,1,1,1,1,1,1,1,1,1
9055,natural whole yogurt,1,1,1,1,1,1,1,1,1,1,1
9056,natural yellow food colouring,1,1,1,1,1,1,1,1,1,1,1
9057,natural yogurt and mango chutney,1,1,1,1,1,1,1,1,1,1,1
9058,natural yogurt and naan bread,1,1,1,1,1,1,1,1,1,1,1
9059,natural yogurt and shredded lettuce,1,1,1,1,1,1,1,1,1,1,1
9060,natural yogurt handful mint leaves and couscous,1,1,1,1,1,1,1,1,1,1,1
9061,natural yogurt ice cream,1,1,1,1,1,1,1,1,1,1,1
9062,natural yogurt lime halves,1,1,1,1,1,1,1,1,1,1,1
9063,natural yogurt or buttermilk,1,1,1,1,1,1,1,1,1,1,1
9064,natural yogurt or coconut yogurt,1,1,1,1,1,1,1,1,1,1,1
9065,natural yogurt or crème fraîche,1,1,1,1,1,1,1,1,1,1,1
9066,natural yogurt toast and hummus,1,1,1,1,1,1,1,1,1,1,1
9067,"natural, full-fat greek yogurt",1,1,1,1,1,1,1,1,1,1,1
9068,naturally dairy-free dark chocolate,1,1,1,1,1,1,1,1,1,1,1
9069,navy and silver lustre,1,1,1,1,1,1,1,1,1,1,1
9070,nduja or sobrasada paste,1,1,1,1,1,1,1,1,1,1,1
9071,nduja paste,1,1,1,1,1,1,1,1,1,1,1
9072,nduja sausage,1,1,1,1,1,1,1,1,1,1,1
9073,neck and giblets from your turkey,1,1,1,1,1,1,1,1,1,1,1
9074,nectarine,1,1,1,1,1,1,1,1,1,1,1
9075,nectarines or apricots,1,1,1,1,1,1,1,1,1,1,1
9076,nectarines stoned,1,1,1,1,1,1,1,1,1,1,1
9077,neri goma,1,1,1,1,1,1,1,1,1,1,1
9078,nest dried medium  egg noodles,1,1,1,1,1,1,1,1,1,1,1
9079,nest dried rice noodles,1,1,1,1,1,1,1,1,1,1,1
9080,nest dried vermicelli rice noodles broken in half,1,1,1,1,1,1,1,1,1,1,1
9081,nest wholewheat noodles,1,1,1,1,1,1,1,1,1,1,1
9082,nests egg noodles,1,1,1,1,1,1,1,1,1,1,1
9083,nests of wholewheat noodles,1,1,1,1,1,1,1,1,1,1,1
9084,nests ramen noodles,1,1,1,1,1,1,1,1,1,1,1
9085,nests rice noodles of your choice,1,1,1,1,1,1,1,1,1,1,1
9086,nests thin vermicelli rice noodles,1,1,1,1,1,1,1,1,1,1,1
9087,nests whole wheat noodles,1,1,1,1,1,1,1,1,1,1,1
9088,nests wholewheat egg noodles,1,1,1,1,1,1,1,1,1,1,1
9089,nettle leaves,1,1,1,1,1,1,1,1,1,1,1
9090,neutral cooking oil,1,1,1,1,1,1,1,1,1,1,1
9091,neutral-tasting cooking oil,1,1,1,1,1,1,1,1,1,1,1
9092,neutral-tasting oil such as vegetable,1,1,1,1,1,1,1,1,1,1,1
9093,new  potatoes,1,1,1,1,1,1,1,1,1,1,1
9094,new potatoes and mixed salad,1,1,1,1,1,1,1,1,1,1,1
9095,new potatoes any larger,1,1,1,1,1,1,1,1,1,1,1
9096,new potatoes larger potatoes,1,1,1,1,1,1,1,1,1,1,1
9097,new season carrots with tops,1,1,1,1,1,1,1,1,1,1,1
9098,new-season potatoes,1,1,1,1,1,1,1,1,1,1,1
9099,new/baby potatoes,1,1,1,1,1,1,1,1,1,1,1
9100,nigella or black onion seeds,1,1,1,1,1,1,1,1,1,1,1
9101,no added sugar,1,1,1,1,1,1,1,1,1,1,1
9102,no pre-cook dried lasagne sheets,1,1,1,1,1,1,1,1,1,1,1
9103,no-added-salt sweetcorn,1,1,1,1,1,1,1,1,1,1,1
9104,no-salt chicken stock,1,1,1,1,1,1,1,1,1,1,1
9105,no-salt sweetcorn,1,1,1,1,1,1,1,1,1,1,1
9106,non alcoholic rhubarb &amp; ginger flavour gin,1,1,1,1,1,1,1,1,1,1,1
9107,non-alcoholic sparkling wine,1,1,1,1,1,1,1,1,1,1,1
9108,non-dairy milk,1,1,1,1,1,1,1,1,1,1,1
9109,non-dairy milk alternative,1,1,1,1,1,1,1,1,1,1,1
9110,nonpareilles capers,1,1,1,1,1,1,1,1,1,1,1
9111,noodle nests,1,1,1,1,1,1,1,1,1,1,1
9112,noodles or rice,1,1,1,1,1,1,1,1,1,1,1
9113,nori seaweed,1,1,1,1,1,1,1,1,1,1,1
9114,normal oats,1,1,1,1,1,1,1,1,1,1,1
9115,normal tomatoes,1,1,1,1,1,1,1,1,1,1,1
9116,north atlantic prawns or shrimps,1,1,1,1,1,1,1,1,1,1,1
9117,north atlantic prawns),1,1,1,1,1,1,1,1,1,1,1
9118,nosecco or alcohol-free sparking wine,1,1,1,1,1,1,1,1,1,1,1
9119,novelty candles,1,1,1,1,1,1,1,1,1,1,1
9120,nut butter greek-style yogurt,1,1,1,1,1,1,1,1,1,1,1
9121,nut butter maple syrup,1,1,1,1,1,1,1,1,1,1,1
9122,nut butter of your choice,1,1,1,1,1,1,1,1,1,1,1
9123,nut or seed butter,1,1,1,1,1,1,1,1,1,1,1
9124,nutmeg and celery salt,1,1,1,1,1,1,1,1,1,1,1
9125,nutmeg and cloves,1,1,1,1,1,1,1,1,1,1,1
9126,nutmeg and ground cinnamon,1,1,1,1,1,1,1,1,1,1,1
9127,nutmeg and ground cloves,1,1,1,1,1,1,1,1,1,1,1
9128,nutmeg or cinnamon,1,1,1,1,1,1,1,1,1,1,1
9129,nuts and olives,1,1,1,1,1,1,1,1,1,1,1
9130,nuts of choice,1,1,1,1,1,1,1,1,1,1,1
9131,"nuts toffee pieces, mini chocolate buttons",1,1,1,1,1,1,1,1,1,1,1
9132,nutty cheese,1,1,1,1,1,1,1,1,1,1,1
9133,nutty muesli,1,1,1,1,1,1,1,1,1,1,1
9134,nylon sev,1,1,1,1,1,1,1,1,1,1,1
9135,nyonya curry paste,1,1,1,1,1,1,1,1,1,1,1
9136,oasis foam frame,1,1,1,1,1,1,1,1,1,1,1
9137,oat almond,1,1,1,1,1,1,1,1,1,1,1
9138,oat and raisin cookies,1,1,1,1,1,1,1,1,1,1,1
9139,oat biscuits,1,1,1,1,1,1,1,1,1,1,1
9140,oat bran,1,1,1,1,1,1,1,1,1,1,1
9141,oat milk or rice milk,1,1,1,1,1,1,1,1,1,1,1
9142,"oat, almond milk",1,1,1,1,1,1,1,1,1,1,1
9143,oat-based vegan cream,1,1,1,1,1,1,1,1,1,1,1
9144,oatcakes or crusty bread,1,1,1,1,1,1,1,1,1,1,1
9145,oatibix or weetabix,1,1,1,1,1,1,1,1,1,1,1
9146,oats or seeds,1,1,1,1,1,1,1,1,1,1,1
9147,of cheeses,1,1,1,1,1,1,1,1,1,1,1
9148,oil (vegetable or coconut),1,1,1,1,1,1,1,1,1,1,1
9149,oil for cooking,1,1,1,1,1,1,1,1,1,1,1
9150,oil from the anchovy,1,1,1,1,1,1,1,1,1,1,1
9151,oil from the tomatoes,1,1,1,1,1,1,1,1,1,1,1
9152,oil of your choice,1,1,1,1,1,1,1,1,1,1,1
9153,oil sunflower,1,1,1,1,1,1,1,1,1,1,1
9154,okra fingers,1,1,1,1,1,1,1,1,1,1,1
9155,olive,1,1,1,1,1,1,1,1,1,1,1
9156,olive & basil focaccia roll,1,1,1,1,1,1,1,1,1,1,1
9157,olive ciabatta,1,1,1,1,1,1,1,1,1,1,1
9158,olive oil a drizzle,1,1,1,1,1,1,1,1,1,1,1
9159,olive oil and butter,1,1,1,1,1,1,1,1,1,1,1
9160,olive oil drizzle,1,1,1,1,1,1,1,1,1,1,1
9161,olive oil or vegetable oil,1,1,1,1,1,1,1,1,1,1,1
9162,olive oil per portion,1,1,1,1,1,1,1,1,1,1,1
9163,olive or sunflower oil,1,1,1,1,1,1,1,1,1,1,1
9164,olive tapenade,1,1,1,1,1,1,1,1,1,1,1
9165,olives &amp,1,1,1,1,1,1,1,1,1,1,1
9166,olives stuffed with red peppers,1,1,1,1,1,1,1,1,1,1,1
9167,oloroso sherry,1,1,1,1,1,1,1,1,1,1,1
9168,omega-3 enriched eggs,1,1,1,1,1,1,1,1,1,1,1
9169,on-the-bone pork chops,1,1,1,1,1,1,1,1,1,1,1
9170,on-the-vine tomato,1,1,1,1,1,1,1,1,1,1,1
9171,onglet steak,1,1,1,1,1,1,1,1,1,1,1
9172,onion bhaji,1,1,1,1,1,1,1,1,1,1,1
9173,onion chutney or chilli jam,1,1,1,1,1,1,1,1,1,1,1
9174,onion ends,1,1,1,1,1,1,1,1,1,1,1
9175,onion flakes,1,1,1,1,1,1,1,1,1,1,1
9176,onion left whole,1,1,1,1,1,1,1,1,1,1,1
9177,onions skin on,1,1,1,1,1,1,1,1,1,1,1
9178,onions tomatoes,1,1,1,1,1,1,1,1,1,1,1
9179,open star piping nozzle,1,1,1,1,1,1,1,1,1,1,1
9180,or frozen peas,1,1,1,1,1,1,1,1,1,1,1
9181,or other chocolate caramel,1,1,1,1,1,1,1,1,1,1,1
9182,or ready-rolled lighter puff pastry,1,1,1,1,1,1,1,1,1,1,1
9183,or thick egg noodles,1,1,1,1,1,1,1,1,1,1,1
9184,orange  fruit pastille,1,1,1,1,1,1,1,1,1,1,1
9185,orange and a cherry on,1,1,1,1,1,1,1,1,1,1,1
9186,orange and green food colouring,1,1,1,1,1,1,1,1,1,1,1
9187,orange and lemon,1,1,1,1,1,1,1,1,1,1,1
9188,orange and lemon peel,1,1,1,1,1,1,1,1,1,1,1
9189,orange and pink food colouring,1,1,1,1,1,1,1,1,1,1,1
9190,orange and pink gel food colouring,1,1,1,1,1,1,1,1,1,1,1
9191,orange artificial food colouring pastes,1,1,1,1,1,1,1,1,1,1,1
9192,orange carrot,1,1,1,1,1,1,1,1,1,1,1
9193,orange curd,1,1,1,1,1,1,1,1,1,1,1
9194,orange fondant icing,1,1,1,1,1,1,1,1,1,1,1
9195,orange food colouring paste,1,1,1,1,1,1,1,1,1,1,1
9196,orange half,1,1,1,1,1,1,1,1,1,1,1
9197,orange juice fresh or carton,1,1,1,1,1,1,1,1,1,1,1
9198,orange juice with bits,1,1,1,1,1,1,1,1,1,1,1
9199,orange liqueur brandy,1,1,1,1,1,1,1,1,1,1,1
9200,orange marmalade,1,1,1,1,1,1,1,1,1,1,1
9201,orange muscat,1,1,1,1,1,1,1,1,1,1,1
9202,orange or lemon curd,1,1,1,1,1,1,1,1,1,1,1
9203,orange or mango,1,1,1,1,1,1,1,1,1,1,1
9204,orange or vanilla extract,1,1,1,1,1,1,1,1,1,1,1
9205,orange or white fondant icing,1,1,1,1,1,1,1,1,1,1,1
9206,orange peppers,1,1,1,1,1,1,1,1,1,1,1
9207,orange peppers de-,1,1,1,1,1,1,1,1,1,1,1
9208,orange rind,1,1,1,1,1,1,1,1,1,1,1
9209,orange segments,1,1,1,1,1,1,1,1,1,1,1
9210,orange shred marmalade,1,1,1,1,1,1,1,1,1,1,1
9211,orange slices and fresh bay leaves,1,1,1,1,1,1,1,1,1,1,1
9212,orange syrup,1,1,1,1,1,1,1,1,1,1,1
9213,orange tangerine,1,1,1,1,1,1,1,1,1,1,1
9214,orange the juice and zest of half,1,1,1,1,1,1,1,1,1,1,1
9215,orange the peel,1,1,1,1,1,1,1,1,1,1,1
9216,orange tic tacs,1,1,1,1,1,1,1,1,1,1,1
9217,orange water,1,1,1,1,1,1,1,1,1,1,1
9218,orange wine,1,1,1,1,1,1,1,1,1,1,1
9219,orange zest and juice,1,1,1,1,1,1,1,1,1,1,1
9220,orange zest pared with a vegetable,1,1,1,1,1,1,1,1,1,1,1
9221,orange-flavoured gin,1,1,1,1,1,1,1,1,1,1,1
9222,oranges zest and juice,1,1,1,1,1,1,1,1,1,1,1
9223,oranges zest of 1,1,1,1,1,1,1,1,1,1,1,1
9224,orecchiette pasta,1,1,1,1,1,1,1,1,1,1,1
9225,oregano or thyme leaves,1,1,1,1,1,1,1,1,1,1,1
9226,oreo biscuits,1,1,1,1,1,1,1,1,1,1,1
9227,oreo cookies,1,1,1,1,1,1,1,1,1,1,1
9228,organic apple cider vinegar,1,1,1,1,1,1,1,1,1,1,1
9229,organic black teabags bags,1,1,1,1,1,1,1,1,1,1,1
9230,organic broccoli,1,1,1,1,1,1,1,1,1,1,1
9231,organic butter,1,1,1,1,1,1,1,1,1,1,1
9232,organic cane sugar,1,1,1,1,1,1,1,1,1,1,1
9233,organic carrots,1,1,1,1,1,1,1,1,1,1,1
9234,organic chicken or duck livers,1,1,1,1,1,1,1,1,1,1,1
9235,organic dark rye flour,1,1,1,1,1,1,1,1,1,1,1
9236,organic egg yolks,1,1,1,1,1,1,1,1,1,1,1
9237,organic free-range eggs,1,1,1,1,1,1,1,1,1,1,1
9238,organic free-range pork chipolatas,1,1,1,1,1,1,1,1,1,1,1
9239,organic full-fat milk,1,1,1,1,1,1,1,1,1,1,1
9240,organic green teabags,1,1,1,1,1,1,1,1,1,1,1
9241,organic lemons,1,1,1,1,1,1,1,1,1,1,1
9242,organic medium cucumbers,1,1,1,1,1,1,1,1,1,1,1
9243,organic passata,1,1,1,1,1,1,1,1,1,1,1
9244,organic peanut butter,1,1,1,1,1,1,1,1,1,1,1
9245,organic potatoes,1,1,1,1,1,1,1,1,1,1,1
9246,organic primrose flowers,1,1,1,1,1,1,1,1,1,1,1
9247,organic rye flour,1,1,1,1,1,1,1,1,1,1,1
9248,organic silken soft tofu,1,1,1,1,1,1,1,1,1,1,1
9249,organic strong white flour,1,1,1,1,1,1,1,1,1,1,1
9250,organic sultanas,1,1,1,1,1,1,1,1,1,1,1
9251,organic sweetcorn,1,1,1,1,1,1,1,1,1,1,1
9252,organic unflavoured tempeh,1,1,1,1,1,1,1,1,1,1,1
9253,organic unsalted crunchy peanut butter,1,1,1,1,1,1,1,1,1,1,1
9254,organic vanilla bean pod,1,1,1,1,1,1,1,1,1,1,1
9255,"organic, free-range chicken",1,1,1,1,1,1,1,1,1,1,1
9256,"organic, unsweetened desiccated coconut",1,1,1,1,1,1,1,1,1,1,1
9257,orgeat syrup,1,1,1,1,1,1,1,1,1,1,1
9258,other cookie fillings,1,1,1,1,1,1,1,1,1,1,1
9259,other vegetables,1,1,1,1,1,1,1,1,1,1,1
9260,our downloadable chimney case template,1,1,1,1,1,1,1,1,1,1,1
9261,our tip,1,1,1,1,1,1,1,1,1,1,1
9262,outer layer,1,1,1,1,1,1,1,1,1,1,1
9263,oven  chips,1,1,1,1,1,1,1,1,1,1,1
9264,oven chips,1,1,1,1,1,1,1,1,1,1,1
9265,oven chips cooked following,1,1,1,1,1,1,1,1,1,1,1
9266,oven fries,1,1,1,1,1,1,1,1,1,1,1
9267,oven fries or chips,1,1,1,1,1,1,1,1,1,1,1
9268,oven-baked chips,1,1,1,1,1,1,1,1,1,1,1
9269,oven-ready  turkey neck,1,1,1,1,1,1,1,1,1,1,1
9270,oven-ready goose trussed,1,1,1,1,1,1,1,1,1,1,1
9271,oven-ready turkey,1,1,1,1,1,1,1,1,1,1,1
9272,oven-roasted vegetables,1,1,1,1,1,1,1,1,1,1,1
9273,ovenproof lolly sticks,1,1,1,1,1,1,1,1,1,1,1
9274,ovenproof pan with,1,1,1,1,1,1,1,1,1,1,1
9275,overripe banana,1,1,1,1,1,1,1,1,1,1,1
9276,overripe bananas - the blacker the better,1,1,1,1,1,1,1,1,1,1,1
9277,oxtail,1,1,1,1,1,1,1,1,1,1,1
9278,oxtail ask your butcher,1,1,1,1,1,1,1,1,1,1,1
9279,oyster sauce or fish sauce,1,1,1,1,1,1,1,1,1,1,1
9280,paccheri,1,1,1,1,1,1,1,1,1,1,1
9281,packets chocolate cream-filled sandwich cookies,1,1,1,1,1,1,1,1,1,1,1
9282,padron pepper,1,1,1,1,1,1,1,1,1,1,1
9283,padron pepper agave syrup,1,1,1,1,1,1,1,1,1,1,1
9284,padron pepper and lime,1,1,1,1,1,1,1,1,1,1,1
9285,padron peppers stalks,1,1,1,1,1,1,1,1,1,1,1
9286,padrón peppers stalks,1,1,1,1,1,1,1,1,1,1,1
9287,paella or arborio rice,1,1,1,1,1,1,1,1,1,1,1
9288,paella or short-grain rice,1,1,1,1,1,1,1,1,1,1,1
9289,paella paste,1,1,1,1,1,1,1,1,1,1,1
9290,paint brush,1,1,1,1,1,1,1,1,1,1,1
9291,pairs powder-free disposable gloves,1,1,1,1,1,1,1,1,1,1,1
9292,pak choi cooked white rice,1,1,1,1,1,1,1,1,1,1,1
9293,pak choi each,1,1,1,1,1,1,1,1,1,1,1
9294,pak choi each quartered,1,1,1,1,1,1,1,1,1,1,1
9295,pak choi halved lengthways,1,1,1,1,1,1,1,1,1,1,1
9296,pak choi white parts,1,1,1,1,1,1,1,1,1,1,1
9297,pale blue fondant icing,1,1,1,1,1,1,1,1,1,1,1
9298,pale blue ribbon,1,1,1,1,1,1,1,1,1,1,1
9299,palette knife,1,1,1,1,1,1,1,1,1,1,1
9300,palette knives,1,1,1,1,1,1,1,1,1,1,1
9301,palm,1,1,1,1,1,1,1,1,1,1,1
9302,palm heart,1,1,1,1,1,1,1,1,1,1,1
9303,palm nut concentrate,1,1,1,1,1,1,1,1,1,1,1
9304,palm oil and/or vegetable oil,1,1,1,1,1,1,1,1,1,1,1
9305,palm or  vegetable oil,1,1,1,1,1,1,1,1,1,1,1
9306,pan juices from the turkey roasting,1,1,1,1,1,1,1,1,1,1,1
9307,panang curry paste,1,1,1,1,1,1,1,1,1,1,1
9308,pancakes,1,1,1,1,1,1,1,1,1,1,1
9309,pancakes or crêpes,1,1,1,1,1,1,1,1,1,1,1
9310,pancetta di cubetti,1,1,1,1,1,1,1,1,1,1,1
9311,pancetta or bacon,1,1,1,1,1,1,1,1,1,1,1
9312,pancetta or rashers rindless smoked streaky bacon,1,1,1,1,1,1,1,1,1,1,1
9313,pancetta or smoked bacon,1,1,1,1,1,1,1,1,1,1,1
9314,pancetta or smoked streaky bacon,1,1,1,1,1,1,1,1,1,1,1
9315,pancetta or smoky bacon lardons,1,1,1,1,1,1,1,1,1,1,1
9316,pancetta or streaky bacon lardons,1,1,1,1,1,1,1,1,1,1,1
9317,pancetta or thin streaky bacon,1,1,1,1,1,1,1,1,1,1,1
9318,pancetta or unsmoked bacon lardons,1,1,1,1,1,1,1,1,1,1,1
9319,pancetta pieces,1,1,1,1,1,1,1,1,1,1,1
9320,pancetta rashers,1,1,1,1,1,1,1,1,1,1,1
9321,panch puran ground,1,1,1,1,1,1,1,1,1,1,1
9322,pandan essence,1,1,1,1,1,1,1,1,1,1,1
9323,pandan extract,1,1,1,1,1,1,1,1,1,1,1
9324,pandan leaves knotted,1,1,1,1,1,1,1,1,1,1,1
9325,pandoro,1,1,1,1,1,1,1,1,1,1,1
9326,paninis,1,1,1,1,1,1,1,1,1,1,1
9327,panko breadcrumbs seasoned with salt,1,1,1,1,1,1,1,1,1,1,1
9328,papas criollas,1,1,1,1,1,1,1,1,1,1,1
9329,paper,1,1,1,1,1,1,1,1,1,1,1
9330,paper bag,1,1,1,1,1,1,1,1,1,1,1
9331,paper cases,1,1,1,1,1,1,1,1,1,1,1
9332,paper cupcake,1,1,1,1,1,1,1,1,1,1,1
9333,paper cupcake cases,1,1,1,1,1,1,1,1,1,1,1
9334,paper lolly,1,1,1,1,1,1,1,1,1,1,1
9335,paper muffin cases,1,1,1,1,1,1,1,1,1,1,1
9336,pappardelle or other flat pasta,1,1,1,1,1,1,1,1,1,1,1
9337,paprika or smoked paprika,1,1,1,1,1,1,1,1,1,1,1
9338,paprika powder,1,1,1,1,1,1,1,1,1,1,1
9339,paprika roasties,1,1,1,1,1,1,1,1,1,1,1
9340,pared lemon or grapefruit zest,1,1,1,1,1,1,1,1,1,1,1
9341,pared orange peel,1,1,1,1,1,1,1,1,1,1,1
9342,pared strips lemons zest,1,1,1,1,1,1,1,1,1,1,1
9343,pared strips of lime zest,1,1,1,1,1,1,1,1,1,1,1
9344,pared zest 0.5 lemon,1,1,1,1,1,1,1,1,1,1,1
9345,pared zest 0.5 orange,1,1,1,1,1,1,1,1,1,1,1
9346,pared zest and juice &frac12,1,1,1,1,1,1,1,1,1,1,1
9347,pared zest of 1 lemon,1,1,1,1,1,1,1,1,1,1,1
9348,parmesan about two-thirds,1,1,1,1,1,1,1,1,1,1,1
9349,parmesan dairy-free cheese or spreadable dairy-free cream,1,1,1,1,1,1,1,1,1,1,1
9350,parmesan or italian-style vegetarian hard cheese,1,1,1,1,1,1,1,1,1,1,1
9351,parmesan or mature cheddar,1,1,1,1,1,1,1,1,1,1,1
9352,parmesan or ricotta salata,1,1,1,1,1,1,1,1,1,1,1
9353,parmesan or veggie alternative,1,1,1,1,1,1,1,1,1,1,1
9354,parmesan pecorino,1,1,1,1,1,1,1,1,1,1,1
9355,parmesan rinds,1,1,1,1,1,1,1,1,1,1,1
9356,parmigiano reggiano,1,1,1,1,1,1,1,1,1,1,1
9357,parmigiano-reggiano 40g,1,1,1,1,1,1,1,1,1,1,1
9358,parsley and chervil,1,1,1,1,1,1,1,1,1,1,1
9359,parsley and chives,1,1,1,1,1,1,1,1,1,1,1
9360,parsley and crusty bread,1,1,1,1,1,1,1,1,1,1,1
9361,parsley and lemon wedges,1,1,1,1,1,1,1,1,1,1,1
9362,parsley and mint,1,1,1,1,1,1,1,1,1,1,1
9363,parsley and mint leaves,1,1,1,1,1,1,1,1,1,1,1
9364,parsley and pomegranate seeds,1,1,1,1,1,1,1,1,1,1,1
9365,parsley chervil,1,1,1,1,1,1,1,1,1,1,1
9366,parsley coriander,1,1,1,1,1,1,1,1,1,1,1
9367,parsley coriander and mint leaves,1,1,1,1,1,1,1,1,1,1,1
9368,parsley crumbled feta,1,1,1,1,1,1,1,1,1,1,1
9369,parsley leaves and dill,1,1,1,1,1,1,1,1,1,1,1
9370,parsley most,1,1,1,1,1,1,1,1,1,1,1
9371,"parsley or basil, leaves only",1,1,1,1,1,1,1,1,1,1,1
9372,parsley stems,1,1,1,1,1,1,1,1,1,1,1
9373,parsley stems removed,1,1,1,1,1,1,1,1,1,1,1
9374,"parsley, leaves",1,1,1,1,1,1,1,1,1,1,1
9375,parsnip crisps with sea salt &amp,1,1,1,1,1,1,1,1,1,1,1
9376,part-baked baguette,1,1,1,1,1,1,1,1,1,1,1
9377,part-baked baguettes,1,1,1,1,1,1,1,1,1,1,1
9378,part-baked white baguette,1,1,1,1,1,1,1,1,1,1,1
9379,part-baked white baguettes,1,1,1,1,1,1,1,1,1,1,1
9380,partridge,1,1,1,1,1,1,1,1,1,1,1
9381,party straws,1,1,1,1,1,1,1,1,1,1,1
9382,passata or canned tomatoes,1,1,1,1,1,1,1,1,1,1,1
9383,passata or half our basic tomato sauce,1,1,1,1,1,1,1,1,1,1,1
9384,passata rustica,1,1,1,1,1,1,1,1,1,1,1
9385,passata with basil,1,1,1,1,1,1,1,1,1,1,1
9386,passion fruit juice from a carton,1,1,1,1,1,1,1,1,1,1,1
9387,passion fruit pulp,1,1,1,1,1,1,1,1,1,1,1
9388,passion fruit pulp only,1,1,1,1,1,1,1,1,1,1,1
9389,passion fruit pulp removed,1,1,1,1,1,1,1,1,1,1,1
9390,passion fruit pulp scooped out,1,1,1,1,1,1,1,1,1,1,1
9391,passion fruit seeds scooped out,1,1,1,1,1,1,1,1,1,1,1
9392,passion fruits pulp only,1,1,1,1,1,1,1,1,1,1,1
9393,passion fruits pulp scooped out,1,1,1,1,1,1,1,1,1,1,1
9394,past-their-best  soft herbs,1,1,1,1,1,1,1,1,1,1,1
9395,past-their-best greens,1,1,1,1,1,1,1,1,1,1,1
9396,pasta any shape,1,1,1,1,1,1,1,1,1,1,1
9397,pasta any shape you,1,1,1,1,1,1,1,1,1,1,1
9398,pasta bows,1,1,1,1,1,1,1,1,1,1,1
9399,pasta flour,1,1,1,1,1,1,1,1,1,1,1
9400,pasta microwave jacket potato or crusty garlic bread,1,1,1,1,1,1,1,1,1,1,1
9401,pasta of your choice,1,1,1,1,1,1,1,1,1,1,1
9402,pasta shape,1,1,1,1,1,1,1,1,1,1,1
9403,pasta shapes of your choice,1,1,1,1,1,1,1,1,1,1,1
9404,pasta shells or conchiglioni,1,1,1,1,1,1,1,1,1,1,1
9405,paste food colouring,1,1,1,1,1,1,1,1,1,1,1
9406,pastry,1,1,1,1,1,1,1,1,1,1,1
9407,pastry flour,1,1,1,1,1,1,1,1,1,1,1
9408,patterned paper fairy cake,1,1,1,1,1,1,1,1,1,1,1
9409,pea,1,1,1,1,1,1,1,1,1,1,1
9410,pea aubergines,1,1,1,1,1,1,1,1,1,1,1
9411,pea protein powder,1,1,1,1,1,1,1,1,1,1,1
9412,pea shoots and edible flowers,1,1,1,1,1,1,1,1,1,1,1
9413,pea shoots or salad leaves,1,1,1,1,1,1,1,1,1,1,1
9414,peach cordial,1,1,1,1,1,1,1,1,1,1,1
9415,peach iced tea,1,1,1,1,1,1,1,1,1,1,1
9416,peach jam,1,1,1,1,1,1,1,1,1,1,1
9417,peach juice,1,1,1,1,1,1,1,1,1,1,1
9418,peach liqueur,1,1,1,1,1,1,1,1,1,1,1
9419,peach purée,1,1,1,1,1,1,1,1,1,1,1
9420,peach slices in fruit juice,1,1,1,1,1,1,1,1,1,1,1
9421,peach slices in juice,1,1,1,1,1,1,1,1,1,1,1
9422,peach slices in syrup,1,1,1,1,1,1,1,1,1,1,1
9423,peaches fresh,1,1,1,1,1,1,1,1,1,1,1
9424,peaches halves in juice,1,1,1,1,1,1,1,1,1,1,1
9425,peaches in juice,1,1,1,1,1,1,1,1,1,1,1
9426,peaches in syrup,1,1,1,1,1,1,1,1,1,1,1
9427,peaches or apricots,1,1,1,1,1,1,1,1,1,1,1
9428,peanut,1,1,1,1,1,1,1,1,1,1,1
9429,peanut brittle,1,1,1,1,1,1,1,1,1,1,1
9430,peanut butter cookies,1,1,1,1,1,1,1,1,1,1,1
9431,peanut butter smooth,1,1,1,1,1,1,1,1,1,1,1
9432,peanuts regular,1,1,1,1,1,1,1,1,1,1,1
9433,pear chutney,1,1,1,1,1,1,1,1,1,1,1
9434,pear halves in syrup,1,1,1,1,1,1,1,1,1,1,1
9435,pear juice,1,1,1,1,1,1,1,1,1,1,1
9436,pear quarters,1,1,1,1,1,1,1,1,1,1,1
9437,pearls,1,1,1,1,1,1,1,1,1,1,1
9438,peas fresh or frozen,1,1,1,1,1,1,1,1,1,1,1
9439,peas or green beans,1,1,1,1,1,1,1,1,1,1,1
9440,peas or salad,1,1,1,1,1,1,1,1,1,1,1
9441,pecan or walnuts,1,1,1,1,1,1,1,1,1,1,1
9442,pecans and pistachios,1,1,1,1,1,1,1,1,1,1,1
9443,pecans ice cream,1,1,1,1,1,1,1,1,1,1,1
9444,pecans or chocolate chips,1,1,1,1,1,1,1,1,1,1,1
9445,pecans walnuts and unblanched hazelnuts,1,1,1,1,1,1,1,1,1,1,1
9446,pecorino cheese,1,1,1,1,1,1,1,1,1,1,1
9447,pecorino romano parmesan,1,1,1,1,1,1,1,1,1,1,1
9448,pectin,1,1,1,1,1,1,1,1,1,1,1
9449,pedro ximénez sherry brandy,1,1,1,1,1,1,1,1,1,1,1
9450,pen,1,1,1,1,1,1,1,1,1,1,1
9451,penne or fusilli,1,1,1,1,1,1,1,1,1,1,1
9452,peppadew peppers,1,1,1,1,1,1,1,1,1,1,1
9453,pepper any colour,1,1,1,1,1,1,1,1,1,1,1
9454,peppercorn,1,1,1,1,1,1,1,1,1,1,1
9455,peppered hot smoked mackerel,1,1,1,1,1,1,1,1,1,1,1
9456,peppered rice,1,1,1,1,1,1,1,1,1,1,1
9457,peppered smoked mackerel,1,1,1,1,1,1,1,1,1,1,1
9458,peppered smoked mackerel skin removed,1,1,1,1,1,1,1,1,1,1,1
9459,peppermint  candy canes,1,1,1,1,1,1,1,1,1,1,1
9460,peppermint candy cane,1,1,1,1,1,1,1,1,1,1,1
9461,peppermint candy canes broken up,1,1,1,1,1,1,1,1,1,1,1
9462,peppermint tea bags,1,1,1,1,1,1,1,1,1,1,1
9463,peppers (any colour,1,1,1,1,1,1,1,1,1,1,1
9464,peppers 1 each of,1,1,1,1,1,1,1,1,1,1,1
9465,peppers and 1 scotch bonnet pepper,1,1,1,1,1,1,1,1,1,1,1
9466,peppers any colour,1,1,1,1,1,1,1,1,1,1,1
9467,peppers mixed,1,1,1,1,1,1,1,1,1,1,1
9468,peppery green salad,1,1,1,1,1,1,1,1,1,1,1
9469,peppery leaves,1,1,1,1,1,1,1,1,1,1,1
9470,per baguette),1,1,1,1,1,1,1,1,1,1,1
9471,per person,1,1,1,1,1,1,1,1,1,1,1
9472,perfectly ripe pears,1,1,1,1,1,1,1,1,1,1,1
9473,perfectly ripe strawberries,1,1,1,1,1,1,1,1,1,1,1
9474,peri-peri sauce,1,1,1,1,1,1,1,1,1,1,1
9475,perry,1,1,1,1,1,1,1,1,1,1,1
9476,perry (pear cider),1,1,1,1,1,1,1,1,1,1,1
9477,persian  green pistachio slivers,1,1,1,1,1,1,1,1,1,1,1
9478,persian dried limes,1,1,1,1,1,1,1,1,1,1,1
9479,person depending on size and appetites),1,1,1,1,1,1,1,1,1,1,1
9480,pesto canned tuna,1,1,1,1,1,1,1,1,1,1,1
9481,pesto or chutney,1,1,1,1,1,1,1,1,1,1,1
9482,pesto see recipe in tips,1,1,1,1,1,1,1,1,1,1,1
9483,pesto vegetarian,1,1,1,1,1,1,1,1,1,1,1
9484,petit pois,1,1,1,1,1,1,1,1,1,1,1
9485,petits pois,1,1,1,1,1,1,1,1,1,1,1
9486,peychaud's bitters,1,1,1,1,1,1,1,1,1,1,1
9487,peyniri,1,1,1,1,1,1,1,1,1,1,1
9488,pheasant,1,1,1,1,1,1,1,1,1,1,1
9489,pheasant crown,1,1,1,1,1,1,1,1,1,1,1
9490,pheasants,1,1,1,1,1,1,1,1,1,1,1
9491,pheasants jointed,1,1,1,1,1,1,1,1,1,1,1
9492,pheasants legs,1,1,1,1,1,1,1,1,1,1,1
9493,pheasants trussed,1,1,1,1,1,1,1,1,1,1,1
9494,philadelphia intense garlic &amp,1,1,1,1,1,1,1,1,1,1,1
9495,physalis fruits,1,1,1,1,1,1,1,1,1,1,1
9496,piccalilli any large pieces,1,1,1,1,1,1,1,1,1,1,1
9497,pickle brine,1,1,1,1,1,1,1,1,1,1,1
9498,pickle juice from the gherkin jar,1,1,1,1,1,1,1,1,1,1,1
9499,pickle liquor from the pickled jalapeño chillies,1,1,1,1,1,1,1,1,1,1,1
9500,pickle or chutney,1,1,1,1,1,1,1,1,1,1,1
9501,pickle relish,1,1,1,1,1,1,1,1,1,1,1
9502,pickled  ginger,1,1,1,1,1,1,1,1,1,1,1
9503,pickled  turnip,1,1,1,1,1,1,1,1,1,1,1
9504,pickled beef brisket,1,1,1,1,1,1,1,1,1,1,1
9505,pickled carrot & mooli,1,1,1,1,1,1,1,1,1,1,1
9506,pickled chilli,1,1,1,1,1,1,1,1,1,1,1
9507,pickled chilli and shallots,1,1,1,1,1,1,1,1,1,1,1
9508,pickled cornichons,1,1,1,1,1,1,1,1,1,1,1
9509,pickled cucumber relish,1,1,1,1,1,1,1,1,1,1,1
9510,pickled garlic,1,1,1,1,1,1,1,1,1,1,1
9511,pickled gherkin,1,1,1,1,1,1,1,1,1,1,1
9512,pickled gherkins,1,1,1,1,1,1,1,1,1,1,1
9513,pickled ginger with 1 tbsp juice,1,1,1,1,1,1,1,1,1,1,1
9514,pickled green chillies,1,1,1,1,1,1,1,1,1,1,1
9515,pickled jalapeño peppers,1,1,1,1,1,1,1,1,1,1,1
9516,pickled jalapeños 4 left,1,1,1,1,1,1,1,1,1,1,1
9517,pickled mooli,1,1,1,1,1,1,1,1,1,1,1
9518,pickled pickled ginger,1,1,1,1,1,1,1,1,1,1,1
9519,pickled pink ginger,1,1,1,1,1,1,1,1,1,1,1
9520,pickled red cabbage chilli sauce and hummus,1,1,1,1,1,1,1,1,1,1,1
9521,pickled red cabbage drained chilli sauce,1,1,1,1,1,1,1,1,1,1,1
9522,pickled red onion,1,1,1,1,1,1,1,1,1,1,1
9523,pickled silver skin pickled onions,1,1,1,1,1,1,1,1,1,1,1
9524,pickled turnip,1,1,1,1,1,1,1,1,1,1,1
9525,pickled walnut,1,1,1,1,1,1,1,1,1,1,1
9526,pickles nori,1,1,1,1,1,1,1,1,1,1,1
9527,pickling onions,1,1,1,1,1,1,1,1,1,1,1
9528,pickling or ridged cucumber,1,1,1,1,1,1,1,1,1,1,1
9529,piemento stuffed green olives,1,1,1,1,1,1,1,1,1,1,1
9530,pigeon breasts,1,1,1,1,1,1,1,1,1,1,1
9531,pilchard in tomato sauce,1,1,1,1,1,1,1,1,1,1,1
9532,piles of hot buttered toast,1,1,1,1,1,1,1,1,1,1,1
9533,pimento,1,1,1,1,1,1,1,1,1,1,1
9534,pimento (allspice) berries,1,1,1,1,1,1,1,1,1,1,1
9535,pimento seeds,1,1,1,1,1,1,1,1,1,1,1
9536,pimento-stuffed green olives,1,1,1,1,1,1,1,1,1,1,1
9537,pimento-stuffed olives,1,1,1,1,1,1,1,1,1,1,1
9538,pimm's no.,1,1,1,1,1,1,1,1,1,1,1
9539,pine nut,1,1,1,1,1,1,1,1,1,1,1
9540,pine nuts and parmesan,1,1,1,1,1,1,1,1,1,1,1
9541,pineapple a lime,1,1,1,1,1,1,1,1,1,1,1
9542,pineapple chunks from,1,1,1,1,1,1,1,1,1,1,1
9543,pineapple chunks in juice,1,1,1,1,1,1,1,1,1,1,1
9544,pineapple chunks in unsweetened juice,1,1,1,1,1,1,1,1,1,1,1
9545,pineapple flesh,1,1,1,1,1,1,1,1,1,1,1
9546,pineapple flowers,1,1,1,1,1,1,1,1,1,1,1
9547,pineapple from,1,1,1,1,1,1,1,1,1,1,1
9548,pineapple in juice,1,1,1,1,1,1,1,1,1,1,1
9549,pineapple in natural juice,1,1,1,1,1,1,1,1,1,1,1
9550,pineapple jam,1,1,1,1,1,1,1,1,1,1,1
9551,pineapple juice from,1,1,1,1,1,1,1,1,1,1,1
9552,pineapple juice only,1,1,1,1,1,1,1,1,1,1,1
9553,pineapple peel,1,1,1,1,1,1,1,1,1,1,1
9554,pineapple pieces in juice,1,1,1,1,1,1,1,1,1,1,1
9555,pineapple pieces with syrup,1,1,1,1,1,1,1,1,1,1,1
9556,pineapple rum,1,1,1,1,1,1,1,1,1,1,1
9557,pineapple skin,1,1,1,1,1,1,1,1,1,1,1
9558,pineapple slices,1,1,1,1,1,1,1,1,1,1,1
9559,pineapple wedge,1,1,1,1,1,1,1,1,1,1,1
9560,pineapple wedge and maraschino cherry,1,1,1,1,1,1,1,1,1,1,1
9561,pink  cake board,1,1,1,1,1,1,1,1,1,1,1
9562,pink  food colouring spray,1,1,1,1,1,1,1,1,1,1,1
9563,pink  sugar mice,1,1,1,1,1,1,1,1,1,1,1
9564,pink and brown food colouring pastes,1,1,1,1,1,1,1,1,1,1,1
9565,pink and caramel  food colouring pastes,1,1,1,1,1,1,1,1,1,1,1
9566,pink and gold edible glitter,1,1,1,1,1,1,1,1,1,1,1
9567,pink and purple food colouring gels,1,1,1,1,1,1,1,1,1,1,1
9568,pink and red food colourings,1,1,1,1,1,1,1,1,1,1,1
9569,pink and white  marshmallows,1,1,1,1,1,1,1,1,1,1,1
9570,pink and yellow food colouring,1,1,1,1,1,1,1,1,1,1,1
9571,pink and yellow food colouring gels,1,1,1,1,1,1,1,1,1,1,1
9572,pink apple,1,1,1,1,1,1,1,1,1,1,1
9573,pink candy melts,1,1,1,1,1,1,1,1,1,1,1
9574,pink gel food colouring,1,1,1,1,1,1,1,1,1,1,1
9575,pink gel or paste food colouring,1,1,1,1,1,1,1,1,1,1,1
9576,pink gin berry-,1,1,1,1,1,1,1,1,1,1,1
9577,pink grapefuit,1,1,1,1,1,1,1,1,1,1,1
9578,pink lemonade,1,1,1,1,1,1,1,1,1,1,1
9579,pink or gold lustre,1,1,1,1,1,1,1,1,1,1,1
9580,pink pickled onions,1,1,1,1,1,1,1,1,1,1,1
9581,pink radishes,1,1,1,1,1,1,1,1,1,1,1
9582,pink raspberry,1,1,1,1,1,1,1,1,1,1,1
9583,pink ready-to-roll icing,1,1,1,1,1,1,1,1,1,1,1
9584,pink rhubarb stalks,1,1,1,1,1,1,1,1,1,1,1
9585,pink rose petals unsprayed,1,1,1,1,1,1,1,1,1,1,1
9586,pink rose turkish delight,1,1,1,1,1,1,1,1,1,1,1
9587,pink roses,1,1,1,1,1,1,1,1,1,1,1
9588,pink sprinkles,1,1,1,1,1,1,1,1,1,1,1
9589,pink wafer biscuits,1,1,1,1,1,1,1,1,1,1,1
9590,pinto or black beans,1,1,1,1,1,1,1,1,1,1,1
9591,piping bag,1,1,1,1,1,1,1,1,1,1,1
9592,piping bag fitted with a large open star nozzle,1,1,1,1,1,1,1,1,1,1,1
9593,piping nozzle,1,1,1,1,1,1,1,1,1,1,1
9594,pippin apples,1,1,1,1,1,1,1,1,1,1,1
9595,piquillo pimiento peppers,1,1,1,1,1,1,1,1,1,1,1
9596,piri-piri spice blend,1,1,1,1,1,1,1,1,1,1,1
9597,piri-piri spice mix,1,1,1,1,1,1,1,1,1,1,1
9598,pisco (grape brandy),1,1,1,1,1,1,1,1,1,1,1
9599,pistachio cream,1,1,1,1,1,1,1,1,1,1,1
9600,pistachio cream spread,1,1,1,1,1,1,1,1,1,1,1
9601,pistachio crème or butter,1,1,1,1,1,1,1,1,1,1,1
9602,pistachio ice cream,1,1,1,1,1,1,1,1,1,1,1
9603,pistachio nibs,1,1,1,1,1,1,1,1,1,1,1
9604,pistachio nut kernals,1,1,1,1,1,1,1,1,1,1,1
9605,pistachios and coconut flakes,1,1,1,1,1,1,1,1,1,1,1
9606,pistachios desiccated coconut,1,1,1,1,1,1,1,1,1,1,1
9607,pistachios ground,1,1,1,1,1,1,1,1,1,1,1
9608,pistachios ground in a blender,1,1,1,1,1,1,1,1,1,1,1
9609,pistachios ground to crumbs,1,1,1,1,1,1,1,1,1,1,1
9610,pistachios hazelnuts,1,1,1,1,1,1,1,1,1,1,1
9611,pitta bread wraps,1,1,1,1,1,1,1,1,1,1,1
9612,pitta crisps and vegetable crudités,1,1,1,1,1,1,1,1,1,1,1
9613,pitta khobez,1,1,1,1,1,1,1,1,1,1,1
9614,pittas and veg crudités,1,1,1,1,1,1,1,1,1,1,1
9615,pittas or vegetable crudités,1,1,1,1,1,1,1,1,1,1,1
9616,pitted  black kalamata olive,1,1,1,1,1,1,1,1,1,1,1
9617,pitted  black olives,1,1,1,1,1,1,1,1,1,1,1
9618,pitted  chilli garlic olives,1,1,1,1,1,1,1,1,1,1,1
9619,pitted  prunes,1,1,1,1,1,1,1,1,1,1,1
9620,pitted and,1,1,1,1,1,1,1,1,1,1,1
9621,pitted black  olives,1,1,1,1,1,1,1,1,1,1,1
9622,pitted black cherries in syrup,1,1,1,1,1,1,1,1,1,1,1
9623,pitted black kalamata olives,1,1,1,1,1,1,1,1,1,1,1
9624,pitted black olives ideally kalamata,1,1,1,1,1,1,1,1,1,1,1
9625,pitted black olives preferably kalamata,1,1,1,1,1,1,1,1,1,1,1
9626,pitted cherries in light syrup,1,1,1,1,1,1,1,1,1,1,1
9627,pitted cherries in syrup,1,1,1,1,1,1,1,1,1,1,1
9628,pitted date,1,1,1,1,1,1,1,1,1,1,1
9629,pitted good-quality dates,1,1,1,1,1,1,1,1,1,1,1
9630,pitted green  olives,1,1,1,1,1,1,1,1,1,1,1
9631,pitted green and black  olive with herbs,1,1,1,1,1,1,1,1,1,1,1
9632,pitted green nocerella olives,1,1,1,1,1,1,1,1,1,1,1
9633,pitted kalamata  olives,1,1,1,1,1,1,1,1,1,1,1
9634,pitted kalamata black olives,1,1,1,1,1,1,1,1,1,1,1
9635,pitted medjool date,1,1,1,1,1,1,1,1,1,1,1
9636,pitted nocellara olives,1,1,1,1,1,1,1,1,1,1,1
9637,pitted olives of your choice,1,1,1,1,1,1,1,1,1,1,1
9638,pitted prunes in natural juice,1,1,1,1,1,1,1,1,1,1,1
9639,pitted queen olives,1,1,1,1,1,1,1,1,1,1,1
9640,pitted spanish green  olives,1,1,1,1,1,1,1,1,1,1,1
9641,pitted spanish pimento stuffed green olives,1,1,1,1,1,1,1,1,1,1,1
9642,"pitted, dry black olives",1,1,1,1,1,1,1,1,1,1,1
9643,pizza base,1,1,1,1,1,1,1,1,1,1,1
9644,pizza cutter,1,1,1,1,1,1,1,1,1,1,1
9645,pizza dough,1,1,1,1,1,1,1,1,1,1,1
9646,pizza dough mix,1,1,1,1,1,1,1,1,1,1,1
9647,pizza fillings of your choice,1,1,1,1,1,1,1,1,1,1,1
9648,pizza toppings of your choice,1,1,1,1,1,1,1,1,1,1,1
9649,plaice fillets,1,1,1,1,1,1,1,1,1,1,1
9650,plain,1,1,1,1,1,1,1,1,1,1,1
9651,plain  hummus,1,1,1,1,1,1,1,1,1,1,1
9652,plain  yogurt,1,1,1,1,1,1,1,1,1,1,1
9653,plain 0% fat yogurt,1,1,1,1,1,1,1,1,1,1,1
9654,plain bio-yogurt,1,1,1,1,1,1,1,1,1,1,1
9655,plain biscuits,1,1,1,1,1,1,1,1,1,1,1
9656,plain boiled long grain rice,1,1,1,1,1,1,1,1,1,1,1
9657,plain boiled rice,1,1,1,1,1,1,1,1,1,1,1
9658,plain chocolate 70% cocoa,1,1,1,1,1,1,1,1,1,1,1
9659,plain chocolate chips,1,1,1,1,1,1,1,1,1,1,1
9660,plain croissants,1,1,1,1,1,1,1,1,1,1,1
9661,plain dark chocolate,1,1,1,1,1,1,1,1,1,1,1
9662,plain digestive biscuits,1,1,1,1,1,1,1,1,1,1,1
9663,plain full-fat greek yogurt,1,1,1,1,1,1,1,1,1,1,1
9664,plain gluten-free flour,1,1,1,1,1,1,1,1,1,1,1
9665,plain greek yogurt,1,1,1,1,1,1,1,1,1,1,1
9666,plain naans,1,1,1,1,1,1,1,1,1,1,1
9667,plain natural yogurt,1,1,1,1,1,1,1,1,1,1,1
9668,plain or coconut yogurt,1,1,1,1,1,1,1,1,1,1,1
9669,plain or milk chocolate,1,1,1,1,1,1,1,1,1,1,1
9670,plain or spelt flour,1,1,1,1,1,1,1,1,1,1,1
9671,plain or wholemeal flour,1,1,1,1,1,1,1,1,1,1,1
9672,plain piping nozzle,1,1,1,1,1,1,1,1,1,1,1
9673,plain pizza bases,1,1,1,1,1,1,1,1,1,1,1
9674,plain soy or coconut yogurt,1,1,1,1,1,1,1,1,1,1,1
9675,plain spelt flour,1,1,1,1,1,1,1,1,1,1,1
9676,plain spelt wholemeal flour,1,1,1,1,1,1,1,1,1,1,1
9677,plain wholewheat flour,1,1,1,1,1,1,1,1,1,1,1
9678,plain yogurt pitta bread,1,1,1,1,1,1,1,1,1,1,1
9679,plain ﬂour,1,1,1,1,1,1,1,1,1,1,1
9680,plant pot or mini bucket,1,1,1,1,1,1,1,1,1,1,1
9681,plant-based  milk,1,1,1,1,1,1,1,1,1,1,1
9682,plant-based  sausages,1,1,1,1,1,1,1,1,1,1,1
9683,plant-based coconut yogurt,1,1,1,1,1,1,1,1,1,1,1
9684,plant-based meatballs,1,1,1,1,1,1,1,1,1,1,1
9685,plantain,1,1,1,1,1,1,1,1,1,1,1
9686,plastic cake topper,1,1,1,1,1,1,1,1,1,1,1
9687,plastic diggers and one dumper truck,1,1,1,1,1,1,1,1,1,1,1
9688,plastic drinking straws,1,1,1,1,1,1,1,1,1,1,1
9689,plastic easter egg mould,1,1,1,1,1,1,1,1,1,1,1
9690,plastic straws,1,1,1,1,1,1,1,1,1,1,1
9691,plum cherry tomatoes,1,1,1,1,1,1,1,1,1,1,1
9692,plum sake,1,1,1,1,1,1,1,1,1,1,1
9693,plum tomato from  a,1,1,1,1,1,1,1,1,1,1,1
9694,plum tomatoes in natural juice,1,1,1,1,1,1,1,1,1,1,1
9695,plump dates,1,1,1,1,1,1,1,1,1,1,1
9696,plump green chilli,1,1,1,1,1,1,1,1,1,1,1
9697,plump medjool dates,1,1,1,1,1,1,1,1,1,1,1
9698,plump sausages,1,1,1,1,1,1,1,1,1,1,1
9699,"plump, de-stalked elderberries",1,1,1,1,1,1,1,1,1,1,1
9700,"poached egg, harissa yogurt",1,1,1,1,1,1,1,1,1,1,1
9701,poached salmon fillet,1,1,1,1,1,1,1,1,1,1,1
9702,poached salmon flaked,1,1,1,1,1,1,1,1,1,1,1
9703,poblano peppers,1,1,1,1,1,1,1,1,1,1,1
9704,pod of green cardamom pods,1,1,1,1,1,1,1,1,1,1,1
9705,pointed cabbage core,1,1,1,1,1,1,1,1,1,1,1
9706,pointed or savoy cabbage,1,1,1,1,1,1,1,1,1,1,1
9707,poire williams liqueur,1,1,1,1,1,1,1,1,1,1,1
9708,polenta cornmeal,1,1,1,1,1,1,1,1,1,1,1
9709,polenta couscous,1,1,1,1,1,1,1,1,1,1,1
9710,polenta or coarse cornmeal,1,1,1,1,1,1,1,1,1,1,1
9711,polenta or coarse semolina,1,1,1,1,1,1,1,1,1,1,1
9712,polenta or fine cornmeal,1,1,1,1,1,1,1,1,1,1,1
9713,polenta or plain flour,1,1,1,1,1,1,1,1,1,1,1
9714,polenta soured cream,1,1,1,1,1,1,1,1,1,1,1
9715,polish kabanos,1,1,1,1,1,1,1,1,1,1,1
9716,pollock fillets,1,1,1,1,1,1,1,1,1,1,1
9717,pomegranate cut in half,1,1,1,1,1,1,1,1,1,1,1
9718,pomegranate molasses or molasses syrup,1,1,1,1,1,1,1,1,1,1,1
9719,pomegranate or cherry juice,1,1,1,1,1,1,1,1,1,1,1
9720,pomegranate seeds and salad leaves,1,1,1,1,1,1,1,1,1,1,1
9721,pomegranate seeds bashed out,1,1,1,1,1,1,1,1,1,1,1
9722,pomegranate seeds from 1/2 pomegranate,1,1,1,1,1,1,1,1,1,1,1
9723,pomegranate seeds some parsley leaves and rice,1,1,1,1,1,1,1,1,1,1,1
9724,pomegranates,1,1,1,1,1,1,1,1,1,1,1
9725,pontefract cakes,1,1,1,1,1,1,1,1,1,1,1
9726,ponzu sauce,1,1,1,1,1,1,1,1,1,1,1
9727,popcorn sweet and salty,1,1,1,1,1,1,1,1,1,1,1
9728,poppadums and chutney,1,1,1,1,1,1,1,1,1,1,1
9729,poppadums and mango chutney,1,1,1,1,1,1,1,1,1,1,1
9730,popping corn,1,1,1,1,1,1,1,1,1,1,1
9731,poppy seeds nigella seeds,1,1,1,1,1,1,1,1,1,1,1
9732,porcini,1,1,1,1,1,1,1,1,1,1,1
9733,porcini mushroom powder,1,1,1,1,1,1,1,1,1,1,1
9734,porcini mushrooms,1,1,1,1,1,1,1,1,1,1,1
9735,porcini white truffle paste,1,1,1,1,1,1,1,1,1,1,1
9736,pork & apple sausages,1,1,1,1,1,1,1,1,1,1,1
9737,pork belly joint,1,1,1,1,1,1,1,1,1,1,1
9738,pork belly ribs intact,1,1,1,1,1,1,1,1,1,1,1
9739,pork belly rind,1,1,1,1,1,1,1,1,1,1,1
9740,pork belly strips,1,1,1,1,1,1,1,1,1,1,1
9741,pork chined,1,1,1,1,1,1,1,1,1,1,1
9742,pork chops fat,1,1,1,1,1,1,1,1,1,1,1
9743,pork collar,1,1,1,1,1,1,1,1,1,1,1
9744,pork dripping or lard,1,1,1,1,1,1,1,1,1,1,1
9745,pork escalope,1,1,1,1,1,1,1,1,1,1,1
9746,pork fillet sinew removed,1,1,1,1,1,1,1,1,1,1,1
9747,pork fillets,1,1,1,1,1,1,1,1,1,1,1
9748,pork lard,1,1,1,1,1,1,1,1,1,1,1
9749,pork loin bone in,1,1,1,1,1,1,1,1,1,1,1
9750,pork loin bone out and skinned,1,1,1,1,1,1,1,1,1,1,1
9751,pork loin de-boned,1,1,1,1,1,1,1,1,1,1,1
9752,pork loin fillet,1,1,1,1,1,1,1,1,1,1,1
9753,pork loin medallions,1,1,1,1,1,1,1,1,1,1,1
9754,pork loin on the bone,1,1,1,1,1,1,1,1,1,1,1
9755,pork loin or leg steaks,1,1,1,1,1,1,1,1,1,1,1
9756,pork loin reserving the bones,1,1,1,1,1,1,1,1,1,1,1
9757,pork loin skin and most of the fat removed,1,1,1,1,1,1,1,1,1,1,1
9758,pork loin steak,1,1,1,1,1,1,1,1,1,1,1
9759,pork medallions,1,1,1,1,1,1,1,1,1,1,1
9760,pork neck,1,1,1,1,1,1,1,1,1,1,1
9761,pork or  turkey mince,1,1,1,1,1,1,1,1,1,1,1
9762,pork or beef back ribs,1,1,1,1,1,1,1,1,1,1,1
9763,pork or chicken,1,1,1,1,1,1,1,1,1,1,1
9764,pork or chicken breast,1,1,1,1,1,1,1,1,1,1,1
9765,pork or chorizo-style sausages,1,1,1,1,1,1,1,1,1,1,1
9766,pork or meat-free sausages,1,1,1,1,1,1,1,1,1,1,1
9767,pork or vegetarian sausages,1,1,1,1,1,1,1,1,1,1,1
9768,pork rib,1,1,1,1,1,1,1,1,1,1,1
9769,pork sausage meat squeezed out of the skin,1,1,1,1,1,1,1,1,1,1,1
9770,pork sausage skin removed,1,1,1,1,1,1,1,1,1,1,1
9771,pork sausagemeat,1,1,1,1,1,1,1,1,1,1,1
9772,pork sausagemeat or sausages,1,1,1,1,1,1,1,1,1,1,1
9773,pork sausages meat squeezed from the skins,1,1,1,1,1,1,1,1,1,1,1
9774,pork sausages sausagemeat squeezed from its skins,1,1,1,1,1,1,1,1,1,1,1
9775,pork shoulder any skin removed,1,1,1,1,1,1,1,1,1,1,1
9776,pork shoulder excess fat removed,1,1,1,1,1,1,1,1,1,1,1
9777,pork shoulder joint rolled and tied with the skin,1,1,1,1,1,1,1,1,1,1,1
9778,pork shoulder or pork cheeks,1,1,1,1,1,1,1,1,1,1,1
9779,pork shoulder rind removed,1,1,1,1,1,1,1,1,1,1,1
9780,pork shoulder skin,1,1,1,1,1,1,1,1,1,1,1
9781,pork shoulder skinless and boneless,1,1,1,1,1,1,1,1,1,1,1
9782,pork shoulder tied,1,1,1,1,1,1,1,1,1,1,1
9783,pork tenderloin fillet,1,1,1,1,1,1,1,1,1,1,1
9784,"pork, game meat or beef",1,1,1,1,1,1,1,1,1,1,1
9785,porridge or jumbo oats,1,1,1,1,1,1,1,1,1,1,1
9786,port sherry,1,1,1,1,1,1,1,1,1,1,1
9787,porter,1,1,1,1,1,1,1,1,1,1,1
9788,porter or a light stout,1,1,1,1,1,1,1,1,1,1,1
9789,portions,1,1,1,1,1,1,1,1,1,1,1
9790,portions broccoli,1,1,1,1,1,1,1,1,1,1,1
9791,portions cherry tomatoes on,1,1,1,1,1,1,1,1,1,1,1
9792,"portions of skinless, boneless halibut fillets",1,1,1,1,1,1,1,1,1,1,1
9793,portions skinless cod fillet,1,1,1,1,1,1,1,1,1,1,1
9794,portions wholegrain rye bread,1,1,1,1,1,1,1,1,1,1,1
9795,portobellini mushrooms,1,1,1,1,1,1,1,1,1,1,1
9796,portobello mushroom,1,1,1,1,1,1,1,1,1,1,1
9797,portobello mushrooms stalks,1,1,1,1,1,1,1,1,1,1,1
9798,potato and carrots,1,1,1,1,1,1,1,1,1,1,1
9799,potato and cooked cabbage,1,1,1,1,1,1,1,1,1,1,1
9800,potato and pickled cabbage,1,1,1,1,1,1,1,1,1,1,1
9801,potato and steamed green veg,1,1,1,1,1,1,1,1,1,1,1
9802,potato and wilted greens,1,1,1,1,1,1,1,1,1,1,1
9803,potato cooked in the broth,1,1,1,1,1,1,1,1,1,1,1
9804,potato grated skin,1,1,1,1,1,1,1,1,1,1,1
9805,potato masher,1,1,1,1,1,1,1,1,1,1,1
9806,potato one,1,1,1,1,1,1,1,1,1,1,1
9807,potato or crusty bread,1,1,1,1,1,1,1,1,1,1,1
9808,potato or leftover roasties,1,1,1,1,1,1,1,1,1,1,1
9809,potato unpeeled,1,1,1,1,1,1,1,1,1,1,1
9810,potato wedges,1,1,1,1,1,1,1,1,1,1,1
9811,potato wedges and green veg,1,1,1,1,1,1,1,1,1,1,1
9812,potato),1,1,1,1,1,1,1,1,1,1,1
9813,potatoes and  watercress,1,1,1,1,1,1,1,1,1,1,1
9814,potatoes and seasonal greens,1,1,1,1,1,1,1,1,1,1,1
9815,potatoes and steamed veg,1,1,1,1,1,1,1,1,1,1,1
9816,potatoes noodles,1,1,1,1,1,1,1,1,1,1,1
9817,potatoes or crusty bread,1,1,1,1,1,1,1,1,1,1,1
9818,potatoes pasta,1,1,1,1,1,1,1,1,1,1,1
9819,potatoes skin on,1,1,1,1,1,1,1,1,1,1,1
9820,potatoes skins on,1,1,1,1,1,1,1,1,1,1,1
9821,potatoes slightly,1,1,1,1,1,1,1,1,1,1,1
9822,pouch  cooked grains or lentils,1,1,1,1,1,1,1,1,1,1,1
9823,pouch  french tomatoey green & puy lentils,1,1,1,1,1,1,1,1,1,1,1
9824,pouch  microwave wholegrain rice,1,1,1,1,1,1,1,1,1,1,1
9825,pouch  puy lentils,1,1,1,1,1,1,1,1,1,1,1
9826,pouch  ready-cooked spelt,1,1,1,1,1,1,1,1,1,1,1
9827,pouch basamati rice,1,1,1,1,1,1,1,1,1,1,1
9828,pouch basmati and wild rice,1,1,1,1,1,1,1,1,1,1,1
9829,pouch black rice,1,1,1,1,1,1,1,1,1,1,1
9830,pouch brown  basmati rice,1,1,1,1,1,1,1,1,1,1,1
9831,pouch cooked  puy lentils,1,1,1,1,1,1,1,1,1,1,1
9832,pouch cooked  wild rice,1,1,1,1,1,1,1,1,1,1,1
9833,pouch cooked basmati &amp; wild rice,1,1,1,1,1,1,1,1,1,1,1
9834,pouch cooked basmati rice,1,1,1,1,1,1,1,1,1,1,1
9835,pouch cooked brown basmati rice,1,1,1,1,1,1,1,1,1,1,1
9836,pouch cooked quinoa &amp; lentils,1,1,1,1,1,1,1,1,1,1,1
9837,pouch cooked wholegrain pilau rice,1,1,1,1,1,1,1,1,1,1,1
9838,pouch mexican-style rice,1,1,1,1,1,1,1,1,1,1,1
9839,pouch microwavable brown rice,1,1,1,1,1,1,1,1,1,1,1
9840,pouch microwavable brown rice cooked following,1,1,1,1,1,1,1,1,1,1,1
9841,pouch microwavable quinoa,1,1,1,1,1,1,1,1,1,1,1
9842,pouch microwave  brown rice,1,1,1,1,1,1,1,1,1,1,1
9843,pouch microwave  rice,1,1,1,1,1,1,1,1,1,1,1
9844,pouch microwave brown rice,1,1,1,1,1,1,1,1,1,1,1
9845,pouch microwave grains,1,1,1,1,1,1,1,1,1,1,1
9846,pouch microwave long-grain rice,1,1,1,1,1,1,1,1,1,1,1
9847,pouch microwaveable sticky rice,1,1,1,1,1,1,1,1,1,1,1
9848,pouch of cooked grains,1,1,1,1,1,1,1,1,1,1,1
9849,pouch of cooked puy lentils,1,1,1,1,1,1,1,1,1,1,1
9850,pouch of cooked rice,1,1,1,1,1,1,1,1,1,1,1
9851,pouch of mixed grains,1,1,1,1,1,1,1,1,1,1,1
9852,pouch of pre-cooked grains,1,1,1,1,1,1,1,1,1,1,1
9853,pouch of ready-cooked rice,1,1,1,1,1,1,1,1,1,1,1
9854,pouch of wholegrain rice,1,1,1,1,1,1,1,1,1,1,1
9855,pouch pre-cooked puy lentils,1,1,1,1,1,1,1,1,1,1,1
9856,pouch pre-cooked spelt,1,1,1,1,1,1,1,1,1,1,1
9857,pouch ready-cooked quinoa,1,1,1,1,1,1,1,1,1,1,1
9858,pouch ready-to-eat mixed  grains,1,1,1,1,1,1,1,1,1,1,1
9859,pouch ready-to-eat quinoa,1,1,1,1,1,1,1,1,1,1,1
9860,pouch stir-fry sauce,1,1,1,1,1,1,1,1,1,1,1
9861,pouch straight-to-wok thick noodles,1,1,1,1,1,1,1,1,1,1,1
9862,pouch tomato and basil rice,1,1,1,1,1,1,1,1,1,1,1
9863,pouch wholegrain basmati rice,1,1,1,1,1,1,1,1,1,1,1
9864,pouring or clotted cream,1,1,1,1,1,1,1,1,1,1,1
9865,powdered egg replacer,1,1,1,1,1,1,1,1,1,1,1
9866,powdered fenugreek,1,1,1,1,1,1,1,1,1,1,1
9867,powdered gelatine,1,1,1,1,1,1,1,1,1,1,1
9868,powdered ginger and cinnamon,1,1,1,1,1,1,1,1,1,1,1
9869,powdered malt drink,1,1,1,1,1,1,1,1,1,1,1
9870,powdered paprika,1,1,1,1,1,1,1,1,1,1,1
9871,powdered porcini,1,1,1,1,1,1,1,1,1,1,1
9872,powdered potato,1,1,1,1,1,1,1,1,1,1,1
9873,prawn or crayfish tails,1,1,1,1,1,1,1,1,1,1,1
9874,prawns defrosted if frozen,1,1,1,1,1,1,1,1,1,1,1
9875,prawns each,1,1,1,1,1,1,1,1,1,1,1
9876,prawns fresh,1,1,1,1,1,1,1,1,1,1,1
9877,prawns heads and shells on,1,1,1,1,1,1,1,1,1,1,1
9878,prawns in,1,1,1,1,1,1,1,1,1,1,1
9879,prawns salmon,1,1,1,1,1,1,1,1,1,1,1
9880,prawns shelled,1,1,1,1,1,1,1,1,1,1,1
9881,prawns shells and heads on,1,1,1,1,1,1,1,1,1,1,1
9882,prawns thawed if frozen,1,1,1,1,1,1,1,1,1,1,1
9883,prawns unpeeled,1,1,1,1,1,1,1,1,1,1,1
9884,pre-,1,1,1,1,1,1,1,1,1,1,1
9885,pre-baked 22cm gluten-free and vegan pastry case,1,1,1,1,1,1,1,1,1,1,1
9886,pre-chopped mango,1,1,1,1,1,1,1,1,1,1,1
9887,pre-cooked beetroot,1,1,1,1,1,1,1,1,1,1,1
9888,pre-cooked beetroots,1,1,1,1,1,1,1,1,1,1,1
9889,pre-cooked grain pouch,1,1,1,1,1,1,1,1,1,1,1
9890,pre-grated mozzarella,1,1,1,1,1,1,1,1,1,1,1
9891,pre-made dumpling wrappers,1,1,1,1,1,1,1,1,1,1,1
9892,pre-made tzatziki,1,1,1,1,1,1,1,1,1,1,1
9893,pre-sprouted grains,1,1,1,1,1,1,1,1,1,1,1
9894,prepared  squid,1,1,1,1,1,1,1,1,1,1,1
9895,prepared butternut squash,1,1,1,1,1,1,1,1,1,1,1
9896,prepared butternut squash and sweet potato,1,1,1,1,1,1,1,1,1,1,1
9897,prepared chicken wings,1,1,1,1,1,1,1,1,1,1,1
9898,prepared diced butternut squash and sweet potato mix,1,1,1,1,1,1,1,1,1,1,1
9899,prepared fresh pineapple,1,1,1,1,1,1,1,1,1,1,1
9900,prepared jarred horseradish,1,1,1,1,1,1,1,1,1,1,1
9901,prepared pomegranate seeds,1,1,1,1,1,1,1,1,1,1,1
9902,prepared roast chicken,1,1,1,1,1,1,1,1,1,1,1
9903,prepared squid,1,1,1,1,1,1,1,1,1,1,1
9904,prepared squid body opened out,1,1,1,1,1,1,1,1,1,1,1
9905,prepared weight sweet potatoes,1,1,1,1,1,1,1,1,1,1,1
9906,prepared white and brown crabmeat,1,1,1,1,1,1,1,1,1,1,1
9907,presentation,1,1,1,1,1,1,1,1,1,1,1
9908,preserved artichoke hearts in oil,1,1,1,1,1,1,1,1,1,1,1
9909,preserved ginger in syrup,1,1,1,1,1,1,1,1,1,1,1
9910,preserved lemon brine,1,1,1,1,1,1,1,1,1,1,1
9911,preserved lemon centre,1,1,1,1,1,1,1,1,1,1,1
9912,preserved lemon flesh and pith scooped out,1,1,1,1,1,1,1,1,1,1,1
9913,preserved lemon from,1,1,1,1,1,1,1,1,1,1,1
9914,preserved lemon paste),1,1,1,1,1,1,1,1,1,1,1
9915,preserved lemon peel only,1,1,1,1,1,1,1,1,1,1,1
9916,preserved lemon pith and flesh,1,1,1,1,1,1,1,1,1,1,1
9917,preserved lemons flesh,1,1,1,1,1,1,1,1,1,1,1
9918,preserved lemons middles scooped out and discarded,1,1,1,1,1,1,1,1,1,1,1
9919,preserved lemons rind of both,1,1,1,1,1,1,1,1,1,1,1
9920,preserved lemons seeds,1,1,1,1,1,1,1,1,1,1,1
9921,preserved lemons seeds and flesh,1,1,1,1,1,1,1,1,1,1,1
9922,preserved lemons skin only,1,1,1,1,1,1,1,1,1,1,1
9923,preserved or pickled turnips,1,1,1,1,1,1,1,1,1,1,1
9924,preserved vine leaves,1,1,1,1,1,1,1,1,1,1,1
9925,pressed apple juice,1,1,1,1,1,1,1,1,1,1,1
9926,pressed pear juice,1,1,1,1,1,1,1,1,1,1,1
9927,pressed pineapple juice,1,1,1,1,1,1,1,1,1,1,1
9928,pretzel,1,1,1,1,1,1,1,1,1,1,1
9929,pretzel sticks,1,1,1,1,1,1,1,1,1,1,1
9930,pro-biotic live greek yogurt,1,1,1,1,1,1,1,1,1,1,1
9931,prosciutto - the best you can afford,1,1,1,1,1,1,1,1,1,1,1
9932,prosciutto cotto,1,1,1,1,1,1,1,1,1,1,1
9933,prosciutto-wrapped breadsticks,1,1,1,1,1,1,1,1,1,1,1
9934,prosecco cava,1,1,1,1,1,1,1,1,1,1,1
9935,prosecco or sparkling wine,1,1,1,1,1,1,1,1,1,1,1
9936,protein of choice,1,1,1,1,1,1,1,1,1,1,1
9937,protein powder any kind,1,1,1,1,1,1,1,1,1,1,1
9938,protein powder of your choice,1,1,1,1,1,1,1,1,1,1,1
9939,provolone,1,1,1,1,1,1,1,1,1,1,1
9940,provolone cheese,1,1,1,1,1,1,1,1,1,1,1
9941,prunes from,1,1,1,1,1,1,1,1,1,1,1
9942,prunes pitted,1,1,1,1,1,1,1,1,1,1,1
9943,prunes pitted and ready to eat,1,1,1,1,1,1,1,1,1,1,1
9944,psyllium husk,1,1,1,1,1,1,1,1,1,1,1
9945,psyllium husk powder,1,1,1,1,1,1,1,1,1,1,1
9946,puff pastry block,1,1,1,1,1,1,1,1,1,1,1
9947,puff pastry rolled into a circle slightly bigger than your dish,1,1,1,1,1,1,1,1,1,1,1
9948,puff pastry round,1,1,1,1,1,1,1,1,1,1,1
9949,puffed wheat,1,1,1,1,1,1,1,1,1,1,1
9950,puffed wheat cereal,1,1,1,1,1,1,1,1,1,1,1
9951,pumpernickel-style dark rye bread,1,1,1,1,1,1,1,1,1,1,1
9952,pumpkin or butternut squash,1,1,1,1,1,1,1,1,1,1,1
9953,pumpkin or round squash,1,1,1,1,1,1,1,1,1,1,1
9954,pumpkin or squash flesh,1,1,1,1,1,1,1,1,1,1,1
9955,pumpkin or sunflower seeds,1,1,1,1,1,1,1,1,1,1,1
9956,pumpkin pie spice,1,1,1,1,1,1,1,1,1,1,1
9957,pumpkin purée puréed,1,1,1,1,1,1,1,1,1,1,1
9958,pumpkin seeds rocket salad and onion chutney,1,1,1,1,1,1,1,1,1,1,1
9959,pumpkin seeds sunflower seeds,1,1,1,1,1,1,1,1,1,1,1
9960,pumpkin spice,1,1,1,1,1,1,1,1,1,1,1
9961,pumpkin spice mix,1,1,1,1,1,1,1,1,1,1,1
9962,pumpkin spice mixture,1,1,1,1,1,1,1,1,1,1,1
9963,pumpkin winter squash,1,1,1,1,1,1,1,1,1,1,1
9964,"pumpkin, chia",1,1,1,1,1,1,1,1,1,1,1
9965,pumpkins,1,1,1,1,1,1,1,1,1,1,1
9966,punnets good-sized strawberries stalks left on,1,1,1,1,1,1,1,1,1,1,1
9967,puntarelle,1,1,1,1,1,1,1,1,1,1,1
9968,pure butter ghee,1,1,1,1,1,1,1,1,1,1,1
9969,pure rosewater,1,1,1,1,1,1,1,1,1,1,1
9970,puris,1,1,1,1,1,1,1,1,1,1,1
9971,purple berries,1,1,1,1,1,1,1,1,1,1,1
9972,purple carrots,1,1,1,1,1,1,1,1,1,1,1
9973,purple gel food colouring,1,1,1,1,1,1,1,1,1,1,1
9974,purple or green  spring onions,1,1,1,1,1,1,1,1,1,1,1
9975,purple or grey  food colouring paste,1,1,1,1,1,1,1,1,1,1,1
9976,purple sprouting broccoli each stem,1,1,1,1,1,1,1,1,1,1,1
9977,purple sprouting broccoli ends,1,1,1,1,1,1,1,1,1,1,1
9978,purple sprouting broccoli ends and larger stalks,1,1,1,1,1,1,1,1,1,1,1
9979,purple sprouting broccoli florets and leaves carefully,1,1,1,1,1,1,1,1,1,1,1
9980,purple sprouting broccoli leaves removed,1,1,1,1,1,1,1,1,1,1,1
9981,purple sprouting broccoli woody ends,1,1,1,1,1,1,1,1,1,1,1
9982,puy or black lentils,1,1,1,1,1,1,1,1,1,1,1
9983,pâté,1,1,1,1,1,1,1,1,1,1,1
9984,quails,1,1,1,1,1,1,1,1,1,1,1
9985,quails split in half,1,1,1,1,1,1,1,1,1,1,1
9986,quail’s eggs hard-boiled,1,1,1,1,1,1,1,1,1,1,1
9987,"quality, fresh salmon",1,1,1,1,1,1,1,1,1,1,1
9988,quantity  royal icing,1,1,1,1,1,1,1,1,1,1,1
9989,quantity  smoky chilli sauce,1,1,1,1,1,1,1,1,1,1,1
9990,quantity all-butter  pie pastry,1,1,1,1,1,1,1,1,1,1,1
9991,quantity balinese spice paste,1,1,1,1,1,1,1,1,1,1,1
9992,quantity of ultimate  bbq spice blend,1,1,1,1,1,1,1,1,1,1,1
9993,quantity royal icing,1,1,1,1,1,1,1,1,1,1,1
9994,quantity sausage &amp,1,1,1,1,1,1,1,1,1,1,1
9995,quantity theo's pasta dough,1,1,1,1,1,1,1,1,1,1,1
9996,quark cheese,1,1,1,1,1,1,1,1,1,1,1
9997,queso fresco or feta,1,1,1,1,1,1,1,1,1,1,1
9998,queso fresco or feta cheese,1,1,1,1,1,1,1,1,1,1,1
9999,quick frosted walnuts,1,1,1,1,1,1,1,1,1,1,1
10000,quick garlic mayonnaise,1,1,1,1,1,1,1,1,1,1,1
10001,quick-cook  polenta,1,1,1,1,1,1,1,1,1,1,1
10002,quick-cook barley,1,1,1,1,1,1,1,1,1,1,1
10003,quick-cook brown basmati rice,1,1,1,1,1,1,1,1,1,1,1
10004,quick-cook tapioca balls,1,1,1,1,1,1,1,1,1,1,1
10005,quick-to-cook greens per person,1,1,1,1,1,1,1,1,1,1,1
10006,quince jelly,1,1,1,1,1,1,1,1,1,1,1
10007,quinces,1,1,1,1,1,1,1,1,1,1,1
10008,quinoa and bulgur wheat mix,1,1,1,1,1,1,1,1,1,1,1
10009,quinoa cooked according,1,1,1,1,1,1,1,1,1,1,1
10010,quinoa flour,1,1,1,1,1,1,1,1,1,1,1
10011,quiquiriqui espadin mezcal,1,1,1,1,1,1,1,1,1,1,1
10012,rabbit head-shaped cookie cutter,1,1,1,1,1,1,1,1,1,1,1
10013,rabbit jointed,1,1,1,1,1,1,1,1,1,1,1
10014,rabbit joints,1,1,1,1,1,1,1,1,1,1,1
10015,rabbit off the bone,1,1,1,1,1,1,1,1,1,1,1
10016,racks of baby back pork ribs,1,1,1,1,1,1,1,1,1,1,1
10017,racks of lamb,1,1,1,1,1,1,1,1,1,1,1
10018,racks of lamb french,1,1,1,1,1,1,1,1,1,1,1
10019,raclette cheese,1,1,1,1,1,1,1,1,1,1,1
10020,raclette cheese slices,1,1,1,1,1,1,1,1,1,1,1
10021,raclette grill machine with paddles,1,1,1,1,1,1,1,1,1,1,1
10022,radicchio heads,1,1,1,1,1,1,1,1,1,1,1
10023,radicchio leaves,1,1,1,1,1,1,1,1,1,1,1
10024,radicchio trevigiano,1,1,1,1,1,1,1,1,1,1,1
10025,radishes dill,1,1,1,1,1,1,1,1,1,1,1
10026,radishes fennel and chicory,1,1,1,1,1,1,1,1,1,1,1
10027,radishes leaves,1,1,1,1,1,1,1,1,1,1,1
10028,radishes some left whole,1,1,1,1,1,1,1,1,1,1,1
10029,radishes with leaves,1,1,1,1,1,1,1,1,1,1,1
10030,radishes with the tops on,1,1,1,1,1,1,1,1,1,1,1
10031,rainbow  trout fillets,1,1,1,1,1,1,1,1,1,1,1
10032,rainbow baby carrots halved lengthways,1,1,1,1,1,1,1,1,1,1,1
10033,rainbow carrots,1,1,1,1,1,1,1,1,1,1,1
10034,rainbow carrots tops left on,1,1,1,1,1,1,1,1,1,1,1
10035,rainbow cherry tomatoes,1,1,1,1,1,1,1,1,1,1,1
10036,rainbow sprinkles cocktail cherries and cola bottle sweets,1,1,1,1,1,1,1,1,1,1,1
10037,rainbow trout,1,1,1,1,1,1,1,1,1,1,1
10038,rainbow trout cleaned,1,1,1,1,1,1,1,1,1,1,1
10039,rainbow trout fillets,1,1,1,1,1,1,1,1,1,1,1
10040,rainbow trout fillets boneless,1,1,1,1,1,1,1,1,1,1,1
10041,raisin &amp,1,1,1,1,1,1,1,1,1,1,1
10042,raisins and sultanas,1,1,1,1,1,1,1,1,1,1,1
10043,raisins chocolate chips,1,1,1,1,1,1,1,1,1,1,1
10044,raisins dried cherries,1,1,1,1,1,1,1,1,1,1,1
10045,raisins dried cranberries,1,1,1,1,1,1,1,1,1,1,1
10046,raisins nuts,1,1,1,1,1,1,1,1,1,1,1
10047,raita or your favourite chutney,1,1,1,1,1,1,1,1,1,1,1
10048,ramen,1,1,1,1,1,1,1,1,1,1,1
10049,ramen paste,1,1,1,1,1,1,1,1,1,1,1
10050,rapeseed oil or groundnut oil,1,1,1,1,1,1,1,1,1,1,1
10051,rapeseed or coconut oil,1,1,1,1,1,1,1,1,1,1,1
10052,rapeseed or ground nut oil,1,1,1,1,1,1,1,1,1,1,1
10053,rapeseed or nut oil,1,1,1,1,1,1,1,1,1,1,1
10054,rapeseed or other vegetable oil,1,1,1,1,1,1,1,1,1,1,1
10055,rapeseed or sesame oil,1,1,1,1,1,1,1,1,1,1,1
10056,rapeseed sunflower oil,1,1,1,1,1,1,1,1,1,1,1
10057,ras-el-hanout,1,1,1,1,1,1,1,1,1,1,1
10058,rasher smoked streaky  bacon,1,1,1,1,1,1,1,1,1,1,1
10059,raspberries and clotted cream,1,1,1,1,1,1,1,1,1,1,1
10060,raspberries and icing sugar,1,1,1,1,1,1,1,1,1,1,1
10061,raspberries fresh or frozen,1,1,1,1,1,1,1,1,1,1,1
10062,raspberries slightly,1,1,1,1,1,1,1,1,1,1,1
10063,raspberries with,1,1,1,1,1,1,1,1,1,1,1
10064,raspberry,1,1,1,1,1,1,1,1,1,1,1
10065,raspberry cordial,1,1,1,1,1,1,1,1,1,1,1
10066,raspberry jam  doughnut,1,1,1,1,1,1,1,1,1,1,1
10067,raspberry jam and clotted cream,1,1,1,1,1,1,1,1,1,1,1
10068,raspberry jelly mix sachets,1,1,1,1,1,1,1,1,1,1,1
10069,raspberry ripple,1,1,1,1,1,1,1,1,1,1,1
10070,raspberry teabag,1,1,1,1,1,1,1,1,1,1,1
10071,raspberry vinegar,1,1,1,1,1,1,1,1,1,1,1
10072,raw  king prawns,1,1,1,1,1,1,1,1,1,1,1
10073,raw  prawns,1,1,1,1,1,1,1,1,1,1,1
10074,raw  turkey giblets,1,1,1,1,1,1,1,1,1,1,1
10075,raw baby beetroots,1,1,1,1,1,1,1,1,1,1,1
10076,raw beetroot well-,1,1,1,1,1,1,1,1,1,1,1
10077,"raw beetroot whole, leaves",1,1,1,1,1,1,1,1,1,1,1
10078,raw broccoli stalk,1,1,1,1,1,1,1,1,1,1,1
10079,raw cacao powder,1,1,1,1,1,1,1,1,1,1,1
10080,raw cider vinegar,1,1,1,1,1,1,1,1,1,1,1
10081,raw cocktail sausages,1,1,1,1,1,1,1,1,1,1,1
10082,raw coconut oil,1,1,1,1,1,1,1,1,1,1,1
10083,raw cooking chorizo,1,1,1,1,1,1,1,1,1,1,1
10084,raw extra-large king prawns thawed if frozen,1,1,1,1,1,1,1,1,1,1,1
10085,raw green  lentils,1,1,1,1,1,1,1,1,1,1,1
10086,raw king prawns butterflied,1,1,1,1,1,1,1,1,1,1,1
10087,raw king prawns heads,1,1,1,1,1,1,1,1,1,1,1
10088,raw king prawns in,1,1,1,1,1,1,1,1,1,1,1
10089,raw king prawns leave the shell on,1,1,1,1,1,1,1,1,1,1,1
10090,raw mackerel fillets,1,1,1,1,1,1,1,1,1,1,1
10091,raw or cooked prawns,1,1,1,1,1,1,1,1,1,1,1
10092,raw peeled  king prawn,1,1,1,1,1,1,1,1,1,1,1
10093,raw peeled chestnut,1,1,1,1,1,1,1,1,1,1,1
10094,raw peeled king prawn,1,1,1,1,1,1,1,1,1,1,1
10095,raw peeled prawns cut in half,1,1,1,1,1,1,1,1,1,1,1
10096,raw prawns deveined,1,1,1,1,1,1,1,1,1,1,1
10097,raw prawns shelled and de-veined,1,1,1,1,1,1,1,1,1,1,1
10098,raw prawns shells,1,1,1,1,1,1,1,1,1,1,1
10099,raw prawns shells removed,1,1,1,1,1,1,1,1,1,1,1
10100,raw red-skinned peanuts,1,1,1,1,1,1,1,1,1,1,1
10101,raw scallops,1,1,1,1,1,1,1,1,1,1,1
10102,raw shell-on giant tiger prawns,1,1,1,1,1,1,1,1,1,1,1
10103,raw shell-on king prawns,1,1,1,1,1,1,1,1,1,1,1
10104,raw shell-on prawns),1,1,1,1,1,1,1,1,1,1,1
10105,raw shelled  prawns,1,1,1,1,1,1,1,1,1,1,1
10106,raw shelled king prawns de-veined and split in half lengthways,1,1,1,1,1,1,1,1,1,1,1
10107,raw shelled prawn,1,1,1,1,1,1,1,1,1,1,1
10108,raw skinned almonds,1,1,1,1,1,1,1,1,1,1,1
10109,raw smoked gammon on the bone,1,1,1,1,1,1,1,1,1,1,1
10110,raw thai sticky rice,1,1,1,1,1,1,1,1,1,1,1
10111,raw tiger prawns,1,1,1,1,1,1,1,1,1,1,1
10112,raw tiger prawns defrosted or fresh,1,1,1,1,1,1,1,1,1,1,1
10113,raw tiger prawns in,1,1,1,1,1,1,1,1,1,1,1
10114,raw tiger prawns patted dry,1,1,1,1,1,1,1,1,1,1,1
10115,raw unsalted peanuts,1,1,1,1,1,1,1,1,1,1,1
10116,raw vegetable,1,1,1,1,1,1,1,1,1,1,1
10117,raw vegetables,1,1,1,1,1,1,1,1,1,1,1
10118,raw walnuts,1,1,1,1,1,1,1,1,1,1,1
10119,"raw, frozen, unsweetened  açaí",1,1,1,1,1,1,1,1,1,1,1
10120,"raw, shell-on king prawns",1,1,1,1,1,1,1,1,1,1,1
10121,ready made custard,1,1,1,1,1,1,1,1,1,1,1
10122,ready rolled  all-butter puff pastry,1,1,1,1,1,1,1,1,1,1,1
10123,ready rolled all butter puff pastry,1,1,1,1,1,1,1,1,1,1,1
10124,ready rolled all-butter puff pastry,1,1,1,1,1,1,1,1,1,1,1
10125,ready rolled shortcrust pastry,1,1,1,1,1,1,1,1,1,1,1
10126,ready to eat egg noodles,1,1,1,1,1,1,1,1,1,1,1
10127,ready-chopped butternut squash,1,1,1,1,1,1,1,1,1,1,1
10128,ready-chopped hazelnuts,1,1,1,1,1,1,1,1,1,1,1
10129,ready-chopped kale,1,1,1,1,1,1,1,1,1,1,1
10130,ready-chopped mango,1,1,1,1,1,1,1,1,1,1,1
10131,ready-cooked,1,1,1,1,1,1,1,1,1,1,1
10132,ready-cooked  beetroot,1,1,1,1,1,1,1,1,1,1,1
10133,ready-cooked beetroots,1,1,1,1,1,1,1,1,1,1,1
10134,ready-cooked brown basmati rice,1,1,1,1,1,1,1,1,1,1,1
10135,ready-cooked chicken thighs,1,1,1,1,1,1,1,1,1,1,1
10136,ready-cooked crisp,1,1,1,1,1,1,1,1,1,1,1
10137,ready-cooked egg noodles,1,1,1,1,1,1,1,1,1,1,1
10138,ready-cooked ham hock,1,1,1,1,1,1,1,1,1,1,1
10139,ready-cooked lime &amp,1,1,1,1,1,1,1,1,1,1,1
10140,ready-cooked mussels,1,1,1,1,1,1,1,1,1,1,1
10141,ready-cooked pouch coconut rice,1,1,1,1,1,1,1,1,1,1,1
10142,ready-cooked rice,1,1,1,1,1,1,1,1,1,1,1
10143,ready-cooked spelt,1,1,1,1,1,1,1,1,1,1,1
10144,ready-cooked vacuum-packed,1,1,1,1,1,1,1,1,1,1,1
10145,ready-diced butternut squash,1,1,1,1,1,1,1,1,1,1,1
10146,ready-grated mozzarella,1,1,1,1,1,1,1,1,1,1,1
10147,ready-made  custard,1,1,1,1,1,1,1,1,1,1,1
10148,ready-made  hummus,1,1,1,1,1,1,1,1,1,1,1
10149,ready-made  yorkshire puddings,1,1,1,1,1,1,1,1,1,1,1
10150,ready-made aromatic crispy duck,1,1,1,1,1,1,1,1,1,1,1
10151,ready-made block of,1,1,1,1,1,1,1,1,1,1,1
10152,ready-made cheese sauce,1,1,1,1,1,1,1,1,1,1,1
10153,ready-made chilled custard,1,1,1,1,1,1,1,1,1,1,1
10154,ready-made chocolate,1,1,1,1,1,1,1,1,1,1,1
10155,ready-made coleslaw,1,1,1,1,1,1,1,1,1,1,1
10156,ready-made cooked pastry case,1,1,1,1,1,1,1,1,1,1,1
10157,ready-made crispy onions,1,1,1,1,1,1,1,1,1,1,1
10158,ready-made croissant dough,1,1,1,1,1,1,1,1,1,1,1
10159,ready-made fondant icing,1,1,1,1,1,1,1,1,1,1,1
10160,ready-made garlic baguettes,1,1,1,1,1,1,1,1,1,1,1
10161,ready-made gyoza skins,1,1,1,1,1,1,1,1,1,1,1
10162,ready-made hollandaise sauce,1,1,1,1,1,1,1,1,1,1,1
10163,ready-made icing holly leaves,1,1,1,1,1,1,1,1,1,1,1
10164,ready-made lean lamb meatballs,1,1,1,1,1,1,1,1,1,1,1
10165,ready-made mashed potato,1,1,1,1,1,1,1,1,1,1,1
10166,ready-made meringues,1,1,1,1,1,1,1,1,1,1,1
10167,ready-made mini meringues,1,1,1,1,1,1,1,1,1,1,1
10168,ready-made pizza bases,1,1,1,1,1,1,1,1,1,1,1
10169,ready-made pizza dough,1,1,1,1,1,1,1,1,1,1,1
10170,ready-made stuffed vine leaves,1,1,1,1,1,1,1,1,1,1,1
10171,ready-made vanilla cupcakes,1,1,1,1,1,1,1,1,1,1,1
10172,ready-made vanilla icing,1,1,1,1,1,1,1,1,1,1,1
10173,ready-made writing icing,1,1,1,1,1,1,1,1,1,1,1
10174,ready-prepared,1,1,1,1,1,1,1,1,1,1,1
10175,ready-prepared by your butcher,1,1,1,1,1,1,1,1,1,1,1
10176,ready-prepared to save time),1,1,1,1,1,1,1,1,1,1,1
10177,ready-roasted  red peppers from a jar,1,1,1,1,1,1,1,1,1,1,1
10178,ready-roasted chicken breasts,1,1,1,1,1,1,1,1,1,1,1
10179,ready-roasted peppers,1,1,1,1,1,1,1,1,1,1,1
10180,ready-rolled  shortcrust pastry,1,1,1,1,1,1,1,1,1,1,1
10181,ready-rolled butter puff pastry,1,1,1,1,1,1,1,1,1,1,1
10182,ready-rolled dairy-free puff pastry,1,1,1,1,1,1,1,1,1,1,1
10183,ready-rolled light  puff pastry,1,1,1,1,1,1,1,1,1,1,1
10184,ready-rolled light puff pastry,1,1,1,1,1,1,1,1,1,1,1
10185,ready-rolled puff pastry suitable,1,1,1,1,1,1,1,1,1,1,1
10186,ready-rolled sheet all-butter puff pastry,1,1,1,1,1,1,1,1,1,1,1
10187,ready-rolled sheet of,1,1,1,1,1,1,1,1,1,1,1
10188,ready-rolled shortcrust,1,1,1,1,1,1,1,1,1,1,1
10189,ready-shelled frozen edamame beans,1,1,1,1,1,1,1,1,1,1,1
10190,ready-to-cook udon noodles,1,1,1,1,1,1,1,1,1,1,1
10191,ready-to-eat  beansprouts,1,1,1,1,1,1,1,1,1,1,1
10192,ready-to-eat  falafel,1,1,1,1,1,1,1,1,1,1,1
10193,ready-to-eat  puy lentils,1,1,1,1,1,1,1,1,1,1,1
10194,ready-to-eat apricot,1,1,1,1,1,1,1,1,1,1,1
10195,ready-to-eat beetroot blended with 30g horseradish,1,1,1,1,1,1,1,1,1,1,1
10196,ready-to-eat dried cranberries,1,1,1,1,1,1,1,1,1,1,1
10197,ready-to-eat dried pitted dates,1,1,1,1,1,1,1,1,1,1,1
10198,ready-to-eat dried raisin,1,1,1,1,1,1,1,1,1,1,1
10199,ready-to-eat grain & chickpea pouch,1,1,1,1,1,1,1,1,1,1,1
10200,ready-to-eat lentils,1,1,1,1,1,1,1,1,1,1,1
10201,ready-to-eat pitted prunes,1,1,1,1,1,1,1,1,1,1,1
10202,ready-to-eat prunes,1,1,1,1,1,1,1,1,1,1,1
10203,ready-to-eat quinoa,1,1,1,1,1,1,1,1,1,1,1
10204,ready-to-eat red & white quinoa,1,1,1,1,1,1,1,1,1,1,1
10205,ready-to-eat red & white quinoa mix,1,1,1,1,1,1,1,1,1,1,1
10206,ready-to-eat spelt,1,1,1,1,1,1,1,1,1,1,1
10207,ready-to-eat udon noodles,1,1,1,1,1,1,1,1,1,1,1
10208,ready-to-roast vegetables,1,1,1,1,1,1,1,1,1,1,1
10209,ready-to-roll  white fondant icing,1,1,1,1,1,1,1,1,1,1,1
10210,ready-to-roll fondant icing coloured,1,1,1,1,1,1,1,1,1,1,1
10211,ready-to-roll icing coloured grey,1,1,1,1,1,1,1,1,1,1,1
10212,ready-to-roll icing coloured red,1,1,1,1,1,1,1,1,1,1,1
10213,ready-to-roll icing coloured yellow,1,1,1,1,1,1,1,1,1,1,1
10214,ready-to-roll lilac,1,1,1,1,1,1,1,1,1,1,1
10215,ready-to-roll pink icing,1,1,1,1,1,1,1,1,1,1,1
10216,ready-to-roll white  fondant icing,1,1,1,1,1,1,1,1,1,1,1
10217,ready-to-roll white sugarpaste,1,1,1,1,1,1,1,1,1,1,1
10218,ready-to-use thick udon noodles,1,1,1,1,1,1,1,1,1,1,1
10219,really generous grating of fresh nutmeg,1,1,1,1,1,1,1,1,1,1,1
10220,really good quality pork chops,1,1,1,1,1,1,1,1,1,1,1
10221,really ripe  mangoes,1,1,1,1,1,1,1,1,1,1,1
10222,really ripe passion fruits nice and wrinkled on the outside,1,1,1,1,1,1,1,1,1,1,1
10223,really soft,1,1,1,1,1,1,1,1,1,1,1
10224,really soft butter,1,1,1,1,1,1,1,1,1,1,1
10225,reblochon,1,1,1,1,1,1,1,1,1,1,1
10226,reblochon cheese,1,1,1,1,1,1,1,1,1,1,1
10227,reblochon or camembert,1,1,1,1,1,1,1,1,1,1,1
10228,reblochon rind,1,1,1,1,1,1,1,1,1,1,1
10229,rectangular fruitcakes,1,1,1,1,1,1,1,1,1,1,1
10230,rectangular sheets,1,1,1,1,1,1,1,1,1,1,1
10231,red  chilli,1,1,1,1,1,1,1,1,1,1,1
10232,red  chilli powder,1,1,1,1,1,1,1,1,1,1,1
10233,red  chillies,1,1,1,1,1,1,1,1,1,1,1
10234,red and 1 green pepper,1,1,1,1,1,1,1,1,1,1,1
10235,red and 1 yellow pepper,1,1,1,1,1,1,1,1,1,1,1
10236,red and 2 green peppers,1,1,1,1,1,1,1,1,1,1,1
10237,red and black icing pens,1,1,1,1,1,1,1,1,1,1,1
10238,red and green  food colouring gel,1,1,1,1,1,1,1,1,1,1,1
10239,red and green food colouring,1,1,1,1,1,1,1,1,1,1,1
10240,red and green food colouring gel,1,1,1,1,1,1,1,1,1,1,1
10241,red and green jelly,1,1,1,1,1,1,1,1,1,1,1
10242,red and green sanding sugar,1,1,1,1,1,1,1,1,1,1,1
10243,red and green sugar-coated chocolate sweets,1,1,1,1,1,1,1,1,1,1,1
10244,red and green writing icing tubes,1,1,1,1,1,1,1,1,1,1,1
10245,red and pink crystallised rose petals,1,1,1,1,1,1,1,1,1,1,1
10246,red and white cabbage,1,1,1,1,1,1,1,1,1,1,1
10247,red and white cabbage both,1,1,1,1,1,1,1,1,1,1,1
10248,red and white quinoa,1,1,1,1,1,1,1,1,1,1,1
10249,red and yellow boiled sweets,1,1,1,1,1,1,1,1,1,1,1
10250,red and yellow food colouring gels,1,1,1,1,1,1,1,1,1,1,1
10251,red and yellow or green peppers,1,1,1,1,1,1,1,1,1,1,1
10252,red and yellow peppers,1,1,1,1,1,1,1,1,1,1,1
10253,red and yellow roasted peppers,1,1,1,1,1,1,1,1,1,1,1
10254,red apple skin on,1,1,1,1,1,1,1,1,1,1,1
10255,red apple slices,1,1,1,1,1,1,1,1,1,1,1
10256,red beetroot,1,1,1,1,1,1,1,1,1,1,1
10257,red bell pepper,1,1,1,1,1,1,1,1,1,1,1
10258,red bird’s eye chillies,1,1,1,1,1,1,1,1,1,1,1
10259,red cabbage any bruised leaves removed,1,1,1,1,1,1,1,1,1,1,1
10260,red cabbage any damaged outer leaves removed,1,1,1,1,1,1,1,1,1,1,1
10261,red cabbage core,1,1,1,1,1,1,1,1,1,1,1
10262,red cabbage core removed,1,1,1,1,1,1,1,1,1,1,1
10263,red cabbage shredded on the flat blade of the spiralizer,1,1,1,1,1,1,1,1,1,1,1
10264,red camargue rice,1,1,1,1,1,1,1,1,1,1,1
10265,red card,1,1,1,1,1,1,1,1,1,1,1
10266,red chard,1,1,1,1,1,1,1,1,1,1,1
10267,red cherry tomatoes,1,1,1,1,1,1,1,1,1,1,1
10268,red chilli 0.5,1,1,1,1,1,1,1,1,1,1,1
10269,red chilli and spring onions,1,1,1,1,1,1,1,1,1,1,1
10270,red chilli depending on how much heat you prefer,1,1,1,1,1,1,1,1,1,1,1
10271,red chilli frozen,1,1,1,1,1,1,1,1,1,1,1
10272,red chilli half,1,1,1,1,1,1,1,1,1,1,1
10273,red chilli paste,1,1,1,1,1,1,1,1,1,1,1
10274,red chilli pesto sundried tomato pesto,1,1,1,1,1,1,1,1,1,1,1
10275,red chilli seeds left in,1,1,1,1,1,1,1,1,1,1,1
10276,red chilli sliced diagonally,1,1,1,1,1,1,1,1,1,1,1
10277,red chilli whole,1,1,1,1,1,1,1,1,1,1,1
10278,red chillies 4 spring onions,1,1,1,1,1,1,1,1,1,1,1
10279,red chillies and 1 green chilli,1,1,1,1,1,1,1,1,1,1,1
10280,red chillies coriander leaves and roasted peanuts,1,1,1,1,1,1,1,1,1,1,1
10281,red chillies halved lengthways - seeds in or out,1,1,1,1,1,1,1,1,1,1,1
10282,red chillies split in two and,1,1,1,1,1,1,1,1,1,1,1
10283,red chillies stalk and seeds,1,1,1,1,1,1,1,1,1,1,1
10284,red dessert apples,1,1,1,1,1,1,1,1,1,1,1
10285,red eating apples,1,1,1,1,1,1,1,1,1,1,1
10286,red enchilada sauce,1,1,1,1,1,1,1,1,1,1,1
10287,red fondant,1,1,1,1,1,1,1,1,1,1,1
10288,red fruit pastilles,1,1,1,1,1,1,1,1,1,1,1
10289,red glacé cherry,1,1,1,1,1,1,1,1,1,1,1
10290,red grapefruit,1,1,1,1,1,1,1,1,1,1,1
10291,red grapefruit juice,1,1,1,1,1,1,1,1,1,1,1
10292,red grapefruits,1,1,1,1,1,1,1,1,1,1,1
10293,red grapes left on the vine,1,1,1,1,1,1,1,1,1,1,1
10294,red harissa paste,1,1,1,1,1,1,1,1,1,1,1
10295,red ipa,1,1,1,1,1,1,1,1,1,1,1
10296,red jalapeños from,1,1,1,1,1,1,1,1,1,1,1
10297,red jelly shoe lace,1,1,1,1,1,1,1,1,1,1,1
10298,red kidney bean,1,1,1,1,1,1,1,1,1,1,1
10299,red kidney beans in water,1,1,1,1,1,1,1,1,1,1,1
10300,red lentil fusilli,1,1,1,1,1,1,1,1,1,1,1
10301,red liquid food colouring),1,1,1,1,1,1,1,1,1,1,1
10302,red mung beans,1,1,1,1,1,1,1,1,1,1,1
10303,red onion and yogurt,1,1,1,1,1,1,1,1,1,1,1
10304,red onion chutney and a watercress salad,1,1,1,1,1,1,1,1,1,1,1
10305,red onion onion,1,1,1,1,1,1,1,1,1,1,1
10306,red or black food colouring,1,1,1,1,1,1,1,1,1,1,1
10307,red or black food glitter,1,1,1,1,1,1,1,1,1,1,1
10308,red or brown miso paste,1,1,1,1,1,1,1,1,1,1,1
10309,red or dry white wine,1,1,1,1,1,1,1,1,1,1,1
10310,red or green  chilli,1,1,1,1,1,1,1,1,1,1,1
10311,red or green jalapeños,1,1,1,1,1,1,1,1,1,1,1
10312,red or green lentil,1,1,1,1,1,1,1,1,1,1,1
10313,red or green pepper,1,1,1,1,1,1,1,1,1,1,1
10314,red or green peppers,1,1,1,1,1,1,1,1,1,1,1
10315,red or green thai curry paste,1,1,1,1,1,1,1,1,1,1,1
10316,red or pink food colouring gel,1,1,1,1,1,1,1,1,1,1,1
10317,red or white chicory,1,1,1,1,1,1,1,1,1,1,1
10318,red or yellow tomatoes,1,1,1,1,1,1,1,1,1,1,1
10319,red palm fruit &amp,1,1,1,1,1,1,1,1,1,1,1
10320,red palm oil,1,1,1,1,1,1,1,1,1,1,1
10321,red paste food colouring,1,1,1,1,1,1,1,1,1,1,1
10322,red pear,1,1,1,1,1,1,1,1,1,1,1
10323,red pencil sweets,1,1,1,1,1,1,1,1,1,1,1
10324,red pepper both,1,1,1,1,1,1,1,1,1,1,1
10325,red pepper de-seeded and,1,1,1,1,1,1,1,1,1,1,1
10326,red pepper flakes,1,1,1,1,1,1,1,1,1,1,1
10327,red pepper halved lengthways,1,1,1,1,1,1,1,1,1,1,1
10328,red pepper paste,1,1,1,1,1,1,1,1,1,1,1
10329,red pepper salsa,1,1,1,1,1,1,1,1,1,1,1
10330,red pepper seeds,1,1,1,1,1,1,1,1,1,1,1
10331,red peppers each,1,1,1,1,1,1,1,1,1,1,1
10332,red peppers halved lengthways,1,1,1,1,1,1,1,1,1,1,1
10333,red plums,1,1,1,1,1,1,1,1,1,1,1
10334,red potatoes,1,1,1,1,1,1,1,1,1,1,1
10335,red rice,1,1,1,1,1,1,1,1,1,1,1
10336,red roseval new potatoes,1,1,1,1,1,1,1,1,1,1,1
10337,red seedless grape,1,1,1,1,1,1,1,1,1,1,1
10338,red skinned apple,1,1,1,1,1,1,1,1,1,1,1
10339,red skinned apples,1,1,1,1,1,1,1,1,1,1,1
10340,red snappers,1,1,1,1,1,1,1,1,1,1,1
10341,red sugar,1,1,1,1,1,1,1,1,1,1,1
10342,red sugar pearls,1,1,1,1,1,1,1,1,1,1,1
10343,red sugar-coated chocolate buttons,1,1,1,1,1,1,1,1,1,1,1
10344,red sugar-coated chocolate sweets,1,1,1,1,1,1,1,1,1,1,1
10345,red sugar-coated chocolates,1,1,1,1,1,1,1,1,1,1,1
10346,red sugarpaste,1,1,1,1,1,1,1,1,1,1,1
10347,red sweets,1,1,1,1,1,1,1,1,1,1,1
10348,red thai or massaman curry paste,1,1,1,1,1,1,1,1,1,1,1
10349,red wine jelly,1,1,1,1,1,1,1,1,1,1,1
10350,red wine or balsamic vinegar,1,1,1,1,1,1,1,1,1,1,1
10351,"red, green & white sprinkles",1,1,1,1,1,1,1,1,1,1,1
10352,"red, orange",1,1,1,1,1,1,1,1,1,1,1
10353,red-skin potato,1,1,1,1,1,1,1,1,1,1,1
10354,red-skinned apple,1,1,1,1,1,1,1,1,1,1,1
10355,red-skinned apples,1,1,1,1,1,1,1,1,1,1,1
10356,red-skinned pear,1,1,1,1,1,1,1,1,1,1,1
10357,red-skinned pears,1,1,1,1,1,1,1,1,1,1,1
10358,red-skinned potato,1,1,1,1,1,1,1,1,1,1,1
10359,redcurrants,1,1,1,1,1,1,1,1,1,1,1
10360,redcurrants and mint leaves,1,1,1,1,1,1,1,1,1,1,1
10361,redcurrants fresh or frozen,1,1,1,1,1,1,1,1,1,1,1
10362,redcurrants grapes,1,1,1,1,1,1,1,1,1,1,1
10363,reduced fat  mascarpone,1,1,1,1,1,1,1,1,1,1,1
10364,reduced fat halloumi,1,1,1,1,1,1,1,1,1,1,1
10365,reduced salt tamari,1,1,1,1,1,1,1,1,1,1,1
10366,reduced salt vegetable stock,1,1,1,1,1,1,1,1,1,1,1
10367,reduced sugar & salt baked beans,1,1,1,1,1,1,1,1,1,1,1
10368,reduced sugar raspberry jam,1,1,1,1,1,1,1,1,1,1,1
10369,reduced-fat  crème fraîche,1,1,1,1,1,1,1,1,1,1,1
10370,reduced-fat feta,1,1,1,1,1,1,1,1,1,1,1
10371,reduced-fat fromage frais,1,1,1,1,1,1,1,1,1,1,1
10372,reduced-fat greek salad cheese,1,1,1,1,1,1,1,1,1,1,1
10373,reduced-fat greek-style yogurt,1,1,1,1,1,1,1,1,1,1,1
10374,reduced-fat soft cheese,1,1,1,1,1,1,1,1,1,1,1
10375,reduced-fat strong  cheddar,1,1,1,1,1,1,1,1,1,1,1
10376,reduced-salt  light soy sauce,1,1,1,1,1,1,1,1,1,1,1
10377,reduced-salt bouillon powder,1,1,1,1,1,1,1,1,1,1,1
10378,reduced-salt brown sauce,1,1,1,1,1,1,1,1,1,1,1
10379,reduced-salt light soy sauce,1,1,1,1,1,1,1,1,1,1,1
10380,reduced-salt tamari,1,1,1,1,1,1,1,1,1,1,1
10381,reduced-salt vegetable bouillon powder,1,1,1,1,1,1,1,1,1,1,1
10382,reduced-salt-and-sugar ketchup,1,1,1,1,1,1,1,1,1,1,1
10383,regal-ice ready to roll  icing,1,1,1,1,1,1,1,1,1,1,1
10384,regular,1,1,1,1,1,1,1,1,1,1,1
10385,regular broccoli,1,1,1,1,1,1,1,1,1,1,1
10386,remaining  rice &amp,1,1,1,1,1,1,1,1,1,1,1
10387,remaining maple syrup,1,1,1,1,1,1,1,1,1,1,1
10388,reserved  olive oil from the tuna,1,1,1,1,1,1,1,1,1,1,1
10389,reserved chicken backbone,1,1,1,1,1,1,1,1,1,1,1
10390,reserved pear juice,1,1,1,1,1,1,1,1,1,1,1
10391,reserved pork skin,1,1,1,1,1,1,1,1,1,1,1
10392,reyka vodka,1,1,1,1,1,1,1,1,1,1,1
10393,rhubarb stalks,1,1,1,1,1,1,1,1,1,1,1
10394,rhubarb stems,1,1,1,1,1,1,1,1,1,1,1
10395,rib steak on the bone,1,1,1,1,1,1,1,1,1,1,1
10396,rib-eye steaks,1,1,1,1,1,1,1,1,1,1,1
10397,ribbon and cellophane,1,1,1,1,1,1,1,1,1,1,1
10398,ribbon and gift,1,1,1,1,1,1,1,1,1,1,1
10399,ribboned carrot,1,1,1,1,1,1,1,1,1,1,1
10400,ribboned cucumber,1,1,1,1,1,1,1,1,1,1,1
10401,ribboned stir-fry vegetables,1,1,1,1,1,1,1,1,1,1,1
10402,ribs,1,1,1,1,1,1,1,1,1,1,1
10403,rice & peas,1,1,1,1,1,1,1,1,1,1,1
10404,rice and black beans,1,1,1,1,1,1,1,1,1,1,1
10405,rice and fresh thai basil leaves,1,1,1,1,1,1,1,1,1,1,1
10406,rice and greens,1,1,1,1,1,1,1,1,1,1,1
10407,rice and lime wedges,1,1,1,1,1,1,1,1,1,1,1
10408,rice and naan breads,1,1,1,1,1,1,1,1,1,1,1
10409,rice and peas and slaw,1,1,1,1,1,1,1,1,1,1,1
10410,rice and poppadums,1,1,1,1,1,1,1,1,1,1,1
10411,rice and salad,1,1,1,1,1,1,1,1,1,1,1
10412,rice and sichuan pepper,1,1,1,1,1,1,1,1,1,1,1
10413,rice and soy sauce,1,1,1,1,1,1,1,1,1,1,1
10414,rice and steamed broccoli,1,1,1,1,1,1,1,1,1,1,1
10415,rice and steamed green beans,1,1,1,1,1,1,1,1,1,1,1
10416,rice and stir-fried green veg,1,1,1,1,1,1,1,1,1,1,1
10417,rice and stir-fried tenderstem broccoli,1,1,1,1,1,1,1,1,1,1,1
10418,rice and tenderstem broccoli,1,1,1,1,1,1,1,1,1,1,1
10419,rice and/or dahl,1,1,1,1,1,1,1,1,1,1,1
10420,rice bran,1,1,1,1,1,1,1,1,1,1,1
10421,rice cereal,1,1,1,1,1,1,1,1,1,1,1
10422,rice grains,1,1,1,1,1,1,1,1,1,1,1
10423,rice grated cheddar and soured cream,1,1,1,1,1,1,1,1,1,1,1
10424,rice krispies,1,1,1,1,1,1,1,1,1,1,1
10425,rice lime wedges and chutney,1,1,1,1,1,1,1,1,1,1,1
10426,rice mash,1,1,1,1,1,1,1,1,1,1,1
10427,rice milk,1,1,1,1,1,1,1,1,1,1,1
10428,rice naan,1,1,1,1,1,1,1,1,1,1,1
10429,rice naan and mango chutney,1,1,1,1,1,1,1,1,1,1,1
10430,rice naan bread,1,1,1,1,1,1,1,1,1,1,1
10431,rice natural yogurt,1,1,1,1,1,1,1,1,1,1,1
10432,rice noodle cooked following,1,1,1,1,1,1,1,1,1,1,1
10433,rice noodle nests,1,1,1,1,1,1,1,1,1,1,1
10434,rice or  white wine vinegar,1,1,1,1,1,1,1,1,1,1,1
10435,rice or chapatis,1,1,1,1,1,1,1,1,1,1,1
10436,rice or cornflour,1,1,1,1,1,1,1,1,1,1,1
10437,rice or couscous,1,1,1,1,1,1,1,1,1,1,1
10438,rice or creamy mash,1,1,1,1,1,1,1,1,1,1,1
10439,rice or crusty bread,1,1,1,1,1,1,1,1,1,1,1
10440,rice or egg noodles,1,1,1,1,1,1,1,1,1,1,1
10441,rice or jacket potatoes,1,1,1,1,1,1,1,1,1,1,1
10442,rice or mealie bread,1,1,1,1,1,1,1,1,1,1,1
10443,rice or mini naan breads,1,1,1,1,1,1,1,1,1,1,1
10444,rice or our mexican tomato rice,1,1,1,1,1,1,1,1,1,1,1
10445,rice or pitta,1,1,1,1,1,1,1,1,1,1,1
10446,rice or potatoes,1,1,1,1,1,1,1,1,1,1,1
10447,rice or potatoes and veg,1,1,1,1,1,1,1,1,1,1,1
10448,rice or tortilla chips,1,1,1,1,1,1,1,1,1,1,1
10449,rice or tortillas,1,1,1,1,1,1,1,1,1,1,1
10450,rice or wheat noodles,1,1,1,1,1,1,1,1,1,1,1
10451,rice paper wafer daisies,1,1,1,1,1,1,1,1,1,1,1
10452,rice paper wrappers,1,1,1,1,1,1,1,1,1,1,1
10453,rice poppadums,1,1,1,1,1,1,1,1,1,1,1
10454,rice pops cereal,1,1,1,1,1,1,1,1,1,1,1
10455,rice potatoes,1,1,1,1,1,1,1,1,1,1,1
10456,rice powder,1,1,1,1,1,1,1,1,1,1,1
10457,rice rice and mini naans,1,1,1,1,1,1,1,1,1,1,1
10458,rice salad,1,1,1,1,1,1,1,1,1,1,1
10459,rice should make this amount),1,1,1,1,1,1,1,1,1,1,1
10460,rice vermicelli,1,1,1,1,1,1,1,1,1,1,1
10461,rice wine or mirin,1,1,1,1,1,1,1,1,1,1,1
10462,rice yogurt,1,1,1,1,1,1,1,1,1,1,1
10463,ricotta salata,1,1,1,1,1,1,1,1,1,1,1
10464,rigatoni penne,1,1,1,1,1,1,1,1,1,1,1
10465,rind 1 lemon,1,1,1,1,1,1,1,1,1,1,1
10466,rind of a vegetarian hard cheese,1,1,1,1,1,1,1,1,1,1,1
10467,rindless pork shoulder,1,1,1,1,1,1,1,1,1,1,1
10468,rindless smoked streaky bacon,1,1,1,1,1,1,1,1,1,1,1
10469,rindless streaky bacon rashers,1,1,1,1,1,1,1,1,1,1,1
10470,rindless unsmoked fatty,1,1,1,1,1,1,1,1,1,1,1
10471,"rindless, boneless pork belly",1,1,1,1,1,1,1,1,1,1,1
10472,ring chorizo,1,1,1,1,1,1,1,1,1,1,1
10473,ring of chorizo,1,1,1,1,1,1,1,1,1,1,1
10474,rioja,1,1,1,1,1,1,1,1,1,1,1
10475,ripe,1,1,1,1,1,1,1,1,1,1,1
10476,ripe  avocado flesh scooped out,1,1,1,1,1,1,1,1,1,1,1
10477,ripe  avocados,1,1,1,1,1,1,1,1,1,1,1
10478,ripe  banana,1,1,1,1,1,1,1,1,1,1,1
10479,ripe  mango,1,1,1,1,1,1,1,1,1,1,1
10480,ripe  mangoes,1,1,1,1,1,1,1,1,1,1,1
10481,ripe  pear,1,1,1,1,1,1,1,1,1,1,1
10482,ripe  quince,1,1,1,1,1,1,1,1,1,1,1
10483,ripe  tomatoes,1,1,1,1,1,1,1,1,1,1,1
10484,ripe  vine tomatoes,1,1,1,1,1,1,1,1,1,1,1
10485,ripe apple or saba bananas,1,1,1,1,1,1,1,1,1,1,1
10486,ripe avocado flesh,1,1,1,1,1,1,1,1,1,1,1
10487,ripe avocados de-stoned and,1,1,1,1,1,1,1,1,1,1,1
10488,ripe bananas frozen,1,1,1,1,1,1,1,1,1,1,1
10489,ripe brie,1,1,1,1,1,1,1,1,1,1,1
10490,ripe but firm  avocado,1,1,1,1,1,1,1,1,1,1,1
10491,ripe but firm papayas,1,1,1,1,1,1,1,1,1,1,1
10492,ripe chopped banana,1,1,1,1,1,1,1,1,1,1,1
10493,ripe dessert  pears,1,1,1,1,1,1,1,1,1,1,1
10494,ripe galia,1,1,1,1,1,1,1,1,1,1,1
10495,ripe granadilla passion fruit pulp only,1,1,1,1,1,1,1,1,1,1,1
10496,ripe kiwi halved lengthways,1,1,1,1,1,1,1,1,1,1,1
10497,ripe mangoes stoned,1,1,1,1,1,1,1,1,1,1,1
10498,ripe melon,1,1,1,1,1,1,1,1,1,1,1
10499,ripe mixed cherry tomatoes any larger,1,1,1,1,1,1,1,1,1,1,1
10500,ripe mixed tomatoes,1,1,1,1,1,1,1,1,1,1,1
10501,ripe peaches 4 stoned,1,1,1,1,1,1,1,1,1,1,1
10502,ripe peaches stoned,1,1,1,1,1,1,1,1,1,1,1
10503,ripe plantain,1,1,1,1,1,1,1,1,1,1,1
10504,ripe plantains,1,1,1,1,1,1,1,1,1,1,1
10505,ripe red pepper,1,1,1,1,1,1,1,1,1,1,1
10506,ripe red plums,1,1,1,1,1,1,1,1,1,1,1
10507,ripe strawberries stalks,1,1,1,1,1,1,1,1,1,1,1
10508,ripe strawberries tops,1,1,1,1,1,1,1,1,1,1,1
10509,ripe tomato thinly,1,1,1,1,1,1,1,1,1,1,1
10510,ripe tomatoes of all different shapes,1,1,1,1,1,1,1,1,1,1,1
10511,ripe tomatoes off the vine,1,1,1,1,1,1,1,1,1,1,1
10512,ripe vine,1,1,1,1,1,1,1,1,1,1,1
10513,ripe yellow-fleshed nectarines,1,1,1,1,1,1,1,1,1,1,1
10514,"ripe, firm avocados",1,1,1,1,1,1,1,1,1,1,1
10515,"ripe, firm peaches",1,1,1,1,1,1,1,1,1,1,1
10516,"ripe, large avocados",1,1,1,1,1,1,1,1,1,1,1
10517,"ripe, vine-ripened tomatoes",1,1,1,1,1,1,1,1,1,1,1
10518,roast chicken,1,1,1,1,1,1,1,1,1,1,1
10519,roast chicken pieces,1,1,1,1,1,1,1,1,1,1,1
10520,roast potatoes and steamed greens,1,1,1,1,1,1,1,1,1,1,1
10521,roast potatoes carrots and greens,1,1,1,1,1,1,1,1,1,1,1
10522,roast potatoes glazed carrots with tarragon &amp,1,1,1,1,1,1,1,1,1,1,1
10523,roast potatoes vegetables and gravy,1,1,1,1,1,1,1,1,1,1,1
10524,roasted  cashews,1,1,1,1,1,1,1,1,1,1,1
10525,roasted  cumin seeds ground,1,1,1,1,1,1,1,1,1,1,1
10526,roasted  peanuts,1,1,1,1,1,1,1,1,1,1,1
10527,roasted and ground peanuts,1,1,1,1,1,1,1,1,1,1,1
10528,roasted aubergine,1,1,1,1,1,1,1,1,1,1,1
10529,roasted carrots,1,1,1,1,1,1,1,1,1,1,1
10530,roasted cherry tomatoes and mushrooms,1,1,1,1,1,1,1,1,1,1,1
10531,roasted chicken,1,1,1,1,1,1,1,1,1,1,1
10532,roasted chicken breasts,1,1,1,1,1,1,1,1,1,1,1
10533,roasted chopped hazelnut,1,1,1,1,1,1,1,1,1,1,1
10534,roasted chopped pecans,1,1,1,1,1,1,1,1,1,1,1
10535,roasted cumin powder,1,1,1,1,1,1,1,1,1,1,1
10536,roasted ground  szechuan peppercorns,1,1,1,1,1,1,1,1,1,1,1
10537,roasted mushroom pâté,1,1,1,1,1,1,1,1,1,1,1
10538,roasted new potatoes,1,1,1,1,1,1,1,1,1,1,1
10539,roasted nori,1,1,1,1,1,1,1,1,1,1,1
10540,roasted or boiled baby potatoes,1,1,1,1,1,1,1,1,1,1,1
10541,roasted or boiled potatoes,1,1,1,1,1,1,1,1,1,1,1
10542,roasted or mashed potatoes,1,1,1,1,1,1,1,1,1,1,1
10543,roasted peanut,1,1,1,1,1,1,1,1,1,1,1
10544,roasted peanuts split in half,1,1,1,1,1,1,1,1,1,1,1
10545,roasted pistachios,1,1,1,1,1,1,1,1,1,1,1
10546,roasted pumpkin seeds,1,1,1,1,1,1,1,1,1,1,1
10547,roasted red onions,1,1,1,1,1,1,1,1,1,1,1
10548,roasted red pepper & harissa  sauce,1,1,1,1,1,1,1,1,1,1,1
10549,roasted red pepper hummus,1,1,1,1,1,1,1,1,1,1,1
10550,roasted salted pecans,1,1,1,1,1,1,1,1,1,1,1
10551,roasted sesame oil,1,1,1,1,1,1,1,1,1,1,1
10552,roasted sesame seeds,1,1,1,1,1,1,1,1,1,1,1
10553,roasted unsalted  peanuts,1,1,1,1,1,1,1,1,1,1,1
10554,roasting potatoes skin on and scrubbed clean,1,1,1,1,1,1,1,1,1,1,1
10555,robust  leafy greens,1,1,1,1,1,1,1,1,1,1,1
10556,rock or flaked sea salt,1,1,1,1,1,1,1,1,1,1,1
10557,rock or granulated sugar,1,1,1,1,1,1,1,1,1,1,1
10558,rock sugar,1,1,1,1,1,1,1,1,1,1,1
10559,rocket & red onion salad with balsamic dressing,1,1,1,1,1,1,1,1,1,1,1
10560,rocket and grated parmesan,1,1,1,1,1,1,1,1,1,1,1
10561,rocket dressed with balsamic vinegar,1,1,1,1,1,1,1,1,1,1,1
10562,rocket or baby spinach leaves,1,1,1,1,1,1,1,1,1,1,1
10563,rocket or frisée salad leaves,1,1,1,1,1,1,1,1,1,1,1
10564,rocket or mixed leaves,1,1,1,1,1,1,1,1,1,1,1
10565,rocket or spinach,1,1,1,1,1,1,1,1,1,1,1
10566,rocket or spinach leaves,1,1,1,1,1,1,1,1,1,1,1
10567,rocket pesto,1,1,1,1,1,1,1,1,1,1,1
10568,rocket watercress and spinach salad,1,1,1,1,1,1,1,1,1,1,1
10569,roll-out icing,1,1,1,1,1,1,1,1,1,1,1
10570,rolled all-butter puff pastry,1,1,1,1,1,1,1,1,1,1,1
10571,rolled lemon zest,1,1,1,1,1,1,1,1,1,1,1
10572,rolled oat soaked overnight in 250ml/9fl oz water,1,1,1,1,1,1,1,1,1,1,1
10573,rolled pork belly joint,1,1,1,1,1,1,1,1,1,1,1
10574,rolled pork loin,1,1,1,1,1,1,1,1,1,1,1
10575,rolled pork shoulder,1,1,1,1,1,1,1,1,1,1,1
10576,rolled puff pastry,1,1,1,1,1,1,1,1,1,1,1
10577,romadur cheese or camembert,1,1,1,1,1,1,1,1,1,1,1
10578,romaine heart lettuce leaves,1,1,1,1,1,1,1,1,1,1,1
10579,romaine lettuce heart,1,1,1,1,1,1,1,1,1,1,1
10580,romaine lettuces,1,1,1,1,1,1,1,1,1,1,1
10581,romanesco,1,1,1,1,1,1,1,1,1,1,1
10582,romanesco broccoli or cauliflower,1,1,1,1,1,1,1,1,1,1,1
10583,romero pepper,1,1,1,1,1,1,1,1,1,1,1
10584,rooibos leaf tea,1,1,1,1,1,1,1,1,1,1,1
10585,room-temperature butter,1,1,1,1,1,1,1,1,1,1,1
10586,rooster or maris piper potatoes,1,1,1,1,1,1,1,1,1,1,1
10587,root veg,1,1,1,1,1,1,1,1,1,1,1
10588,rose essence,1,1,1,1,1,1,1,1,1,1,1
10589,rose geranium flowers,1,1,1,1,1,1,1,1,1,1,1
10590,rose geranium water or rose water,1,1,1,1,1,1,1,1,1,1,1
10591,rose harrisa,1,1,1,1,1,1,1,1,1,1,1
10592,rose petal,1,1,1,1,1,1,1,1,1,1,1
10593,rose petal vodka,1,1,1,1,1,1,1,1,1,1,1
10594,rose petals,1,1,1,1,1,1,1,1,1,1,1
10595,rose water depending on strength,1,1,1,1,1,1,1,1,1,1,1
10596,rose-flavoured gin,1,1,1,1,1,1,1,1,1,1,1
10597,rosehip jam,1,1,1,1,1,1,1,1,1,1,1
10598,rosehips,1,1,1,1,1,1,1,1,1,1,1
10599,rosemary and thyme,1,1,1,1,1,1,1,1,1,1,1
10600,"rosemary and thyme, leaves",1,1,1,1,1,1,1,1,1,1,1
10601,rosemary leaves and woody stalks,1,1,1,1,1,1,1,1,1,1,1
10602,rosemary or thyme leaves,1,1,1,1,1,1,1,1,1,1,1
10603,rosemary stalks,1,1,1,1,1,1,1,1,1,1,1
10604,rosewater extract,1,1,1,1,1,1,1,1,1,1,1
10605,rosewater or rose liqueur,1,1,1,1,1,1,1,1,1,1,1
10606,rosso vermouth,1,1,1,1,1,1,1,1,1,1,1
10607,rosé wine or white wine,1,1,1,1,1,1,1,1,1,1,1
10608,roti,1,1,1,1,1,1,1,1,1,1,1
10609,rotisserie chicken around,1,1,1,1,1,1,1,1,1,1,1
10610,round  suits-all christmas cake,1,1,1,1,1,1,1,1,1,1,1
10611,round 5cm biscuit cutter,1,1,1,1,1,1,1,1,1,1,1
10612,round biscuit cutter,1,1,1,1,1,1,1,1,1,1,1
10613,round black  liquorice,1,1,1,1,1,1,1,1,1,1,1
10614,round bread,1,1,1,1,1,1,1,1,1,1,1
10615,round cake tin,1,1,1,1,1,1,1,1,1,1,1
10616,round camembert,1,1,1,1,1,1,1,1,1,1,1
10617,round chocolate,1,1,1,1,1,1,1,1,1,1,1
10618,round cutter or circle,1,1,1,1,1,1,1,1,1,1,1
10619,round cutters in different sizes,1,1,1,1,1,1,1,1,1,1,1
10620,round flatbreads,1,1,1,1,1,1,1,1,1,1,1
10621,round garlic naan bread,1,1,1,1,1,1,1,1,1,1,1
10622,round loaf of bread,1,1,1,1,1,1,1,1,1,1,1
10623,round loose-bottom  cake,1,1,1,1,1,1,1,1,1,1,1
10624,round or square suits-all christmas cake,1,1,1,1,1,1,1,1,1,1,1
10625,round piping nozzle,1,1,1,1,1,1,1,1,1,1,1
10626,round pitta breads,1,1,1,1,1,1,1,1,1,1,1
10627,round plate,1,1,1,1,1,1,1,1,1,1,1
10628,round springform cake,1,1,1,1,1,1,1,1,1,1,1
10629,round tartlet cases or crumpet moulds,1,1,1,1,1,1,1,1,1,1,1
10630,round wooden board,1,1,1,1,1,1,1,1,1,1,1
10631,rounded tbsp chopped oregano,1,1,1,1,1,1,1,1,1,1,1
10632,rounded tbsp tahini,1,1,1,1,1,1,1,1,1,1,1
10633,rounded tsp garam masala,1,1,1,1,1,1,1,1,1,1,1
10634,rounded tsp ground cumin,1,1,1,1,1,1,1,1,1,1,1
10635,rounds of goat's cheese,1,1,1,1,1,1,1,1,1,1,1
10636,royal icing coloured black,1,1,1,1,1,1,1,1,1,1,1
10637,royal icing sugar food colouring pastes,1,1,1,1,1,1,1,1,1,1,1
10638,ruby,1,1,1,1,1,1,1,1,1,1,1
10639,rum or  brandy,1,1,1,1,1,1,1,1,1,1,1
10640,rum or vanilla extract,1,1,1,1,1,1,1,1,1,1,1
10641,rum or whisky,1,1,1,1,1,1,1,1,1,1,1
10642,runner beans ends,1,1,1,1,1,1,1,1,1,1,1
10643,runner beans sliced diagonally,1,1,1,1,1,1,1,1,1,1,1
10644,runner beans stringed,1,1,1,1,1,1,1,1,1,1,1
10645,runny blossom honey,1,1,1,1,1,1,1,1,1,1,1
10646,runny white icing,1,1,1,1,1,1,1,1,1,1,1
10647,russet potatoes,1,1,1,1,1,1,1,1,1,1,1
10648,rustic baguette,1,1,1,1,1,1,1,1,1,1,1
10649,rustic sourdough,1,1,1,1,1,1,1,1,1,1,1
10650,rustic wholemeal bread unsliced,1,1,1,1,1,1,1,1,1,1,1
10651,rye and wheat dark sourdough bread,1,1,1,1,1,1,1,1,1,1,1
10652,rye bread and chicory leaves,1,1,1,1,1,1,1,1,1,1,1
10653,rye bread mustard and pickle,1,1,1,1,1,1,1,1,1,1,1
10654,rye breadcrumbs,1,1,1,1,1,1,1,1,1,1,1
10655,rye or plain flour,1,1,1,1,1,1,1,1,1,1,1
10656,rye or pumpernickel bread,1,1,1,1,1,1,1,1,1,1,1
10657,rye sourdough,1,1,1,1,1,1,1,1,1,1,1
10658,rye sourdough bread,1,1,1,1,1,1,1,1,1,1,1
10659,rye vodka,1,1,1,1,1,1,1,1,1,1,1
10660,ryvita cracker,1,1,1,1,1,1,1,1,1,1,1
10661,saba,1,1,1,1,1,1,1,1,1,1,1
10662,sachets dry active yeast,1,1,1,1,1,1,1,1,1,1,1
10663,sachets fast-action yeast,1,1,1,1,1,1,1,1,1,1,1
10664,sachets panko breadcrumbs,1,1,1,1,1,1,1,1,1,1,1
10665,saffron stands,1,1,1,1,1,1,1,1,1,1,1
10666,saffron yogurt,1,1,1,1,1,1,1,1,1,1,1
10667,sage & onion stuffing mixture,1,1,1,1,1,1,1,1,1,1,1
10668,sage &amp; onion stuffing,1,1,1,1,1,1,1,1,1,1,1
10669,sage 12 leaves,1,1,1,1,1,1,1,1,1,1,1
10670,sage and thyme leaves,1,1,1,1,1,1,1,1,1,1,1
10671,sage half the leaves,1,1,1,1,1,1,1,1,1,1,1
10672,sage leaves large leaves,1,1,1,1,1,1,1,1,1,1,1
10673,sage leaves only,1,1,1,1,1,1,1,1,1,1,1
10674,sage or rosemary,1,1,1,1,1,1,1,1,1,1,1
10675,sage ½ leaves,1,1,1,1,1,1,1,1,1,1,1
10676,"sage, apple &amp; onion stuffing mix",1,1,1,1,1,1,1,1,1,1,1
10677,"sage, rosemary",1,1,1,1,1,1,1,1,1,1,1
10678,sagwa shikcho,1,1,1,1,1,1,1,1,1,1,1
10679,sainsbury's taste the difference strawberries,1,1,1,1,1,1,1,1,1,1,1
10680,saké or dry sherry,1,1,1,1,1,1,1,1,1,1,1
10681,saké shaohsing rice wine,1,1,1,1,1,1,1,1,1,1,1
10682,salad and crisps,1,1,1,1,1,1,1,1,1,1,1
10683,salad and crusty bread,1,1,1,1,1,1,1,1,1,1,1
10684,salad and garlic bread,1,1,1,1,1,1,1,1,1,1,1
10685,salad and piccalilli,1,1,1,1,1,1,1,1,1,1,1
10686,salad bowl,1,1,1,1,1,1,1,1,1,1,1
10687,salad cream,1,1,1,1,1,1,1,1,1,1,1
10688,salad dressing,1,1,1,1,1,1,1,1,1,1,1
10689,salad items,1,1,1,1,1,1,1,1,1,1,1
10690,salad leaf,1,1,1,1,1,1,1,1,1,1,1
10691,salad leaves and slaw,1,1,1,1,1,1,1,1,1,1,1
10692,salad leaves or herbs,1,1,1,1,1,1,1,1,1,1,1
10693,salad mango chutney and lemon wedges,1,1,1,1,1,1,1,1,1,1,1
10694,salad of tomatoes,1,1,1,1,1,1,1,1,1,1,1
10695,salad onion steeped in vinegar,1,1,1,1,1,1,1,1,1,1,1
10696,salad onion white part,1,1,1,1,1,1,1,1,1,1,1
10697,salad onions,1,1,1,1,1,1,1,1,1,1,1
10698,salad or new potatoes and green beans,1,1,1,1,1,1,1,1,1,1,1
10699,salami or chorizo,1,1,1,1,1,1,1,1,1,1,1
10700,salmon and white fish fillets,1,1,1,1,1,1,1,1,1,1,1
10701,salmon broken into chunks,1,1,1,1,1,1,1,1,1,1,1
10702,salmon broken into large flakes,1,1,1,1,1,1,1,1,1,1,1
10703,salmon caviar,1,1,1,1,1,1,1,1,1,1,1
10704,salmon deboned and skinned,1,1,1,1,1,1,1,1,1,1,1
10705,salmon descaled and pin bones removed,1,1,1,1,1,1,1,1,1,1,1
10706,salmon drained,1,1,1,1,1,1,1,1,1,1,1
10707,salmon fillet honey-roast salmon or hot smoked salmon,1,1,1,1,1,1,1,1,1,1,1
10708,salmon fillets 170-200g each,1,1,1,1,1,1,1,1,1,1,1
10709,salmon fillets boned removed,1,1,1,1,1,1,1,1,1,1,1
10710,salmon fillets check,1,1,1,1,1,1,1,1,1,1,1
10711,salmon roe,1,1,1,1,1,1,1,1,1,1,1
10712,salmon roe or caviar,1,1,1,1,1,1,1,1,1,1,1
10713,salmon side portions,1,1,1,1,1,1,1,1,1,1,1
10714,salmon skin on,1,1,1,1,1,1,1,1,1,1,1
10715,salmon trout or salmon fillets,1,1,1,1,1,1,1,1,1,1,1
10716,salmon trout steaks,1,1,1,1,1,1,1,1,1,1,1
10717,salsa or pico de gallo,1,1,1,1,1,1,1,1,1,1,1
10718,salsify,1,1,1,1,1,1,1,1,1,1,1
10719,salt &amp; vinegar,1,1,1,1,1,1,1,1,1,1,1
10720,salt and black pepper,1,1,1,1,1,1,1,1,1,1,1
10721,salt and garlic powder,1,1,1,1,1,1,1,1,1,1,1
10722,salt and pepper seasoning,1,1,1,1,1,1,1,1,1,1,1
10723,salt and vinegar crisps,1,1,1,1,1,1,1,1,1,1,1
10724,salt and xylitol-free smooth peanut butter,1,1,1,1,1,1,1,1,1,1,1
10725,salt beef,1,1,1,1,1,1,1,1,1,1,1
10726,salt cod fillets,1,1,1,1,1,1,1,1,1,1,1
10727,salt flakes,1,1,1,1,1,1,1,1,1,1,1
10728,salt if using unsalted butter,1,1,1,1,1,1,1,1,1,1,1
10729,salt pepper,1,1,1,1,1,1,1,1,1,1,1
10730,salt-free chicken or vegetable stock or water,1,1,1,1,1,1,1,1,1,1,1
10731,salt-reduced soy sauce,1,1,1,1,1,1,1,1,1,1,1
10732,salted  anchovies,1,1,1,1,1,1,1,1,1,1,1
10733,salted  pork scratchings,1,1,1,1,1,1,1,1,1,1,1
10734,salted  pretzel,1,1,1,1,1,1,1,1,1,1,1
10735,salted almonds,1,1,1,1,1,1,1,1,1,1,1
10736,salted anchovy,1,1,1,1,1,1,1,1,1,1,1
10737,salted butter and tomato ketchup,1,1,1,1,1,1,1,1,1,1,1
10738,salted butter of assorted biscuits,1,1,1,1,1,1,1,1,1,1,1
10739,salted butter really soft,1,1,1,1,1,1,1,1,1,1,1
10740,salted butter very soft,1,1,1,1,1,1,1,1,1,1,1
10741,salted caramel ice cream,1,1,1,1,1,1,1,1,1,1,1
10742,salted caramel spread,1,1,1,1,1,1,1,1,1,1,1
10743,salted crisps,1,1,1,1,1,1,1,1,1,1,1
10744,salted duck egg yolk,1,1,1,1,1,1,1,1,1,1,1
10745,salted mixed nuts,1,1,1,1,1,1,1,1,1,1,1
10746,salted nachos,1,1,1,1,1,1,1,1,1,1,1
10747,salted nori sheets,1,1,1,1,1,1,1,1,1,1,1
10748,salted or roasted peanuts,1,1,1,1,1,1,1,1,1,1,1
10749,salted peanut or cashew nuts,1,1,1,1,1,1,1,1,1,1,1
10750,salted peanut see tip,1,1,1,1,1,1,1,1,1,1,1
10751,salted roasted almonds,1,1,1,1,1,1,1,1,1,1,1
10752,salted roasted peanuts,1,1,1,1,1,1,1,1,1,1,1
10753,salted roasted pecan,1,1,1,1,1,1,1,1,1,1,1
10754,salted roasted pistachios,1,1,1,1,1,1,1,1,1,1,1
10755,salted toasted peanuts,1,1,1,1,1,1,1,1,1,1,1
10756,"salted, roasted peanuts",1,1,1,1,1,1,1,1,1,1,1
10757,sambar masala,1,1,1,1,1,1,1,1,1,1,1
10758,sambousek or filo pastry sheets,1,1,1,1,1,1,1,1,1,1,1
10759,sandwich flags,1,1,1,1,1,1,1,1,1,1,1
10760,sandwich tins,1,1,1,1,1,1,1,1,1,1,1
10761,sardine fillets,1,1,1,1,1,1,1,1,1,1,1
10762,sardines in chilli olive oil,1,1,1,1,1,1,1,1,1,1,1
10763,sardines in sunflower oil,1,1,1,1,1,1,1,1,1,1,1
10764,sardines piccanti,1,1,1,1,1,1,1,1,1,1,1
10765,sashimi-grade yellow fin tuna block or steak,1,1,1,1,1,1,1,1,1,1,1
10766,satay sauce,1,1,1,1,1,1,1,1,1,1,1
10767,satsuma,1,1,1,1,1,1,1,1,1,1,1
10768,saucepan with a well-fitting lid,1,1,1,1,1,1,1,1,1,1,1
10769,sauerkraut leaves see tip,1,1,1,1,1,1,1,1,1,1,1
10770,sausagemeat or pork sausages,1,1,1,1,1,1,1,1,1,1,1
10771,sausagemeat or sausages,1,1,1,1,1,1,1,1,1,1,1
10772,sausages meat squeezed from the skins,1,1,1,1,1,1,1,1,1,1,1
10773,sausages meat squeezed out,1,1,1,1,1,1,1,1,1,1,1
10774,sauteed potatoes and steamed broccoli,1,1,1,1,1,1,1,1,1,1,1
10775,savoiardi biscuit,1,1,1,1,1,1,1,1,1,1,1
10776,savoury crackers crusty bread,1,1,1,1,1,1,1,1,1,1,1
10777,savoy cabbage and peas,1,1,1,1,1,1,1,1,1,1,1
10778,savoy cabbage core,1,1,1,1,1,1,1,1,1,1,1
10779,savoy cabbage or spring cabbage,1,1,1,1,1,1,1,1,1,1,1
10780,savoy cabbage stalks,1,1,1,1,1,1,1,1,1,1,1
10781,savoy or king cabbage outer leaves,1,1,1,1,1,1,1,1,1,1,1
10782,savoy or sweetheart  cabbage,1,1,1,1,1,1,1,1,1,1,1
10783,scallop,1,1,1,1,1,1,1,1,1,1,1
10784,scallops,1,1,1,1,1,1,1,1,1,1,1
10785,scallops roes on,1,1,1,1,1,1,1,1,1,1,1
10786,scamorza,1,1,1,1,1,1,1,1,1,1,1
10787,scones,1,1,1,1,1,1,1,1,1,1,1
10788,scoop of blackcurrant,1,1,1,1,1,1,1,1,1,1,1
10789,scotch bonnet,1,1,1,1,1,1,1,1,1,1,1
10790,scotch bonnet chilli left whole,1,1,1,1,1,1,1,1,1,1,1
10791,scotch bonnet chilli pepper,1,1,1,1,1,1,1,1,1,1,1
10792,scotch bonnets,1,1,1,1,1,1,1,1,1,1,1
10793,screw-top jam jars with lids,1,1,1,1,1,1,1,1,1,1,1
10794,screwtop,1,1,1,1,1,1,1,1,1,1,1
10795,sea bass fillets skin on,1,1,1,1,1,1,1,1,1,1,1
10796,sea breams,1,1,1,1,1,1,1,1,1,1,1
10797,sea purslane samphire or sea kale,1,1,1,1,1,1,1,1,1,1,1
10798,sea salt &amp,1,1,1,1,1,1,1,1,1,1,1
10799,sea salt and freshly ground pepper,1,1,1,1,1,1,1,1,1,1,1
10800,sea salt and malt vinegar,1,1,1,1,1,1,1,1,1,1,1
10801,sea salt ground,1,1,1,1,1,1,1,1,1,1,1
10802,sea trout fillets,1,1,1,1,1,1,1,1,1,1,1
10803,sea trout portions,1,1,1,1,1,1,1,1,1,1,1
10804,seabass fillets,1,1,1,1,1,1,1,1,1,1,1
10805,seafood,1,1,1,1,1,1,1,1,1,1,1
10806,seafood &amp,1,1,1,1,1,1,1,1,1,1,1
10807,seafood stock,1,1,1,1,1,1,1,1,1,1,1
10808,seasonal fruit,1,1,1,1,1,1,1,1,1,1,1
10809,seasonal leaf,1,1,1,1,1,1,1,1,1,1,1
10810,seasonal squashes,1,1,1,1,1,1,1,1,1,1,1
10811,seasonal veg,1,1,1,1,1,1,1,1,1,1,1
10812,seasoning,1,1,1,1,1,1,1,1,1,1,1
10813,seasoning of choice,1,1,1,1,1,1,1,1,1,1,1
10814,seasoning of your choice,1,1,1,1,1,1,1,1,1,1,1
10815,seaweed gin,1,1,1,1,1,1,1,1,1,1,1
10816,seaweed thins,1,1,1,1,1,1,1,1,1,1,1
10817,seedless black or red grapes,1,1,1,1,1,1,1,1,1,1,1
10818,seedless blackcurrant jam,1,1,1,1,1,1,1,1,1,1,1
10819,seeds from  cardamom pods,1,1,1,1,1,1,1,1,1,1,1
10820,seeds from &frac12,1,1,1,1,1,1,1,1,1,1,1
10821,seeds from 1 cardamom pod,1,1,1,1,1,1,1,1,1,1,1
10822,seeds from 1/2 pomegranate,1,1,1,1,1,1,1,1,1,1,1
10823,seeds from 10 cardamom pods,1,1,1,1,1,1,1,1,1,1,1
10824,seeds from 12 cardamom pods,1,1,1,1,1,1,1,1,1,1,1
10825,seeds from 2 cardamom pods,1,1,1,1,1,1,1,1,1,1,1
10826,seeds from 4 cardamom pods,1,1,1,1,1,1,1,1,1,1,1
10827,seeds from 5  cardamom pods,1,1,1,1,1,1,1,1,1,1,1
10828,seeds from 6 cardamom pods,1,1,1,1,1,1,1,1,1,1,1
10829,seeds from half a vanilla pod,1,1,1,1,1,1,1,1,1,1,1
10830,seeds from ½ a  pomegranate,1,1,1,1,1,1,1,1,1,1,1
10831,seeds from ½ a vanilla pod,1,1,1,1,1,1,1,1,1,1,1
10832,seeds from ½ pomegranate,1,1,1,1,1,1,1,1,1,1,1
10833,seeds of your choice,1,1,1,1,1,1,1,1,1,1,1
10834,self-raising all purpose gluten-free flour,1,1,1,1,1,1,1,1,1,1,1
10835,self-raising flour extra,1,1,1,1,1,1,1,1,1,1,1
10836,self-raising white flour,1,1,1,1,1,1,1,1,1,1,1
10837,semi skimmed milk,1,1,1,1,1,1,1,1,1,1,1
10838,semi-dried cranberries,1,1,1,1,1,1,1,1,1,1,1
10839,semi-dried tomato drained,1,1,1,1,1,1,1,1,1,1,1
10840,semi-dried tomatoes in oil from a jar,1,1,1,1,1,1,1,1,1,1,1
10841,semi-skimmed,1,1,1,1,1,1,1,1,1,1,1
10842,semi-soft sundried tomatoes,1,1,1,1,1,1,1,1,1,1,1
10843,semi-waxy potatoes,1,1,1,1,1,1,1,1,1,1,1
10844,semolina chapati flour,1,1,1,1,1,1,1,1,1,1,1
10845,semolina or flour,1,1,1,1,1,1,1,1,1,1,1
10846,semolina polenta,1,1,1,1,1,1,1,1,1,1,1
10847,semolina polenta or mexican masa flour,1,1,1,1,1,1,1,1,1,1,1
10848,separate rib steaks on the bone,1,1,1,1,1,1,1,1,1,1,1
10849,serrano ham each halved lengthways,1,1,1,1,1,1,1,1,1,1,1
10850,serrano ham or your choice of cured ham,1,1,1,1,1,1,1,1,1,1,1
10851,serrano ham slices,1,1,1,1,1,1,1,1,1,1,1
10852,sesame bagels,1,1,1,1,1,1,1,1,1,1,1
10853,sesame brittle,1,1,1,1,1,1,1,1,1,1,1
10854,sesame burger buns,1,1,1,1,1,1,1,1,1,1,1
10855,sesame or olive oil,1,1,1,1,1,1,1,1,1,1,1
10856,sesame or rapeseed oil,1,1,1,1,1,1,1,1,1,1,1
10857,sesame or sunflower oil,1,1,1,1,1,1,1,1,1,1,1
10858,sesame seed  burger buns,1,1,1,1,1,1,1,1,1,1,1
10859,sesame seed burger buns,1,1,1,1,1,1,1,1,1,1,1
10860,sesame seed oil,1,1,1,1,1,1,1,1,1,1,1
10861,sesame seeds and coriander leaves,1,1,1,1,1,1,1,1,1,1,1
10862,sesame seeds crispy onions,1,1,1,1,1,1,1,1,1,1,1
10863,sesame snap,1,1,1,1,1,1,1,1,1,1,1
10864,sesame-topped burger buns,1,1,1,1,1,1,1,1,1,1,1
10865,set of star cookie cutters,1,1,1,1,1,1,1,1,1,1,1
10866,set of sunflower cutters,1,1,1,1,1,1,1,1,1,1,1
10867,sev,1,1,1,1,1,1,1,1,1,1,1
10868,sev or bombay mix,1,1,1,1,1,1,1,1,1,1,1
10869,seven spice powder,1,1,1,1,1,1,1,1,1,1,1
10870,several little gem lettuce leaves,1,1,1,1,1,1,1,1,1,1,1
10871,seville oranges,1,1,1,1,1,1,1,1,1,1,1
10872,sewing cotton,1,1,1,1,1,1,1,1,1,1,1
10873,shallots left,1,1,1,1,1,1,1,1,1,1,1
10874,shallots skin left on,1,1,1,1,1,1,1,1,1,1,1
10875,shallots skin on,1,1,1,1,1,1,1,1,1,1,1
10876,shaosing rice wine,1,1,1,1,1,1,1,1,1,1,1
10877,sharp cheddar,1,1,1,1,1,1,1,1,1,1,1
10878,sharp mustard,1,1,1,1,1,1,1,1,1,1,1
10879,sharp serrated knife,1,1,1,1,1,1,1,1,1,1,1
10880,shell-on raw prawns,1,1,1,1,1,1,1,1,1,1,1
10881,sherbet,1,1,1,1,1,1,1,1,1,1,1
10882,sherry blend,1,1,1,1,1,1,1,1,1,1,1
10883,sherry or cream sherry,1,1,1,1,1,1,1,1,1,1,1
10884,sherry or dry vermouth,1,1,1,1,1,1,1,1,1,1,1
10885,sherry or vermouth,1,1,1,1,1,1,1,1,1,1,1
10886,sherry or vermouth vinegar,1,1,1,1,1,1,1,1,1,1,1
10887,shichimi,1,1,1,1,1,1,1,1,1,1,1
10888,shichimi togarashi chilli powder,1,1,1,1,1,1,1,1,1,1,1
10889,shichimi togarashi japanese spice blend,1,1,1,1,1,1,1,1,1,1,1
10890,"shiny, perfect apple",1,1,1,1,1,1,1,1,1,1,1
10891,shoaxing rice wine,1,1,1,1,1,1,1,1,1,1,1
10892,shop-bought  crispy onions,1,1,1,1,1,1,1,1,1,1,1
10893,shop-bought  duck confit legs,1,1,1,1,1,1,1,1,1,1,1
10894,shop-bought  lamb meatballs,1,1,1,1,1,1,1,1,1,1,1
10895,shop-bought chinese pancakes,1,1,1,1,1,1,1,1,1,1,1
10896,shop-bought chocolate brownies,1,1,1,1,1,1,1,1,1,1,1
10897,shop-bought creamed spinach,1,1,1,1,1,1,1,1,1,1,1
10898,shop-bought edible eyes,1,1,1,1,1,1,1,1,1,1,1
10899,shop-bought filo sheets,1,1,1,1,1,1,1,1,1,1,1
10900,shop-bought fresh  custard,1,1,1,1,1,1,1,1,1,1,1
10901,shop-bought frozen fries,1,1,1,1,1,1,1,1,1,1,1
10902,shop-bought ginger cake,1,1,1,1,1,1,1,1,1,1,1
10903,shop-bought gnocchi,1,1,1,1,1,1,1,1,1,1,1
10904,shop-bought madeira,1,1,1,1,1,1,1,1,1,1,1
10905,shop-bought madeira cakes,1,1,1,1,1,1,1,1,1,1,1
10906,shop-bought madeira loaf cake,1,1,1,1,1,1,1,1,1,1,1
10907,shop-bought madeira sponge,1,1,1,1,1,1,1,1,1,1,1
10908,shop-bought malt,1,1,1,1,1,1,1,1,1,1,1
10909,shop-bought meringues,1,1,1,1,1,1,1,1,1,1,1
10910,shop-bought mincemeat,1,1,1,1,1,1,1,1,1,1,1
10911,shop-bought mini meringues,1,1,1,1,1,1,1,1,1,1,1
10912,shop-bought naan bread,1,1,1,1,1,1,1,1,1,1,1
10913,shop-bought or homemade mincemeat,1,1,1,1,1,1,1,1,1,1,1
10914,shop-bought ready-rolled shortcrust pastry,1,1,1,1,1,1,1,1,1,1,1
10915,shop-bought spicy rice,1,1,1,1,1,1,1,1,1,1,1
10916,shop-bought sponge fingers,1,1,1,1,1,1,1,1,1,1,1
10917,shop-bought toffee sauce,1,1,1,1,1,1,1,1,1,1,1
10918,shop-bought unsweetened pancakes,1,1,1,1,1,1,1,1,1,1,1
10919,shop-bought vanilla custard,1,1,1,1,1,1,1,1,1,1,1
10920,shop-bought wonton wrappers,1,1,1,1,1,1,1,1,1,1,1
10921,short,1,1,1,1,1,1,1,1,1,1,1
10922,short  pasta,1,1,1,1,1,1,1,1,1,1,1
10923,short  pasta of your choice,1,1,1,1,1,1,1,1,1,1,1
10924,short bamboo skewers,1,1,1,1,1,1,1,1,1,1,1
10925,short dried pasta,1,1,1,1,1,1,1,1,1,1,1
10926,short ribs,1,1,1,1,1,1,1,1,1,1,1
10927,short ribs on the bone,1,1,1,1,1,1,1,1,1,1,1
10928,short tube pasta,1,1,1,1,1,1,1,1,1,1,1
10929,short vermicelli,1,1,1,1,1,1,1,1,1,1,1
10930,short wholemeal pasta shapes,1,1,1,1,1,1,1,1,1,1,1
10931,short wooden skewers,1,1,1,1,1,1,1,1,1,1,1
10932,short-grain (pudding) rice,1,1,1,1,1,1,1,1,1,1,1
10933,short-grain brown sushi rice,1,1,1,1,1,1,1,1,1,1,1
10934,short-grain white rice,1,1,1,1,1,1,1,1,1,1,1
10935,shortbreads finger biscuits,1,1,1,1,1,1,1,1,1,1,1
10936,shortcake biscuits,1,1,1,1,1,1,1,1,1,1,1
10937,shortcrust or puff pastry,1,1,1,1,1,1,1,1,1,1,1
10938,shortcrust pastry ready-made,1,1,1,1,1,1,1,1,1,1,1
10939,shortcrust pastry sheets,1,1,1,1,1,1,1,1,1,1,1
10940,shot measure,1,1,1,1,1,1,1,1,1,1,1
10941,shoulder of pork,1,1,1,1,1,1,1,1,1,1,1
10942,shredded kale,1,1,1,1,1,1,1,1,1,1,1
10943,shrimp bouillon,1,1,1,1,1,1,1,1,1,1,1
10944,shrimp cube,1,1,1,1,1,1,1,1,1,1,1
10945,shrimp powder,1,1,1,1,1,1,1,1,1,1,1
10946,sichuan chilli bean paste,1,1,1,1,1,1,1,1,1,1,1
10947,sichuan chilli oil,1,1,1,1,1,1,1,1,1,1,1
10948,sichuan long dried chillies,1,1,1,1,1,1,1,1,1,1,1
10949,sichuan or black peppercorns,1,1,1,1,1,1,1,1,1,1,1
10950,sichuan peppercorn,1,1,1,1,1,1,1,1,1,1,1
10951,sichuan peppercorns ground using,1,1,1,1,1,1,1,1,1,1,1
10952,side of,1,1,1,1,1,1,1,1,1,1,1
10953,side of salmon bones removed,1,1,1,1,1,1,1,1,1,1,1
10954,side of salmon skin removed,1,1,1,1,1,1,1,1,1,1,1
10955,side organic,1,1,1,1,1,1,1,1,1,1,1
10956,side salad,1,1,1,1,1,1,1,1,1,1,1
10957,side scraper and cake turntable,1,1,1,1,1,1,1,1,1,1,1
10958,sieved cocoa powder,1,1,1,1,1,1,1,1,1,1,1
10959,silicone bundt moulds,1,1,1,1,1,1,1,1,1,1,1
10960,silver balls and white sprinkles,1,1,1,1,1,1,1,1,1,1,1
10961,silver craft glitter,1,1,1,1,1,1,1,1,1,1,1
10962,silver pearl balls,1,1,1,1,1,1,1,1,1,1,1
10963,simple syrup,1,1,1,1,1,1,1,1,1,1,1
10964,single cream vanilla ice cream,1,1,1,1,1,1,1,1,1,1,1
10965,single salmon fillet,1,1,1,1,1,1,1,1,1,1,1
10966,single turkey breast,1,1,1,1,1,1,1,1,1,1,1
10967,siracha,1,1,1,1,1,1,1,1,1,1,1
10968,sirloin  sirloin steaks fat,1,1,1,1,1,1,1,1,1,1,1
10969,sirloin beef steaks,1,1,1,1,1,1,1,1,1,1,1
10970,sirloin of beef joint boneless,1,1,1,1,1,1,1,1,1,1,1
10971,sirloin or rib-eye steak,1,1,1,1,1,1,1,1,1,1,1
10972,sirloin or ribeye steaks,1,1,1,1,1,1,1,1,1,1,1
10973,sirloin or rump steaks,1,1,1,1,1,1,1,1,1,1,1
10974,sirloin steak in one,1,1,1,1,1,1,1,1,1,1,1
10975,sirloin steaks fat,1,1,1,1,1,1,1,1,1,1,1
10976,sivri biber,1,1,1,1,1,1,1,1,1,1,1
10977,sizzle steak,1,1,1,1,1,1,1,1,1,1,1
10978,skewer,1,1,1,1,1,1,1,1,1,1,1
10979,skewers wooden chopsticks,1,1,1,1,1,1,1,1,1,1,1
10980,skimmed milk powder,1,1,1,1,1,1,1,1,1,1,1
10981,skin-on  hake or cod fillets,1,1,1,1,1,1,1,1,1,1,1
10982,skin-on almonds,1,1,1,1,1,1,1,1,1,1,1
10983,skin-on bone-in  chicken thighs,1,1,1,1,1,1,1,1,1,1,1
10984,skin-on boneless  chicken thighs,1,1,1,1,1,1,1,1,1,1,1
10985,skin-on boneless pork belly unscored,1,1,1,1,1,1,1,1,1,1,1
10986,skin-on boneless turkey breast butterflied,1,1,1,1,1,1,1,1,1,1,1
10987,skin-on chicken legs,1,1,1,1,1,1,1,1,1,1,1
10988,skin-on duck breasts,1,1,1,1,1,1,1,1,1,1,1
10989,skin-on hazelnuts,1,1,1,1,1,1,1,1,1,1,1
10990,skin-on salmon or trout fillets,1,1,1,1,1,1,1,1,1,1,1
10991,skin-on sea bass fillets,1,1,1,1,1,1,1,1,1,1,1
10992,skin-on uncooked smoked gammon,1,1,1,1,1,1,1,1,1,1,1
10993,skin-on wild salmon fillets,1,1,1,1,1,1,1,1,1,1,1
10994,"skin-on, bone-in  chicken thighs",1,1,1,1,1,1,1,1,1,1,1
10995,"skin-on, bone-in chicken drumsticks",1,1,1,1,1,1,1,1,1,1,1
10996,"skin-on, boneless duck breasts",1,1,1,1,1,1,1,1,1,1,1
10997,skinless   chicken breasts,1,1,1,1,1,1,1,1,1,1,1
10998,skinless  chicken breast,1,1,1,1,1,1,1,1,1,1,1
10999,skinless  cod loin,1,1,1,1,1,1,1,1,1,1,1
11000,skinless  duck breasts,1,1,1,1,1,1,1,1,1,1,1
11001,skinless  white fish fillets,1,1,1,1,1,1,1,1,1,1,1
11002,skinless and boneless  chicken thigh fillets,1,1,1,1,1,1,1,1,1,1,1
11003,skinless and boneless  chicken thighs,1,1,1,1,1,1,1,1,1,1,1
11004,skinless and boneless chicken thigh,1,1,1,1,1,1,1,1,1,1,1
11005,skinless and boneless chicken thigh fillets,1,1,1,1,1,1,1,1,1,1,1
11006,skinless and boneless cod,1,1,1,1,1,1,1,1,1,1,1
11007,skinless and boneless cod loins,1,1,1,1,1,1,1,1,1,1,1
11008,skinless and boneless fresh white fish,1,1,1,1,1,1,1,1,1,1,1
11009,skinless and boneless haddock,1,1,1,1,1,1,1,1,1,1,1
11010,skinless and boneless pollock or cod,1,1,1,1,1,1,1,1,1,1,1
11011,skinless atlantic cod loins,1,1,1,1,1,1,1,1,1,1,1
11012,skinless blanched hazelnuts,1,1,1,1,1,1,1,1,1,1,1
11013,skinless boneless chicken breast fillets,1,1,1,1,1,1,1,1,1,1,1
11014,skinless boneless chicken thigh,1,1,1,1,1,1,1,1,1,1,1
11015,skinless boneless chicken thigh fillets,1,1,1,1,1,1,1,1,1,1,1
11016,skinless chicken breasts each cut lengthways,1,1,1,1,1,1,1,1,1,1,1
11017,skinless chicken breasts fillets,1,1,1,1,1,1,1,1,1,1,1
11018,skinless chicken legs,1,1,1,1,1,1,1,1,1,1,1
11019,skinless chicken thighs bone,1,1,1,1,1,1,1,1,1,1,1
11020,skinless cod,1,1,1,1,1,1,1,1,1,1,1
11021,skinless cooked chicken breast,1,1,1,1,1,1,1,1,1,1,1
11022,skinless cooked chicken breast fillet,1,1,1,1,1,1,1,1,1,1,1
11023,skinless cooked wild salmon fillets,1,1,1,1,1,1,1,1,1,1,1
11024,skinless firm white fish fillets,1,1,1,1,1,1,1,1,1,1,1
11025,skinless frozen pollock fillets,1,1,1,1,1,1,1,1,1,1,1
11026,skinless green pistachios,1,1,1,1,1,1,1,1,1,1,1
11027,skinless haddock fillet,1,1,1,1,1,1,1,1,1,1,1
11028,skinless haddock loin,1,1,1,1,1,1,1,1,1,1,1
11029,skinless hake fillet,1,1,1,1,1,1,1,1,1,1,1
11030,skinless hazelnuts roasted and,1,1,1,1,1,1,1,1,1,1,1
11031,skinless line-caught cod haddock,1,1,1,1,1,1,1,1,1,1,1
11032,skinless mackerel fillets,1,1,1,1,1,1,1,1,1,1,1
11033,skinless poached salmon fillets,1,1,1,1,1,1,1,1,1,1,1
11034,skinless pollock fillet,1,1,1,1,1,1,1,1,1,1,1
11035,skinless pork belly,1,1,1,1,1,1,1,1,1,1,1
11036,skinless roasted hazelnuts,1,1,1,1,1,1,1,1,1,1,1
11037,skinless salmon,1,1,1,1,1,1,1,1,1,1,1
11038,skinless salmon or trout fillets,1,1,1,1,1,1,1,1,1,1,1
11039,skinless side of salmon,1,1,1,1,1,1,1,1,1,1,1
11040,skinless smoked  haddock,1,1,1,1,1,1,1,1,1,1,1
11041,skinless smoked haddock fillets,1,1,1,1,1,1,1,1,1,1,1
11042,skinless smoked mackerel,1,1,1,1,1,1,1,1,1,1,1
11043,skinless smoked salmon fillets,1,1,1,1,1,1,1,1,1,1,1
11044,skinless sole or plaice fillets,1,1,1,1,1,1,1,1,1,1,1
11045,skinless sustainable  fish,1,1,1,1,1,1,1,1,1,1,1
11046,skinless sustainable white fish,1,1,1,1,1,1,1,1,1,1,1
11047,skinless trout fillets,1,1,1,1,1,1,1,1,1,1,1
11048,skinless turkey breast,1,1,1,1,1,1,1,1,1,1,1
11049,skinless turkey or chicken breast meat,1,1,1,1,1,1,1,1,1,1,1
11050,skinless turkey thigh,1,1,1,1,1,1,1,1,1,1,1
11051,skinless undyed smoked haddock fillets,1,1,1,1,1,1,1,1,1,1,1
11052,skinless white fish fillet,1,1,1,1,1,1,1,1,1,1,1
11053,skinless white fish fillets,1,1,1,1,1,1,1,1,1,1,1
11054,"skinless,  chicken breasts",1,1,1,1,1,1,1,1,1,1,1
11055,"skinless, boneless  chicken breasts",1,1,1,1,1,1,1,1,1,1,1
11056,"skinless, boneless  chicken breasts total",1,1,1,1,1,1,1,1,1,1,1
11057,"skinless, boneless chicken breast",1,1,1,1,1,1,1,1,1,1,1
11058,"skinless, boneless chicken thigh",1,1,1,1,1,1,1,1,1,1,1
11059,"skinless, boneless cod loins",1,1,1,1,1,1,1,1,1,1,1
11060,"skinless, boneless fish",1,1,1,1,1,1,1,1,1,1,1
11061,"skinless, boneless halibut fillets",1,1,1,1,1,1,1,1,1,1,1
11062,"skinless, boneless organic pork belly",1,1,1,1,1,1,1,1,1,1,1
11063,"skinless, boneless pollock fillets",1,1,1,1,1,1,1,1,1,1,1
11064,"skinless, boneless pork belly",1,1,1,1,1,1,1,1,1,1,1
11065,"skinless, boneless salmon fillets each",1,1,1,1,1,1,1,1,1,1,1
11066,"skinless, boneless white fish",1,1,1,1,1,1,1,1,1,1,1
11067,"skinless, boneless white fish fillets",1,1,1,1,1,1,1,1,1,1,1
11068,"skinless, boneless wild salmon fillets",1,1,1,1,1,1,1,1,1,1,1
11069,"skinless, chicken breast fillets",1,1,1,1,1,1,1,1,1,1,1
11070,skinned roasted red peppers from a jar,1,1,1,1,1,1,1,1,1,1,1
11071,"skinned, firm white fish fillets",1,1,1,1,1,1,1,1,1,1,1
11072,skirt steak or lean stewing beef,1,1,1,1,1,1,1,1,1,1,1
11073,skull cookie cutter,1,1,1,1,1,1,1,1,1,1,1
11074,sky blue sugar paste or fondant icing,1,1,1,1,1,1,1,1,1,1,1
11075,slab pancetta,1,1,1,1,1,1,1,1,1,1,1
11076,slender celery,1,1,1,1,1,1,1,1,1,1,1
11077,sliced kale,1,1,1,1,1,1,1,1,1,1,1
11078,slightly  salted butter,1,1,1,1,1,1,1,1,1,1,1
11079,slightly larger,1,1,1,1,1,1,1,1,1,1,1
11080,slightly overripe bananas,1,1,1,1,1,1,1,1,1,1,1
11081,slightly stale country bread,1,1,1,1,1,1,1,1,1,1,1
11082,slightly stale day-old all-butter croissants,1,1,1,1,1,1,1,1,1,1,1
11083,slightly stale white sourdough,1,1,1,1,1,1,1,1,1,1,1
11084,slightly stale wholemeal crusty bread,1,1,1,1,1,1,1,1,1,1,1
11085,slightly unripe plums,1,1,1,1,1,1,1,1,1,1,1
11086,slightly-stale bread,1,1,1,1,1,1,1,1,1,1,1
11087,slim asparagus spears,1,1,1,1,1,1,1,1,1,1,1
11088,slim carrot,1,1,1,1,1,1,1,1,1,1,1
11089,sliver shimmer spray,1,1,1,1,1,1,1,1,1,1,1
11090,slotted spoon,1,1,1,1,1,1,1,1,1,1,1
11091,slow cooker,1,1,1,1,1,1,1,1,1,1,1
11092,smashed avocado,1,1,1,1,1,1,1,1,1,1,1
11093,smoked  haddock or cod,1,1,1,1,1,1,1,1,1,1,1
11094,smoked  ham,1,1,1,1,1,1,1,1,1,1,1
11095,smoked  pancetta,1,1,1,1,1,1,1,1,1,1,1
11096,smoked  pancetta or rindless streaky bacon,1,1,1,1,1,1,1,1,1,1,1
11097,smoked  streaky bacon,1,1,1,1,1,1,1,1,1,1,1
11098,smoked anchovies in oil,1,1,1,1,1,1,1,1,1,1,1
11099,smoked back bacon rashers,1,1,1,1,1,1,1,1,1,1,1
11100,smoked bacon collar joint,1,1,1,1,1,1,1,1,1,1,1
11101,smoked bacon lardon,1,1,1,1,1,1,1,1,1,1,1
11102,smoked bacon or pancetta lardons,1,1,1,1,1,1,1,1,1,1,1
11103,smoked bacon skin,1,1,1,1,1,1,1,1,1,1,1
11104,smoked bone-in ham,1,1,1,1,1,1,1,1,1,1,1
11105,smoked butter,1,1,1,1,1,1,1,1,1,1,1
11106,smoked cheese,1,1,1,1,1,1,1,1,1,1,1
11107,smoked cheese slices,1,1,1,1,1,1,1,1,1,1,1
11108,smoked chicken,1,1,1,1,1,1,1,1,1,1,1
11109,smoked chicken or regular chicken,1,1,1,1,1,1,1,1,1,1,1
11110,smoked chilli harissa,1,1,1,1,1,1,1,1,1,1,1
11111,smoked cod or haddock,1,1,1,1,1,1,1,1,1,1,1
11112,smoked cod's roe,1,1,1,1,1,1,1,1,1,1,1
11113,smoked diced pancetta,1,1,1,1,1,1,1,1,1,1,1
11114,smoked diced pancetta or bacon lardons,1,1,1,1,1,1,1,1,1,1,1
11115,smoked diced pancetta or smoked bacon lardons,1,1,1,1,1,1,1,1,1,1,1
11116,smoked dry-cured bacon lardons,1,1,1,1,1,1,1,1,1,1,1
11117,smoked duck,1,1,1,1,1,1,1,1,1,1,1
11118,smoked eel fillet,1,1,1,1,1,1,1,1,1,1,1
11119,smoked gammon joint,1,1,1,1,1,1,1,1,1,1,1
11120,smoked gammon steak,1,1,1,1,1,1,1,1,1,1,1
11121,smoked gammon steaks,1,1,1,1,1,1,1,1,1,1,1
11122,smoked ham hock,1,1,1,1,1,1,1,1,1,1,1
11123,smoked hot paprika,1,1,1,1,1,1,1,1,1,1,1
11124,smoked lardon,1,1,1,1,1,1,1,1,1,1,1
11125,smoked mackerel fillets skins,1,1,1,1,1,1,1,1,1,1,1
11126,smoked or mature cheddar,1,1,1,1,1,1,1,1,1,1,1
11127,smoked or ordinary cheddar,1,1,1,1,1,1,1,1,1,1,1
11128,smoked or regular  tofu,1,1,1,1,1,1,1,1,1,1,1
11129,smoked or regular sea salt flakes,1,1,1,1,1,1,1,1,1,1,1
11130,smoked or unsmoked bacon rashers,1,1,1,1,1,1,1,1,1,1,1
11131,smoked or unsmoked streaky bacon,1,1,1,1,1,1,1,1,1,1,1
11132,smoked pancetta lardons,1,1,1,1,1,1,1,1,1,1,1
11133,smoked pancetta or streaky bacon,1,1,1,1,1,1,1,1,1,1,1
11134,smoked paprika mixed herbs,1,1,1,1,1,1,1,1,1,1,1
11135,smoked peppered mackerel,1,1,1,1,1,1,1,1,1,1,1
11136,smoked peppered mackerel fillets,1,1,1,1,1,1,1,1,1,1,1
11137,smoked pork ribs,1,1,1,1,1,1,1,1,1,1,1
11138,smoked rapeseed oil,1,1,1,1,1,1,1,1,1,1,1
11139,smoked salmon and lemon wedges,1,1,1,1,1,1,1,1,1,1,1
11140,smoked salmon brown pieces removed,1,1,1,1,1,1,1,1,1,1,1
11141,smoked salmon capers and lemon wedges,1,1,1,1,1,1,1,1,1,1,1
11142,smoked salmon fillets,1,1,1,1,1,1,1,1,1,1,1
11143,smoked salmon or cooked bacon,1,1,1,1,1,1,1,1,1,1,1
11144,smoked salmon or trout,1,1,1,1,1,1,1,1,1,1,1
11145,smoked salt flakes,1,1,1,1,1,1,1,1,1,1,1
11146,smoked salted bacon lardons,1,1,1,1,1,1,1,1,1,1,1
11147,smoked sausage,1,1,1,1,1,1,1,1,1,1,1
11148,smoked spanish paprika,1,1,1,1,1,1,1,1,1,1,1
11149,smoked trout fillets,1,1,1,1,1,1,1,1,1,1,1
11150,smoked trout thinly,1,1,1,1,1,1,1,1,1,1,1
11151,smoked turkey rashers,1,1,1,1,1,1,1,1,1,1,1
11152,smoked vegetarian cheddar,1,1,1,1,1,1,1,1,1,1,1
11153,smoked white fish,1,1,1,1,1,1,1,1,1,1,1
11154,"smoked, peppered mackerel fillets",1,1,1,1,1,1,1,1,1,1,1
11155,smoky barbecue sauce,1,1,1,1,1,1,1,1,1,1,1
11156,smoky blended whisky,1,1,1,1,1,1,1,1,1,1,1
11157,smoky mexican spice mix,1,1,1,1,1,1,1,1,1,1,1
11158,smooth,1,1,1,1,1,1,1,1,1,1,1
11159,smooth  apricot jam,1,1,1,1,1,1,1,1,1,1,1
11160,smooth  peanut butter,1,1,1,1,1,1,1,1,1,1,1
11161,smooth apple compote,1,1,1,1,1,1,1,1,1,1,1
11162,smooth bulgur wheat,1,1,1,1,1,1,1,1,1,1,1
11163,smooth caramelised biscuit spread,1,1,1,1,1,1,1,1,1,1,1
11164,smooth cashew nut butter,1,1,1,1,1,1,1,1,1,1,1
11165,smooth french-style pâté,1,1,1,1,1,1,1,1,1,1,1
11166,smooth marmalade,1,1,1,1,1,1,1,1,1,1,1
11167,smooth orange juice,1,1,1,1,1,1,1,1,1,1,1
11168,smooth orange marmalade,1,1,1,1,1,1,1,1,1,1,1
11169,smooth strawberry jam,1,1,1,1,1,1,1,1,1,1,1
11170,smooth tomato chilli chutney,1,1,1,1,1,1,1,1,1,1,1
11171,snow peas,1,1,1,1,1,1,1,1,1,1,1
11172,snowflake cookie cutter,1,1,1,1,1,1,1,1,1,1,1
11173,soba or wholemeal noodles,1,1,1,1,1,1,1,1,1,1,1
11174,sobrasada de mallorca,1,1,1,1,1,1,1,1,1,1,1
11175,soda or tonic water,1,1,1,1,1,1,1,1,1,1,1
11176,soda water depending on preference,1,1,1,1,1,1,1,1,1,1,1
11177,soda water ice-cold,1,1,1,1,1,1,1,1,1,1,1
11178,soda water on the side,1,1,1,1,1,1,1,1,1,1,1
11179,sofrito mix,1,1,1,1,1,1,1,1,1,1,1
11180,soft  breadcrumbs,1,1,1,1,1,1,1,1,1,1,1
11181,soft  butter,1,1,1,1,1,1,1,1,1,1,1
11182,soft  goat's cheese,1,1,1,1,1,1,1,1,1,1,1
11183,soft  goat’s cheese,1,1,1,1,1,1,1,1,1,1,1
11184,soft  herbs,1,1,1,1,1,1,1,1,1,1,1
11185,soft  unsalted butter,1,1,1,1,1,1,1,1,1,1,1
11186,soft amaretti biscuits,1,1,1,1,1,1,1,1,1,1,1
11187,soft black liquorice,1,1,1,1,1,1,1,1,1,1,1
11188,soft bread rolls,1,1,1,1,1,1,1,1,1,1,1
11189,soft brioche buns,1,1,1,1,1,1,1,1,1,1,1
11190,soft brown bread,1,1,1,1,1,1,1,1,1,1,1
11191,soft brown breadcrumbs,1,1,1,1,1,1,1,1,1,1,1
11192,soft brown sugar golden caster sugar,1,1,1,1,1,1,1,1,1,1,1
11193,soft buns and coleslaw,1,1,1,1,1,1,1,1,1,1,1
11194,soft burger rolls,1,1,1,1,1,1,1,1,1,1,1
11195,soft butter toffees,1,1,1,1,1,1,1,1,1,1,1
11196,soft cheese and grapes,1,1,1,1,1,1,1,1,1,1,1
11197,soft cheese or mascarpone,1,1,1,1,1,1,1,1,1,1,1
11198,soft cheese rye bread,1,1,1,1,1,1,1,1,1,1,1
11199,soft chocolate truffle of your choice,1,1,1,1,1,1,1,1,1,1,1
11200,soft cooking chorizo,1,1,1,1,1,1,1,1,1,1,1
11201,soft cottage cheese,1,1,1,1,1,1,1,1,1,1,1
11202,soft creamy goat's cheese,1,1,1,1,1,1,1,1,1,1,1
11203,soft dark brown,1,1,1,1,1,1,1,1,1,1,1
11204,soft dates,1,1,1,1,1,1,1,1,1,1,1
11205,soft dried apple rings,1,1,1,1,1,1,1,1,1,1,1
11206,soft dried figs,1,1,1,1,1,1,1,1,1,1,1
11207,soft flour tacos,1,1,1,1,1,1,1,1,1,1,1
11208,soft fresh goat’s cheese,1,1,1,1,1,1,1,1,1,1,1
11209,soft fruit,1,1,1,1,1,1,1,1,1,1,1
11210,soft ghee,1,1,1,1,1,1,1,1,1,1,1
11211,soft goat's cheese with rind,1,1,1,1,1,1,1,1,1,1,1
11212,soft herbs of your choice,1,1,1,1,1,1,1,1,1,1,1
11213,soft herby goat's cheese,1,1,1,1,1,1,1,1,1,1,1
11214,soft light  brown sugar,1,1,1,1,1,1,1,1,1,1,1
11215,soft polenta with a drizzle of truffle oil,1,1,1,1,1,1,1,1,1,1,1
11216,soft prunes,1,1,1,1,1,1,1,1,1,1,1
11217,soft ready-to-eat dried apricots,1,1,1,1,1,1,1,1,1,1,1
11218,soft rindless goat’s cheese,1,1,1,1,1,1,1,1,1,1,1
11219,soft rolls,1,1,1,1,1,1,1,1,1,1,1
11220,soft spreadable goat's cheese,1,1,1,1,1,1,1,1,1,1,1
11221,soft submarine rolls,1,1,1,1,1,1,1,1,1,1,1
11222,soft tacos,1,1,1,1,1,1,1,1,1,1,1
11223,soft tortillas,1,1,1,1,1,1,1,1,1,1,1
11224,soft wheat or corn tortillas,1,1,1,1,1,1,1,1,1,1,1
11225,soft white  breadcrumbs,1,1,1,1,1,1,1,1,1,1,1
11226,soft white sub rolls,1,1,1,1,1,1,1,1,1,1,1
11227,soft wholemeal flatbreads,1,1,1,1,1,1,1,1,1,1,1
11228,"soft, gluten-free amaretti biscuits",1,1,1,1,1,1,1,1,1,1,1
11229,soft-boiled eggs,1,1,1,1,1,1,1,1,1,1,1
11230,soft-leaf thyme,1,1,1,1,1,1,1,1,1,1,1
11231,soft-set  strawberry jam,1,1,1,1,1,1,1,1,1,1,1
11232,soft-set marmalade,1,1,1,1,1,1,1,1,1,1,1
11233,softly  whipped cream,1,1,1,1,1,1,1,1,1,1,1
11234,softly whipped cream,1,1,1,1,1,1,1,1,1,1,1
11235,sole fillets,1,1,1,1,1,1,1,1,1,1,1
11236,some crushed biscuits and meringues,1,1,1,1,1,1,1,1,1,1,1
11237,some halved cherry tomatoes,1,1,1,1,1,1,1,1,1,1,1
11238,somerset brandy,1,1,1,1,1,1,1,1,1,1,1
11239,sorrel leaves,1,1,1,1,1,1,1,1,1,1,1
11240,sorrel or spinach leaves,1,1,1,1,1,1,1,1,1,1,1
11241,soup pasta,1,1,1,1,1,1,1,1,1,1,1
11242,sour cherries in syrup,1,1,1,1,1,1,1,1,1,1,1
11243,sour cherry compote,1,1,1,1,1,1,1,1,1,1,1
11244,sour cream &amp; chive dip,1,1,1,1,1,1,1,1,1,1,1
11245,sour fizzy sweets,1,1,1,1,1,1,1,1,1,1,1
11246,sourdough blitzed,1,1,1,1,1,1,1,1,1,1,1
11247,sourdough burger buns,1,1,1,1,1,1,1,1,1,1,1
11248,sourdough crackers,1,1,1,1,1,1,1,1,1,1,1
11249,sourdough crust,1,1,1,1,1,1,1,1,1,1,1
11250,sourdough grilled,1,1,1,1,1,1,1,1,1,1,1
11251,sourdough or baguette,1,1,1,1,1,1,1,1,1,1,1
11252,sourdough or ciabatta,1,1,1,1,1,1,1,1,1,1,1
11253,sourdough or good-quality white bread,1,1,1,1,1,1,1,1,1,1,1
11254,sourdough or keto bread,1,1,1,1,1,1,1,1,1,1,1
11255,sourdough or white baguette,1,1,1,1,1,1,1,1,1,1,1
11256,sourdough or your favourite bread,1,1,1,1,1,1,1,1,1,1,1
11257,soured cream &amp; onion dip or dip of your choice,1,1,1,1,1,1,1,1,1,1,1
11258,soured cream and crusty bread,1,1,1,1,1,1,1,1,1,1,1
11259,soured cream and ketchup,1,1,1,1,1,1,1,1,1,1,1
11260,soured cream and lemon wedges,1,1,1,1,1,1,1,1,1,1,1
11261,soured cream guacamole,1,1,1,1,1,1,1,1,1,1,1
11262,soured cream or crème fraiche,1,1,1,1,1,1,1,1,1,1,1
11263,soured cream plain yogurt,1,1,1,1,1,1,1,1,1,1,1
11264,soured cream shallots,1,1,1,1,1,1,1,1,1,1,1
11265,"soured cream smoked trout, dill and salmon roe",1,1,1,1,1,1,1,1,1,1,1
11266,southern comfort,1,1,1,1,1,1,1,1,1,1,1
11267,southern fried chicken goujons,1,1,1,1,1,1,1,1,1,1,1
11268,soy milk almond,1,1,1,1,1,1,1,1,1,1,1
11269,soy milk alternative,1,1,1,1,1,1,1,1,1,1,1
11270,soy or  oat milk,1,1,1,1,1,1,1,1,1,1,1
11271,soy sauce fish,1,1,1,1,1,1,1,1,1,1,1
11272,soy vinegar,1,1,1,1,1,1,1,1,1,1,1
11273,soy yoghurt,1,1,1,1,1,1,1,1,1,1,1
11274,soy yogurt or coconut yogurt,1,1,1,1,1,1,1,1,1,1,1
11275,"soy, almond or coconut milk",1,1,1,1,1,1,1,1,1,1,1
11276,soya beans,1,1,1,1,1,1,1,1,1,1,1
11277,soya cream and fruit,1,1,1,1,1,1,1,1,1,1,1
11278,soya custard,1,1,1,1,1,1,1,1,1,1,1
11279,soya milk or rice milk,1,1,1,1,1,1,1,1,1,1,1
11280,soya or coconut cream,1,1,1,1,1,1,1,1,1,1,1
11281,spaghetti and grated cheese,1,1,1,1,1,1,1,1,1,1,1
11282,spaghetti bucatini,1,1,1,1,1,1,1,1,1,1,1
11283,spaghetti linguine,1,1,1,1,1,1,1,1,1,1,1
11284,spaghetti or bucatini,1,1,1,1,1,1,1,1,1,1,1
11285,spaghetti or bucatini pasta,1,1,1,1,1,1,1,1,1,1,1
11286,spaghetti or fettuccine,1,1,1,1,1,1,1,1,1,1,1
11287,spaghetti or soft polenta,1,1,1,1,1,1,1,1,1,1,1
11288,spaghetti or tagliatelle,1,1,1,1,1,1,1,1,1,1,1
11289,spaghetti shredded basil leaves,1,1,1,1,1,1,1,1,1,1,1
11290,spaghetti squash,1,1,1,1,1,1,1,1,1,1,1
11291,spam,1,1,1,1,1,1,1,1,1,1,1
11292,spanish paprika (pimentón),1,1,1,1,1,1,1,1,1,1,1
11293,spanish rosé wine,1,1,1,1,1,1,1,1,1,1,1
11294,spanish-style sausages,1,1,1,1,1,1,1,1,1,1,1
11295,spare rib,1,1,1,1,1,1,1,1,1,1,1
11296,sparking water,1,1,1,1,1,1,1,1,1,1,1
11297,sparkling grape juice,1,1,1,1,1,1,1,1,1,1,1
11298,sparkling lemonade,1,1,1,1,1,1,1,1,1,1,1
11299,sparkling red ribbon,1,1,1,1,1,1,1,1,1,1,1
11300,sparkling red wine,1,1,1,1,1,1,1,1,1,1,1
11301,sparkling rhubarb soda,1,1,1,1,1,1,1,1,1,1,1
11302,sparkling sake,1,1,1,1,1,1,1,1,1,1,1
11303,sparkling white grape juice,1,1,1,1,1,1,1,1,1,1,1
11304,spears purple sprouting broccoli halved lengthways,1,1,1,1,1,1,1,1,1,1,1
11305,speculoos spice,1,1,1,1,1,1,1,1,1,1,1
11306,spelt bread,1,1,1,1,1,1,1,1,1,1,1
11307,spelt flakes,1,1,1,1,1,1,1,1,1,1,1
11308,spelt grains,1,1,1,1,1,1,1,1,1,1,1
11309,spelt or pearl barley,1,1,1,1,1,1,1,1,1,1,1
11310,spelt spaghetti,1,1,1,1,1,1,1,1,1,1,1
11311,spice blend,1,1,1,1,1,1,1,1,1,1,1
11312,spice jar,1,1,1,1,1,1,1,1,1,1,1
11313,spiced apple chutney bbq sauce,1,1,1,1,1,1,1,1,1,1,1
11314,spiced meatballs,1,1,1,1,1,1,1,1,1,1,1
11315,spiced tomato rice,1,1,1,1,1,1,1,1,1,1,1
11316,spices,1,1,1,1,1,1,1,1,1,1,1
11317,spicy bombay mix,1,1,1,1,1,1,1,1,1,1,1
11318,spicy chorizo,1,1,1,1,1,1,1,1,1,1,1
11319,spicy or herby sausages,1,1,1,1,1,1,1,1,1,1,1
11320,spicy rice and sliced chilli,1,1,1,1,1,1,1,1,1,1,1
11321,spicy salami,1,1,1,1,1,1,1,1,1,1,1
11322,spicy salsa,1,1,1,1,1,1,1,1,1,1,1
11323,spicy sausages,1,1,1,1,1,1,1,1,1,1,1
11324,spicy tomato salsa,1,1,1,1,1,1,1,1,1,1,1
11325,spicy vegetable traybake,1,1,1,1,1,1,1,1,1,1,1
11326,spinach &amp,1,1,1,1,1,1,1,1,1,1,1
11327,spinach and rocket salad,1,1,1,1,1,1,1,1,1,1,1
11328,spinach any thick stems removed and larger leaves,1,1,1,1,1,1,1,1,1,1,1
11329,spinach coarse stalks removed,1,1,1,1,1,1,1,1,1,1,1
11330,spinach ends,1,1,1,1,1,1,1,1,1,1,1
11331,spinach fresh or frozen,1,1,1,1,1,1,1,1,1,1,1
11332,spinach half cooked each,1,1,1,1,1,1,1,1,1,1,1
11333,spinach liquid squeezed out,1,1,1,1,1,1,1,1,1,1,1
11334,spinach mature fresh or frozen,1,1,1,1,1,1,1,1,1,1,1
11335,spinach peas,1,1,1,1,1,1,1,1,1,1,1
11336,spinach rocket and watercress,1,1,1,1,1,1,1,1,1,1,1
11337,spinach stem ends,1,1,1,1,1,1,1,1,1,1,1
11338,spinach watercress and rocket,1,1,1,1,1,1,1,1,1,1,1
11339,"spinach, kale, pak choi",1,1,1,1,1,1,1,1,1,1,1
11340,spiral,1,1,1,1,1,1,1,1,1,1,1
11341,spirali pasta,1,1,1,1,1,1,1,1,1,1,1
11342,spirulina powder,1,1,1,1,1,1,1,1,1,1,1
11343,split peas or chana dhal lentils,1,1,1,1,1,1,1,1,1,1,1
11344,sponge cake or trifle sponges,1,1,1,1,1,1,1,1,1,1,1
11345,sponge finger,1,1,1,1,1,1,1,1,1,1,1
11346,sponge flan cases,1,1,1,1,1,1,1,1,1,1,1
11347,spoon,1,1,1,1,1,1,1,1,1,1,1
11348,spoonful of coconut yogurt,1,1,1,1,1,1,1,1,1,1,1
11349,spoonful of thick yogurt,1,1,1,1,1,1,1,1,1,1,1
11350,spoonfuls coriander seed cabbage,1,1,1,1,1,1,1,1,1,1,1
11351,spoonfuls each curtido and tomatillo salsa,1,1,1,1,1,1,1,1,1,1,1
11352,spoons,1,1,1,1,1,1,1,1,1,1,1
11353,spraying cream,1,1,1,1,1,1,1,1,1,1,1
11354,spreadable cheese wedge,1,1,1,1,1,1,1,1,1,1,1
11355,sprig thyme,1,1,1,1,1,1,1,1,1,1,1
11356,sprig thyme or rosemary,1,1,1,1,1,1,1,1,1,1,1
11357,spring cabbage,1,1,1,1,1,1,1,1,1,1,1
11358,spring carrots,1,1,1,1,1,1,1,1,1,1,1
11359,spring green,1,1,1,1,1,1,1,1,1,1,1
11360,spring onion green part only,1,1,1,1,1,1,1,1,1,1,1
11361,spring onion greens,1,1,1,1,1,1,1,1,1,1,1
11362,spring onion white part only,1,1,1,1,1,1,1,1,1,1,1
11363,spring onions 0.5,1,1,1,1,1,1,1,1,1,1,1
11364,spring onions greens,1,1,1,1,1,1,1,1,1,1,1
11365,spring onions outer layer,1,1,1,1,1,1,1,1,1,1,1
11366,spring roll pastry sheets,1,1,1,1,1,1,1,1,1,1,1
11367,spring veg,1,1,1,1,1,1,1,1,1,1,1
11368,sprinkles and edible glitter,1,1,1,1,1,1,1,1,1,1,1
11369,sprinkles and edible silver balls,1,1,1,1,1,1,1,1,1,1,1
11370,sprinkles and maraschino cherries,1,1,1,1,1,1,1,1,1,1,1
11371,sprinkles and stars,1,1,1,1,1,1,1,1,1,1,1
11372,sprinkles coloured sugar,1,1,1,1,1,1,1,1,1,1,1
11373,sprinkles freeze-dried raspberries,1,1,1,1,1,1,1,1,1,1,1
11374,sprinkles mini marshmallows,1,1,1,1,1,1,1,1,1,1,1
11375,sprinkles sweets,1,1,1,1,1,1,1,1,1,1,1
11376,sprinkling shichimi togarashi or chilli power,1,1,1,1,1,1,1,1,1,1,1
11377,sprout tops or cavolo nero stalks,1,1,1,1,1,1,1,1,1,1,1
11378,sprouted seeds,1,1,1,1,1,1,1,1,1,1,1
11379,squeeze bottle,1,1,1,1,1,1,1,1,1,1,1
11380,squeeze lemon,1,1,1,1,1,1,1,1,1,1,1
11381,squeeze of  honey,1,1,1,1,1,1,1,1,1,1,1
11382,squeeze of  lemon juice,1,1,1,1,1,1,1,1,1,1,1
11383,squeeze of  lime,1,1,1,1,1,1,1,1,1,1,1
11384,squeeze of &frac12,1,1,1,1,1,1,1,1,1,1,1
11385,squeeze of clear honey,1,1,1,1,1,1,1,1,1,1,1
11386,squeeze of ketchup,1,1,1,1,1,1,1,1,1,1,1
11387,squeeze of lemon &amp,1,1,1,1,1,1,1,1,1,1,1
11388,squeeze of orange juice,1,1,1,1,1,1,1,1,1,1,1
11389,squid ink,1,1,1,1,1,1,1,1,1,1,1
11390,squid tubes and tentacles,1,1,1,1,1,1,1,1,1,1,1
11391,squids with tentacles,1,1,1,1,1,1,1,1,1,1,1
11392,sri lankan,1,1,1,1,1,1,1,1,1,1,1
11393,sri lankan curry powder,1,1,1,1,1,1,1,1,1,1,1
11394,sri lankan roasted curry powder,1,1,1,1,1,1,1,1,1,1,1
11395,sriracha hot sauce,1,1,1,1,1,1,1,1,1,1,1
11396,sriracha mayonnaise and sesame seeds,1,1,1,1,1,1,1,1,1,1,1
11397,sriracha or chilli sauce,1,1,1,1,1,1,1,1,1,1,1
11398,sriracha or gochujang chilli paste,1,1,1,1,1,1,1,1,1,1,1
11399,sriracha or hot sauce,1,1,1,1,1,1,1,1,1,1,1
11400,sriracha or thai sweet chilli sauce,1,1,1,1,1,1,1,1,1,1,1
11401,st germain elderflower liqueur,1,1,1,1,1,1,1,1,1,1,1
11402,stale  bread,1,1,1,1,1,1,1,1,1,1,1
11403,stale  sourdough,1,1,1,1,1,1,1,1,1,1,1
11404,stale baguette,1,1,1,1,1,1,1,1,1,1,1
11405,stale bread of your choice,1,1,1,1,1,1,1,1,1,1,1
11406,stale breadcrumbs,1,1,1,1,1,1,1,1,1,1,1
11407,stale challah,1,1,1,1,1,1,1,1,1,1,1
11408,stale croissants,1,1,1,1,1,1,1,1,1,1,1
11409,stale crustless white bread,1,1,1,1,1,1,1,1,1,1,1
11410,stale pittas,1,1,1,1,1,1,1,1,1,1,1
11411,stale sliced brown bread,1,1,1,1,1,1,1,1,1,1,1
11412,stale sourdough or crusty bread,1,1,1,1,1,1,1,1,1,1,1
11413,stale vegan white bloomer,1,1,1,1,1,1,1,1,1,1,1
11414,stale white sourdough crusts,1,1,1,1,1,1,1,1,1,1,1
11415,stalks long-stem broccoli any thick stalks halved lengthways,1,1,1,1,1,1,1,1,1,1,1
11416,stand ’n’ stuff),1,1,1,1,1,1,1,1,1,1,1
11417,standard plastic dowelling rods,1,1,1,1,1,1,1,1,1,1,1
11418,standard-sized white chocolate button,1,1,1,1,1,1,1,1,1,1,1
11419,star or snowflake cutters,1,1,1,1,1,1,1,1,1,1,1
11420,star-shaped biscuit cutter,1,1,1,1,1,1,1,1,1,1,1
11421,star-shaped biscuit cutters,1,1,1,1,1,1,1,1,1,1,1
11422,starchy  potatoes,1,1,1,1,1,1,1,1,1,1,1
11423,starter liquid,1,1,1,1,1,1,1,1,1,1,1
11424,steak approx,1,1,1,1,1,1,1,1,1,1,1
11425,steak mince 15-20% fat is good,1,1,1,1,1,1,1,1,1,1,1
11426,steak seasoning,1,1,1,1,1,1,1,1,1,1,1
11427,steamed asparagus,1,1,1,1,1,1,1,1,1,1,1
11428,steamed bok choi and steamed basmati rice,1,1,1,1,1,1,1,1,1,1,1
11429,steamed brown rice,1,1,1,1,1,1,1,1,1,1,1
11430,steamed cabbage,1,1,1,1,1,1,1,1,1,1,1
11431,steamed cabbage and crusty white bread,1,1,1,1,1,1,1,1,1,1,1
11432,steamed carrot,1,1,1,1,1,1,1,1,1,1,1
11433,steamed carrots,1,1,1,1,1,1,1,1,1,1,1
11434,steamed green beans,1,1,1,1,1,1,1,1,1,1,1
11435,steamed green veg and new potatoes,1,1,1,1,1,1,1,1,1,1,1
11436,steamed greens and corn cobs,1,1,1,1,1,1,1,1,1,1,1
11437,steamed japanese rice,1,1,1,1,1,1,1,1,1,1,1
11438,steamed jasmine rice,1,1,1,1,1,1,1,1,1,1,1
11439,steamed long-stem broccoli,1,1,1,1,1,1,1,1,1,1,1
11440,steamed new potatoes,1,1,1,1,1,1,1,1,1,1,1
11441,steamed rice and greens,1,1,1,1,1,1,1,1,1,1,1
11442,steamed romanesco or broccoli,1,1,1,1,1,1,1,1,1,1,1
11443,steamed vegetables,1,1,1,1,1,1,1,1,1,1,1
11444,stem ginger balls,1,1,1,1,1,1,1,1,1,1,1
11445,stem ginger balls from a jar,1,1,1,1,1,1,1,1,1,1,1
11446,stem ginger cream see recipe,1,1,1,1,1,1,1,1,1,1,1
11447,stem ginger from the same jar,1,1,1,1,1,1,1,1,1,1,1
11448,stems long-stem broccoli,1,1,1,1,1,1,1,1,1,1,1
11449,sterilised,1,1,1,1,1,1,1,1,1,1,1
11450,stewing or braising steak,1,1,1,1,1,1,1,1,1,1,1
11451,stewpack frozen vegetables,1,1,1,1,1,1,1,1,1,1,1
11452,stick lemongrass,1,1,1,1,1,1,1,1,1,1,1
11453,sticky label,1,1,1,1,1,1,1,1,1,1,1
11454,sticky plum sauce,1,1,1,1,1,1,1,1,1,1,1
11455,sticky rice and green veg,1,1,1,1,1,1,1,1,1,1,1
11456,sticky white rice,1,1,1,1,1,1,1,1,1,1,1
11457,stiff white royal icing,1,1,1,1,1,1,1,1,1,1,1
11458,stilton & damson jam,1,1,1,1,1,1,1,1,1,1,1
11459,stir-fried vegetables,1,1,1,1,1,1,1,1,1,1,1
11460,stir-fry vegetable mix,1,1,1,1,1,1,1,1,1,1,1
11461,stock cube,1,1,1,1,1,1,1,1,1,1,1
11462,stock vegetable,1,1,1,1,1,1,1,1,1,1,1
11463,stone fruits,1,1,1,1,1,1,1,1,1,1,1
11464,stoned black olive,1,1,1,1,1,1,1,1,1,1,1
11465,stoned medjool dates,1,1,1,1,1,1,1,1,1,1,1
11466,stout or dark fruity beer,1,1,1,1,1,1,1,1,1,1,1
11467,strained greek yogurt,1,1,1,1,1,1,1,1,1,1,1
11468,strained passion fruit juice,1,1,1,1,1,1,1,1,1,1,1
11469,strained yogurt,1,1,1,1,1,1,1,1,1,1,1
11470,strawberries and banana,1,1,1,1,1,1,1,1,1,1,1
11471,strawberries blueberries,1,1,1,1,1,1,1,1,1,1,1
11472,strawberries marshmallows,1,1,1,1,1,1,1,1,1,1,1
11473,strawberries stalks,1,1,1,1,1,1,1,1,1,1,1
11474,strawberries tops,1,1,1,1,1,1,1,1,1,1,1
11475,strawberries with stalks intact,1,1,1,1,1,1,1,1,1,1,1
11476,strawberry  jam,1,1,1,1,1,1,1,1,1,1,1
11477,strawberry  laces,1,1,1,1,1,1,1,1,1,1,1
11478,strawberry  or raspberry jam,1,1,1,1,1,1,1,1,1,1,1
11479,strawberry blueberries and raspberries,1,1,1,1,1,1,1,1,1,1,1
11480,strawberry cheesecake ice cream,1,1,1,1,1,1,1,1,1,1,1
11481,strawberry compote,1,1,1,1,1,1,1,1,1,1,1
11482,strawberry cordial,1,1,1,1,1,1,1,1,1,1,1
11483,strawberry coulis,1,1,1,1,1,1,1,1,1,1,1
11484,strawberry ice cream,1,1,1,1,1,1,1,1,1,1,1
11485,strawberry laces,1,1,1,1,1,1,1,1,1,1,1
11486,strawberry laces edible pearls,1,1,1,1,1,1,1,1,1,1,1
11487,strawberry liqueur,1,1,1,1,1,1,1,1,1,1,1
11488,strawberry or vanilla ice cream,1,1,1,1,1,1,1,1,1,1,1
11489,strawberry pencil sweets,1,1,1,1,1,1,1,1,1,1,1
11490,strawberry-flavoured laces,1,1,1,1,1,1,1,1,1,1,1
11491,streaky  smoked bacon,1,1,1,1,1,1,1,1,1,1,1
11492,streaky bacon lardon,1,1,1,1,1,1,1,1,1,1,1
11493,streaky dry-cure bacon,1,1,1,1,1,1,1,1,1,1,1
11494,streaky dry-cured bacon,1,1,1,1,1,1,1,1,1,1,1
11495,streaky smoked  bacon,1,1,1,1,1,1,1,1,1,1,1
11496,string or tape,1,1,1,1,1,1,1,1,1,1,1
11497,stringless runner beans,1,1,1,1,1,1,1,1,1,1,1
11498,strong  cheddar,1,1,1,1,1,1,1,1,1,1,1
11499,strong  plain flour,1,1,1,1,1,1,1,1,1,1,1
11500,strong black  teabags,1,1,1,1,1,1,1,1,1,1,1
11501,strong black coffee or espresso,1,1,1,1,1,1,1,1,1,1,1
11502,strong brown bread flour,1,1,1,1,1,1,1,1,1,1,1
11503,strong crumbly blue cheese,1,1,1,1,1,1,1,1,1,1,1
11504,strong espresso best,1,1,1,1,1,1,1,1,1,1,1
11505,strong espresso powder,1,1,1,1,1,1,1,1,1,1,1
11506,strong glue,1,1,1,1,1,1,1,1,1,1,1
11507,strong grated cheddar,1,1,1,1,1,1,1,1,1,1,1
11508,strong green tea,1,1,1,1,1,1,1,1,1,1,1
11509,strong hard cheese,1,1,1,1,1,1,1,1,1,1,1
11510,strong horseradish,1,1,1,1,1,1,1,1,1,1,1
11511,strong horseradish sauce,1,1,1,1,1,1,1,1,1,1,1
11512,strong or plain flour,1,1,1,1,1,1,1,1,1,1,1
11513,strong tea,1,1,1,1,1,1,1,1,1,1,1
11514,strong white  bread flour,1,1,1,1,1,1,1,1,1,1,1
11515,strong wholewheat bread  flour,1,1,1,1,1,1,1,1,1,1,1
11516,strong wholewheat flour,1,1,1,1,1,1,1,1,1,1,1
11517,strongly-flavoured seeds,1,1,1,1,1,1,1,1,1,1,1
11518,strozzapreti or casarecce pasta,1,1,1,1,1,1,1,1,1,1,1
11519,stuffing balls,1,1,1,1,1,1,1,1,1,1,1
11520,stuffing cooked following,1,1,1,1,1,1,1,1,1,1,1
11521,stuffing mix,1,1,1,1,1,1,1,1,1,1,1
11522,sturdy rosemary,1,1,1,1,1,1,1,1,1,1,1
11523,"sturdy, clean twigs or lolly sticks",1,1,1,1,1,1,1,1,1,1,1
11524,sucuk,1,1,1,1,1,1,1,1,1,1,1
11525,sugar any type,1,1,1,1,1,1,1,1,1,1,1
11526,sugar balls,1,1,1,1,1,1,1,1,1,1,1
11527,sugar coated chocolates,1,1,1,1,1,1,1,1,1,1,1
11528,sugar cube,1,1,1,1,1,1,1,1,1,1,1
11529,sugar flowers pearl sugar,1,1,1,1,1,1,1,1,1,1,1
11530,sugar free vanilla extract,1,1,1,1,1,1,1,1,1,1,1
11531,sugar honey,1,1,1,1,1,1,1,1,1,1,1
11532,sugar or syrup,1,1,1,1,1,1,1,1,1,1,1
11533,sugar or xylitol,1,1,1,1,1,1,1,1,1,1,1
11534,sugar pearls,1,1,1,1,1,1,1,1,1,1,1
11535,sugar seasoning,1,1,1,1,1,1,1,1,1,1,1
11536,sugar snap peas halved diagonally,1,1,1,1,1,1,1,1,1,1,1
11537,sugar snaps,1,1,1,1,1,1,1,1,1,1,1
11538,sugar syrup or runny honey,1,1,1,1,1,1,1,1,1,1,1
11539,sugar syrup see tip,1,1,1,1,1,1,1,1,1,1,1
11540,sugar thermometer or digital probe,1,1,1,1,1,1,1,1,1,1,1
11541,sugar-coated chocolate buttons,1,1,1,1,1,1,1,1,1,1,1
11542,sugar-coated chocolates,1,1,1,1,1,1,1,1,1,1,1
11543,sugar-free peanut butter,1,1,1,1,1,1,1,1,1,1,1
11544,sugar-free vanilla extract,1,1,1,1,1,1,1,1,1,1,1
11545,sugared almonds,1,1,1,1,1,1,1,1,1,1,1
11546,suits-all christmas cake,1,1,1,1,1,1,1,1,1,1,1
11547,sulphur-free dried apricots,1,1,1,1,1,1,1,1,1,1,1
11548,sultana or raisins,1,1,1,1,1,1,1,1,1,1,1
11549,sultanas raisins,1,1,1,1,1,1,1,1,1,1,1
11550,sultanas soaked in hot water,1,1,1,1,1,1,1,1,1,1,1
11551,sumac or paprika,1,1,1,1,1,1,1,1,1,1,1
11552,sumac or za’atar,1,1,1,1,1,1,1,1,1,1,1
11553,sumac powder,1,1,1,1,1,1,1,1,1,1,1
11554,sumac see ',1,1,1,1,1,1,1,1,1,1,1
11555,summer berries,1,1,1,1,1,1,1,1,1,1,1
11556,summer berries and milk,1,1,1,1,1,1,1,1,1,1,1
11557,summer squash,1,1,1,1,1,1,1,1,1,1,1
11558,sun-blushed tomatoes,1,1,1,1,1,1,1,1,1,1,1
11559,sun-dried chilli paste,1,1,1,1,1,1,1,1,1,1,1
11560,sun-dried tomato pesto,1,1,1,1,1,1,1,1,1,1,1
11561,sun-dried tomatoes,1,1,1,1,1,1,1,1,1,1,1
11562,sundried,1,1,1,1,1,1,1,1,1,1,1
11563,sundried  tomatoes,1,1,1,1,1,1,1,1,1,1,1
11564,sundried or regular tomato purée,1,1,1,1,1,1,1,1,1,1,1
11565,sundried tomato in oil,1,1,1,1,1,1,1,1,1,1,1
11566,sundried tomato oil,1,1,1,1,1,1,1,1,1,1,1
11567,sundried tomatoes and olives,1,1,1,1,1,1,1,1,1,1,1
11568,sundried tomatoes from,1,1,1,1,1,1,1,1,1,1,1
11569,sundried tomatoes in olive oil,1,1,1,1,1,1,1,1,1,1,1
11570,sunflower oil or butter,1,1,1,1,1,1,1,1,1,1,1
11571,sunflower oil or groundnut oil,1,1,1,1,1,1,1,1,1,1,1
11572,sunflower oil or olive oil,1,1,1,1,1,1,1,1,1,1,1
11573,sunflower oil or vegetable,1,1,1,1,1,1,1,1,1,1,1
11574,sunflower or pumpkin seeds,1,1,1,1,1,1,1,1,1,1,1
11575,sunflower or rice bran oil,1,1,1,1,1,1,1,1,1,1,1
11576,sunflower seed flour,1,1,1,1,1,1,1,1,1,1,1
11577,sunflower spread,1,1,1,1,1,1,1,1,1,1,1
11578,"sunflower, vegetable",1,1,1,1,1,1,1,1,1,1,1
11579,sushi grade tuna steak,1,1,1,1,1,1,1,1,1,1,1
11580,sushi vinegar,1,1,1,1,1,1,1,1,1,1,1
11581,sushi-grade skinless salmon fillets,1,1,1,1,1,1,1,1,1,1,1
11582,sustainable  white fish fillets,1,1,1,1,1,1,1,1,1,1,1
11583,sustainable firm white fish,1,1,1,1,1,1,1,1,1,1,1
11584,sustainable skinless cod fillets,1,1,1,1,1,1,1,1,1,1,1
11585,sustainably sourced cod fillets,1,1,1,1,1,1,1,1,1,1,1
11586,swedish pepparkakor ginger snaps,1,1,1,1,1,1,1,1,1,1,1
11587,sweet aromatic melon flesh,1,1,1,1,1,1,1,1,1,1,1
11588,sweet brown ale,1,1,1,1,1,1,1,1,1,1,1
11589,sweet chilli jam,1,1,1,1,1,1,1,1,1,1,1
11590,sweet dessert wine,1,1,1,1,1,1,1,1,1,1,1
11591,sweet dessert wine red wine,1,1,1,1,1,1,1,1,1,1,1
11592,sweet eating apples,1,1,1,1,1,1,1,1,1,1,1
11593,sweet gem lettuce,1,1,1,1,1,1,1,1,1,1,1
11594,sweet marsala,1,1,1,1,1,1,1,1,1,1,1
11595,sweet onion,1,1,1,1,1,1,1,1,1,1,1
11596,sweet or garlic chilli sauce,1,1,1,1,1,1,1,1,1,1,1
11597,sweet or hot paprika,1,1,1,1,1,1,1,1,1,1,1
11598,sweet or mild salami,1,1,1,1,1,1,1,1,1,1,1
11599,sweet or salted,1,1,1,1,1,1,1,1,1,1,1
11600,sweet pastry,1,1,1,1,1,1,1,1,1,1,1
11601,sweet pastry case,1,1,1,1,1,1,1,1,1,1,1
11602,sweet pastry cases,1,1,1,1,1,1,1,1,1,1,1
11603,sweet pickled baby beetroot,1,1,1,1,1,1,1,1,1,1,1
11604,sweet pickled baby silverskin onions,1,1,1,1,1,1,1,1,1,1,1
11605,sweet pickled cucumber,1,1,1,1,1,1,1,1,1,1,1
11606,sweet potato crisps,1,1,1,1,1,1,1,1,1,1,1
11607,sweet potato noodles,1,1,1,1,1,1,1,1,1,1,1
11608,sweet potato skin left on,1,1,1,1,1,1,1,1,1,1,1
11609,sweet potato wedges and salad,1,1,1,1,1,1,1,1,1,1,1
11610,sweet potatoes ends,1,1,1,1,1,1,1,1,1,1,1
11611,sweet potatoes skin on,1,1,1,1,1,1,1,1,1,1,1
11612,sweet red apple,1,1,1,1,1,1,1,1,1,1,1
11613,sweet red pointed pepper,1,1,1,1,1,1,1,1,1,1,1
11614,sweet red wine,1,1,1,1,1,1,1,1,1,1,1
11615,sweet smoked  paprika,1,1,1,1,1,1,1,1,1,1,1
11616,sweet soy sauce,1,1,1,1,1,1,1,1,1,1,1
11617,sweet tomatoes,1,1,1,1,1,1,1,1,1,1,1
11618,sweet vegan shortcrust pastry,1,1,1,1,1,1,1,1,1,1,1
11619,sweet white miso,1,1,1,1,1,1,1,1,1,1,1
11620,sweet white onions,1,1,1,1,1,1,1,1,1,1,1
11621,sweetcorn canned,1,1,1,1,1,1,1,1,1,1,1
11622,sweetcorn cob kernels,1,1,1,1,1,1,1,1,1,1,1
11623,sweetcorn cobs any husks,1,1,1,1,1,1,1,1,1,1,1
11624,sweetcorn cobs kernels,1,1,1,1,1,1,1,1,1,1,1
11625,sweetcorn cobs kernels only,1,1,1,1,1,1,1,1,1,1,1
11626,sweetcorn frozen,1,1,1,1,1,1,1,1,1,1,1
11627,sweetcorn kernels,1,1,1,1,1,1,1,1,1,1,1
11628,sweetcorn olives,1,1,1,1,1,1,1,1,1,1,1
11629,sweetcorn peas,1,1,1,1,1,1,1,1,1,1,1
11630,sweetcorn per person,1,1,1,1,1,1,1,1,1,1,1
11631,sweetened almond milk,1,1,1,1,1,1,1,1,1,1,1
11632,sweetened chestnut purée,1,1,1,1,1,1,1,1,1,1,1
11633,sweetened desiccated coconut,1,1,1,1,1,1,1,1,1,1,1
11634,sweetened soy milk,1,1,1,1,1,1,1,1,1,1,1
11635,sweetheart cabbage leaves,1,1,1,1,1,1,1,1,1,1,1
11636,sweets,1,1,1,1,1,1,1,1,1,1,1
11637,swiss chard leaves only,1,1,1,1,1,1,1,1,1,1,1
11638,swiss chard stems,1,1,1,1,1,1,1,1,1,1,1
11639,swiss roll cake tin,1,1,1,1,1,1,1,1,1,1,1
11640,swordfish steaks,1,1,1,1,1,1,1,1,1,1,1
11641,syrup from a jar of maraschino cherries,1,1,1,1,1,1,1,1,1,1,1
11642,syrup from cocktail cherries,1,1,1,1,1,1,1,1,1,1,1
11643,szechuan pepper,1,1,1,1,1,1,1,1,1,1,1
11644,szechuan peppercorns ground,1,1,1,1,1,1,1,1,1,1,1
11645,tabasco or hot sauce,1,1,1,1,1,1,1,1,1,1,1
11646,tabasco or worcestershire sauce,1,1,1,1,1,1,1,1,1,1,1
11647,tabasco sauce depending on how hot you,1,1,1,1,1,1,1,1,1,1,1
11648,tabbouleh,1,1,1,1,1,1,1,1,1,1,1
11649,tabbouleh hummus,1,1,1,1,1,1,1,1,1,1,1
11650,table salt,1,1,1,1,1,1,1,1,1,1,1
11651,taco shells or wraps,1,1,1,1,1,1,1,1,1,1,1
11652,taco wraps,1,1,1,1,1,1,1,1,1,1,1
11653,tacos shells,1,1,1,1,1,1,1,1,1,1,1
11654,tagine spice blend,1,1,1,1,1,1,1,1,1,1,1
11655,tagine spice paste,1,1,1,1,1,1,1,1,1,1,1
11656,tagliatelle or linguini,1,1,1,1,1,1,1,1,1,1,1
11657,tahini or nut butter of your choice,1,1,1,1,1,1,1,1,1,1,1
11658,taiwanese black vinegar,1,1,1,1,1,1,1,1,1,1,1
11659,tajin or chilli powder,1,1,1,1,1,1,1,1,1,1,1
11660,tajín,1,1,1,1,1,1,1,1,1,1,1
11661,tajín seasoning,1,1,1,1,1,1,1,1,1,1,1
11662,taleggio cheese rind removed,1,1,1,1,1,1,1,1,1,1,1
11663,tall,1,1,1,1,1,1,1,1,1,1,1
11664,tall rhubarb stalks,1,1,1,1,1,1,1,1,1,1,1
11665,tamari or soy sauce,1,1,1,1,1,1,1,1,1,1,1
11666,tamari soy or dark soy sauce,1,1,1,1,1,1,1,1,1,1,1
11667,tamarind concentrate,1,1,1,1,1,1,1,1,1,1,1
11668,tamarind concentrate or paste,1,1,1,1,1,1,1,1,1,1,1
11669,tamarind extract,1,1,1,1,1,1,1,1,1,1,1
11670,tamarind or a squeeze of lime,1,1,1,1,1,1,1,1,1,1,1
11671,tamarind pulp,1,1,1,1,1,1,1,1,1,1,1
11672,tamarind pulp water,1,1,1,1,1,1,1,1,1,1,1
11673,tandoori  curry paste,1,1,1,1,1,1,1,1,1,1,1
11674,tandoori curry paste,1,1,1,1,1,1,1,1,1,1,1
11675,tangerine,1,1,1,1,1,1,1,1,1,1,1
11676,tangerine segments,1,1,1,1,1,1,1,1,1,1,1
11677,tangy,1,1,1,1,1,1,1,1,1,1,1
11678,tangy cabbage slaw,1,1,1,1,1,1,1,1,1,1,1
11679,tangy cheese,1,1,1,1,1,1,1,1,1,1,1
11680,tapenade toast,1,1,1,1,1,1,1,1,1,1,1
11681,taramasalata,1,1,1,1,1,1,1,1,1,1,1
11682,tarragon 1 tbsp,1,1,1,1,1,1,1,1,1,1,1
11683,tarragon or chervil,1,1,1,1,1,1,1,1,1,1,1
11684,tarragon or dill,1,1,1,1,1,1,1,1,1,1,1
11685,tarragon or parsley,1,1,1,1,1,1,1,1,1,1,1
11686,tarragon or thyme leaves,1,1,1,1,1,1,1,1,1,1,1
11687,tarragon parsley and basil,1,1,1,1,1,1,1,1,1,1,1
11688,tarragon vinegar,1,1,1,1,1,1,1,1,1,1,1
11689,tarragon woody stalks,1,1,1,1,1,1,1,1,1,1,1
11690,tart apple,1,1,1,1,1,1,1,1,1,1,1
11691,tartlet,1,1,1,1,1,1,1,1,1,1,1
11692,tea bags,1,1,1,1,1,1,1,1,1,1,1
11693,teabag,1,1,1,1,1,1,1,1,1,1,1
11694,teaspoon cream of tartar,1,1,1,1,1,1,1,1,1,1,1
11695,teaspoon measure,1,1,1,1,1,1,1,1,1,1,1
11696,teaspoon measures,1,1,1,1,1,1,1,1,1,1,1
11697,"temperature, ripe vine cherry tomatoes",1,1,1,1,1,1,1,1,1,1,1
11698,tenderstem broccoli from,1,1,1,1,1,1,1,1,1,1,1
11699,tenderstem or purple sprouting broccoli split lengthways,1,1,1,1,1,1,1,1,1,1,1
11700,tequila reposado,1,1,1,1,1,1,1,1,1,1,1
11701,texas barbecue sauce,1,1,1,1,1,1,1,1,1,1,1
11702,thai  red chilli,1,1,1,1,1,1,1,1,1,1,1
11703,thai aubergines,1,1,1,1,1,1,1,1,1,1,1
11704,thai basil large leaves,1,1,1,1,1,1,1,1,1,1,1
11705,thai basil leaves only,1,1,1,1,1,1,1,1,1,1,1
11706,thai basil mint and coriander leaves,1,1,1,1,1,1,1,1,1,1,1
11707,thai bird's-eye chillies,1,1,1,1,1,1,1,1,1,1,1
11708,thai cauliflower rice,1,1,1,1,1,1,1,1,1,1,1
11709,thai chilli,1,1,1,1,1,1,1,1,1,1,1
11710,thai chilli jam,1,1,1,1,1,1,1,1,1,1,1
11711,thai coconut milk,1,1,1,1,1,1,1,1,1,1,1
11712,thai curry paste,1,1,1,1,1,1,1,1,1,1,1
11713,thai or ordinary basil leaves,1,1,1,1,1,1,1,1,1,1,1
11714,thai or regular shallots,1,1,1,1,1,1,1,1,1,1,1
11715,thai red,1,1,1,1,1,1,1,1,1,1,1
11716,thai red chillies,1,1,1,1,1,1,1,1,1,1,1
11717,thai shallots,1,1,1,1,1,1,1,1,1,1,1
11718,thai sticky rice,1,1,1,1,1,1,1,1,1,1,1
11719,thai tea leaves,1,1,1,1,1,1,1,1,1,1,1
11720,the butter bean curry,1,1,1,1,1,1,1,1,1,1,1
11721,the cabbage weight),1,1,1,1,1,1,1,1,1,1,1
11722,the cluck chicken style chunks,1,1,1,1,1,1,1,1,1,1,1
11723,the flavourings from our fillings recipes - find the link,1,1,1,1,1,1,1,1,1,1,1
11724,the other &frac12,1,1,1,1,1,1,1,1,1,1,1
11725,the raita,1,1,1,1,1,1,1,1,1,1,1
11726,the sauce butter,1,1,1,1,1,1,1,1,1,1,1
11727,the sweet potato,1,1,1,1,1,1,1,1,1,1,1
11728,the sweet potato chunks,1,1,1,1,1,1,1,1,1,1,1
11729,the syrup from a jar of stem ginger,1,1,1,1,1,1,1,1,1,1,1
11730,the tops left on),1,1,1,1,1,1,1,1,1,1,1
11731,the trim from the pork,1,1,1,1,1,1,1,1,1,1,1
11732,the zest and juice of 1,1,1,1,1,1,1,1,1,1,1,1
11733,thick  crème fraîche,1,1,1,1,1,1,1,1,1,1,1
11734,thick asparagus spears,1,1,1,1,1,1,1,1,1,1,1
11735,thick balsamic vinegar,1,1,1,1,1,1,1,1,1,1,1
11736,thick barbecue sauce,1,1,1,1,1,1,1,1,1,1,1
11737,thick bavette or onglet steak see tip below,1,1,1,1,1,1,1,1,1,1,1
11738,thick boneless pork loin chops,1,1,1,1,1,1,1,1,1,1,1
11739,thick caramel or dulce de leche,1,1,1,1,1,1,1,1,1,1,1
11740,thick coconut milk,1,1,1,1,1,1,1,1,1,1,1
11741,thick coconut yogurt,1,1,1,1,1,1,1,1,1,1,1
11742,thick cod fillets,1,1,1,1,1,1,1,1,1,1,1
11743,thick cream,1,1,1,1,1,1,1,1,1,1,1
11744,thick creamy yogurt,1,1,1,1,1,1,1,1,1,1,1
11745,thick crusty bread,1,1,1,1,1,1,1,1,1,1,1
11746,thick cut ham,1,1,1,1,1,1,1,1,1,1,1
11747,"thick cut, rindless bacon",1,1,1,1,1,1,1,1,1,1,1
11748,thick double cream,1,1,1,1,1,1,1,1,1,1,1
11749,thick full-fat greek yogurt,1,1,1,1,1,1,1,1,1,1,1
11750,thick good-quality spaghetti,1,1,1,1,1,1,1,1,1,1,1
11751,thick hand-cut slices of,1,1,1,1,1,1,1,1,1,1,1
11752,thick honey,1,1,1,1,1,1,1,1,1,1,1
11753,thick leaves iceberg lettuces,1,1,1,1,1,1,1,1,1,1,1
11754,thick pork belly pork slices,1,1,1,1,1,1,1,1,1,1,1
11755,thick pork sausages,1,1,1,1,1,1,1,1,1,1,1
11756,thick rounds,1,1,1,1,1,1,1,1,1,1,1
11757,thick salmon fillet unskinned,1,1,1,1,1,1,1,1,1,1,1
11758,thick salmon fillets skin left on,1,1,1,1,1,1,1,1,1,1,1
11759,thick skinless fillets of cod pollock or haddock,1,1,1,1,1,1,1,1,1,1,1
11760,thick skinless fillets of whiting,1,1,1,1,1,1,1,1,1,1,1
11761,thick slabs of focaccia,1,1,1,1,1,1,1,1,1,1,1
11762,thick slice bread,1,1,1,1,1,1,1,1,1,1,1
11763,thick slice ginger,1,1,1,1,1,1,1,1,1,1,1
11764,thick slice italian bread,1,1,1,1,1,1,1,1,1,1,1
11765,thick sourdough slices,1,1,1,1,1,1,1,1,1,1,1
11766,thick soya yogurt and mixed berries,1,1,1,1,1,1,1,1,1,1,1
11767,thick spring onions,1,1,1,1,1,1,1,1,1,1,1
11768,thick trout fillets,1,1,1,1,1,1,1,1,1,1,1
11769,thick tuna steaks,1,1,1,1,1,1,1,1,1,1,1
11770,thick white bloomer slices,1,1,1,1,1,1,1,1,1,1,1
11771,thick white noodles,1,1,1,1,1,1,1,1,1,1,1
11772,thick ‘steaks’,1,1,1,1,1,1,1,1,1,1,1
11773,"thick, full-fat greek yogurt",1,1,1,1,1,1,1,1,1,1,1
11774,"thick, generous slices",1,1,1,1,1,1,1,1,1,1,1
11775,"thick, lean fillet steak",1,1,1,1,1,1,1,1,1,1,1
11776,"thick, lean rump sirloin steak",1,1,1,1,1,1,1,1,1,1,1
11777,"thick, live natural yogurt",1,1,1,1,1,1,1,1,1,1,1
11778,"thick, unsweetened coconut yogurt",1,1,1,1,1,1,1,1,1,1,1
11779,thick-cut bone-in pork chops,1,1,1,1,1,1,1,1,1,1,1
11780,thick-cut ham,1,1,1,1,1,1,1,1,1,1,1
11781,thick-cut pancetta,1,1,1,1,1,1,1,1,1,1,1
11782,thick-cut smoked streaky bacon,1,1,1,1,1,1,1,1,1,1,1
11783,thick-cut white bread,1,1,1,1,1,1,1,1,1,1,1
11784,thin,1,1,1,1,1,1,1,1,1,1,1
11785,thin baby carrots,1,1,1,1,1,1,1,1,1,1,1
11786,thin cake board,1,1,1,1,1,1,1,1,1,1,1
11787,thin chocolate biscuits,1,1,1,1,1,1,1,1,1,1,1
11788,thin egg noodles,1,1,1,1,1,1,1,1,1,1,1
11789,thin forced rhubarb ends,1,1,1,1,1,1,1,1,1,1,1
11790,thin ginger biscuits,1,1,1,1,1,1,1,1,1,1,1
11791,thin pancetta,1,1,1,1,1,1,1,1,1,1,1
11792,thin pancetta rashers,1,1,1,1,1,1,1,1,1,1,1
11793,thin rice noodles,1,1,1,1,1,1,1,1,1,1,1
11794,thin-cut marmalade,1,1,1,1,1,1,1,1,1,1,1
11795,thin-cut minute steak,1,1,1,1,1,1,1,1,1,1,1
11796,thin-cut seville orange marmalade,1,1,1,1,1,1,1,1,1,1,1
11797,thin-cut steak or minute steak,1,1,1,1,1,1,1,1,1,1,1
11798,thin-stemmed broccoli each stem cut on the,1,1,1,1,1,1,1,1,1,1,1
11799,thin-stemmed broccoli spears,1,1,1,1,1,1,1,1,1,1,1
11800,thin-stemmed rhubarb,1,1,1,1,1,1,1,1,1,1,1
11801,thinly,1,1,1,1,1,1,1,1,1,1,1
11802,three bean salad,1,1,1,1,1,1,1,1,1,1,1
11803,three-cornered leek save,1,1,1,1,1,1,1,1,1,1,1
11804,thyme 2 bay leaves and 1 rosemary,1,1,1,1,1,1,1,1,1,1,1
11805,thyme half of the leaves,1,1,1,1,1,1,1,1,1,1,1
11806,thyme honey,1,1,1,1,1,1,1,1,1,1,1
11807,thyme leaves from,1,1,1,1,1,1,1,1,1,1,1
11808,thyme or oregano,1,1,1,1,1,1,1,1,1,1,1
11809,thyme spig,1,1,1,1,1,1,1,1,1,1,1
11810,thyme sprig leaves,1,1,1,1,1,1,1,1,1,1,1
11811,thyme tied,1,1,1,1,1,1,1,1,1,1,1
11812,tiger bread,1,1,1,1,1,1,1,1,1,1,1
11813,tiger prawns,1,1,1,1,1,1,1,1,1,1,1
11814,tiger prawns deveined,1,1,1,1,1,1,1,1,1,1,1
11815,tiger prawns shells off,1,1,1,1,1,1,1,1,1,1,1
11816,tikka masala spice mix,1,1,1,1,1,1,1,1,1,1,1
11817,tikka or madras paste,1,1,1,1,1,1,1,1,1,1,1
11818,tikka paste,1,1,1,1,1,1,1,1,1,1,1
11819,tikka spice powder,1,1,1,1,1,1,1,1,1,1,1
11820,tilapia or cod,1,1,1,1,1,1,1,1,1,1,1
11821,timer,1,1,1,1,1,1,1,1,1,1,1
11822,timut pepper,1,1,1,1,1,1,1,1,1,1,1
11823,tinned apricots,1,1,1,1,1,1,1,1,1,1,1
11824,tins,1,1,1,1,1,1,1,1,1,1,1
11825,tiny capers,1,1,1,1,1,1,1,1,1,1,1
11826,tiny cauliflower florets,1,1,1,1,1,1,1,1,1,1,1
11827,tiny splash olive oil,1,1,1,1,1,1,1,1,1,1,1
11828,tissue paper,1,1,1,1,1,1,1,1,1,1,1
11829,tissue paper and a pretty box,1,1,1,1,1,1,1,1,1,1,1
11830,to serve lime wedges,1,1,1,1,1,1,1,1,1,1,1
11831,toast and a balsamic-dressed salad,1,1,1,1,1,1,1,1,1,1,1
11832,toast and butter,1,1,1,1,1,1,1,1,1,1,1
11833,toast drizzled with olive oil,1,1,1,1,1,1,1,1,1,1,1
11834,toast-sized slices,1,1,1,1,1,1,1,1,1,1,1
11835,toasted flaked almonds coriander,1,1,1,1,1,1,1,1,1,1,1
11836,toasted flaked almonds spring flowers,1,1,1,1,1,1,1,1,1,1,1
11837,toasting muffins,1,1,1,1,1,1,1,1,1,1,1
11838,tobiko (flying fish,1,1,1,1,1,1,1,1,1,1,1
11839,toffee  popcorn,1,1,1,1,1,1,1,1,1,1,1
11840,toffee caramel hazelnut cups,1,1,1,1,1,1,1,1,1,1,1
11841,toffee chocolate,1,1,1,1,1,1,1,1,1,1,1
11842,toffee or caramel ice cream,1,1,1,1,1,1,1,1,1,1,1
11843,toffee or caramel yogurt,1,1,1,1,1,1,1,1,1,1,1
11844,toffee syrup,1,1,1,1,1,1,1,1,1,1,1
11845,tofu puffs,1,1,1,1,1,1,1,1,1,1,1
11846,togarashi seasoning,1,1,1,1,1,1,1,1,1,1,1
11847,togarashi spice mix,1,1,1,1,1,1,1,1,1,1,1
11848,tomahawk steak,1,1,1,1,1,1,1,1,1,1,1
11849,tomatillo salsa,1,1,1,1,1,1,1,1,1,1,1
11850,tomatillos papery husks,1,1,1,1,1,1,1,1,1,1,1
11851,tomato  pasta sauce,1,1,1,1,1,1,1,1,1,1,1
11852,tomato &amp,1,1,1,1,1,1,1,1,1,1,1
11853,tomato amber,1,1,1,1,1,1,1,1,1,1,1
11854,tomato and lemon wedges,1,1,1,1,1,1,1,1,1,1,1
11855,tomato and mascarpone sauce,1,1,1,1,1,1,1,1,1,1,1
11856,tomato chilli jam,1,1,1,1,1,1,1,1,1,1,1
11857,tomato chutney,1,1,1,1,1,1,1,1,1,1,1
11858,tomato half cherry,1,1,1,1,1,1,1,1,1,1,1
11859,tomato halved across the equator,1,1,1,1,1,1,1,1,1,1,1
11860,tomato or a lettuce leaf and a slice of ham or cheese,1,1,1,1,1,1,1,1,1,1,1
11861,tomato or passata,1,1,1,1,1,1,1,1,1,1,1
11862,tomato pasta,1,1,1,1,1,1,1,1,1,1,1
11863,tomato with chopped mixed olives,1,1,1,1,1,1,1,1,1,1,1
11864,tomato with sliced olives,1,1,1,1,1,1,1,1,1,1,1
11865,"tomato, cucumber &amp",1,1,1,1,1,1,1,1,1,1,1
11866,"tomato, red onion & cucumber salad see tip",1,1,1,1,1,1,1,1,1,1,1
11867,tomato-based pizza or pasta sauce,1,1,1,1,1,1,1,1,1,1,1
11868,tomatoes a mix,1,1,1,1,1,1,1,1,1,1,1
11869,tomatoes and red onion,1,1,1,1,1,1,1,1,1,1,1
11870,tomatoes de-seeded &amp,1,1,1,1,1,1,1,1,1,1,1
11871,tomatoes larger tomatoes,1,1,1,1,1,1,1,1,1,1,1
11872,tomatoes left whole,1,1,1,1,1,1,1,1,1,1,1
11873,tomatoes on-the-vine,1,1,1,1,1,1,1,1,1,1,1
11874,tomatoes or cherry tomatoes,1,1,1,1,1,1,1,1,1,1,1
11875,tomatoes with olive oil and garlic,1,1,1,1,1,1,1,1,1,1,1
11876,tomatoes with olives,1,1,1,1,1,1,1,1,1,1,1
11877,tonic,1,1,1,1,1,1,1,1,1,1,1
11878,tonic syrup,1,1,1,1,1,1,1,1,1,1,1
11879,tonic water and soda water,1,1,1,1,1,1,1,1,1,1,1
11880,tonka bean,1,1,1,1,1,1,1,1,1,1,1
11881,toothpicks,1,1,1,1,1,1,1,1,1,1,1
11882,torch ginger flower,1,1,1,1,1,1,1,1,1,1,1
11883,tortellini,1,1,1,1,1,1,1,1,1,1,1
11884,tortilla chip,1,1,1,1,1,1,1,1,1,1,1
11885,tortilla chips and crudités of your choice,1,1,1,1,1,1,1,1,1,1,1
11886,tortilla chips soured cream,1,1,1,1,1,1,1,1,1,1,1
11887,tortilla wrap,1,1,1,1,1,1,1,1,1,1,1
11888,tortilla wraps salad leaves and sliced cucumber,1,1,1,1,1,1,1,1,1,1,1
11889,tortilla wraps/ flatbreads / thin pittas,1,1,1,1,1,1,1,1,1,1,1
11890,tortillas gluten-free if necessary,1,1,1,1,1,1,1,1,1,1,1
11891,total sweet (xylitol,1,1,1,1,1,1,1,1,1,1,1
11892,toulouse  sausages,1,1,1,1,1,1,1,1,1,1,1
11893,toulouse-style  sausages,1,1,1,1,1,1,1,1,1,1,1
11894,tray mediterranean roasting vegetables,1,1,1,1,1,1,1,1,1,1,1
11895,treacle sugar,1,1,1,1,1,1,1,1,1,1,1
11896,tree-shaped biscuit cutter,1,1,1,1,1,1,1,1,1,1,1
11897,treviso lettuce,1,1,1,1,1,1,1,1,1,1,1
11898,trifle sponges,1,1,1,1,1,1,1,1,1,1,1
11899,trofie or fusilli pasta,1,1,1,1,1,1,1,1,1,1,1
11900,tropical dried fruit mix,1,1,1,1,1,1,1,1,1,1,1
11901,tropical fruit and passion fruit seeds,1,1,1,1,1,1,1,1,1,1,1
11902,tropical fruit of your choice,1,1,1,1,1,1,1,1,1,1,1
11903,tropical juice,1,1,1,1,1,1,1,1,1,1,1
11904,trout,1,1,1,1,1,1,1,1,1,1,1
11905,truffle oil and pesto,1,1,1,1,1,1,1,1,1,1,1
11906,truffle paste,1,1,1,1,1,1,1,1,1,1,1
11907,tube black icing,1,1,1,1,1,1,1,1,1,1,1
11908,tube black writing icing,1,1,1,1,1,1,1,1,1,1,1
11909,tube freeze-dried raspberries,1,1,1,1,1,1,1,1,1,1,1
11910,tube smarties,1,1,1,1,1,1,1,1,1,1,1
11911,tulum,1,1,1,1,1,1,1,1,1,1,1
11912,tuna chunks in brine,1,1,1,1,1,1,1,1,1,1,1
11913,tuna chunks in sunflower oil,1,1,1,1,1,1,1,1,1,1,1
11914,tuna in water,1,1,1,1,1,1,1,1,1,1,1
11915,tuna steaks in spring water,1,1,1,1,1,1,1,1,1,1,1
11916,tuna steaks in water,1,1,1,1,1,1,1,1,1,1,1
11917,"tunworth, camembert",1,1,1,1,1,1,1,1,1,1,1
11918,turkey backbone and neck,1,1,1,1,1,1,1,1,1,1,1
11919,turkey breast fillets,1,1,1,1,1,1,1,1,1,1,1
11920,turkey breast meat,1,1,1,1,1,1,1,1,1,1,1
11921,turkey breast mini fillets,1,1,1,1,1,1,1,1,1,1,1
11922,turkey breasts skinless,1,1,1,1,1,1,1,1,1,1,1
11923,turkey carcass,1,1,1,1,1,1,1,1,1,1,1
11924,turkey escalope,1,1,1,1,1,1,1,1,1,1,1
11925,turkey leg and breast mince,1,1,1,1,1,1,1,1,1,1,1
11926,turkey legs,1,1,1,1,1,1,1,1,1,1,1
11927,turkey legs and thighs,1,1,1,1,1,1,1,1,1,1,1
11928,turkey legs with bone,1,1,1,1,1,1,1,1,1,1,1
11929,turkey mini breast fillets,1,1,1,1,1,1,1,1,1,1,1
11930,turkey or chicken,1,1,1,1,1,1,1,1,1,1,1
11931,turkey or chicken carcass,1,1,1,1,1,1,1,1,1,1,1
11932,turkey or chicken mince,1,1,1,1,1,1,1,1,1,1,1
11933,turkey or vegetable stock,1,1,1,1,1,1,1,1,1,1,1
11934,turkey steaks,1,1,1,1,1,1,1,1,1,1,1
11935,turkey stock,1,1,1,1,1,1,1,1,1,1,1
11936,turkish inci flour,1,1,1,1,1,1,1,1,1,1,1
11937,turkish kaşar peyniri,1,1,1,1,1,1,1,1,1,1,1
11938,turkish mild,1,1,1,1,1,1,1,1,1,1,1
11939,turkish or greek yogurt,1,1,1,1,1,1,1,1,1,1,1
11940,turkish pepper paste,1,1,1,1,1,1,1,1,1,1,1
11941,turkish red pepper paste,1,1,1,1,1,1,1,1,1,1,1
11942,turmeric paste,1,1,1,1,1,1,1,1,1,1,1
11943,turnip swede,1,1,1,1,1,1,1,1,1,1,1
11944,turquoise food colouring,1,1,1,1,1,1,1,1,1,1,1
11945,tweezers,1,1,1,1,1,1,1,1,1,1,1
11946,two-thirds of,1,1,1,1,1,1,1,1,1,1,1
11947,tyrrell's sweet chilli &amp,1,1,1,1,1,1,1,1,1,1,1
11948,tyrrells salted crisps,1,1,1,1,1,1,1,1,1,1,1
11949,tzatziki chickpea salad and flatbreads,1,1,1,1,1,1,1,1,1,1,1
11950,ubercorn template,1,1,1,1,1,1,1,1,1,1,1
11951,udon noodle,1,1,1,1,1,1,1,1,1,1,1
11952,undiluted elderflower cordial,1,1,1,1,1,1,1,1,1,1,1
11953,undyed,1,1,1,1,1,1,1,1,1,1,1
11954,undyed smoked haddock,1,1,1,1,1,1,1,1,1,1,1
11955,undyed smoked haddock skin on,1,1,1,1,1,1,1,1,1,1,1
11956,unflavoured corn tortilla chips,1,1,1,1,1,1,1,1,1,1,1
11957,unhomogenised coconut milk,1,1,1,1,1,1,1,1,1,1,1
11958,unpeeled,1,1,1,1,1,1,1,1,1,1,1
11959,unrefined icing sugar,1,1,1,1,1,1,1,1,1,1,1
11960,unripe papaya,1,1,1,1,1,1,1,1,1,1,1
11961,unroasted cashew nuts,1,1,1,1,1,1,1,1,1,1,1
11962,unsalted  cashews,1,1,1,1,1,1,1,1,1,1,1
11963,unsalted  peanuts,1,1,1,1,1,1,1,1,1,1,1
11964,unsalted almond butter,1,1,1,1,1,1,1,1,1,1,1
11965,unsalted almonds,1,1,1,1,1,1,1,1,1,1,1
11966,unsalted butter choose a pale variety,1,1,1,1,1,1,1,1,1,1,1
11967,unsalted butter cold from the fridge,1,1,1,1,1,1,1,1,1,1,1
11968,unsalted butter or baking margarine,1,1,1,1,1,1,1,1,1,1,1
11969,unsalted cashew,1,1,1,1,1,1,1,1,1,1,1
11970,unsalted chickpeas,1,1,1,1,1,1,1,1,1,1,1
11971,unsalted cold butter,1,1,1,1,1,1,1,1,1,1,1
11972,unsalted melted butter,1,1,1,1,1,1,1,1,1,1,1
11973,unsalted or salted butter,1,1,1,1,1,1,1,1,1,1,1
11974,unsalted peanuts roasted,1,1,1,1,1,1,1,1,1,1,1
11975,unsalted vegan plant butter block,1,1,1,1,1,1,1,1,1,1,1
11976,"unsalted, unroasted almonds",1,1,1,1,1,1,1,1,1,1,1
11977,"unsalted, unroasted cashew nuts",1,1,1,1,1,1,1,1,1,1,1
11978,"unsalted, unroasted cashews",1,1,1,1,1,1,1,1,1,1,1
11979,unscented coconut oil,1,1,1,1,1,1,1,1,1,1,1
11980,unscented tea lights in metal cases,1,1,1,1,1,1,1,1,1,1,1
11981,unsliced brioche burger,1,1,1,1,1,1,1,1,1,1,1
11982,unsmoked  bacon lardons,1,1,1,1,1,1,1,1,1,1,1
11983,unsmoked bacon,1,1,1,1,1,1,1,1,1,1,1
11984,unsmoked bacon medallions,1,1,1,1,1,1,1,1,1,1,1
11985,unsmoked boneless gammon,1,1,1,1,1,1,1,1,1,1,1
11986,unsmoked boneless tied  gammon joint,1,1,1,1,1,1,1,1,1,1,1
11987,unsmoked gammon,1,1,1,1,1,1,1,1,1,1,1
11988,unsmoked gammon joint,1,1,1,1,1,1,1,1,1,1,1
11989,unsmoked haddock fillets,1,1,1,1,1,1,1,1,1,1,1
11990,unsmoked ham hock,1,1,1,1,1,1,1,1,1,1,1
11991,unsmoked ham hocks,1,1,1,1,1,1,1,1,1,1,1
11992,unsmoked streaky rindless bacon,1,1,1,1,1,1,1,1,1,1,1
11993,"unsmoked, boneless gammon",1,1,1,1,1,1,1,1,1,1,1
11994,unsweetened,1,1,1,1,1,1,1,1,1,1,1
11995,unsweetened  almond milk,1,1,1,1,1,1,1,1,1,1,1
11996,unsweetened  desiccated coconut,1,1,1,1,1,1,1,1,1,1,1
11997,unsweetened almond,1,1,1,1,1,1,1,1,1,1,1
11998,unsweetened apple juice,1,1,1,1,1,1,1,1,1,1,1
11999,unsweetened apple purée,1,1,1,1,1,1,1,1,1,1,1
12000,unsweetened apple sauce,1,1,1,1,1,1,1,1,1,1,1
12001,unsweetened clear apple juice,1,1,1,1,1,1,1,1,1,1,1
12002,unsweetened cocoa powder,1,1,1,1,1,1,1,1,1,1,1
12003,unsweetened crunchy peanut butter,1,1,1,1,1,1,1,1,1,1,1
12004,unsweetened fortified almond,1,1,1,1,1,1,1,1,1,1,1
12005,unsweetened natural yogurt,1,1,1,1,1,1,1,1,1,1,1
12006,unsweetened non-dairy  milk,1,1,1,1,1,1,1,1,1,1,1
12007,unsweetened oat or soya milk,1,1,1,1,1,1,1,1,1,1,1
12008,unsweetened peanut butter,1,1,1,1,1,1,1,1,1,1,1
12009,unsweetened pomegranate juice,1,1,1,1,1,1,1,1,1,1,1
12010,unsweetened soya,1,1,1,1,1,1,1,1,1,1,1
12011,"unsweetened, fortified almond",1,1,1,1,1,1,1,1,1,1,1
12012,unwaxed  lemon,1,1,1,1,1,1,1,1,1,1,1
12013,unwaxed  lemons,1,1,1,1,1,1,1,1,1,1,1
12014,urad lentils,1,1,1,1,1,1,1,1,1,1,1
12015,urfa chilli,1,1,1,1,1,1,1,1,1,1,1
12016,urid daal,1,1,1,1,1,1,1,1,1,1,1
12017,urid lentils soaked overnight,1,1,1,1,1,1,1,1,1,1,1
12018,urucum seeds,1,1,1,1,1,1,1,1,1,1,1
12019,used ground coffee,1,1,1,1,1,1,1,1,1,1,1
12020,value peppers,1,1,1,1,1,1,1,1,1,1,1
12021,vanila extract,1,1,1,1,1,1,1,1,1,1,1
12022,vanilla bean paste extract,1,1,1,1,1,1,1,1,1,1,1
12023,vanilla bean pod seeds,1,1,1,1,1,1,1,1,1,1,1
12024,vanilla chantilly  cream,1,1,1,1,1,1,1,1,1,1,1
12025,vanilla extract bean paste,1,1,1,1,1,1,1,1,1,1,1
12026,vanilla ice cream double cream,1,1,1,1,1,1,1,1,1,1,1
12027,vanilla or salted caramel  ice cream,1,1,1,1,1,1,1,1,1,1,1
12028,vanilla or strawberry ice cream,1,1,1,1,1,1,1,1,1,1,1
12029,vanilla or white cake mix,1,1,1,1,1,1,1,1,1,1,1
12030,vanilla pod pod only,1,1,1,1,1,1,1,1,1,1,1
12031,vanilla pod spilt and seeds scraped out,1,1,1,1,1,1,1,1,1,1,1
12032,vanilla pod split in half lengthways,1,1,1,1,1,1,1,1,1,1,1
12033,vanilla pod split in half lengthways and seeds scraped out,1,1,1,1,1,1,1,1,1,1,1
12034,vanilla pods seeds only,1,1,1,1,1,1,1,1,1,1,1
12035,vanilla protein powder,1,1,1,1,1,1,1,1,1,1,1
12036,vanilla protein powder vegan,1,1,1,1,1,1,1,1,1,1,1
12037,vanilla seed paste,1,1,1,1,1,1,1,1,1,1,1
12038,vanilla sponge,1,1,1,1,1,1,1,1,1,1,1
12039,vanilla whey protein,1,1,1,1,1,1,1,1,1,1,1
12040,vanilla yogurt alternative,1,1,1,1,1,1,1,1,1,1,1
12041,vanilla-flavoured  yogurt,1,1,1,1,1,1,1,1,1,1,1
12042,vanilla-infused sugar,1,1,1,1,1,1,1,1,1,1,1
12043,various herbs,1,1,1,1,1,1,1,1,1,1,1
12044,various shades of food colouring,1,1,1,1,1,1,1,1,1,1,1
12045,veal cutlets,1,1,1,1,1,1,1,1,1,1,1
12046,veal mince,1,1,1,1,1,1,1,1,1,1,1
12047,veal or pork mince,1,1,1,1,1,1,1,1,1,1,1
12048,veg,1,1,1,1,1,1,1,1,1,1,1
12049,veg crisps,1,1,1,1,1,1,1,1,1,1,1
12050,veg or rapeseed oil,1,1,1,1,1,1,1,1,1,1,1
12051,veg or sunflower oil,1,1,1,1,1,1,1,1,1,1,1
12052,vegan,1,1,1,1,1,1,1,1,1,1,1
12053,vegan  cheddar,1,1,1,1,1,1,1,1,1,1,1
12054,vegan  plant butter block,1,1,1,1,1,1,1,1,1,1,1
12055,vegan  shortcrust pastry,1,1,1,1,1,1,1,1,1,1,1
12056,vegan  vegetable spread,1,1,1,1,1,1,1,1,1,1,1
12057,vegan  vegetable stock,1,1,1,1,1,1,1,1,1,1,1
12058,vegan  white miso,1,1,1,1,1,1,1,1,1,1,1
12059,vegan baconnaise,1,1,1,1,1,1,1,1,1,1,1
12060,vegan baking block,1,1,1,1,1,1,1,1,1,1,1
12061,vegan biscuits soya whipped cream,1,1,1,1,1,1,1,1,1,1,1
12062,vegan burger buns,1,1,1,1,1,1,1,1,1,1,1
12063,vegan cocoa powder,1,1,1,1,1,1,1,1,1,1,1
12064,vegan cookies of your choice,1,1,1,1,1,1,1,1,1,1,1
12065,vegan cream cheese,1,1,1,1,1,1,1,1,1,1,1
12066,vegan dark chocolate chip,1,1,1,1,1,1,1,1,1,1,1
12067,vegan dark chocolate chips,1,1,1,1,1,1,1,1,1,1,1
12068,vegan dried lasagne sheets,1,1,1,1,1,1,1,1,1,1,1
12069,vegan fermented (sour) kimchi,1,1,1,1,1,1,1,1,1,1,1
12070,vegan frankfurters,1,1,1,1,1,1,1,1,1,1,1
12071,vegan garlic bread and a green salad with a lemony dressing,1,1,1,1,1,1,1,1,1,1,1
12072,vegan ginger nuts,1,1,1,1,1,1,1,1,1,1,1
12073,vegan hard cheese,1,1,1,1,1,1,1,1,1,1,1
12074,vegan ice cream,1,1,1,1,1,1,1,1,1,1,1
12075,vegan italian-style hard cheese,1,1,1,1,1,1,1,1,1,1,1
12076,vegan kebab protein,1,1,1,1,1,1,1,1,1,1,1
12077,vegan low-salt beef,1,1,1,1,1,1,1,1,1,1,1
12078,vegan marshmallows,1,1,1,1,1,1,1,1,1,1,1
12079,vegan meatballs,1,1,1,1,1,1,1,1,1,1,1
12080,vegan mozzarella-style cheese,1,1,1,1,1,1,1,1,1,1,1
12081,vegan onion chutney,1,1,1,1,1,1,1,1,1,1,1
12082,vegan pesto,1,1,1,1,1,1,1,1,1,1,1
12083,vegan plant-based baking block,1,1,1,1,1,1,1,1,1,1,1
12084,vegan puff pastry block,1,1,1,1,1,1,1,1,1,1,1
12085,vegan red wine vinegar,1,1,1,1,1,1,1,1,1,1,1
12086,vegan salted plant-based butter,1,1,1,1,1,1,1,1,1,1,1
12087,vegan soft cashew cheese,1,1,1,1,1,1,1,1,1,1,1
12088,vegan soft cheese with chives,1,1,1,1,1,1,1,1,1,1,1
12089,vegan sriracha mayo,1,1,1,1,1,1,1,1,1,1,1
12090,vegan stock,1,1,1,1,1,1,1,1,1,1,1
12091,vegan thai red curry paste,1,1,1,1,1,1,1,1,1,1,1
12092,vegan vegetable bouillon powder,1,1,1,1,1,1,1,1,1,1,1
12093,vegan vegetable stock cube,1,1,1,1,1,1,1,1,1,1,1
12094,vegan whipped cream,1,1,1,1,1,1,1,1,1,1,1
12095,vegan yogurt,1,1,1,1,1,1,1,1,1,1,1
12096,vegan ‘chicken’ pieces,1,1,1,1,1,1,1,1,1,1,1
12097,vegan-friendly  yeast extract,1,1,1,1,1,1,1,1,1,1,1
12098,vegetable bouillon stock,1,1,1,1,1,1,1,1,1,1,1
12099,vegetable crudités breadsticks,1,1,1,1,1,1,1,1,1,1,1
12100,vegetable fat,1,1,1,1,1,1,1,1,1,1,1
12101,vegetable glycerine,1,1,1,1,1,1,1,1,1,1,1
12102,vegetable gravy granules,1,1,1,1,1,1,1,1,1,1,1
12103,vegetable gyoza,1,1,1,1,1,1,1,1,1,1,1
12104,vegetable oil or groundnut oil,1,1,1,1,1,1,1,1,1,1,1
12105,vegetable oil sunflower oil,1,1,1,1,1,1,1,1,1,1,1
12106,vegetable oil or butter,1,1,1,1,1,1,1,1,1,1,1
12107,vegetable or chicken stock melt,1,1,1,1,1,1,1,1,1,1,1
12108,vegetable or dashi stock,1,1,1,1,1,1,1,1,1,1,1
12109,vegetable or vegan stock,1,1,1,1,1,1,1,1,1,1,1
12110,vegetable peelings,1,1,1,1,1,1,1,1,1,1,1
12111,vegetable shortening,1,1,1,1,1,1,1,1,1,1,1
12112,vegetable shortening or butter,1,1,1,1,1,1,1,1,1,1,1
12113,vegetable stir-fry,1,1,1,1,1,1,1,1,1,1,1
12114,vegetable stock pots,1,1,1,1,1,1,1,1,1,1,1
12115,vegetable sunflower rapeseed oil,1,1,1,1,1,1,1,1,1,1,1
12116,vegetarian  brie,1,1,1,1,1,1,1,1,1,1,1
12117,vegetarian basil pesto,1,1,1,1,1,1,1,1,1,1,1
12118,vegetarian bean burgers,1,1,1,1,1,1,1,1,1,1,1
12119,vegetarian buffalo mozzarella,1,1,1,1,1,1,1,1,1,1,1
12120,vegetarian cheddar,1,1,1,1,1,1,1,1,1,1,1
12121,vegetarian chicken-style pieces,1,1,1,1,1,1,1,1,1,1,1
12122,vegetarian extra mature cheddar,1,1,1,1,1,1,1,1,1,1,1
12123,vegetarian fish sauce,1,1,1,1,1,1,1,1,1,1,1
12124,vegetarian goat's cheese,1,1,1,1,1,1,1,1,1,1,1
12125,vegetarian italian hard cheese,1,1,1,1,1,1,1,1,1,1,1
12126,vegetarian kefalotyri/ pecorino,1,1,1,1,1,1,1,1,1,1,1
12127,vegetarian mince,1,1,1,1,1,1,1,1,1,1,1
12128,vegetarian oyster sauce,1,1,1,1,1,1,1,1,1,1,1
12129,vegetarian parmesan,1,1,1,1,1,1,1,1,1,1,1
12130,vegetarian rennet,1,1,1,1,1,1,1,1,1,1,1
12131,vegetarian samosas,1,1,1,1,1,1,1,1,1,1,1
12132,vegetarian soft  blue cheese,1,1,1,1,1,1,1,1,1,1,1
12133,vegetarian stilton,1,1,1,1,1,1,1,1,1,1,1
12134,vegetarian taleggio rind removed,1,1,1,1,1,1,1,1,1,1,1
12135,vegetarian wensleydale,1,1,1,1,1,1,1,1,1,1,1
12136,vegetarian worcestershire sauce,1,1,1,1,1,1,1,1,1,1,1
12137,"vegetarian, light feta",1,1,1,1,1,1,1,1,1,1,1
12138,veggie sausages,1,1,1,1,1,1,1,1,1,1,1
12139,venison loin,1,1,1,1,1,1,1,1,1,1,1
12140,venison loin fat and sinew removed,1,1,1,1,1,1,1,1,1,1,1
12141,venison shoulder,1,1,1,1,1,1,1,1,1,1,1
12142,venison steaks,1,1,1,1,1,1,1,1,1,1,1
12143,verdita,1,1,1,1,1,1,1,1,1,1,1
12144,vermicelli noodle nests,1,1,1,1,1,1,1,1,1,1,1
12145,vermicelli pasta,1,1,1,1,1,1,1,1,1,1,1
12146,vermicelli rice noodles drizzled with,1,1,1,1,1,1,1,1,1,1,1
12147,vermicelli strands,1,1,1,1,1,1,1,1,1,1,1
12148,vermouth blanco,1,1,1,1,1,1,1,1,1,1,1
12149,vermouth or dry white wine,1,1,1,1,1,1,1,1,1,1,1
12150,vermouth or fino sherry,1,1,1,1,1,1,1,1,1,1,1
12151,vermut arlini,1,1,1,1,1,1,1,1,1,1,1
12152,very,1,1,1,1,1,1,1,1,1,1,1
12153,very firm tofu,1,1,1,1,1,1,1,1,1,1,1
12154,"very firm, pale green or white cabbage",1,1,1,1,1,1,1,1,1,1,1
12155,very fresh  eggs,1,1,1,1,1,1,1,1,1,1,1
12156,very fresh large eggs,1,1,1,1,1,1,1,1,1,1,1
12157,very fresh medium free-range eggs,1,1,1,1,1,1,1,1,1,1,1
12158,very generous grating of nutmeg,1,1,1,1,1,1,1,1,1,1,1
12159,very hot water,1,1,1,1,1,1,1,1,1,1,1
12160,very large,1,1,1,1,1,1,1,1,1,1,1
12161,very large onions,1,1,1,1,1,1,1,1,1,1,1
12162,very large raw shell-on prawns,1,1,1,1,1,1,1,1,1,1,1
12163,very lean lamb steak,1,1,1,1,1,1,1,1,1,1,1
12164,very lean sirloin steak,1,1,1,1,1,1,1,1,1,1,1
12165,very low salt vegetable stock cube,1,1,1,1,1,1,1,1,1,1,1
12166,very ripe,1,1,1,1,1,1,1,1,1,1,1
12167,very ripe  plantains,1,1,1,1,1,1,1,1,1,1,1
12168,very ripe avocado,1,1,1,1,1,1,1,1,1,1,1
12169,very ripe avocados,1,1,1,1,1,1,1,1,1,1,1
12170,very ripe baby avocado stoned,1,1,1,1,1,1,1,1,1,1,1
12171,very ripe banana,1,1,1,1,1,1,1,1,1,1,1
12172,very ripe pears,1,1,1,1,1,1,1,1,1,1,1
12173,very ripe tomato,1,1,1,1,1,1,1,1,1,1,1
12174,very small onion,1,1,1,1,1,1,1,1,1,1,1
12175,very small salad potato,1,1,1,1,1,1,1,1,1,1,1
12176,very small shallot,1,1,1,1,1,1,1,1,1,1,1
12177,very soft  butter,1,1,1,1,1,1,1,1,1,1,1
12178,very soft  salted butter,1,1,1,1,1,1,1,1,1,1,1
12179,very strong  coffee,1,1,1,1,1,1,1,1,1,1,1
12180,very strong canadian white bread flour,1,1,1,1,1,1,1,1,1,1,1
12181,very strong coffee powder,1,1,1,1,1,1,1,1,1,1,1
12182,very thin slices red onions,1,1,1,1,1,1,1,1,1,1,1
12183,very thin slices rye bread,1,1,1,1,1,1,1,1,1,1,1
12184,very thinly sliced beef bulgogi meat,1,1,1,1,1,1,1,1,1,1,1
12185,viennese whirls,1,1,1,1,1,1,1,1,1,1,1
12186,vietnamese mint,1,1,1,1,1,1,1,1,1,1,1
12187,vietnamese spring roll wrappers,1,1,1,1,1,1,1,1,1,1,1
12188,vine  cherry tomato,1,1,1,1,1,1,1,1,1,1,1
12189,vine  tomatoes,1,1,1,1,1,1,1,1,1,1,1
12190,vine leaves,1,1,1,1,1,1,1,1,1,1,1
12191,vine leaves in brine,1,1,1,1,1,1,1,1,1,1,1
12192,vine-ripened or  cherry tomatoes,1,1,1,1,1,1,1,1,1,1,1
12193,vine-ripened plum tomatoes,1,1,1,1,1,1,1,1,1,1,1
12194,vinegar fresh lemon,1,1,1,1,1,1,1,1,1,1,1
12195,violet and pink food colourings,1,1,1,1,1,1,1,1,1,1,1
12196,violet essence,1,1,1,1,1,1,1,1,1,1,1
12197,virgin coconut oil,1,1,1,1,1,1,1,1,1,1,1
12198,virtually fat-free fromage frais,1,1,1,1,1,1,1,1,1,1,1
12199,vital wheat,1,1,1,1,1,1,1,1,1,1,1
12200,vital wheat gluten,1,1,1,1,1,1,1,1,1,1,1
12201,vital wheat gluten flour,1,1,1,1,1,1,1,1,1,1,1
12202,vodka or aquavit,1,1,1,1,1,1,1,1,1,1,1
12203,vodka vanilla vodka,1,1,1,1,1,1,1,1,1,1,1
12204,wafer thin honey roast ham,1,1,1,1,1,1,1,1,1,1,1
12205,wafer-thin extra-lean ham,1,1,1,1,1,1,1,1,1,1,1
12206,wafer-thin ham,1,1,1,1,1,1,1,1,1,1,1
12207,wafers,1,1,1,1,1,1,1,1,1,1,1
12208,waffle biscuits,1,1,1,1,1,1,1,1,1,1,1
12209,waffle cones,1,1,1,1,1,1,1,1,1,1,1
12210,waffle ice cream cones,1,1,1,1,1,1,1,1,1,1,1
12211,waffles,1,1,1,1,1,1,1,1,1,1,1
12212,walnut flour,1,1,1,1,1,1,1,1,1,1,1
12213,walnut half,1,1,1,1,1,1,1,1,1,1,1
12214,walnut whips,1,1,1,1,1,1,1,1,1,1,1
12215,walnuts and pistachios,1,1,1,1,1,1,1,1,1,1,1
12216,walnuts or cherries,1,1,1,1,1,1,1,1,1,1,1
12217,walnuts roasted,1,1,1,1,1,1,1,1,1,1,1
12218,warm chapatis,1,1,1,1,1,1,1,1,1,1,1
12219,warm chicken or vegetable stock,1,1,1,1,1,1,1,1,1,1,1
12220,warm crusty bread,1,1,1,1,1,1,1,1,1,1,1
12221,warm custard,1,1,1,1,1,1,1,1,1,1,1
12222,warm fish,1,1,1,1,1,1,1,1,1,1,1
12223,warm flatbread,1,1,1,1,1,1,1,1,1,1,1
12224,warm flatbreads,1,1,1,1,1,1,1,1,1,1,1
12225,warm naan,1,1,1,1,1,1,1,1,1,1,1
12226,warm toasted pitta bread,1,1,1,1,1,1,1,1,1,1,1
12227,warm vegetable,1,1,1,1,1,1,1,1,1,1,1
12228,wasabi mayonnaise,1,1,1,1,1,1,1,1,1,1,1
12229,wasabi sushi ginger and tamari,1,1,1,1,1,1,1,1,1,1,1
12230,water and some colouring),1,1,1,1,1,1,1,1,1,1,1
12231,water mixed with 2 tbsp olive oil,1,1,1,1,1,1,1,1,1,1,1
12232,water or chicken stock,1,1,1,1,1,1,1,1,1,1,1
12233,water or low sodium vegetable stock,1,1,1,1,1,1,1,1,1,1,1
12234,watercress coarse stalks removed,1,1,1,1,1,1,1,1,1,1,1
12235,watercress leaves,1,1,1,1,1,1,1,1,1,1,1
12236,watercress or salad leaves,1,1,1,1,1,1,1,1,1,1,1
12237,watercress reserve,1,1,1,1,1,1,1,1,1,1,1
12238,watercress rocket,1,1,1,1,1,1,1,1,1,1,1
12239,watercress spinach & rocket salad,1,1,1,1,1,1,1,1,1,1,1
12240,watercress spinach &amp,1,1,1,1,1,1,1,1,1,1,1
12241,watercress stalks,1,1,1,1,1,1,1,1,1,1,1
12242,watercress stalks removed,1,1,1,1,1,1,1,1,1,1,1
12243,watercress stems,1,1,1,1,1,1,1,1,1,1,1
12244,watercress woody stalks,1,1,1,1,1,1,1,1,1,1,1
12245,watermelon chunks,1,1,1,1,1,1,1,1,1,1,1
12246,watermelon halved lengthways,1,1,1,1,1,1,1,1,1,1,1
12247,watermelon liqueur,1,1,1,1,1,1,1,1,1,1,1
12248,watermelon radishes,1,1,1,1,1,1,1,1,1,1,1
12249,watermelon syrup,1,1,1,1,1,1,1,1,1,1,1
12250,watermelons,1,1,1,1,1,1,1,1,1,1,1
12251,waxy baby potatoes,1,1,1,1,1,1,1,1,1,1,1
12252,waxy red potatoes,1,1,1,1,1,1,1,1,1,1,1
12253,weak  fish,1,1,1,1,1,1,1,1,1,1,1
12254,wedge of grapefruit,1,1,1,1,1,1,1,1,1,1,1
12255,wedge of iceberg lettuce,1,1,1,1,1,1,1,1,1,1,1
12256,wedge of pineapple,1,1,1,1,1,1,1,1,1,1,1
12257,wedge pink grapefruit,1,1,1,1,1,1,1,1,1,1,1
12258,wedge red cabbage,1,1,1,1,1,1,1,1,1,1,1
12259,well-aged beef fillet,1,1,1,1,1,1,1,1,1,1,1
12260,wensleydale,1,1,1,1,1,1,1,1,1,1,1
12261,wensleydale cheese,1,1,1,1,1,1,1,1,1,1,1
12262,wensleydale or cheddar,1,1,1,1,1,1,1,1,1,1,1
12263,wet  tamarind,1,1,1,1,1,1,1,1,1,1,1
12264,wheat beer,1,1,1,1,1,1,1,1,1,1,1
12265,wheat biscuits,1,1,1,1,1,1,1,1,1,1,1
12266,wheat cereal biscuits,1,1,1,1,1,1,1,1,1,1,1
12267,wheat starch,1,1,1,1,1,1,1,1,1,1,1
12268,wheat-free  tamari,1,1,1,1,1,1,1,1,1,1,1
12269,wheat-free pitta bread pockets,1,1,1,1,1,1,1,1,1,1,1
12270,wheatgerm,1,1,1,1,1,1,1,1,1,1,1
12271,wheel vegetarian camembert,1,1,1,1,1,1,1,1,1,1,1
12272,whippable plant cream,1,1,1,1,1,1,1,1,1,1,1
12273,whipped cream and mini gingerbread,1,1,1,1,1,1,1,1,1,1,1
12274,whipped cream and sprinkles,1,1,1,1,1,1,1,1,1,1,1
12275,whiskey or bourbon,1,1,1,1,1,1,1,1,1,1,1
12276,whisky cream,1,1,1,1,1,1,1,1,1,1,1
12277,white  bread mix,1,1,1,1,1,1,1,1,1,1,1
12278,white  caster sugar,1,1,1,1,1,1,1,1,1,1,1
12279,white  marzipan,1,1,1,1,1,1,1,1,1,1,1
12280,white  onion,1,1,1,1,1,1,1,1,1,1,1
12281,white  pepper,1,1,1,1,1,1,1,1,1,1,1
12282,white  sourdough,1,1,1,1,1,1,1,1,1,1,1
12283,white  sugar cubes,1,1,1,1,1,1,1,1,1,1,1
12284,white acrylic,1,1,1,1,1,1,1,1,1,1,1
12285,white and blue fondant icing,1,1,1,1,1,1,1,1,1,1,1
12286,white and brown crabmeat,1,1,1,1,1,1,1,1,1,1,1
12287,white and dark chocolate,1,1,1,1,1,1,1,1,1,1,1
12288,white and green food colouring powder,1,1,1,1,1,1,1,1,1,1,1
12289,white and milk  chocolate roughy,1,1,1,1,1,1,1,1,1,1,1
12290,white aubergines,1,1,1,1,1,1,1,1,1,1,1
12291,white baking potatoes,1,1,1,1,1,1,1,1,1,1,1
12292,white basmati rice,1,1,1,1,1,1,1,1,1,1,1
12293,white beans one,1,1,1,1,1,1,1,1,1,1,1
12294,white belgian chocolate,1,1,1,1,1,1,1,1,1,1,1
12295,white bloomer bread,1,1,1,1,1,1,1,1,1,1,1
12296,white bread butter,1,1,1,1,1,1,1,1,1,1,1
12297,white bread medium thickness,1,1,1,1,1,1,1,1,1,1,1
12298,white cabbage & radish slaw,1,1,1,1,1,1,1,1,1,1,1
12299,white cabbage core,1,1,1,1,1,1,1,1,1,1,1
12300,white cabbage sprouts,1,1,1,1,1,1,1,1,1,1,1
12301,white cane spirit,1,1,1,1,1,1,1,1,1,1,1
12302,white caster,1,1,1,1,1,1,1,1,1,1,1
12303,white chocolate and sprinkles,1,1,1,1,1,1,1,1,1,1,1
12304,white chocolate broken up,1,1,1,1,1,1,1,1,1,1,1
12305,white chocolate feathers and spun sugar nest,1,1,1,1,1,1,1,1,1,1,1
12306,white chocolate hearts,1,1,1,1,1,1,1,1,1,1,1
12307,white chocolate jazzies,1,1,1,1,1,1,1,1,1,1,1
12308,white chocolate or white chocolate stars,1,1,1,1,1,1,1,1,1,1,1
12309,white chocolate shavings,1,1,1,1,1,1,1,1,1,1,1
12310,white chocolate star,1,1,1,1,1,1,1,1,1,1,1
12311,white chocolate sticks,1,1,1,1,1,1,1,1,1,1,1
12312,white chocolate-,1,1,1,1,1,1,1,1,1,1,1
12313,white cooking chocolate,1,1,1,1,1,1,1,1,1,1,1
12314,white crusty bread rolls,1,1,1,1,1,1,1,1,1,1,1
12315,white crème de cacao,1,1,1,1,1,1,1,1,1,1,1
12316,white farmhouse bread,1,1,1,1,1,1,1,1,1,1,1
12317,white fish fillets skinless and boneless,1,1,1,1,1,1,1,1,1,1,1
12318,white fish loin,1,1,1,1,1,1,1,1,1,1,1
12319,white fish skin on,1,1,1,1,1,1,1,1,1,1,1
12320,white fondant icing or sugar paste,1,1,1,1,1,1,1,1,1,1,1
12321,white granulated or caster sugar,1,1,1,1,1,1,1,1,1,1,1
12322,white ground pepper,1,1,1,1,1,1,1,1,1,1,1
12323,white hundreds and thousands,1,1,1,1,1,1,1,1,1,1,1
12324,white loaf of bread,1,1,1,1,1,1,1,1,1,1,1
12325,white or  malt vinegar,1,1,1,1,1,1,1,1,1,1,1
12326,white or  red wine vinegar,1,1,1,1,1,1,1,1,1,1,1
12327,white or brown baguette,1,1,1,1,1,1,1,1,1,1,1
12328,white or brown breadcrumbs,1,1,1,1,1,1,1,1,1,1,1
12329,white or brown miso paste,1,1,1,1,1,1,1,1,1,1,1
12330,white or brown sushi rice,1,1,1,1,1,1,1,1,1,1,1
12331,white or hispi  cabbage,1,1,1,1,1,1,1,1,1,1,1
12332,white or milk chocolate chips,1,1,1,1,1,1,1,1,1,1,1
12333,white or pink macarons mini meringues,1,1,1,1,1,1,1,1,1,1,1
12334,white or red wine,1,1,1,1,1,1,1,1,1,1,1
12335,white or red wine vinegar,1,1,1,1,1,1,1,1,1,1,1
12336,white or rosé wine,1,1,1,1,1,1,1,1,1,1,1
12337,white or silver sprinkles,1,1,1,1,1,1,1,1,1,1,1
12338,white or sourdough bread,1,1,1,1,1,1,1,1,1,1,1
12339,white or wholemeal long-grain rice,1,1,1,1,1,1,1,1,1,1,1
12340,white parts of one bunch spring onions,1,1,1,1,1,1,1,1,1,1,1
12341,white pearl  sprinkles,1,1,1,1,1,1,1,1,1,1,1
12342,white pearlescent balls,1,1,1,1,1,1,1,1,1,1,1
12343,white poppy seeds,1,1,1,1,1,1,1,1,1,1,1
12344,white rice balls,1,1,1,1,1,1,1,1,1,1,1
12345,white round crusty,1,1,1,1,1,1,1,1,1,1,1
12346,white rye flour,1,1,1,1,1,1,1,1,1,1,1
12347,white sandwich,1,1,1,1,1,1,1,1,1,1,1
12348,white sandwich bread,1,1,1,1,1,1,1,1,1,1,1
12349,white sauce,1,1,1,1,1,1,1,1,1,1,1
12350,white short-grain rice,1,1,1,1,1,1,1,1,1,1,1
12351,white skinless fish fillets,1,1,1,1,1,1,1,1,1,1,1
12352,white sugar pearls,1,1,1,1,1,1,1,1,1,1,1
12353,white sweets,1,1,1,1,1,1,1,1,1,1,1
12354,white tahini,1,1,1,1,1,1,1,1,1,1,1
12355,white truffle oil,1,1,1,1,1,1,1,1,1,1,1
12356,white truffles,1,1,1,1,1,1,1,1,1,1,1
12357,white urad dhal,1,1,1,1,1,1,1,1,1,1,1
12358,white wine-based aperitif,1,1,1,1,1,1,1,1,1,1,1
12359,"white, dark or spiced rum",1,1,1,1,1,1,1,1,1,1,1
12360,"white, dark purple",1,1,1,1,1,1,1,1,1,1,1
12361,"white, milk or dark chocolate",1,1,1,1,1,1,1,1,1,1,1
12362,whole  black peppercorns ground,1,1,1,1,1,1,1,1,1,1,1
12363,whole  cherry tomato,1,1,1,1,1,1,1,1,1,1,1
12364,whole  cloves,1,1,1,1,1,1,1,1,1,1,1
12365,whole  cooked chestnuts,1,1,1,1,1,1,1,1,1,1,1
12366,whole  dried chipotle chillies,1,1,1,1,1,1,1,1,1,1,1
12367,whole  duck,1,1,1,1,1,1,1,1,1,1,1
12368,whole  lobsters fresh or frozen,1,1,1,1,1,1,1,1,1,1,1
12369,whole  moong,1,1,1,1,1,1,1,1,1,1,1
12370,whole  soft pretzels,1,1,1,1,1,1,1,1,1,1,1
12371,whole  walnuts,1,1,1,1,1,1,1,1,1,1,1
12372,whole 250g camembert,1,1,1,1,1,1,1,1,1,1,1
12373,whole allspice,1,1,1,1,1,1,1,1,1,1,1
12374,whole allspice berries,1,1,1,1,1,1,1,1,1,1,1
12375,whole almonds with skins,1,1,1,1,1,1,1,1,1,1,1
12376,whole baby corn,1,1,1,1,1,1,1,1,1,1,1
12377,whole baby new potatoes,1,1,1,1,1,1,1,1,1,1,1
12378,whole baby potatoes,1,1,1,1,1,1,1,1,1,1,1
12379,whole blanched almond,1,1,1,1,1,1,1,1,1,1,1
12380,whole blanched peanuts,1,1,1,1,1,1,1,1,1,1,1
12381,whole broad beans),1,1,1,1,1,1,1,1,1,1,1
12382,whole bulb of garlic,1,1,1,1,1,1,1,1,1,1,1
12383,whole butternut squash,1,1,1,1,1,1,1,1,1,1,1
12384,whole cardamom pods,1,1,1,1,1,1,1,1,1,1,1
12385,whole cardamom pods husks,1,1,1,1,1,1,1,1,1,1,1
12386,whole carrots,1,1,1,1,1,1,1,1,1,1,1
12387,whole cauliflower,1,1,1,1,1,1,1,1,1,1,1
12388,whole cauliflower including,1,1,1,1,1,1,1,1,1,1,1
12389,whole cauliflower stalk,1,1,1,1,1,1,1,1,1,1,1
12390,whole cherry tomato,1,1,1,1,1,1,1,1,1,1,1
12391,whole chestnuts,1,1,1,1,1,1,1,1,1,1,1
12392,whole chicken approx,1,1,1,1,1,1,1,1,1,1,1
12393,whole chicken rubbed with butter,1,1,1,1,1,1,1,1,1,1,1
12394,whole chickens,1,1,1,1,1,1,1,1,1,1,1
12395,whole chicory,1,1,1,1,1,1,1,1,1,1,1
12396,whole chilli,1,1,1,1,1,1,1,1,1,1,1
12397,whole chipotles,1,1,1,1,1,1,1,1,1,1,1
12398,whole cleaned mackerel,1,1,1,1,1,1,1,1,1,1,1
12399,whole cooked  lobster,1,1,1,1,1,1,1,1,1,1,1
12400,whole cooked beetroots,1,1,1,1,1,1,1,1,1,1,1
12401,whole cooked crab,1,1,1,1,1,1,1,1,1,1,1
12402,whole cooked vacuum-packed chestnuts,1,1,1,1,1,1,1,1,1,1,1
12403,whole corn cobs,1,1,1,1,1,1,1,1,1,1,1
12404,whole cow’s milk,1,1,1,1,1,1,1,1,1,1,1
12405,whole curry leaves,1,1,1,1,1,1,1,1,1,1,1
12406,whole dried and salted  tilapia,1,1,1,1,1,1,1,1,1,1,1
12407,whole dried hibiscus flowers,1,1,1,1,1,1,1,1,1,1,1
12408,whole dried red chili,1,1,1,1,1,1,1,1,1,1,1
12409,whole dried red chillies,1,1,1,1,1,1,1,1,1,1,1
12410,whole dried red chillies each broken in half,1,1,1,1,1,1,1,1,1,1,1
12411,whole farmed rabbit,1,1,1,1,1,1,1,1,1,1,1
12412,whole free-range chicken,1,1,1,1,1,1,1,1,1,1,1
12413,whole garam masala,1,1,1,1,1,1,1,1,1,1,1
12414,whole garlic bulbs,1,1,1,1,1,1,1,1,1,1,1
12415,whole goat shoulder,1,1,1,1,1,1,1,1,1,1,1
12416,whole goose,1,1,1,1,1,1,1,1,1,1,1
12417,whole grated nutmeg,1,1,1,1,1,1,1,1,1,1,1
12418,whole grouse feathers,1,1,1,1,1,1,1,1,1,1,1
12419,whole heads garlic,1,1,1,1,1,1,1,1,1,1,1
12420,whole hot red chilli,1,1,1,1,1,1,1,1,1,1,1
12421,whole king prawns,1,1,1,1,1,1,1,1,1,1,1
12422,whole kohlrabi,1,1,1,1,1,1,1,1,1,1,1
12423,whole lamb shoulder approx,1,1,1,1,1,1,1,1,1,1,1
12424,whole large egg,1,1,1,1,1,1,1,1,1,1,1
12425,whole large sea bass,1,1,1,1,1,1,1,1,1,1,1
12426,whole leg of lamb,1,1,1,1,1,1,1,1,1,1,1
12427,whole leg of lamb on the bone,1,1,1,1,1,1,1,1,1,1,1
12428,whole lemons,1,1,1,1,1,1,1,1,1,1,1
12429,whole medium chicken,1,1,1,1,1,1,1,1,1,1,1
12430,whole milk or coconut milk also works well,1,1,1,1,1,1,1,1,1,1,1
12431,whole milk or double cream,1,1,1,1,1,1,1,1,1,1,1
12432,whole milk or single cream,1,1,1,1,1,1,1,1,1,1,1
12433,whole milk warm,1,1,1,1,1,1,1,1,1,1,1
12434,whole new potato,1,1,1,1,1,1,1,1,1,1,1
12435,whole nuts,1,1,1,1,1,1,1,1,1,1,1
12436,whole or almond milk,1,1,1,1,1,1,1,1,1,1,1
12437,whole or plant milk,1,1,1,1,1,1,1,1,1,1,1
12438,whole or semi-skimmed  milk,1,1,1,1,1,1,1,1,1,1,1
12439,whole or semi-skimmed milk,1,1,1,1,1,1,1,1,1,1,1
12440,whole pecan,1,1,1,1,1,1,1,1,1,1,1
12441,whole peppercorn,1,1,1,1,1,1,1,1,1,1,1
12442,whole peppers,1,1,1,1,1,1,1,1,1,1,1
12443,whole piece of sirloin,1,1,1,1,1,1,1,1,1,1,1
12444,whole pimento seeds,1,1,1,1,1,1,1,1,1,1,1
12445,whole plum tomato,1,1,1,1,1,1,1,1,1,1,1
12446,whole porridge oats,1,1,1,1,1,1,1,1,1,1,1
12447,whole potatoes,1,1,1,1,1,1,1,1,1,1,1
12448,whole rainbow,1,1,1,1,1,1,1,1,1,1,1
12449,whole raw beetroot,1,1,1,1,1,1,1,1,1,1,1
12450,whole raw king prawns,1,1,1,1,1,1,1,1,1,1,1
12451,whole red chilli,1,1,1,1,1,1,1,1,1,1,1
12452,whole redskin peanuts,1,1,1,1,1,1,1,1,1,1,1
12453,whole ricotta,1,1,1,1,1,1,1,1,1,1,1
12454,whole roasted hazelnuts,1,1,1,1,1,1,1,1,1,1,1
12455,whole romanesco leaves removed,1,1,1,1,1,1,1,1,1,1,1
12456,whole round  camembert brie,1,1,1,1,1,1,1,1,1,1,1
12457,whole round blue brie,1,1,1,1,1,1,1,1,1,1,1
12458,whole salmon,1,1,1,1,1,1,1,1,1,1,1
12459,whole salmon fillets skin,1,1,1,1,1,1,1,1,1,1,1
12460,whole sea bass,1,1,1,1,1,1,1,1,1,1,1
12461,whole sea bream,1,1,1,1,1,1,1,1,1,1,1
12462,whole seedless orange,1,1,1,1,1,1,1,1,1,1,1
12463,whole shallots,1,1,1,1,1,1,1,1,1,1,1
12464,whole shoulder of kid,1,1,1,1,1,1,1,1,1,1,1
12465,whole sichuan pepper,1,1,1,1,1,1,1,1,1,1,1
12466,whole skin-on  almonds,1,1,1,1,1,1,1,1,1,1,1
12467,whole skinless almond,1,1,1,1,1,1,1,1,1,1,1
12468,whole skinless salmon fillet,1,1,1,1,1,1,1,1,1,1,1
12469,whole small garlic,1,1,1,1,1,1,1,1,1,1,1
12470,whole smoked mackerel fillets,1,1,1,1,1,1,1,1,1,1,1
12471,whole spring onions,1,1,1,1,1,1,1,1,1,1,1
12472,whole squash or pumpkin - choose,1,1,1,1,1,1,1,1,1,1,1
12473,whole squid,1,1,1,1,1,1,1,1,1,1,1
12474,whole strawberries,1,1,1,1,1,1,1,1,1,1,1
12475,whole tilapia sea bass,1,1,1,1,1,1,1,1,1,1,1
12476,whole tomatoes,1,1,1,1,1,1,1,1,1,1,1
12477,whole unsmoked leg of  gammon,1,1,1,1,1,1,1,1,1,1,1
12478,whole urad dhal,1,1,1,1,1,1,1,1,1,1,1
12479,whole yellow bean sauce,1,1,1,1,1,1,1,1,1,1,1
12480,"whole, coconut or cashew milk",1,1,1,1,1,1,1,1,1,1,1
12481,whole-fruit strawberry jam,1,1,1,1,1,1,1,1,1,1,1
12482,whole-leaf kale,1,1,1,1,1,1,1,1,1,1,1
12483,wholegrain,1,1,1,1,1,1,1,1,1,1,1
12484,wholegrain bread,1,1,1,1,1,1,1,1,1,1,1
12485,wholegrain brown rice,1,1,1,1,1,1,1,1,1,1,1
12486,wholegrain bulgur wheat,1,1,1,1,1,1,1,1,1,1,1
12487,wholegrain cooked rice,1,1,1,1,1,1,1,1,1,1,1
12488,wholegrain flour,1,1,1,1,1,1,1,1,1,1,1
12489,wholegrain or dijon  mustard,1,1,1,1,1,1,1,1,1,1,1
12490,wholegrain pearl barley,1,1,1,1,1,1,1,1,1,1,1
12491,wholegrain rice mix with seaweed,1,1,1,1,1,1,1,1,1,1,1
12492,wholemeal  burger buns,1,1,1,1,1,1,1,1,1,1,1
12493,wholemeal  lasagne,1,1,1,1,1,1,1,1,1,1,1
12494,wholemeal  pasta,1,1,1,1,1,1,1,1,1,1,1
12495,wholemeal  penne,1,1,1,1,1,1,1,1,1,1,1
12496,wholemeal  tortilla wraps,1,1,1,1,1,1,1,1,1,1,1
12497,wholemeal & seed tortillas,1,1,1,1,1,1,1,1,1,1,1
12498,wholemeal basmati,1,1,1,1,1,1,1,1,1,1,1
12499,wholemeal bread crusts,1,1,1,1,1,1,1,1,1,1,1
12500,wholemeal bread rolls,1,1,1,1,1,1,1,1,1,1,1
12501,wholemeal breadcrumb,1,1,1,1,1,1,1,1,1,1,1
12502,wholemeal bulghar wheat,1,1,1,1,1,1,1,1,1,1,1
12503,wholemeal chapatis,1,1,1,1,1,1,1,1,1,1,1
12504,wholemeal egg noodles,1,1,1,1,1,1,1,1,1,1,1
12505,wholemeal flatbread,1,1,1,1,1,1,1,1,1,1,1
12506,wholemeal flatbreads or pittas,1,1,1,1,1,1,1,1,1,1,1
12507,wholemeal giant couscous,1,1,1,1,1,1,1,1,1,1,1
12508,wholemeal lasagne sheets,1,1,1,1,1,1,1,1,1,1,1
12509,wholemeal linguine,1,1,1,1,1,1,1,1,1,1,1
12510,wholemeal or  rye flour,1,1,1,1,1,1,1,1,1,1,1
12511,wholemeal or granary bread,1,1,1,1,1,1,1,1,1,1,1
12512,wholemeal or rye flour,1,1,1,1,1,1,1,1,1,1,1
12513,wholemeal or spelt flour,1,1,1,1,1,1,1,1,1,1,1
12514,wholemeal or wholegrain flour,1,1,1,1,1,1,1,1,1,1,1
12515,wholemeal pasta shapes,1,1,1,1,1,1,1,1,1,1,1
12516,wholemeal penne or fusilli,1,1,1,1,1,1,1,1,1,1,1
12517,wholemeal plain spelt flour,1,1,1,1,1,1,1,1,1,1,1
12518,wholemeal rolls,1,1,1,1,1,1,1,1,1,1,1
12519,wholemeal rolls lettuce,1,1,1,1,1,1,1,1,1,1,1
12520,wholemeal rye bread,1,1,1,1,1,1,1,1,1,1,1
12521,wholemeal rye flour extra,1,1,1,1,1,1,1,1,1,1,1
12522,wholemeal seeded bread,1,1,1,1,1,1,1,1,1,1,1
12523,wholemeal seeded buns,1,1,1,1,1,1,1,1,1,1,1
12524,wholemeal tortillas each,1,1,1,1,1,1,1,1,1,1,1
12525,wholemeal vegan breadcrumbs,1,1,1,1,1,1,1,1,1,1,1
12526,wholemeal wraps,1,1,1,1,1,1,1,1,1,1,1
12527,wholewheat  spaghetti,1,1,1,1,1,1,1,1,1,1,1
12528,wholewheat baps,1,1,1,1,1,1,1,1,1,1,1
12529,wholewheat egg  noodles nests,1,1,1,1,1,1,1,1,1,1,1
12530,wholewheat fusilli,1,1,1,1,1,1,1,1,1,1,1
12531,wholewheat giant couscous,1,1,1,1,1,1,1,1,1,1,1
12532,wholewheat noodle,1,1,1,1,1,1,1,1,1,1,1
12533,wholewheat spelt flour,1,1,1,1,1,1,1,1,1,1,1
12534,wholewheat tortilla wrap,1,1,1,1,1,1,1,1,1,1,1
12535,wide artist's brush or clean pastry brush,1,1,1,1,1,1,1,1,1,1,1
12536,"wide-necked, flip-top or sealable jar sterilised",1,1,1,1,1,1,1,1,1,1,1
12537,wild  salmon,1,1,1,1,1,1,1,1,1,1,1
12538,wild & brown  basmati rice,1,1,1,1,1,1,1,1,1,1,1
12539,wild blueberry,1,1,1,1,1,1,1,1,1,1,1
12540,wild mushrooms larger,1,1,1,1,1,1,1,1,1,1,1
12541,wild or oyster mushrooms,1,1,1,1,1,1,1,1,1,1,1
12542,wild pesto,1,1,1,1,1,1,1,1,1,1,1
12543,wild rabbit,1,1,1,1,1,1,1,1,1,1,1
12544,wild rabbits,1,1,1,1,1,1,1,1,1,1,1
12545,wild red salmon,1,1,1,1,1,1,1,1,1,1,1
12546,wild salmon fillet skin-on,1,1,1,1,1,1,1,1,1,1,1
12547,wild skinless salmon steaks,1,1,1,1,1,1,1,1,1,1,1
12548,wildebeest wild beer,1,1,1,1,1,1,1,1,1,1,1
12549,wildflower honey,1,1,1,1,1,1,1,1,1,1,1
12550,williams pears,1,1,1,1,1,1,1,1,1,1,1
12551,willie’s cacao venezuelan black 100% carenero cacao,1,1,1,1,1,1,1,1,1,1,1
12552,wilted spring greens,1,1,1,1,1,1,1,1,1,1,1
12553,wine,1,1,1,1,1,1,1,1,1,1,1
12554,wine port,1,1,1,1,1,1,1,1,1,1,1
12555,wine vinegar,1,1,1,1,1,1,1,1,1,1,1
12556,wine yeast,1,1,1,1,1,1,1,1,1,1,1
12557,winter green cabbages outer leaves,1,1,1,1,1,1,1,1,1,1,1
12558,winter herbs,1,1,1,1,1,1,1,1,1,1,1
12559,wire racks,1,1,1,1,1,1,1,1,1,1,1
12560,with as much fat as possible,1,1,1,1,1,1,1,1,1,1,1
12561,with outer leaves),1,1,1,1,1,1,1,1,1,1,1
12562,wkd blue,1,1,1,1,1,1,1,1,1,1,1
12563,wok,1,1,1,1,1,1,1,1,1,1,1
12564,wonton wrappers,1,1,1,1,1,1,1,1,1,1,1
12565,wood ear mushroom strips,1,1,1,1,1,1,1,1,1,1,1
12566,wood ear mushrooms,1,1,1,1,1,1,1,1,1,1,1
12567,wooden coffee stirrer,1,1,1,1,1,1,1,1,1,1,1
12568,wooden dowel,1,1,1,1,1,1,1,1,1,1,1
12569,wooden or metal skewers,1,1,1,1,1,1,1,1,1,1,1
12570,wooden skewer,1,1,1,1,1,1,1,1,1,1,1
12571,wooden spoons,1,1,1,1,1,1,1,1,1,1,1
12572,woody herbs (bouquet garni),1,1,1,1,1,1,1,1,1,1,1
12573,woody herbs leaves,1,1,1,1,1,1,1,1,1,1,1
12574,woody sprig of tarragon,1,1,1,1,1,1,1,1,1,1,1
12575,worcestershire sauce dijon mustard and brown sugar,1,1,1,1,1,1,1,1,1,1,1
12576,wrap or wheat tortilla,1,1,1,1,1,1,1,1,1,1,1
12577,writing nozzle and disposable piping bags,1,1,1,1,1,1,1,1,1,1,1
12578,xo sauce,1,1,1,1,1,1,1,1,1,1,1
12579,yeast,1,1,1,1,1,1,1,1,1,1,1
12580,yeast or beef extract,1,1,1,1,1,1,1,1,1,1,1
12581,yellow bean,1,1,1,1,1,1,1,1,1,1,1
12582,yellow bean paste,1,1,1,1,1,1,1,1,1,1,1
12583,yellow bean sauce,1,1,1,1,1,1,1,1,1,1,1
12584,yellow cardboard,1,1,1,1,1,1,1,1,1,1,1
12585,yellow chartreuse,1,1,1,1,1,1,1,1,1,1,1
12586,yellow cherry tomatoes,1,1,1,1,1,1,1,1,1,1,1
12587,yellow coconut curry sauce,1,1,1,1,1,1,1,1,1,1,1
12588,yellow curry paste,1,1,1,1,1,1,1,1,1,1,1
12589,yellow food colouring gel,1,1,1,1,1,1,1,1,1,1,1
12590,yellow marzipan,1,1,1,1,1,1,1,1,1,1,1
12591,yellow mung dal soaked overnight,1,1,1,1,1,1,1,1,1,1,1
12592,yellow mustard,1,1,1,1,1,1,1,1,1,1,1
12593,yellow mustard seed,1,1,1,1,1,1,1,1,1,1,1
12594,yellow onions,1,1,1,1,1,1,1,1,1,1,1
12595,yellow or blue tortilla chips,1,1,1,1,1,1,1,1,1,1,1
12596,yellow or brown mustard seeds,1,1,1,1,1,1,1,1,1,1,1
12597,yellow or white harina,1,1,1,1,1,1,1,1,1,1,1
12598,yellow pepper seeds,1,1,1,1,1,1,1,1,1,1,1
12599,yellow ribbon,1,1,1,1,1,1,1,1,1,1,1
12600,yellow sugarpaste,1,1,1,1,1,1,1,1,1,1,1
12601,yellowfin tuna steaks,1,1,1,1,1,1,1,1,1,1,1
12602,yogurt and chilli flakes,1,1,1,1,1,1,1,1,1,1,1
12603,yogurt and maple syrup,1,1,1,1,1,1,1,1,1,1,1
12604,yogurt and rice,1,1,1,1,1,1,1,1,1,1,1
12605,yogurt berries and peanut butter,1,1,1,1,1,1,1,1,1,1,1
12606,yogurt coriander leaves and mango chutney,1,1,1,1,1,1,1,1,1,1,1
12607,yogurt coriander leaves and nigella seeds,1,1,1,1,1,1,1,1,1,1,1
12608,yogurt cream,1,1,1,1,1,1,1,1,1,1,1
12609,yogurt drizzled with olive oil,1,1,1,1,1,1,1,1,1,1,1
12610,yogurt lemon wedges,1,1,1,1,1,1,1,1,1,1,1
12611,yogurt or crème fraîche,1,1,1,1,1,1,1,1,1,1,1
12612,yogurt or raita,1,1,1,1,1,1,1,1,1,1,1
12613,yogurt rice,1,1,1,1,1,1,1,1,1,1,1
12614,yogurt soured cream,1,1,1,1,1,1,1,1,1,1,1
12615,"yogurt, hummus",1,1,1,1,1,1,1,1,1,1,1
12616,"yogurt, ice cream",1,1,1,1,1,1,1,1,1,1,1
12617,yogurt-coated raisins,1,1,1,1,1,1,1,1,1,1,1
12618,yorkshire tea bags,1,1,1,1,1,1,1,1,1,1,1
12619,young,1,1,1,1,1,1,1,1,1,1,1
12620,young  peas,1,1,1,1,1,1,1,1,1,1,1
12621,young broad beans,1,1,1,1,1,1,1,1,1,1,1
12622,young goat’s cheese,1,1,1,1,1,1,1,1,1,1,1
12623,young jackfruit,1,1,1,1,1,1,1,1,1,1,1
12624,young jackfruit in salted water,1,1,1,1,1,1,1,1,1,1,1
12625,young marrow,1,1,1,1,1,1,1,1,1,1,1
12626,"young, tender runner beans",1,1,1,1,1,1,1,1,1,1,1
12627,your best olive oil,1,1,1,1,1,1,1,1,1,1,1
12628,your favourite  bacon,1,1,1,1,1,1,1,1,1,1,1
12629,your favourite breakfast food - scrambled egg cooked tomatoes,1,1,1,1,1,1,1,1,1,1,1
12630,your favourite cheese,1,1,1,1,1,1,1,1,1,1,1
12631,your favourite chutney,1,1,1,1,1,1,1,1,1,1,1
12632,your favourite food colouring gels,1,1,1,1,1,1,1,1,1,1,1
12633,your favourite liqueur,1,1,1,1,1,1,1,1,1,1,1
12634,your favourite pasta,1,1,1,1,1,1,1,1,1,1,1
12635,your favourite spirit,1,1,1,1,1,1,1,1,1,1,1
12636,yuzu chung,1,1,1,1,1,1,1,1,1,1,1
12637,yuzu sake,1,1,1,1,1,1,1,1,1,1,1
12638,za’atar or chilli flakes,1,1,1,1,1,1,1,1,1,1,1
12639,za’atar spice mix,1,1,1,1,1,1,1,1,1,1,1
12640,‘00’,1,1,1,1,1,1,1,1,1,1,1
12641,⅓ lime,1,1,1,1,1,1,1,1,1,1,1
